event_id,datetime,security,frequency,category,type,direction,count,perfect,reason,setup_type,setup_perfect,setup_first_dt,setup_last_dt,setup_highest_high,tdst_threshold,countdown_start_dt,count_1_dt,count_2_dt,count_3_dt,count_4_dt,count_5_dt,count_6_dt,count_7_dt,count_8_dt,countdown_8_close,count_9_dt,count_10_dt,count_11_dt,count_12_dt,count_13_dt,countdown_low_dt,countdown_low,countdown_low_bar_high,bar_close,bar_high,bar_low,pre20_avg_amount,pre20_volatility,pre20_return
000858SZ_2024-12-30T000000_BUY_COUNTDOWN_PROGRESS_1_2024-12-26T000000_2,2024-12-30 00:00:00,000858.SZ,1d,COUNTDOWN,BUY_COUNTDOWN_PROGRESS,1,2,,,BUY_SETUP,False,2024-12-16 00:00:00,2024-12-26 00:00:00,139.72,139.72,2024-12-26 00:00:00,2024-12-27 00:00:00,2024-12-30 00:00:00,,,,,,,,,,,,,2024-12-30 00:00:00,132.68,134.85,132.89,134.85,132.68,2621321235.0,0.011961,-0.041682
600036SS_2024-12-30T000000_SELL_COUNTDOWN_PROGRESS_-1_2024-12-10T000000_7,2024-12-30 00:00:00,600036.SS,1d,COUNTDOWN,SELL_COUNTDOWN_PROGRESS,-1,7,,,SELL_SETUP,True,2024-11-28 00:00:00,2024-12-10 00:00:00,35.98,33.17,2024-12-10 00:00:00,2024-12-10 00:00:00,2024-12-11 00:00:00,2024-12-18 00:00:00,2024-12-24 00:00:00,2024-12-25 00:00:00,2024-12-26 00:00:00,2024-12-30 00:00:00,,,,,,,,2024-12-18 00:00:00,34.85,35.65,36.61,36.79,36.24,2738764915.0,0.015686,0.073292
000858SZ_2024-12-31T000000_BUY_COUNTDOWN_PROGRESS_1_2024-12-26T000000_3,2024-12-31 00:00:00,000858.SZ,1d,COUNTDOWN,BUY_COUNTDOWN_PROGRESS,1,3,,,BUY_SETUP,False,2024-12-16 00:00:00,2024-12-26 00:00:00,139.72,139.72,2024-12-26 00:00:00,2024-12-27 00:00:00,2024-12-30 00:00:00,2024-12-31 00:00:00,,,,,,,,,,,,2024-12-31 00:00:00,131.69,135.28,131.72,135.28,131.69,2691969980.0,0.011953,-0.041409
600519SS_2025-01-02T000000_BUY_COUNTDOWN_PROGRESS_1_2024-11-25T000000_7,2025-01-02 00:00:00,600519.SS,1d,COUNTDOWN,BUY_COUNTDOWN_PROGRESS,1,7,,,BUY_SETUP,True,2024-11-13 00:00:00,2024-11-25 00:00:00,1519.01,1519.01,2024-11-25 00:00:00,2024-11-25 00:00:00,2024-12-05 00:00:00,2024-12-13 00:00:00,2024-12-16 00:00:00,2024-12-20 00:00:00,2024-12-23 00:00:00,2025-01-02 00:00:00,,,,,,,,2024-11-25 00:00:00,1421.23,1456.56,1436.44,1472.93,1428.44,4951468310.0,0.013336,0.000613
000858SZ_2025-01-02T000000_BUY_COUNTDOWN_PROGRESS_1_2024-12-26T000000_4,2025-01-02 00:00:00,000858.SZ,1d,COUNTDOWN,BUY_COUNTDOWN_PROGRESS,1,4,,,BUY_SETUP,False,2024-12-16 00:00:00,2024-12-26 00:00:00,139.72,139.72,2024-12-26 00:00:00,2024-12-27 00:00:00,2024-12-30 00:00:00,2024-12-31 00:00:00,2025-01-02 00:00:00,,,,,,,,,,,2025-01-02 00:00:00,127.98,131.68,128.67,131.68,127.98,2759764380.0,0.012835,-0.058811
600519SS_2025-01-03T000000_BUY_COUNTDOWN_PROGRESS_1_2024-11-25T000000_8,2025-01-03 00:00:00,600519.SS,1d,COUNTDOWN,BUY_COUNTDOWN_PROGRESS,1,8,,,BUY_SETUP,True,2024-11-13 00:00:00,2024-11-25 00:00:00,1519.01,1519.01,2024-11-25 00:00:00,2024-11-25 00:00:00,2024-12-05 00:00:00,2024-12-13 00:00:00,2024-12-16 00:00:00,2024-12-20 00:00:00,2024-12-23 00:00:00,2025-01-02 00:00:00,2025-01-03 00:00:00,1423.44,,,,,,2025-01-03 00:00:00,1415.45,1443.43,1423.44,1443.43,1415.45,5071232905.0,0.013382,-0.015309
000858SZ_2025-01-03T000000_BUY_COUNTDOWN_PROGRESS_1_2024-12-26T000000_5,2025-01-03 00:00:00,000858.SZ,1d,COUNTDOWN,BUY_COUNTDOWN_PROGRESS,1,5,,,BUY_SETUP,False,2024-12-16 00:00:00,2024-12-26 00:00:00,139.72,139.72,2024-12-26 00:00:00,2024-12-27 00:00:00,2024-12-30 00:00:00,2024-12-31 00:00:00,2025-01-02 00:00:00,2025-01-03 00:00:00,,,,,,,,,,2025-01-03 00:00:00,126.43,129.64,127.08,129.64,126.43,2799717345.0,0.012584,-0.07993
600519SS_2025-01-06T000000_BUY_COUNTDOWN_PROGRESS_1_2024-11-25T000000_9,2025-01-06 00:00:00,600519.SS,1d,COUNTDOWN,BUY_COUNTDOWN_PROGRESS,1,9,,,BUY_SETUP,True,2024-11-13 00:00:00,2024-11-25 00:00:00,1519.01,1519.01,2024-11-25 00:00:00,2024-11-25 00:00:00,2024-12-05 00:00:00,2024-12-13 00:00:00,2024-12-16 00:00:00,2024-12-20 00:00:00,2024-12-23 00:00:00,2025-01-02 00:00:00,2025-01-03 00:00:00,1423.44,2025-01-06 00:00:00,,,,,2025-01-06 00:00:00,1381.24,1411.1,1388.44,1411.1,1381.24,5146699460.0,0.014407,-0.03805
000858SZ_2025-01-06T000000_BUY_COUNTDOWN_PROGRESS_1_2024-12-26T000000_6,2025-01-06 00:00:00,000858.SZ,1d,COUNTDOWN,BUY_COUNTDOWN_PROGRESS,1,6,,,BUY_SETUP,False,2024-12-16 00:00:00,2024-12-26 00:00:00,139.72,139.72,2024-12-26 00:00:00,2024-12-27 00:00:00,2024-12-30 00:00:00,2024-12-31 00:00:00,2025-01-02 00:00:00,2025-01-03 00:00:00,2025-01-06 00:00:00,,,,,,,,,2025-01-06 00:00:00,122.06,125.64,122.51,125.64,122.06,2846419080.0,0.014437,-0.108629
600519SS_2025-01-07T000000_BUY_COUNTDOWN_PROGRESS_1_2024-11-25T000000_10,2025-01-07 00:00:00,600519.SS,1d,COUNTDOWN,BUY_COUNTDOWN_PROGRESS,1,10,,,BUY_SETUP,True,2024-11-13 00:00:00,2024-11-25 00:00:00,1519.01,1519.01,2024-11-25 00:00:00,2024-11-25 00:00:00,2024-12-05 00:00:00,2024-12-13 00:00:00,2024-12-16 00:00:00,2024-12-20 00:00:00,2024-12-23 00:00:00,2025-01-02 00:00:00,2025-01-03 00:00:00,1423.44,2025-01-06 00:00:00,2025-01-07 00:00:00,,,,2025-01-06 00:00:00,1381.24,1411.1,1388.64,1400.33,1387.44,5171022490.0,0.013533,-0.056085
000858SZ_2025-01-07T000000_BUY_COUNTDOWN_PROGRESS_1_2024-12-26T000000_7,2025-01-07 00:00:00,000858.SZ,1d,COUNTDOWN,BUY_COUNTDOWN_PROGRESS,1,7,,,BUY_SETUP,False,2024-12-16 00:00:00,2024-12-26 00:00:00,139.72,139.72,2024-12-26 00:00:00,2024-12-27 00:00:00,2024-12-30 00:00:00,2024-12-31 00:00:00,2025-01-02 00:00:00,2025-01-03 00:00:00,2025-01-06 00:00:00,2025-01-07 00:00:00,,,,,,,,2025-01-07 00:00:00,121.28,123.34,122.53,123.34,121.28,2864108520.0,0.012676,-0.129635
000858SZ_2025-01-08T000000_BUY_COUNTDOWN_PROGRESS_1_2024-12-26T000000_8,2025-01-08 00:00:00,000858.SZ,1d,COUNTDOWN,BUY_COUNTDOWN_PROGRESS,1,8,,,BUY_SETUP,False,2024-12-16 00:00:00,2024-12-26 00:00:00,139.72,139.72,2024-12-26 00:00:00,2024-12-27 00:00:00,2024-12-30 00:00:00,2024-12-31 00:00:00,2025-01-02 00:00:00,2025-01-03 00:00:00,2025-01-06 00:00:00,2025-01-07 00:00:00,2025-01-08 00:00:00,121.38,,,,,,2025-01-08 00:00:00,119.7,123.42,121.38,123.42,119.7,2638210010.0,0.012489,-0.139637
600036SS_2025-01-08T000000_SELL_COUNTDOWN_PROGRESS_-1_2024-12-10T000000_8,2025-01-08 00:00:00,600036.SS,1d,COUNTDOWN,SELL_COUNTDOWN_PROGRESS,-1,8,,,SELL_SETUP,True,2024-11-28 00:00:00,2024-12-10 00:00:00,35.98,33.17,2024-12-10 00:00:00,2024-12-10 00:00:00,2024-12-11 00:00:00,2024-12-18 00:00:00,2024-12-24 00:00:00,2024-12-25 00:00:00,2024-12-26 00:00:00,2024-12-30 00:00:00,2025-01-08 00:00:00,36.27,,,,,,2024-12-18 00:00:00,34.85,35.65,36.27,36.54,35.81,2674904975.0,0.015131,0.02777
600519SS_2025-01-10T000000_BUY_SETUP_1_2025-01-10T000000_9,2025-01-10 00:00:00,600519.SS,1d,SETUP,BUY_SETUP,1,9,False,,BUY_SETUP,False,2024-12-30 00:00:00,2025-01-10 00:00:00,,,,,,,,,,,,,,,,,,,,,,,,4772062510.0,0.010573,-0.040954
600519SS_2025-01-10T000000_BUY_COUNTDOWN_CANCEL_1_2024-11-25T000000_10,2025-01-10 00:00:00,600519.SS,1d,COUNTDOWN,BUY_COUNTDOWN_CANCEL,1,10,,same_setup,BUY_SETUP,True,2024-11-13 00:00:00,2024-11-25 00:00:00,1519.01,1519.01,2024-11-25 00:00:00,2024-11-25 00:00:00,2024-12-05 00:00:00,2024-12-13 00:00:00,2024-12-16 00:00:00,2024-12-20 00:00:00,2024-12-23 00:00:00,2025-01-02 00:00:00,2025-01-03 00:00:00,1423.44,2025-01-06 00:00:00,2025-01-07 00:00:00,,,,2025-01-06 00:00:00,1381.24,1411.1,1384.44,1400.39,1384.44,4772062510.0,0.010573,-0.040954
000858SZ_2025-01-10T000000_BUY_SETUP_1_2025-01-10T000000_9,2025-01-10 00:00:00,000858.SZ,1d,SETUP,BUY_SETUP,1,9,False,,BUY_SETUP,False,2024-12-30 00:00:00,2025-01-10 00:00:00,,,,,,,,,,,,,,,,,,,,,,,,2489266625.0,0.010988,-0.139135
000858SZ_2025-01-10T000000_BUY_COUNTDOWN_CANCEL_1_2024-12-26T000000_8,2025-01-10 00:00:00,000858.SZ,1d,COUNTDOWN,BUY_COUNTDOWN_CANCEL,1,8,,same_setup,BUY_SETUP,False,2024-12-16 00:00:00,2024-12-26 00:00:00,139.72,139.72,2024-12-26 00:00:00,2024-12-27 00:00:00,2024-12-30 00:00:00,2024-12-31 00:00:00,2025-01-02 00:00:00,2025-01-03 00:00:00,2025-01-06 00:00:00,2025-01-07 00:00:00,2025-01-08 00:00:00,121.38,,,,,,2025-01-08 00:00:00,119.7,123.42,120.28,122.51,120.28,2489266625.0,0.010988,-0.139135
601318SS_2025-01-13T000000_BUY_SETUP_PERFECT_1_2025-01-13T000000_9,2025-01-13 00:00:00,601318.SS,1d,SETUP,BUY_SETUP_PERFECT,1,9,True,,BUY_SETUP,True,2024-12-31 00:00:00,2025-01-13 00:00:00,,,,,,,,,,,,,,,,,,,,,,,,2708601360.0,0.012124,-0.089579
601318SS_2025-01-13T000000_BUY_COUNTDOWN_PROGRESS_1_2025-01-13T000000_1,2025-01-13 00:00:00,601318.SS,1d,COUNTDOWN,BUY_COUNTDOWN_PROGRESS,1,1,,,BUY_SETUP,True,2024-12-31 00:00:00,2025-01-13 00:00:00,51.47,51.47,2025-01-13 00:00:00,2025-01-13 00:00:00,,,,,,,,,,,,,,2025-01-13 00:00:00,45.55,46.25,46.04,46.25,45.55,2708601360.0,0.012124,-0.089579
600036SS_2025-01-14T000000_SELL_COUNTDOWN_PROGRESS_-1_2024-12-10T000000_9,2025-01-14 00:00:00,600036.SS,1d,COUNTDOWN,SELL_COUNTDOWN_PROGRESS,-1,9,,,SELL_SETUP,True,2024-11-28 00:00:00,2024-12-10 00:00:00,35.98,33.17,2024-12-10 00:00:00,2024-12-10 00:00:00,2024-12-11 00:00:00,2024-12-18 00:00:00,2024-12-24 00:00:00,2024-12-25 00:00:00,2024-12-26 00:00:00,2024-12-30 00:00:00,2025-01-08 00:00:00,36.27,2025-01-14 00:00:00,,,,,2024-12-18 00:00:00,34.85,35.65,36.84,36.96,35.89,2570664735.0,0.011756,0.057405
600036SS_2025-01-15T000000_SELL_COUNTDOWN_PROGRESS_-1_2024-12-10T000000_10,2025-01-15 00:00:00,600036.SS,1d,COUNTDOWN,SELL_COUNTDOWN_PROGRESS,-1,10,,,SELL_SETUP,True,2024-11-28 00:00:00,2024-12-10 00:00:00,35.98,33.17,2024-12-10 00:00:00,2024-12-10 00:00:00,2024-12-11 00:00:00,2024-12-18 00:00:00,2024-12-24 00:00:00,2024-12-25 00:00:00,2024-12-26 00:00:00,2024-12-30 00:00:00,2025-01-08 00:00:00,36.27,2025-01-14 00:00:00,2025-01-15 00:00:00,,,,2024-12-18 00:00:00,34.85,35.65,37.63,37.99,36.88,2618015005.0,0.011925,0.059701
600036SS_2025-01-16T000000_SELL_COUNTDOWN_PROGRESS_-1_2024-12-10T000000_11,2025-01-16 00:00:00,600036.SS,1d,COUNTDOWN,SELL_COUNTDOWN_PROGRESS,-1,11,,,SELL_SETUP,True,2024-11-28 00:00:00,2024-12-10 00:00:00,35.98,33.17,2024-12-10 00:00:00,2024-12-10 00:00:00,2024-12-11 00:00:00,2024-12-18 00:00:00,2024-12-24 00:00:00,2024-12-25 00:00:00,2024-12-26 00:00:00,2024-12-30 00:00:00,2025-01-08 00:00:00,36.27,2025-01-14 00:00:00,2025-01-15 00:00:00,2025-01-16 00:00:00,,,2024-12-18 00:00:00,34.85,35.65,37.98,38.14,37.52,2584084330.0,0.011275,0.084833
600519SS_2025-01-17T000000_BUY_COUNTDOWN_PROGRESS_1_2025-01-10T000000_1,2025-01-17 00:00:00,600519.SS,1d,COUNTDOWN,BUY_COUNTDOWN_PROGRESS,1,1,,,BUY_SETUP,False,2024-12-30 00:00:00,2025-01-10 00:00:00,1493.44,1493.44,2025-01-10 00:00:00,2025-01-17 00:00:00,,,,,,,,,,,,,,2025-01-17 00:00:00,1394.82,1409.44,1403.19,1409.44,1394.82,4049215440.0,0.010597,-0.045735
600519SS_2025-01-22T000000_BUY_COUNTDOWN_PROGRESS_1_2025-01-10T000000_2,2025-01-22 00:00:00,600519.SS,1d,COUNTDOWN,BUY_COUNTDOWN_PROGRESS,1,2,,,BUY_SETUP,False,2024-12-30 00:00:00,2025-01-10 00:00:00,1493.44,1493.44,2025-01-10 00:00:00,2025-01-17 00:00:00,2025-01-22 00:00:00,,,,,,,,,,,,,2025-01-22 00:00:00,1386.44,1416.39,1389.44,1416.39,1386.44,4059965045.0,0.011535,-0.060199
000858SZ_2025-01-22T000000_BUY_COUNTDOWN_PROGRESS_1_2025-01-10T000000_1,2025-01-22 00:00:00,000858.SZ,1d,COUNTDOWN,BUY_COUNTDOWN_PROGRESS,1,1,,,BUY_SETUP,False,2024-12-30 00:00:00,2025-01-10 00:00:00,135.28,135.28,2025-01-10 00:00:00,2025-01-22 00:00:00,,,,,,,,,,,,,,2025-01-22 00:00:00,121.81,124.68,122.03,124.68,121.81,2300491140.0,0.014807,-0.094464
601318SS_2025-01-22T000000_BUY_COUNTDOWN_PROGRESS_1_2025-01-13T000000_2,2025-01-22 00:00:00,601318.SS,1d,COUNTDOWN,BUY_COUNTDOWN_PROGRESS,1,2,,,BUY_SETUP,True,2024-12-31 00:00:00,2025-01-13 00:00:00,51.47,51.47,2025-01-13 00:00:00,2025-01-13 00:00:00,2025-01-22 00:00:00,,,,,,,,,,,,,2025-01-13 00:00:00,45.55,46.25,46.4,47.37,46.3,2582749360.0,0.013019,-0.096397
600519SS_2025-01-23T000000_BUY_COUNTDOWN_PROGRESS_1_2025-01-10T000000_3,2025-01-23 00:00:00,600519.SS,1d,COUNTDOWN,BUY_COUNTDOWN_PROGRESS,1,3,,,BUY_SETUP,False,2024-12-30 00:00:00,2025-01-10 00:00:00,1493.44,1493.44,2025-01-10 00:00:00,2025-01-17 00:00:00,2025-01-22 00:00:00,2025-01-23 00:00:00,,,,,,,,,,,,2025-01-22 00:00:00,1386.44,1416.39,1391.44,1416.44,1386.44,4125546995.0,0.011576,-0.057437
000858SZ_2025-01-23T000000_BUY_COUNTDOWN_PROGRESS_1_2025-01-10T000000_2,2025-01-23 00:00:00,000858.SZ,1d,COUNTDOWN,BUY_COUNTDOWN_PROGRESS,1,2,,,BUY_SETUP,False,2024-12-30 00:00:00,2025-01-10 00:00:00,135.28,135.28,2025-01-10 00:00:00,2025-01-22 00:00:00,2025-01-23 00:00:00,,,,,,,,,,,,,2025-01-22 00:00:00,121.81,124.68,122.9,125.24,122.72,2351063395.0,0.015057,-0.083998
600519SS_2025-01-24T000000_BUY_COUNTDOWN_PROGRESS_1_2025-01-10T000000_4,2025-01-24 00:00:00,600519.SS,1d,COUNTDOWN,BUY_COUNTDOWN_PROGRESS,1,4,,,BUY_SETUP,False,2024-12-30 00:00:00,2025-01-10 00:00:00,1493.44,1493.44,2025-01-10 00:00:00,2025-01-17 00:00:00,2025-01-22 00:00:00,2025-01-23 00:00:00,2025-01-24 00:00:00,,,,,,,,,,,2025-01-24 00:00:00,1378.75,1396.23,1384.44,1396.23,1378.75,4211371130.0,0.011547,-0.062928
600036SS_2025-01-24T000000_SELL_COUNTDOWN_PROGRESS_-1_2024-12-10T000000_12,2025-01-24 00:00:00,600036.SS,1d,COUNTDOWN,SELL_COUNTDOWN_PROGRESS,-1,12,,,SELL_SETUP,True,2024-11-28 00:00:00,2024-12-10 00:00:00,35.98,33.17,2024-12-10 00:00:00,2024-12-10 00:00:00,2024-12-11 00:00:00,2024-12-18 00:00:00,2024-12-24 00:00:00,2024-12-25 00:00:00,2024-12-26 00:00:00,2024-12-30 00:00:00,2025-01-08 00:00:00,36.27,2025-01-14 00:00:00,2025-01-15 00:00:00,2025-01-16 00:00:00,2025-01-24 00:00:00,,2024-12-18 00:00:00,34.85,35.65,37.25,37.54,36.45,2382077125.0,0.012162,0.025323
600519SS_2025-01-27T000000_BUY_COUNTDOWN_PROGRESS_1_2025-01-10T000000_5,2025-01-27 00:00:00,600519.SS,1d,COUNTDOWN,BUY_COUNTDOWN_PROGRESS,1,5,,,BUY_SETUP,False,2024-12-30 00:00:00,2025-01-10 00:00:00,1493.44,1493.44,2025-01-10 00:00:00,2025-01-17 00:00:00,2025-01-22 00:00:00,2025-01-23 00:00:00,2025-01-24 00:00:00,2025-01-27 00:00:00,,,,,,,,,,2025-01-27 00:00:00,1375.46,1392.41,1383.43,1392.41,1375.46,4263538285.0,0.011562,-0.061088
000858SZ_2025-01-27T000000_BUY_COUNTDOWN_PROGRESS_1_2025-01-10T000000_3,2025-01-27 00:00:00,000858.SZ,1d,COUNTDOWN,BUY_COUNTDOWN_PROGRESS,1,3,,,BUY_SETUP,False,2024-12-30 00:00:00,2025-01-10 00:00:00,135.28,135.28,2025-01-10 00:00:00,2025-01-22 00:00:00,2025-01-23 00:00:00,2025-01-27 00:00:00,,,,,,,,,,,,2025-01-27 00:00:00,121.35,122.8,121.45,122.8,121.35,2382476440.0,0.014986,-0.086086
600036SS_2025-01-27T000000_SELL_COUNTDOWN_COMPLETE_PERFECT_-1_2024-12-10T000000_13,2025-01-27 00:00:00,600036.SS,1d,COUNTDOWN,SELL_COUNTDOWN_COMPLETE_PERFECT,-1,13,True,,SELL_SETUP,True,2024-11-28 00:00:00,2024-12-10 00:00:00,35.98,33.17,2024-12-10 00:00:00,2024-12-10 00:00:00,2024-12-11 00:00:00,2024-12-18 00:00:00,2024-12-24 00:00:00,2024-12-25 00:00:00,2024-12-26 00:00:00,2024-12-30 00:00:00,2025-01-08 00:00:00,36.27,2025-01-14 00:00:00,2025-01-15 00:00:00,2025-01-16 00:00:00,2025-01-24 00:00:00,2025-01-27 00:00:00,2024-12-18 00:00:00,34.85,35.65,37.64,37.96,37.54,2352181120.0,0.012253,0.028134
600519SS_2025-02-05T000000_BUY_COUNTDOWN_PROGRESS_1_2025-01-10T000000_6,2025-02-05 00:00:00,600519.SS,1d,COUNTDOWN,BUY_COUNTDOWN_PROGRESS,1,6,,,BUY_SETUP,False,2024-12-30 00:00:00,2025-01-10 00:00:00,1493.44,1493.44,2025-01-10 00:00:00,2025-01-17 00:00:00,2025-01-22 00:00:00,2025-01-23 00:00:00,2025-01-24 00:00:00,2025-01-27 00:00:00,2025-02-05 00:00:00,,,,,,,,,2025-02-05 00:00:00,1350.65,1391.44,1352.24,1391.44,1350.65,4358747655.0,0.012313,-0.081633
000858SZ_2025-02-05T000000_BUY_COUNTDOWN_PROGRESS_1_2025-01-10T000000_4,2025-02-05 00:00:00,000858.SZ,1d,COUNTDOWN,BUY_COUNTDOWN_PROGRESS,1,4,,,BUY_SETUP,False,2024-12-30 00:00:00,2025-01-10 00:00:00,135.28,135.28,2025-01-10 00:00:00,2025-01-22 00:00:00,2025-01-23 00:00:00,2025-01-27 00:00:00,2025-02-05 00:00:00,,,,,,,,,,,2025-02-05 00:00:00,118.76,122.13,119.26,122.13,118.76,2383642775.0,0.015261,-0.094595
601318SS_2025-02-05T000000_BUY_COUNTDOWN_PROGRESS_1_2025-01-13T000000_3,2025-02-05 00:00:00,601318.SS,1d,COUNTDOWN,BUY_COUNTDOWN_PROGRESS,1,3,,,BUY_SETUP,True,2024-12-31 00:00:00,2025-01-13 00:00:00,51.47,51.47,2025-01-13 00:00:00,2025-01-13 00:00:00,2025-01-22 00:00:00,2025-02-05 00:00:00,,,,,,,,,,,,2025-01-13 00:00:00,45.55,46.25,47.17,48.45,47.12,2765022370.0,0.015073,-0.058483
600519SS_2025-02-06T000000_BUY_COUNTDOWN_PROGRESS_1_2025-01-10T000000_7,2025-02-06 00:00:00,600519.SS,1d,COUNTDOWN,BUY_COUNTDOWN_PROGRESS,1,7,,,BUY_SETUP,False,2024-12-30 00:00:00,2025-01-10 00:00:00,1493.44,1493.44,2025-01-10 00:00:00,2025-01-17 00:00:00,2025-01-22 00:00:00,2025-01-23 00:00:00,2025-01-24 00:00:00,2025-01-27 00:00:00,2025-02-05 00:00:00,2025-02-06 00:00:00,,,,,,,,2025-02-06 00:00:00,1348.45,1370.43,1361.28,1370.43,1348.45,4250049045.0,0.011585,-0.052324
000858SZ_2025-02-06T000000_BUY_COUNTDOWN_PROGRESS_1_2025-01-10T000000_5,2025-02-06 00:00:00,000858.SZ,1d,COUNTDOWN,BUY_COUNTDOWN_PROGRESS,1,5,,,BUY_SETUP,False,2024-12-30 00:00:00,2025-01-10 00:00:00,135.28,135.28,2025-01-10 00:00:00,2025-01-22 00:00:00,2025-01-23 00:00:00,2025-01-27 00:00:00,2025-02-05 00:00:00,2025-02-06 00:00:00,,,,,,,,,,2025-02-05 00:00:00,118.76,122.13,120.15,120.64,118.94,2296696925.0,0.014881,-0.066216
601318SS_2025-02-06T000000_BUY_COUNTDOWN_PROGRESS_1_2025-01-13T000000_4,2025-02-06 00:00:00,601318.SS,1d,COUNTDOWN,BUY_COUNTDOWN_PROGRESS,1,4,,,BUY_SETUP,True,2024-12-31 00:00:00,2025-01-13 00:00:00,51.47,51.47,2025-01-13 00:00:00,2025-01-13 00:00:00,2025-01-22 00:00:00,2025-02-05 00:00:00,2025-02-06 00:00:00,,,,,,,,,,,2025-01-13 00:00:00,45.55,46.25,47.7,47.95,47.13,2688546105.0,0.012809,-0.009551
601318SS_2025-02-19T000000_SELL_SETUP_-1_2025-02-19T000000_9,2025-02-19 00:00:00,601318.SS,1d,SETUP,SELL_SETUP,-1,9,False,,SELL_SETUP,False,2025-02-07 00:00:00,2025-02-19 00:00:00,,,,,,,,,,,,,,,,,,,,,,,,2729814270.0,0.012121,0.050258
601318SS_2025-02-19T000000_BUY_COUNTDOWN_CANCEL_1_2025-01-13T000000_4,2025-02-19 00:00:00,601318.SS,1d,COUNTDOWN,BUY_COUNTDOWN_CANCEL,1,4,,opposite_setup,BUY_SETUP,True,2024-12-31 00:00:00,2025-01-13 00:00:00,51.47,51.47,2025-01-13 00:00:00,2025-01-13 00:00:00,2025-01-22 00:00:00,2025-02-05 00:00:00,2025-02-06 00:00:00,,,,,,,,,,,2025-01-13 00:00:00,45.55,46.25,48.9,49.28,48.47,2729814270.0,0.012121,0.050258
601318SS_2025-02-24T000000_SELL_COUNTDOWN_PROGRESS_-1_2025-02-19T000000_1,2025-02-24 00:00:00,601318.SS,1d,COUNTDOWN,SELL_COUNTDOWN_PROGRESS,-1,1,,,SELL_SETUP,False,2025-02-07 00:00:00,2025-02-19 00:00:00,49.83,47.29,2025-02-19 00:00:00,2025-02-24 00:00:00,,,,,,,,,,,,,,2025-02-24 00:00:00,48.5,49.93,49.45,49.93,48.5,2919812215.0,0.013063,0.046339
600519SS_2025-02-25T000000_BUY_COUNTDOWN_PROGRESS_1_2025-01-10T000000_8,2025-02-25 00:00:00,600519.SS,1d,COUNTDOWN,BUY_COUNTDOWN_PROGRESS,1,8,,,BUY_SETUP,False,2024-12-30 00:00:00,2025-01-10 00:00:00,1493.44,1493.44,2025-01-10 00:00:00,2025-01-17 00:00:00,2025-01-22 00:00:00,2025-01-23 00:00:00,2025-01-24 00:00:00,2025-01-27 00:00:00,2025-02-05 00:00:00,2025-02-06 00:00:00,2025-02-25 00:00:00,1402.44,,,,,,2025-02-06 00:00:00,1348.45,1370.43,1402.44,1421.83,1400.44,4320279150.0,0.011924,-0.009989
000858SZ_2025-02-25T000000_BUY_COUNTDOWN_PROGRESS_1_2025-01-10T000000_6,2025-02-25 00:00:00,000858.SZ,1d,COUNTDOWN,BUY_COUNTDOWN_PROGRESS,1,6,,,BUY_SETUP,False,2024-12-30 00:00:00,2025-01-10 00:00:00,135.28,135.28,2025-01-10 00:00:00,2025-01-22 00:00:00,2025-01-23 00:00:00,2025-01-27 00:00:00,2025-02-05 00:00:00,2025-02-06 00:00:00,2025-02-25 00:00:00,,,,,,,,,2025-02-05 00:00:00,118.76,122.13,123.0,125.17,122.83,2521416180.0,0.013402,-0.016551
600519SS_2025-02-26T000000_BUY_COUNTDOWN_PROGRESS_1_2025-01-10T000000_9,2025-02-26 00:00:00,600519.SS,1d,COUNTDOWN,BUY_COUNTDOWN_PROGRESS,1,9,,,BUY_SETUP,False,2024-12-30 00:00:00,2025-01-10 00:00:00,1493.44,1493.44,2025-01-10 00:00:00,2025-01-17 00:00:00,2025-01-22 00:00:00,2025-01-23 00:00:00,2025-01-24 00:00:00,2025-01-27 00:00:00,2025-02-05 00:00:00,2025-02-06 00:00:00,2025-02-25 00:00:00,1402.44,2025-02-26 00:00:00,,,,,2025-02-06 00:00:00,1348.45,1370.43,1408.45,1413.4,1393.44,4387985540.0,0.011109,0.013682
000858SZ_2025-02-26T000000_BUY_COUNTDOWN_PROGRESS_1_2025-01-10T000000_7,2025-02-26 00:00:00,000858.SZ,1d,COUNTDOWN,BUY_COUNTDOWN_PROGRESS,1,7,,,BUY_SETUP,False,2024-12-30 00:00:00,2025-01-10 00:00:00,135.28,135.28,2025-01-10 00:00:00,2025-01-22 00:00:00,2025-01-23 00:00:00,2025-01-27 00:00:00,2025-02-05 00:00:00,2025-02-06 00:00:00,2025-02-25 00:00:00,2025-02-26 00:00:00,,,,,,,,2025-02-05 00:00:00,118.76,122.13,124.05,124.05,122.35,2548277310.0,0.012332,0.016553
600519SS_2025-03-04T000000_BUY_COUNTDOWN_PROGRESS_1_2025-01-10T000000_10,2025-03-04 00:00:00,600519.SS,1d,COUNTDOWN,BUY_COUNTDOWN_PROGRESS,1,10,,,BUY_SETUP,False,2024-12-30 00:00:00,2025-01-10 00:00:00,1493.44,1493.44,2025-01-10 00:00:00,2025-01-17 00:00:00,2025-01-22 00:00:00,2025-01-23 00:00:00,2025-01-24 00:00:00,2025-01-27 00:00:00,2025-02-05 00:00:00,2025-02-06 00:00:00,2025-02-25 00:00:00,1402.44,2025-02-26 00:00:00,2025-03-04 00:00:00,,,,2025-02-06 00:00:00,1348.45,1370.43,1418.55,1434.44,1413.65,4765057370.0,0.011155,0.049037
000858SZ_2025-03-04T000000_BUY_COUNTDOWN_PROGRESS_1_2025-01-10T000000_8,2025-03-04 00:00:00,000858.SZ,1d,COUNTDOWN,BUY_COUNTDOWN_PROGRESS,1,8,,,BUY_SETUP,False,2024-12-30 00:00:00,2025-01-10 00:00:00,135.28,135.28,2025-01-10 00:00:00,2025-01-22 00:00:00,2025-01-23 00:00:00,2025-01-27 00:00:00,2025-02-05 00:00:00,2025-02-06 00:00:00,2025-02-25 00:00:00,2025-02-26 00:00:00,2025-03-04 00:00:00,124.0,,,,,,2025-02-05 00:00:00,118.76,122.13,124.0,124.61,122.96,2819928590.0,0.012833,0.039745
600519SS_2025-03-05T000000_BUY_COUNTDOWN_PROGRESS_1_2025-01-10T000000_11,2025-03-05 00:00:00,600519.SS,1d,COUNTDOWN,BUY_COUNTDOWN_PROGRESS,1,11,,,BUY_SETUP,False,2024-12-30 00:00:00,2025-01-10 00:00:00,1493.44,1493.44,2025-01-10 00:00:00,2025-01-17 00:00:00,2025-01-22 00:00:00,2025-01-23 00:00:00,2025-01-24 00:00:00,2025-01-27 00:00:00,2025-02-05 00:00:00,2025-02-06 00:00:00,2025-02-25 00:00:00,1402.44,2025-02-26 00:00:00,2025-03-04 00:00:00,2025-03-05 00:00:00,,,2025-02-06 00:00:00,1348.45,1370.43,1414.81,1422.44,1408.54,4657717480.0,0.011169,0.039323
000858SZ_2025-03-05T000000_BUY_COUNTDOWN_PROGRESS_1_2025-01-10T000000_9,2025-03-05 00:00:00,000858.SZ,1d,COUNTDOWN,BUY_COUNTDOWN_PROGRESS,1,9,,,BUY_SETUP,False,2024-12-30 00:00:00,2025-01-10 00:00:00,135.28,135.28,2025-01-10 00:00:00,2025-01-22 00:00:00,2025-01-23 00:00:00,2025-01-27 00:00:00,2025-02-05 00:00:00,2025-02-06 00:00:00,2025-02-25 00:00:00,2025-02-26 00:00:00,2025-03-04 00:00:00,124.0,2025-03-05 00:00:00,,,,,2025-02-05 00:00:00,118.76,122.13,122.86,124.25,121.87,2830650680.0,0.013007,0.022555
601318SS_2025-03-06T000000_SELL_COUNTDOWN_PROGRESS_-1_2025-02-19T000000_2,2025-03-06 00:00:00,601318.SS,1d,COUNTDOWN,SELL_COUNTDOWN_PROGRESS,-1,2,,,SELL_SETUP,False,2025-02-07 00:00:00,2025-02-19 00:00:00,49.83,47.29,2025-02-19 00:00:00,2025-02-24 00:00:00,2025-03-06 00:00:00,,,,,,,,,,,,,2025-03-06 00:00:00,47.98,49.38,49.09,49.38,47.98,3009155445.0,0.012666,0.015725
601318SS_2025-03-07T000000_SELL_COUNTDOWN_PROGRESS_-1_2025-02-19T000000_3,2025-03-07 00:00:00,601318.SS,1d,COUNTDOWN,SELL_COUNTDOWN_PROGRESS,-1,3,,,SELL_SETUP,False,2025-02-07 00:00:00,2025-02-19 00:00:00,49.83,47.29,2025-02-19 00:00:00,2025-02-24 00:00:00,2025-03-06 00:00:00,2025-03-07 00:00:00,,,,,,,,,,,,2025-03-06 00:00:00,47.98,49.38,48.95,49.29,48.77,2949242930.0,0.012693,0.01241
600519SS_2025-03-11T000000_BUY_COUNTDOWN_CANCEL_1_2025-01-10T000000_11,2025-03-11 00:00:00,600519.SS,1d,COUNTDOWN,BUY_COUNTDOWN_CANCEL,1,11,,tdst_break_rule_4,BUY_SETUP,False,2024-12-30 00:00:00,2025-01-10 00:00:00,1493.44,1493.44,2025-01-10 00:00:00,2025-01-17 00:00:00,2025-01-22 00:00:00,2025-01-23 00:00:00,2025-01-24 00:00:00,2025-01-27 00:00:00,2025-02-05 00:00:00,2025-02-06 00:00:00,2025-02-25 00:00:00,1402.44,2025-02-26 00:00:00,2025-03-04 00:00:00,2025-03-05 00:00:00,,,2025-02-06 00:00:00,1348.45,1370.43,1497.12,1497.12,1460.44,5027884170.0,0.011762,0.07595
600036SS_2025-03-11T000000_SELL_SETUP_-1_2025-03-11T000000_9,2025-03-11 00:00:00,600036.SS,1d,SETUP,SELL_SETUP,-1,9,False,,SELL_SETUP,False,2025-02-27 00:00:00,2025-03-11 00:00:00,,,,,,,,,,,,,,,,,,,,,,,,2225717077.5,0.011191,0.048951
600036SS_2025-03-13T000000_SELL_COUNTDOWN_PROGRESS_-1_2025-03-11T000000_1,2025-03-13 00:00:00,600036.SS,1d,COUNTDOWN,SELL_COUNTDOWN_PROGRESS,-1,1,,,SELL_SETUP,False,2025-02-27 00:00:00,2025-03-11 00:00:00,40.79,38.27,2025-03-11 00:00:00,2025-03-13 00:00:00,,,,,,,,,,,,,,2025-03-13 00:00:00,40.49,41.37,40.83,41.37,40.49,2224989332.5,0.011177,0.046386
000651SZ_2025-03-13T000000_SELL_SETUP_PERFECT_-1_2025-03-13T000000_9,2025-03-13 00:00:00,000651.SZ,1d,SETUP,SELL_SETUP_PERFECT,-1,9,True,,SELL_SETUP,True,2025-03-03 00:00:00,2025-03-13 00:00:00,,,,,,,,,,,,,,,,,,,,,,,,2274271179.0,0.01382,-0.0365
000651SZ_2025-03-13T000000_SELL_COUNTDOWN_PROGRESS_-1_2025-03-13T000000_1,2025-03-13 00:00:00,000651.SZ,1d,COUNTDOWN,SELL_COUNTDOWN_PROGRESS,-1,1,,,SELL_SETUP,True,2025-03-03 00:00:00,2025-03-13 00:00:00,38.93,36.46,2025-03-13 00:00:00,2025-03-13 00:00:00,,,,,,,,,,,,,,2025-03-13 00:00:00,38.03,38.93,38.54,38.93,38.03,2274271179.0,0.01382,-0.0365
601318SS_2025-03-14T000000_SELL_COUNTDOWN_PROGRESS_-1_2025-02-19T000000_4,2025-03-14 00:00:00,601318.SS,1d,COUNTDOWN,SELL_COUNTDOWN_PROGRESS,-1,4,,,SELL_SETUP,False,2025-02-07 00:00:00,2025-02-19 00:00:00,49.83,47.29,2025-02-19 00:00:00,2025-02-24 00:00:00,2025-03-06 00:00:00,2025-03-07 00:00:00,2025-03-14 00:00:00,,,,,,,,,,,2025-03-06 00:00:00,47.98,49.38,50.92,51.34,48.66,3238797455.0,0.016231,0.03307
600036SS_2025-03-14T000000_SELL_COUNTDOWN_PROGRESS_-1_2025-03-11T000000_2,2025-03-14 00:00:00,600036.SS,1d,COUNTDOWN,SELL_COUNTDOWN_PROGRESS,-1,2,,,SELL_SETUP,False,2025-02-27 00:00:00,2025-03-11 00:00:00,40.79,38.27,2025-03-11 00:00:00,2025-03-13 00:00:00,2025-03-14 00:00:00,,,,,,,,,,,,,2025-03-13 00:00:00,40.49,41.37,42.15,42.46,40.93,2325465162.5,0.012717,0.088866
000651SZ_2025-03-14T000000_SELL_COUNTDOWN_PROGRESS_-1_2025-03-13T000000_2,2025-03-14 00:00:00,000651.SZ,1d,COUNTDOWN,SELL_COUNTDOWN_PROGRESS,-1,2,,,SELL_SETUP,True,2025-03-03 00:00:00,2025-03-13 00:00:00,38.93,36.46,2025-03-13 00:00:00,2025-03-13 00:00:00,2025-03-14 00:00:00,,,,,,,,,,,,,2025-03-13 00:00:00,38.03,38.93,39.21,39.41,38.55,2323735890.5,0.014377,-0.011845
601318SS_2025-03-17T000000_SELL_COUNTDOWN_PROGRESS_-1_2025-02-19T000000_5,2025-03-17 00:00:00,601318.SS,1d,COUNTDOWN,SELL_COUNTDOWN_PROGRESS,-1,5,,,SELL_SETUP,False,2025-02-07 00:00:00,2025-02-19 00:00:00,49.83,47.29,2025-02-19 00:00:00,2025-02-24 00:00:00,2025-03-06 00:00:00,2025-03-07 00:00:00,2025-03-14 00:00:00,2025-03-17 00:00:00,,,,,,,,,,2025-03-06 00:00:00,47.98,49.38,50.83,51.07,50.55,3238030405.0,0.015986,0.042453
600036SS_2025-03-17T000000_SELL_COUNTDOWN_PROGRESS_-1_2025-03-11T000000_3,2025-03-17 00:00:00,600036.SS,1d,COUNTDOWN,SELL_COUNTDOWN_PROGRESS,-1,3,,,SELL_SETUP,False,2025-02-27 00:00:00,2025-03-11 00:00:00,40.79,38.27,2025-03-11 00:00:00,2025-03-13 00:00:00,2025-03-14 00:00:00,2025-03-17 00:00:00,,,,,,,,,,,,2025-03-13 00:00:00,40.49,41.37,42.03,42.49,41.97,2361912457.5,0.012784,0.076588
000651SZ_2025-03-17T000000_SELL_COUNTDOWN_PROGRESS_-1_2025-03-13T000000_3,2025-03-17 00:00:00,000651.SZ,1d,COUNTDOWN,SELL_COUNTDOWN_PROGRESS,-1,3,,,SELL_SETUP,True,2025-03-03 00:00:00,2025-03-13 00:00:00,38.93,36.46,2025-03-13 00:00:00,2025-03-13 00:00:00,2025-03-14 00:00:00,2025-03-17 00:00:00,,,,,,,,,,,,2025-03-13 00:00:00,38.03,38.93,39.31,39.58,39.09,2319871505.5,0.013908,0.006916
600519SS_2025-03-18T000000_SELL_SETUP_PERFECT_-1_2025-03-18T000000_9,2025-03-18 00:00:00,600519.SS,1d,SETUP,SELL_SETUP_PERFECT,-1,9,True,,SELL_SETUP,True,2025-03-06 00:00:00,2025-03-18 00:00:00,,,,,,,,,,,,,,,,,,,,,,,,5761040445.0,0.017581,0.092397
000651SZ_2025-03-18T000000_SELL_COUNTDOWN_PROGRESS_-1_2025-03-13T000000_4,2025-03-18 00:00:00,000651.SZ,1d,COUNTDOWN,SELL_COUNTDOWN_PROGRESS,-1,4,,,SELL_SETUP,True,2025-03-03 00:00:00,2025-03-13 00:00:00,38.93,36.46,2025-03-13 00:00:00,2025-03-13 00:00:00,2025-03-14 00:00:00,2025-03-17 00:00:00,2025-03-18 00:00:00,,,,,,,,,,,2025-03-13 00:00:00,38.03,38.93,39.78,40.17,39.23,2321200340.5,0.012393,0.048221
000858SZ_2025-03-19T000000_BUY_COUNTDOWN_PROGRESS_1_2025-01-10T000000_10,2025-03-19 00:00:00,000858.SZ,1d,COUNTDOWN,BUY_COUNTDOWN_PROGRESS,1,10,,,BUY_SETUP,False,2024-12-30 00:00:00,2025-01-10 00:00:00,135.28,135.28,2025-01-10 00:00:00,2025-01-22 00:00:00,2025-01-23 00:00:00,2025-01-27 00:00:00,2025-02-05 00:00:00,2025-02-06 00:00:00,2025-02-25 00:00:00,2025-02-26 00:00:00,2025-03-04 00:00:00,124.0,2025-03-05 00:00:00,2025-03-19 00:00:00,,,,2025-02-05 00:00:00,118.76,122.13,133.17,135.04,132.61,3566940035.0,0.020588,0.067495
601318SS_2025-03-19T000000_SELL_COUNTDOWN_PROGRESS_-1_2025-02-19T000000_6,2025-03-19 00:00:00,601318.SS,1d,COUNTDOWN,SELL_COUNTDOWN_PROGRESS,-1,6,,,SELL_SETUP,False,2025-02-07 00:00:00,2025-02-19 00:00:00,49.83,47.29,2025-02-19 00:00:00,2025-02-24 00:00:00,2025-03-06 00:00:00,2025-03-07 00:00:00,2025-03-14 00:00:00,2025-03-17 00:00:00,2025-03-19 00:00:00,,,,,,,,,2025-03-06 00:00:00,47.98,49.38,51.52,51.75,51.02,3246291625.0,0.015573,0.068215
600036SS_2025-03-19T000000_SELL_COUNTDOWN_PROGRESS_-1_2025-03-11T000000_4,2025-03-19 00:00:00,600036.SS,1d,COUNTDOWN,SELL_COUNTDOWN_PROGRESS,-1,4,,,SELL_SETUP,False,2025-02-27 00:00:00,2025-03-11 00:00:00,40.79,38.27,2025-03-11 00:00:00,2025-03-13 00:00:00,2025-03-14 00:00:00,2025-03-17 00:00:00,2025-03-19 00:00:00,,,,,,,,,,,2025-03-13 00:00:00,40.49,41.37,43.01,43.09,42.09,2417932697.5,0.013109,0.107364
000651SZ_2025-03-19T000000_SELL_COUNTDOWN_PROGRESS_-1_2025-03-13T000000_5,2025-03-19 00:00:00,000651.SZ,1d,COUNTDOWN,SELL_COUNTDOWN_PROGRESS,-1,5,,,SELL_SETUP,True,2025-03-03 00:00:00,2025-03-13 00:00:00,38.93,36.46,2025-03-13 00:00:00,2025-03-13 00:00:00,2025-03-14 00:00:00,2025-03-17 00:00:00,2025-03-18 00:00:00,2025-03-19 00:00:00,,,,,,,,,,2025-03-13 00:00:00,38.03,38.93,39.62,39.91,39.34,2185228390.0,0.012433,0.046487
000858SZ_2025-03-20T000000_BUY_COUNTDOWN_PROGRESS_1_2025-01-10T000000_11,2025-03-20 00:00:00,000858.SZ,1d,COUNTDOWN,BUY_COUNTDOWN_PROGRESS,1,11,,,BUY_SETUP,False,2024-12-30 00:00:00,2025-01-10 00:00:00,135.28,135.28,2025-01-10 00:00:00,2025-01-22 00:00:00,2025-01-23 00:00:00,2025-01-27 00:00:00,2025-02-05 00:00:00,2025-02-06 00:00:00,2025-02-25 00:00:00,2025-02-26 00:00:00,2025-03-04 00:00:00,124.0,2025-03-05 00:00:00,2025-03-19 00:00:00,2025-03-20 00:00:00,,,2025-02-05 00:00:00,118.76,122.13,130.24,133.25,130.11,3636590010.0,0.021364,0.038845
000858SZ_2025-03-21T000000_BUY_COUNTDOWN_PROGRESS_1_2025-01-10T000000_12,2025-03-21 00:00:00,000858.SZ,1d,COUNTDOWN,BUY_COUNTDOWN_PROGRESS,1,12,,,BUY_SETUP,False,2024-12-30 00:00:00,2025-01-10 00:00:00,135.28,135.28,2025-01-10 00:00:00,2025-01-22 00:00:00,2025-01-23 00:00:00,2025-01-27 00:00:00,2025-02-05 00:00:00,2025-02-06 00:00:00,2025-02-25 00:00:00,2025-02-26 00:00:00,2025-03-04 00:00:00,124.0,2025-03-05 00:00:00,2025-03-19 00:00:00,2025-03-20 00:00:00,2025-03-21 00:00:00,,2025-02-05 00:00:00,118.76,122.13,128.85,131.75,128.44,3632207205.0,0.02153,0.021403
000858SZ_2025-03-24T000000_BUY_COUNTDOWN_COMPLETE_1_2025-01-10T000000_13,2025-03-24 00:00:00,000858.SZ,1d,COUNTDOWN,BUY_COUNTDOWN_COMPLETE,1,13,False,,BUY_SETUP,False,2024-12-30 00:00:00,2025-01-10 00:00:00,135.28,135.28,2025-01-10 00:00:00,2025-01-22 00:00:00,2025-01-23 00:00:00,2025-01-27 00:00:00,2025-02-05 00:00:00,2025-02-06 00:00:00,2025-02-25 00:00:00,2025-02-26 00:00:00,2025-03-04 00:00:00,124.0,2025-03-05 00:00:00,2025-03-19 00:00:00,2025-03-20 00:00:00,2025-03-21 00:00:00,2025-03-24 00:00:00,2025-02-05 00:00:00,118.76,122.13,128.56,129.18,127.28,3591615715.0,0.020648,0.045203
000651SZ_2025-03-24T000000_SELL_COUNTDOWN_PROGRESS_-1_2025-03-13T000000_6,2025-03-24 00:00:00,000651.SZ,1d,COUNTDOWN,SELL_COUNTDOWN_PROGRESS,-1,6,,,SELL_SETUP,True,2025-03-03 00:00:00,2025-03-13 00:00:00,38.93,36.46,2025-03-13 00:00:00,2025-03-13 00:00:00,2025-03-14 00:00:00,2025-03-17 00:00:00,2025-03-18 00:00:00,2025-03-19 00:00:00,2025-03-24 00:00:00,,,,,,,,,2025-03-13 00:00:00,38.03,38.93,40.99,41.3,40.18,2215202265.0,0.014357,0.122706
000651SZ_2025-03-25T000000_SELL_COUNTDOWN_PROGRESS_-1_2025-03-13T000000_7,2025-03-25 00:00:00,000651.SZ,1d,COUNTDOWN,SELL_COUNTDOWN_PROGRESS,-1,7,,,SELL_SETUP,True,2025-03-03 00:00:00,2025-03-13 00:00:00,38.93,36.46,2025-03-13 00:00:00,2025-03-13 00:00:00,2025-03-14 00:00:00,2025-03-17 00:00:00,2025-03-18 00:00:00,2025-03-19 00:00:00,2025-03-24 00:00:00,2025-03-25 00:00:00,,,,,,,,2025-03-13 00:00:00,38.03,38.93,41.17,41.61,40.91,2200809280.0,0.014307,0.114812
600519SS_2025-03-28T000000_SELL_COUNTDOWN_PROGRESS_-1_2025-03-18T000000_1,2025-03-28 00:00:00,600519.SS,1d,COUNTDOWN,SELL_COUNTDOWN_PROGRESS,-1,1,,,SELL_SETUP,True,2025-03-06 00:00:00,2025-03-18 00:00:00,1606.43,1420.52,2025-03-18 00:00:00,2025-03-28 00:00:00,,,,,,,,,,,,,,2025-03-28 00:00:00,1524.44,1541.44,1533.65,1541.44,1524.44,5135139350.0,0.017618,0.068403
000651SZ_2025-03-31T000000_SELL_COUNTDOWN_PROGRESS_-1_2025-03-13T000000_8,2025-03-31 00:00:00,000651.SZ,1d,COUNTDOWN,SELL_COUNTDOWN_PROGRESS,-1,8,,,SELL_SETUP,True,2025-03-03 00:00:00,2025-03-13 00:00:00,38.93,36.46,2025-03-13 00:00:00,2025-03-13 00:00:00,2025-03-14 00:00:00,2025-03-17 00:00:00,2025-03-18 00:00:00,2025-03-19 00:00:00,2025-03-24 00:00:00,2025-03-25 00:00:00,2025-03-31 00:00:00,41.47,,,,,,2025-03-13 00:00:00,38.03,38.93,41.47,42.24,41.21,2057446140.0,0.011876,0.1
000858SZ_2025-04-01T000000_BUY_SETUP_PERFECT_1_2025-04-01T000000_9,2025-04-01 00:00:00,000858.SZ,1d,SETUP,BUY_SETUP_PERFECT,1,9,True,,BUY_SETUP,True,2025-03-20 00:00:00,2025-04-01 00:00:00,,,,,,,,,,,,,,,,,,,,,,,,3166012220.0,0.019963,0.025883
000858SZ_2025-04-01T000000_BUY_COUNTDOWN_PROGRESS_1_2025-04-01T000000_1,2025-04-01 00:00:00,000858.SZ,1d,COUNTDOWN,BUY_COUNTDOWN_PROGRESS,1,1,,,BUY_SETUP,True,2025-03-20 00:00:00,2025-04-01 00:00:00,133.25,133.25,2025-04-01 00:00:00,2025-04-01 00:00:00,,,,,,,,,,,,,,2025-04-01 00:00:00,125.39,126.5,126.04,126.5,125.39,3166012220.0,0.019963,0.025883
000858SZ_2025-04-02T000000_BUY_COUNTDOWN_PROGRESS_1_2025-04-01T000000_2,2025-04-02 00:00:00,000858.SZ,1d,COUNTDOWN,BUY_COUNTDOWN_PROGRESS,1,2,,,BUY_SETUP,True,2025-03-20 00:00:00,2025-04-01 00:00:00,133.25,133.25,2025-04-01 00:00:00,2025-04-01 00:00:00,2025-04-02 00:00:00,,,,,,,,,,,,,2025-04-02 00:00:00,125.31,126.8,125.4,126.8,125.31,3104526954.0,0.019219,-0.004209
000858SZ_2025-04-07T000000_BUY_COUNTDOWN_PROGRESS_1_2025-04-01T000000_3,2025-04-07 00:00:00,000858.SZ,1d,COUNTDOWN,BUY_COUNTDOWN_PROGRESS,1,3,,,BUY_SETUP,True,2025-03-20 00:00:00,2025-04-01 00:00:00,133.25,133.25,2025-04-01 00:00:00,2025-04-01 00:00:00,2025-04-02 00:00:00,2025-04-07 00:00:00,,,,,,,,,,,,2025-04-07 00:00:00,118.05,124.7,121.03,124.7,118.05,3127785574.0,0.020251,-0.046557
601318SS_2025-04-07T000000_SELL_COUNTDOWN_CANCEL_-1_2025-02-19T000000_6,2025-04-07 00:00:00,601318.SS,1d,COUNTDOWN,SELL_COUNTDOWN_CANCEL,-1,6,,tdst_break_rule_4,SELL_SETUP,False,2025-02-07 00:00:00,2025-02-19 00:00:00,49.83,47.29,2025-02-19 00:00:00,2025-02-24 00:00:00,2025-03-06 00:00:00,2025-03-07 00:00:00,2025-03-14 00:00:00,2025-03-17 00:00:00,2025-03-19 00:00:00,,,,,,,,,2025-03-06 00:00:00,47.98,49.38,46.01,47.22,44.45,3221306655.0,0.019629,-0.055236
600036SS_2025-04-07T000000_SELL_COUNTDOWN_CANCEL_-1_2025-03-11T000000_4,2025-04-07 00:00:00,600036.SS,1d,COUNTDOWN,SELL_COUNTDOWN_CANCEL,-1,4,,tdst_break_rule_4,SELL_SETUP,False,2025-02-27 00:00:00,2025-03-11 00:00:00,40.79,38.27,2025-03-11 00:00:00,2025-03-13 00:00:00,2025-03-14 00:00:00,2025-03-17 00:00:00,2025-03-19 00:00:00,,,,,,,,,,,2025-03-13 00:00:00,40.49,41.37,37.82,38.99,36.38,2882363030.0,0.020372,-0.055916
600519SS_2025-04-09T000000_SELL_COUNTDOWN_PROGRESS_-1_2025-03-18T000000_2,2025-04-09 00:00:00,600519.SS,1d,COUNTDOWN,SELL_COUNTDOWN_PROGRESS,-1,2,,,SELL_SETUP,True,2025-03-06 00:00:00,2025-03-18 00:00:00,1606.43,1420.52,2025-03-18 00:00:00,2025-03-28 00:00:00,2025-04-09 00:00:00,,,,,,,,,,,,,2025-04-09 00:00:00,1468.99,1505.24,1489.48,1505.24,1468.99,5898877115.0,0.020873,-0.001033
000651SZ_2025-04-09T000000_SELL_COUNTDOWN_PROGRESS_-1_2025-03-13T000000_9,2025-04-09 00:00:00,000651.SZ,1d,COUNTDOWN,SELL_COUNTDOWN_PROGRESS,-1,9,,,SELL_SETUP,True,2025-03-03 00:00:00,2025-03-13 00:00:00,38.93,36.46,2025-03-13 00:00:00,2025-03-13 00:00:00,2025-03-14 00:00:00,2025-03-17 00:00:00,2025-03-18 00:00:00,2025-03-19 00:00:00,2025-03-24 00:00:00,2025-03-25 00:00:00,2025-03-31 00:00:00,41.47,2025-04-09 00:00:00,,,,,2025-03-13 00:00:00,38.03,38.93,40.88,41.21,39.84,2139755169.5,0.018222,0.072122
600519SS_2025-04-10T000000_SELL_COUNTDOWN_PROGRESS_-1_2025-03-18T000000_3,2025-04-10 00:00:00,600519.SS,1d,COUNTDOWN,SELL_COUNTDOWN_PROGRESS,-1,3,,,SELL_SETUP,True,2025-03-06 00:00:00,2025-03-18 00:00:00,1606.43,1420.52,2025-03-18 00:00:00,2025-03-28 00:00:00,2025-04-09 00:00:00,2025-04-10 00:00:00,,,,,,,,,,,,2025-04-09 00:00:00,1468.99,1505.24,1497.44,1503.44,1476.44,5969413475.0,0.020888,0.007556
601318SS_2025-04-10T000000_BUY_SETUP_1_2025-04-10T000000_9,2025-04-10 00:00:00,601318.SS,1d,SETUP,BUY_SETUP,1,9,False,,BUY_SETUP,False,2025-03-28 00:00:00,2025-04-10 00:00:00,,,,,,,,,,,,,,,,,,,,,,,,3424998260.0,0.020214,-0.034163
000651SZ_2025-04-10T000000_SELL_COUNTDOWN_PROGRESS_-1_2025-03-13T000000_10,2025-04-10 00:00:00,000651.SZ,1d,COUNTDOWN,SELL_COUNTDOWN_PROGRESS,-1,10,,,SELL_SETUP,True,2025-03-03 00:00:00,2025-03-13 00:00:00,38.93,36.46,2025-03-13 00:00:00,2025-03-13 00:00:00,2025-03-14 00:00:00,2025-03-17 00:00:00,2025-03-18 00:00:00,2025-03-19 00:00:00,2025-03-24 00:00:00,2025-03-25 00:00:00,2025-03-31 00:00:00,41.47,2025-04-09 00:00:00,2025-04-10 00:00:00,,,,2025-03-13 00:00:00,38.03,38.93,40.82,40.96,40.26,2167817939.5,0.018183,0.059159
600519SS_2025-04-11T000000_SELL_COUNTDOWN_PROGRESS_-1_2025-03-18T000000_4,2025-04-11 00:00:00,600519.SS,1d,COUNTDOWN,SELL_COUNTDOWN_PROGRESS,-1,4,,,SELL_SETUP,True,2025-03-06 00:00:00,2025-03-18 00:00:00,1606.43,1420.52,2025-03-18 00:00:00,2025-03-28 00:00:00,2025-04-09 00:00:00,2025-04-10 00:00:00,2025-04-11 00:00:00,,,,,,,,,,,2025-04-09 00:00:00,1468.99,1505.24,1517.42,1528.41,1493.44,6025463005.0,0.015763,-0.037445
000651SZ_2025-04-16T000000_SELL_COUNTDOWN_PROGRESS_-1_2025-03-13T000000_11,2025-04-16 00:00:00,000651.SZ,1d,COUNTDOWN,SELL_COUNTDOWN_PROGRESS,-1,11,,,SELL_SETUP,True,2025-03-03 00:00:00,2025-03-13 00:00:00,38.93,36.46,2025-03-13 00:00:00,2025-03-13 00:00:00,2025-03-14 00:00:00,2025-03-17 00:00:00,2025-03-18 00:00:00,2025-03-19 00:00:00,2025-03-24 00:00:00,2025-03-25 00:00:00,2025-03-31 00:00:00,41.47,2025-04-09 00:00:00,2025-04-10 00:00:00,2025-04-16 00:00:00,,,2025-03-13 00:00:00,38.03,38.93,41.29,41.38,40.49,2184754509.5,0.019887,0.04215
600519SS_2025-04-17T000000_SELL_COUNTDOWN_PROGRESS_-1_2025-03-18T000000_5,2025-04-17 00:00:00,600519.SS,1d,COUNTDOWN,SELL_COUNTDOWN_PROGRESS,-1,5,,,SELL_SETUP,True,2025-03-06 00:00:00,2025-03-18 00:00:00,1606.43,1420.52,2025-03-18 00:00:00,2025-03-28 00:00:00,2025-04-09 00:00:00,2025-04-10 00:00:00,2025-04-11 00:00:00,2025-04-17 00:00:00,,,,,,,,,,2025-04-09 00:00:00,1468.99,1505.24,1518.44,1524.94,1498.43,5114955645.0,0.0152,-0.021901
000651SZ_2025-04-17T000000_SELL_COUNTDOWN_PROGRESS_-1_2025-03-13T000000_12,2025-04-17 00:00:00,000651.SZ,1d,COUNTDOWN,SELL_COUNTDOWN_PROGRESS,-1,12,,,SELL_SETUP,True,2025-03-03 00:00:00,2025-03-13 00:00:00,38.93,36.46,2025-03-13 00:00:00,2025-03-13 00:00:00,2025-03-14 00:00:00,2025-03-17 00:00:00,2025-03-18 00:00:00,2025-03-19 00:00:00,2025-03-24 00:00:00,2025-03-25 00:00:00,2025-03-31 00:00:00,41.47,2025-04-09 00:00:00,2025-04-10 00:00:00,2025-04-16 00:00:00,2025-04-17 00:00:00,,2025-03-13 00:00:00,38.03,38.93,40.99,41.14,40.63,2166309015.5,0.019146,0.058626
000858SZ_2025-04-21T000000_BUY_COUNTDOWN_PROGRESS_1_2025-04-01T000000_4,2025-04-21 00:00:00,000858.SZ,1d,COUNTDOWN,BUY_COUNTDOWN_PROGRESS,1,4,,,BUY_SETUP,True,2025-03-20 00:00:00,2025-04-01 00:00:00,133.25,133.25,2025-04-01 00:00:00,2025-04-01 00:00:00,2025-04-02 00:00:00,2025-04-07 00:00:00,2025-04-21 00:00:00,,,,,,,,,,,2025-04-07 00:00:00,118.05,124.7,124.59,126.25,124.39,2332379845.0,0.013992,-0.030881
000651SZ_2025-04-21T000000_SELL_COUNTDOWN_COMPLETE_-1_2025-03-13T000000_13,2025-04-21 00:00:00,000651.SZ,1d,COUNTDOWN,SELL_COUNTDOWN_COMPLETE,-1,13,False,,SELL_SETUP,True,2025-03-03 00:00:00,2025-03-13 00:00:00,38.93,36.46,2025-03-13 00:00:00,2025-03-13 00:00:00,2025-03-14 00:00:00,2025-03-17 00:00:00,2025-03-18 00:00:00,2025-03-19 00:00:00,2025-03-24 00:00:00,2025-03-25 00:00:00,2025-03-31 00:00:00,41.47,2025-04-09 00:00:00,2025-04-10 00:00:00,2025-04-16 00:00:00,2025-04-17 00:00:00,2025-04-21 00:00:00,2025-03-13 00:00:00,38.03,38.93,41.2,41.41,40.92,2015215136.5,0.017079,0.005123
000858SZ_2025-04-22T000000_BUY_COUNTDOWN_PROGRESS_1_2025-04-01T000000_5,2025-04-22 00:00:00,000858.SZ,1d,COUNTDOWN,BUY_COUNTDOWN_PROGRESS,1,5,,,BUY_SETUP,True,2025-03-20 00:00:00,2025-04-01 00:00:00,133.25,133.25,2025-04-01 00:00:00,2025-04-01 00:00:00,2025-04-02 00:00:00,2025-04-07 00:00:00,2025-04-21 00:00:00,2025-04-22 00:00:00,,,,,,,,,,2025-04-07 00:00:00,118.05,124.7,124.35,124.99,123.75,2286882195.0,0.013956,-0.027071
000858SZ_2025-04-23T000000_BUY_COUNTDOWN_PROGRESS_1_2025-04-01T000000_6,2025-04-23 00:00:00,000858.SZ,1d,COUNTDOWN,BUY_COUNTDOWN_PROGRESS,1,6,,,BUY_SETUP,True,2025-03-20 00:00:00,2025-04-01 00:00:00,133.25,133.25,2025-04-01 00:00:00,2025-04-01 00:00:00,2025-04-02 00:00:00,2025-04-07 00:00:00,2025-04-21 00:00:00,2025-04-22 00:00:00,2025-04-23 00:00:00,,,,,,,,,2025-04-07 00:00:00,118.05,124.7,124.22,124.95,123.8,2232080874.0,0.013956,-0.026489
601318SS_2025-04-23T000000_SELL_SETUP_PERFECT_-1_2025-04-23T000000_9,2025-04-23 00:00:00,601318.SS,1d,SETUP,SELL_SETUP_PERFECT,-1,9,True,,SELL_SETUP,True,2025-04-11 00:00:00,2025-04-23 00:00:00,,,,,,,,,,,,,,,,,,,,,,,,2571204332.5,0.015117,-0.020744
601318SS_2025-04-23T000000_BUY_COUNTDOWN_CANCEL_1_2025-04-10T000000_0,2025-04-23 00:00:00,601318.SS,1d,COUNTDOWN,BUY_COUNTDOWN_CANCEL,1,0,,opposite_setup,BUY_SETUP,False,2025-03-28 00:00:00,2025-04-10 00:00:00,49.82,49.82,2025-04-10 00:00:00,,,,,,,,,,,,,,,,,,48.15,48.4,47.91,2571204332.5,0.015117,-0.020744
601318SS_2025-04-23T000000_SELL_COUNTDOWN_PROGRESS_-1_2025-04-23T000000_1,2025-04-23 00:00:00,601318.SS,1d,COUNTDOWN,SELL_COUNTDOWN_PROGRESS,-1,1,,,SELL_SETUP,True,2025-04-11 00:00:00,2025-04-23 00:00:00,48.4,46.43,2025-04-23 00:00:00,2025-04-23 00:00:00,,,,,,,,,,,,,,2025-04-23 00:00:00,47.91,48.4,48.15,48.4,47.91,2571204332.5,0.015117,-0.020744
000858SZ_2025-04-24T000000_BUY_COUNTDOWN_PROGRESS_1_2025-04-01T000000_7,2025-04-24 00:00:00,000858.SZ,1d,COUNTDOWN,BUY_COUNTDOWN_PROGRESS,1,7,,,BUY_SETUP,True,2025-03-20 00:00:00,2025-04-01 00:00:00,133.25,133.25,2025-04-01 00:00:00,2025-04-01 00:00:00,2025-04-02 00:00:00,2025-04-07 00:00:00,2025-04-21 00:00:00,2025-04-22 00:00:00,2025-04-23 00:00:00,2025-04-24 00:00:00,,,,,,,,2025-04-07 00:00:00,118.05,124.7,123.31,124.45,123.26,2244637469.0,0.013951,-0.037768
601318SS_2025-04-24T000000_SELL_COUNTDOWN_PROGRESS_-1_2025-04-23T000000_2,2025-04-24 00:00:00,601318.SS,1d,COUNTDOWN,SELL_COUNTDOWN_PROGRESS,-1,2,,,SELL_SETUP,True,2025-04-11 00:00:00,2025-04-23 00:00:00,48.4,46.43,2025-04-23 00:00:00,2025-04-23 00:00:00,2025-04-24 00:00:00,,,,,,,,,,,,,2025-04-23 00:00:00,47.91,48.4,48.67,48.93,48.15,2574964622.5,0.015248,-0.016966
000858SZ_2025-04-25T000000_BUY_COUNTDOWN_PROGRESS_1_2025-04-01T000000_8,2025-04-25 00:00:00,000858.SZ,1d,COUNTDOWN,BUY_COUNTDOWN_PROGRESS,1,8,,,BUY_SETUP,True,2025-03-20 00:00:00,2025-04-01 00:00:00,133.25,133.25,2025-04-01 00:00:00,2025-04-01 00:00:00,2025-04-02 00:00:00,2025-04-07 00:00:00,2025-04-21 00:00:00,2025-04-22 00:00:00,2025-04-23 00:00:00,2025-04-24 00:00:00,2025-04-25 00:00:00,123.3,,,,,,2025-04-07 00:00:00,118.05,124.7,123.3,124.47,123.21,2219895754.0,0.013934,-0.032789
601318SS_2025-04-25T000000_SELL_COUNTDOWN_PROGRESS_-1_2025-04-23T000000_3,2025-04-25 00:00:00,601318.SS,1d,COUNTDOWN,SELL_COUNTDOWN_PROGRESS,-1,3,,,SELL_SETUP,True,2025-04-11 00:00:00,2025-04-23 00:00:00,48.4,46.43,2025-04-23 00:00:00,2025-04-23 00:00:00,2025-04-24 00:00:00,2025-04-25 00:00:00,,,,,,,,,,,,2025-04-23 00:00:00,47.91,48.4,48.78,49.04,48.67,2557276487.5,0.01526,-0.01275
000858SZ_2025-04-30T000000_BUY_COUNTDOWN_PROGRESS_1_2025-04-01T000000_9,2025-04-30 00:00:00,000858.SZ,1d,COUNTDOWN,BUY_COUNTDOWN_PROGRESS,1,9,,,BUY_SETUP,True,2025-03-20 00:00:00,2025-04-01 00:00:00,133.25,133.25,2025-04-01 00:00:00,2025-04-01 00:00:00,2025-04-02 00:00:00,2025-04-07 00:00:00,2025-04-21 00:00:00,2025-04-22 00:00:00,2025-04-23 00:00:00,2025-04-24 00:00:00,2025-04-25 00:00:00,123.3,2025-04-30 00:00:00,,,,,2025-04-07 00:00:00,118.05,124.7,122.95,124.55,122.92,2260336104.0,0.014211,-0.019537
000651SZ_2025-04-30T000000_SELL_SETUP_-1_2025-04-30T000000_9,2025-04-30 00:00:00,000651.SZ,1d,SETUP,SELL_SETUP,-1,9,False,,SELL_SETUP,False,2025-04-18 00:00:00,2025-04-30 00:00:00,,,,,,,,,,,,,,,,,,,,,,,,1856182246.5,0.019024,0.009471
600519SS_2025-05-08T000000_SELL_COUNTDOWN_PROGRESS_-1_2025-03-18T000000_6,2025-05-08 00:00:00,600519.SS,1d,COUNTDOWN,SELL_COUNTDOWN_PROGRESS,-1,6,,,SELL_SETUP,True,2025-03-06 00:00:00,2025-03-18 00:00:00,1606.43,1420.52,2025-03-18 00:00:00,2025-03-28 00:00:00,2025-04-09 00:00:00,2025-04-10 00:00:00,2025-04-11 00:00:00,2025-04-17 00:00:00,2025-05-08 00:00:00,,,,,,,,,2025-04-09 00:00:00,1468.99,1505.24,1526.63,1541.22,1498.27,4202746880.0,0.006354,0.022224
601318SS_2025-05-08T000000_SELL_COUNTDOWN_PROGRESS_-1_2025-04-23T000000_4,2025-05-08 00:00:00,601318.SS,1d,COUNTDOWN,SELL_COUNTDOWN_PROGRESS,-1,4,,,SELL_SETUP,True,2025-04-11 00:00:00,2025-04-23 00:00:00,48.4,46.43,2025-04-23 00:00:00,2025-04-23 00:00:00,2025-04-24 00:00:00,2025-04-25 00:00:00,2025-05-08 00:00:00,,,,,,,,,,,2025-04-23 00:00:00,47.91,48.4,49.41,49.8,48.35,2350548087.5,0.006172,0.057803
000651SZ_2025-05-08T000000_SELL_COUNTDOWN_PROGRESS_-1_2025-04-30T000000_1,2025-05-08 00:00:00,000651.SZ,1d,COUNTDOWN,SELL_COUNTDOWN_PROGRESS,-1,1,,,SELL_SETUP,False,2025-04-18 00:00:00,2025-04-30 00:00:00,43.31,40.74,2025-04-30 00:00:00,2025-05-08 00:00:00,,,,,,,,,,,,,,2025-05-08 00:00:00,42.12,42.66,42.53,42.66,42.12,1737402876.0,0.013568,0.046763
600519SS_2025-05-09T000000_SELL_COUNTDOWN_PROGRESS_-1_2025-03-18T000000_7,2025-05-09 00:00:00,600519.SS,1d,COUNTDOWN,SELL_COUNTDOWN_PROGRESS,-1,7,,,SELL_SETUP,True,2025-03-06 00:00:00,2025-03-18 00:00:00,1606.43,1420.52,2025-03-18 00:00:00,2025-03-28 00:00:00,2025-04-09 00:00:00,2025-04-10 00:00:00,2025-04-11 00:00:00,2025-04-17 00:00:00,2025-05-08 00:00:00,2025-05-09 00:00:00,,,,,,,,2025-04-09 00:00:00,1468.99,1505.24,1539.62,1545.89,1523.49,3829276725.0,0.006488,0.033663
601318SS_2025-05-09T000000_SELL_COUNTDOWN_PROGRESS_-1_2025-04-23T000000_5,2025-05-09 00:00:00,601318.SS,1d,COUNTDOWN,SELL_COUNTDOWN_PROGRESS,-1,5,,,SELL_SETUP,True,2025-04-11 00:00:00,2025-04-23 00:00:00,48.4,46.43,2025-04-23 00:00:00,2025-04-23 00:00:00,2025-04-24 00:00:00,2025-04-25 00:00:00,2025-05-08 00:00:00,2025-05-09 00:00:00,,,,,,,,,,2025-04-23 00:00:00,47.91,48.4,49.2,49.61,49.2,2153622622.5,0.00596,0.060802
000651SZ_2025-05-09T000000_SELL_COUNTDOWN_PROGRESS_-1_2025-04-30T000000_2,2025-05-09 00:00:00,000651.SZ,1d,COUNTDOWN,SELL_COUNTDOWN_PROGRESS,-1,2,,,SELL_SETUP,False,2025-04-18 00:00:00,2025-04-30 00:00:00,43.31,40.74,2025-04-30 00:00:00,2025-05-08 00:00:00,2025-05-09 00:00:00,,,,,,,,,,,,,2025-05-08 00:00:00,42.12,42.66,43.01,43.19,42.54,1645663336.0,0.013688,0.052104
600519SS_2025-05-12T000000_SELL_COUNTDOWN_PROGRESS_-1_2025-03-18T000000_8,2025-05-12 00:00:00,600519.SS,1d,COUNTDOWN,SELL_COUNTDOWN_PROGRESS,-1,8,,,SELL_SETUP,True,2025-03-06 00:00:00,2025-03-18 00:00:00,1606.43,1420.52,2025-03-18 00:00:00,2025-03-28 00:00:00,2025-04-09 00:00:00,2025-04-10 00:00:00,2025-04-11 00:00:00,2025-04-17 00:00:00,2025-05-08 00:00:00,2025-05-09 00:00:00,2025-05-12 00:00:00,1552.94,,,,,,2025-04-09 00:00:00,1468.99,1505.24,1552.94,1567.37,1545.05,3599519605.0,0.006624,0.037063
601318SS_2025-05-12T000000_SELL_COUNTDOWN_PROGRESS_-1_2025-04-23T000000_6,2025-05-12 00:00:00,601318.SS,1d,COUNTDOWN,SELL_COUNTDOWN_PROGRESS,-1,6,,,SELL_SETUP,True,2025-04-11 00:00:00,2025-04-23 00:00:00,48.4,46.43,2025-04-23 00:00:00,2025-04-23 00:00:00,2025-04-24 00:00:00,2025-04-25 00:00:00,2025-05-08 00:00:00,2025-05-09 00:00:00,2025-05-12 00:00:00,,,,,,,,,2025-04-23 00:00:00,47.91,48.4,50.05,50.2,49.45,2124793967.5,0.006477,0.066482
000651SZ_2025-05-12T000000_SELL_COUNTDOWN_PROGRESS_-1_2025-04-30T000000_3,2025-05-12 00:00:00,000651.SZ,1d,COUNTDOWN,SELL_COUNTDOWN_PROGRESS,-1,3,,,SELL_SETUP,False,2025-04-18 00:00:00,2025-04-30 00:00:00,43.31,40.74,2025-04-30 00:00:00,2025-05-08 00:00:00,2025-05-09 00:00:00,2025-05-12 00:00:00,,,,,,,,,,,,2025-05-08 00:00:00,42.12,42.66,42.91,43.31,42.79,1601138911.0,0.013704,0.0512
601318SS_2025-05-13T000000_SELL_COUNTDOWN_PROGRESS_-1_2025-04-23T000000_7,2025-05-13 00:00:00,601318.SS,1d,COUNTDOWN,SELL_COUNTDOWN_PROGRESS,-1,7,,,SELL_SETUP,True,2025-04-11 00:00:00,2025-04-23 00:00:00,48.4,46.43,2025-04-23 00:00:00,2025-04-23 00:00:00,2025-04-24 00:00:00,2025-04-25 00:00:00,2025-05-08 00:00:00,2025-05-09 00:00:00,2025-05-12 00:00:00,2025-05-13 00:00:00,,,,,,,,2025-04-23 00:00:00,47.91,48.4,49.91,50.24,49.7,2067743627.5,0.006479,0.066453
600519SS_2025-05-14T000000_SELL_COUNTDOWN_PROGRESS_-1_2025-03-18T000000_9,2025-05-14 00:00:00,600519.SS,1d,COUNTDOWN,SELL_COUNTDOWN_PROGRESS,-1,9,,,SELL_SETUP,True,2025-03-06 00:00:00,2025-03-18 00:00:00,1606.43,1420.52,2025-03-18 00:00:00,2025-03-28 00:00:00,2025-04-09 00:00:00,2025-04-10 00:00:00,2025-04-11 00:00:00,2025-04-17 00:00:00,2025-05-08 00:00:00,2025-05-09 00:00:00,2025-05-12 00:00:00,1552.94,2025-05-14 00:00:00,,,,,2025-04-09 00:00:00,1468.99,1505.24,1583.43,1593.44,1536.62,3536036715.0,0.008498,0.055317
601318SS_2025-05-14T000000_SELL_COUNTDOWN_PROGRESS_-1_2025-04-23T000000_8,2025-05-14 00:00:00,601318.SS,1d,COUNTDOWN,SELL_COUNTDOWN_PROGRESS,-1,8,,,SELL_SETUP,True,2025-04-11 00:00:00,2025-04-23 00:00:00,48.4,46.43,2025-04-23 00:00:00,2025-04-23 00:00:00,2025-04-24 00:00:00,2025-04-25 00:00:00,2025-05-08 00:00:00,2025-05-09 00:00:00,2025-05-12 00:00:00,2025-05-13 00:00:00,2025-05-14 00:00:00,52.14,,,,,,2025-04-23 00:00:00,47.91,48.4,52.14,52.63,49.79,2383953032.5,0.011257,0.111016
600519SS_2025-05-15T000000_SELL_COUNTDOWN_PROGRESS_-1_2025-03-18T000000_10,2025-05-15 00:00:00,600519.SS,1d,COUNTDOWN,SELL_COUNTDOWN_PROGRESS,-1,10,,,SELL_SETUP,True,2025-03-06 00:00:00,2025-03-18 00:00:00,1606.43,1420.52,2025-03-18 00:00:00,2025-03-28 00:00:00,2025-04-09 00:00:00,2025-04-10 00:00:00,2025-04-11 00:00:00,2025-04-17 00:00:00,2025-05-08 00:00:00,2025-05-09 00:00:00,2025-05-12 00:00:00,1552.94,2025-05-14 00:00:00,2025-05-15 00:00:00,,,,2025-04-09 00:00:00,1468.99,1505.24,1580.45,1592.03,1572.57,3569235565.0,0.008558,0.049129
601318SS_2025-05-15T000000_SELL_COUNTDOWN_PROGRESS_-1_2025-04-23T000000_9,2025-05-15 00:00:00,601318.SS,1d,COUNTDOWN,SELL_COUNTDOWN_PROGRESS,-1,9,,,SELL_SETUP,True,2025-04-11 00:00:00,2025-04-23 00:00:00,48.4,46.43,2025-04-23 00:00:00,2025-04-23 00:00:00,2025-04-24 00:00:00,2025-04-25 00:00:00,2025-05-08 00:00:00,2025-05-09 00:00:00,2025-05-12 00:00:00,2025-05-13 00:00:00,2025-05-14 00:00:00,52.14,2025-05-15 00:00:00,,,,,2025-04-23 00:00:00,47.91,48.4,51.7,52.25,51.55,2442605017.5,0.011672,0.093486
000651SZ_2025-05-15T000000_SELL_COUNTDOWN_PROGRESS_-1_2025-04-30T000000_4,2025-05-15 00:00:00,000651.SZ,1d,COUNTDOWN,SELL_COUNTDOWN_PROGRESS,-1,4,,,SELL_SETUP,False,2025-04-18 00:00:00,2025-04-30 00:00:00,43.31,40.74,2025-04-30 00:00:00,2025-05-08 00:00:00,2025-05-09 00:00:00,2025-05-12 00:00:00,2025-05-15 00:00:00,,,,,,,,,,,2025-05-08 00:00:00,42.12,42.66,43.21,43.28,42.76,1490447976.0,0.010482,0.057255
600519SS_2025-05-16T000000_SELL_SETUP_-1_2025-05-16T000000_9,2025-05-16 00:00:00,600519.SS,1d,SETUP,SELL_SETUP,-1,9,False,,SELL_SETUP,False,2025-05-06 00:00:00,2025-05-16 00:00:00,,,,,,,,,,,,,,,,,,,,,,,,3587963865.0,0.0091,0.036455
600519SS_2025-05-16T000000_SELL_COUNTDOWN_CANCEL_-1_2025-03-18T000000_10,2025-05-16 00:00:00,600519.SS,1d,COUNTDOWN,SELL_COUNTDOWN_CANCEL,-1,10,,same_setup,SELL_SETUP,True,2025-03-06 00:00:00,2025-03-18 00:00:00,1606.43,1420.52,2025-03-18 00:00:00,2025-03-28 00:00:00,2025-04-09 00:00:00,2025-04-10 00:00:00,2025-04-11 00:00:00,2025-04-17 00:00:00,2025-05-08 00:00:00,2025-05-09 00:00:00,2025-05-12 00:00:00,1552.94,2025-05-14 00:00:00,2025-05-15 00:00:00,,,,2025-04-09 00:00:00,1468.99,1505.24,1562.57,1585.43,1562.57,3587963865.0,0.0091,0.036455
000858SZ_2025-05-16T000000_BUY_COUNTDOWN_PROGRESS_1_2025-04-01T000000_10,2025-05-16 00:00:00,000858.SZ,1d,COUNTDOWN,BUY_COUNTDOWN_PROGRESS,1,10,,,BUY_SETUP,True,2025-03-20 00:00:00,2025-04-01 00:00:00,133.25,133.25,2025-04-01 00:00:00,2025-04-01 00:00:00,2025-04-02 00:00:00,2025-04-07 00:00:00,2025-04-21 00:00:00,2025-04-22 00:00:00,2025-04-23 00:00:00,2025-04-24 00:00:00,2025-04-25 00:00:00,123.3,2025-04-30 00:00:00,2025-05-16 00:00:00,,,,2025-04-07 00:00:00,118.05,124.7,125.33,127.84,125.3,1953490100.0,0.009902,-0.00964
000858SZ_2025-05-19T000000_BUY_COUNTDOWN_PROGRESS_1_2025-04-01T000000_11,2025-05-19 00:00:00,000858.SZ,1d,COUNTDOWN,BUY_COUNTDOWN_PROGRESS,1,11,,,BUY_SETUP,True,2025-03-20 00:00:00,2025-04-01 00:00:00,133.25,133.25,2025-04-01 00:00:00,2025-04-01 00:00:00,2025-04-02 00:00:00,2025-04-07 00:00:00,2025-04-21 00:00:00,2025-04-22 00:00:00,2025-04-23 00:00:00,2025-04-24 00:00:00,2025-04-25 00:00:00,123.3,2025-04-30 00:00:00,2025-05-16 00:00:00,2025-05-19 00:00:00,,,2025-04-07 00:00:00,118.05,124.7,123.55,124.35,123.13,1997728845.0,0.010344,-0.025477
000858SZ_2025-05-20T000000_BUY_COUNTDOWN_PROGRESS_1_2025-04-01T000000_12,2025-05-20 00:00:00,000858.SZ,1d,COUNTDOWN,BUY_COUNTDOWN_PROGRESS,1,12,,,BUY_SETUP,True,2025-03-20 00:00:00,2025-04-01 00:00:00,133.25,133.25,2025-04-01 00:00:00,2025-04-01 00:00:00,2025-04-02 00:00:00,2025-04-07 00:00:00,2025-04-21 00:00:00,2025-04-22 00:00:00,2025-04-23 00:00:00,2025-04-24 00:00:00,2025-04-25 00:00:00,123.3,2025-04-30 00:00:00,2025-05-16 00:00:00,2025-05-19 00:00:00,2025-05-20 00:00:00,,2025-04-07 00:00:00,118.05,124.7,123.38,123.88,123.12,1999546330.0,0.010281,-0.020794
000651SZ_2025-05-20T000000_SELL_COUNTDOWN_PROGRESS_-1_2025-04-30T000000_5,2025-05-20 00:00:00,000651.SZ,1d,COUNTDOWN,SELL_COUNTDOWN_PROGRESS,-1,5,,,SELL_SETUP,False,2025-04-18 00:00:00,2025-04-30 00:00:00,43.31,40.74,2025-04-30 00:00:00,2025-05-08 00:00:00,2025-05-09 00:00:00,2025-05-12 00:00:00,2025-05-15 00:00:00,2025-05-20 00:00:00,,,,,,,,,,2025-05-08 00:00:00,42.12,42.66,44.01,44.01,42.69,1484076437.0,0.012446,0.065359
601318SS_2025-05-21T000000_SELL_COUNTDOWN_PROGRESS_-1_2025-04-23T000000_10,2025-05-21 00:00:00,601318.SS,1d,COUNTDOWN,SELL_COUNTDOWN_PROGRESS,-1,10,,,SELL_SETUP,True,2025-04-11 00:00:00,2025-04-23 00:00:00,48.4,46.43,2025-04-23 00:00:00,2025-04-23 00:00:00,2025-04-24 00:00:00,2025-04-25 00:00:00,2025-05-08 00:00:00,2025-05-09 00:00:00,2025-05-12 00:00:00,2025-05-13 00:00:00,2025-05-14 00:00:00,52.14,2025-05-15 00:00:00,2025-05-21 00:00:00,,,,2025-04-23 00:00:00,47.91,48.4,51.3,51.85,51.15,2442135597.5,0.01257,0.074796
000651SZ_2025-05-21T000000_SELL_COUNTDOWN_PROGRESS_-1_2025-04-30T000000_6,2025-05-21 00:00:00,000651.SZ,1d,COUNTDOWN,SELL_COUNTDOWN_PROGRESS,-1,6,,,SELL_SETUP,False,2025-04-18 00:00:00,2025-04-30 00:00:00,43.31,40.74,2025-04-30 00:00:00,2025-05-08 00:00:00,2025-05-09 00:00:00,2025-05-12 00:00:00,2025-05-15 00:00:00,2025-05-20 00:00:00,2025-05-21 00:00:00,,,,,,,,,2025-05-08 00:00:00,42.12,42.66,43.88,44.28,43.76,1482763817.5,0.012454,0.065049
000651SZ_2025-05-22T000000_SELL_COUNTDOWN_PROGRESS_-1_2025-04-30T000000_7,2025-05-22 00:00:00,000651.SZ,1d,COUNTDOWN,SELL_COUNTDOWN_PROGRESS,-1,7,,,SELL_SETUP,False,2025-04-18 00:00:00,2025-04-30 00:00:00,43.31,40.74,2025-04-30 00:00:00,2025-05-08 00:00:00,2025-05-09 00:00:00,2025-05-12 00:00:00,2025-05-15 00:00:00,2025-05-20 00:00:00,2025-05-21 00:00:00,2025-05-22 00:00:00,,,,,,,,2025-05-08 00:00:00,42.12,42.66,44.09,44.32,43.89,1489903325.0,0.012396,0.060876
000858SZ_2025-05-23T000000_BUY_COUNTDOWN_COMPLETE_PERFECT_1_2025-04-01T000000_13,2025-05-23 00:00:00,000858.SZ,1d,COUNTDOWN,BUY_COUNTDOWN_COMPLETE_PERFECT,1,13,True,,BUY_SETUP,True,2025-03-20 00:00:00,2025-04-01 00:00:00,133.25,133.25,2025-04-01 00:00:00,2025-04-01 00:00:00,2025-04-02 00:00:00,2025-04-07 00:00:00,2025-04-21 00:00:00,2025-04-22 00:00:00,2025-04-23 00:00:00,2025-04-24 00:00:00,2025-04-25 00:00:00,123.3,2025-04-30 00:00:00,2025-05-16 00:00:00,2025-05-19 00:00:00,2025-05-20 00:00:00,2025-05-23 00:00:00,2025-04-07 00:00:00,118.05,124.7,122.4,123.91,122.4,2021292375.0,0.010132,-0.014651
600519SS_2025-05-27T000000_SELL_COUNTDOWN_CANCEL_-1_2025-05-16T000000_0,2025-05-27 00:00:00,600519.SS,1d,COUNTDOWN,SELL_COUNTDOWN_CANCEL,-1,0,,tdst_break_rule_4,SELL_SETUP,False,2025-05-06 00:00:00,2025-05-16 00:00:00,1593.44,1492.77,2025-05-16 00:00:00,,,,,,,,,,,,,,,,,,1492.34,1507.04,1491.95,3707007895.0,0.010932,-0.004071
000858SZ_2025-05-28T000000_BUY_SETUP_PERFECT_1_2025-05-28T000000_9,2025-05-28 00:00:00,000858.SZ,1d,SETUP,BUY_SETUP_PERFECT,1,9,True,,BUY_SETUP,True,2025-05-16 00:00:00,2025-05-28 00:00:00,,,,,,,,,,,,,,,,,,,,,,,,2187396051.0,0.009972,-0.031415
000858SZ_2025-06-03T000000_BUY_COUNTDOWN_PROGRESS_1_2025-05-28T000000_1,2025-06-03 00:00:00,000858.SZ,1d,COUNTDOWN,BUY_COUNTDOWN_PROGRESS,1,1,,,BUY_SETUP,True,2025-05-16 00:00:00,2025-05-28 00:00:00,127.84,127.84,2025-05-28 00:00:00,2025-06-03 00:00:00,,,,,,,,,,,,,,2025-06-03 00:00:00,118.82,119.8,118.93,119.8,118.82,2233640821.0,0.010107,-0.038872
601318SS_2025-06-03T000000_SELL_COUNTDOWN_PROGRESS_-1_2025-04-23T000000_11,2025-06-03 00:00:00,601318.SS,1d,COUNTDOWN,SELL_COUNTDOWN_PROGRESS,-1,11,,,SELL_SETUP,True,2025-04-11 00:00:00,2025-04-23 00:00:00,48.4,46.43,2025-04-23 00:00:00,2025-04-23 00:00:00,2025-04-24 00:00:00,2025-04-25 00:00:00,2025-05-08 00:00:00,2025-05-09 00:00:00,2025-05-12 00:00:00,2025-05-13 00:00:00,2025-05-14 00:00:00,52.14,2025-05-15 00:00:00,2025-05-21 00:00:00,2025-06-03 00:00:00,,,2025-04-23 00:00:00,47.91,48.4,51.3,51.56,50.45,2441246790.5,0.012929,0.063212
000858SZ_2025-06-04T000000_BUY_COUNTDOWN_PROGRESS_1_2025-05-28T000000_2,2025-06-04 00:00:00,000858.SZ,1d,COUNTDOWN,BUY_COUNTDOWN_PROGRESS,1,2,,,BUY_SETUP,True,2025-05-16 00:00:00,2025-05-28 00:00:00,127.84,127.84,2025-05-28 00:00:00,2025-06-03 00:00:00,2025-06-04 00:00:00,,,,,,,,,,,,,2025-06-04 00:00:00,118.35,119.47,118.8,119.47,118.35,2259699346.0,0.010009,-0.043786
601318SS_2025-06-04T000000_SELL_COUNTDOWN_PROGRESS_-1_2025-04-23T000000_12,2025-06-04 00:00:00,601318.SS,1d,COUNTDOWN,SELL_COUNTDOWN_PROGRESS,-1,12,,,SELL_SETUP,True,2025-04-11 00:00:00,2025-04-23 00:00:00,48.4,46.43,2025-04-23 00:00:00,2025-04-23 00:00:00,2025-04-24 00:00:00,2025-04-25 00:00:00,2025-05-08 00:00:00,2025-05-09 00:00:00,2025-05-12 00:00:00,2025-05-13 00:00:00,2025-05-14 00:00:00,52.14,2025-05-15 00:00:00,2025-05-21 00:00:00,2025-06-03 00:00:00,2025-06-04 00:00:00,,2025-04-23 00:00:00,47.91,48.4,51.21,51.6,51.06,2457779655.5,0.012929,0.053054
000858SZ_2025-06-10T000000_BUY_COUNTDOWN_PROGRESS_1_2025-05-28T000000_3,2025-06-10 00:00:00,000858.SZ,1d,COUNTDOWN,BUY_COUNTDOWN_PROGRESS,1,3,,,BUY_SETUP,True,2025-05-16 00:00:00,2025-05-28 00:00:00,127.84,127.84,2025-05-28 00:00:00,2025-06-03 00:00:00,2025-06-04 00:00:00,2025-06-10 00:00:00,,,,,,,,,,,,2025-06-04 00:00:00,118.35,119.47,118.64,119.35,118.53,2272762796.0,0.008754,-0.067589
601318SS_2025-06-11T000000_SELL_COUNTDOWN_COMPLETE_-1_2025-04-23T000000_13,2025-06-11 00:00:00,601318.SS,1d,COUNTDOWN,SELL_COUNTDOWN_COMPLETE,-1,13,False,,SELL_SETUP,True,2025-04-11 00:00:00,2025-04-23 00:00:00,48.4,46.43,2025-04-23 00:00:00,2025-04-23 00:00:00,2025-04-24 00:00:00,2025-04-25 00:00:00,2025-05-08 00:00:00,2025-05-09 00:00:00,2025-05-12 00:00:00,2025-05-13 00:00:00,2025-05-14 00:00:00,52.14,2025-05-15 00:00:00,2025-05-21 00:00:00,2025-06-03 00:00:00,2025-06-04 00:00:00,2025-06-11 00:00:00,2025-04-23 00:00:00,47.91,48.4,51.91,52.1,50.85,2482999570.5,0.008502,-0.004411
000858SZ_2025-06-12T000000_BUY_COUNTDOWN_PROGRESS_1_2025-05-28T000000_4,2025-06-12 00:00:00,000858.SZ,1d,COUNTDOWN,BUY_COUNTDOWN_PROGRESS,1,4,,,BUY_SETUP,True,2025-05-16 00:00:00,2025-05-28 00:00:00,127.84,127.84,2025-05-28 00:00:00,2025-06-03 00:00:00,2025-06-04 00:00:00,2025-06-10 00:00:00,2025-06-12 00:00:00,,,,,,,,,,,2025-06-12 00:00:00,116.63,118.8,116.75,118.8,116.63,2321004126.0,0.007799,-0.08732
000858SZ_2025-06-13T000000_BUY_COUNTDOWN_PROGRESS_1_2025-05-28T000000_5,2025-06-13 00:00:00,000858.SZ,1d,COUNTDOWN,BUY_COUNTDOWN_PROGRESS,1,5,,,BUY_SETUP,True,2025-05-16 00:00:00,2025-05-28 00:00:00,127.84,127.84,2025-05-28 00:00:00,2025-06-03 00:00:00,2025-06-04 00:00:00,2025-06-10 00:00:00,2025-06-12 00:00:00,2025-06-13 00:00:00,,,,,,,,,,2025-06-13 00:00:00,113.27,116.15,113.37,116.15,113.27,2443375651.0,0.008876,-0.095428
600036SS_2025-06-13T000000_SELL_SETUP_-1_2025-06-13T000000_9,2025-06-13 00:00:00,600036.SS,1d,SETUP,SELL_SETUP,-1,9,False,,SELL_SETUP,False,2025-06-03 00:00:00,2025-06-13 00:00:00,,,,,,,,,,,,,,,,,,,,,,,,2169604728.0,0.007251,0.022055
000858SZ_2025-06-16T000000_BUY_COUNTDOWN_PROGRESS_1_2025-05-28T000000_6,2025-06-16 00:00:00,000858.SZ,1d,COUNTDOWN,BUY_COUNTDOWN_PROGRESS,1,6,,,BUY_SETUP,True,2025-05-16 00:00:00,2025-05-28 00:00:00,127.84,127.84,2025-05-28 00:00:00,2025-06-03 00:00:00,2025-06-04 00:00:00,2025-06-10 00:00:00,2025-06-12 00:00:00,2025-06-13 00:00:00,2025-06-16 00:00:00,,,,,,,,,2025-06-16 00:00:00,111.25,112.69,112.52,112.69,111.25,2488537506.0,0.008643,-0.089276
600036SS_2025-06-16T000000_SELL_COUNTDOWN_PROGRESS_-1_2025-06-13T000000_1,2025-06-16 00:00:00,600036.SS,1d,COUNTDOWN,SELL_COUNTDOWN_PROGRESS,-1,1,,,SELL_SETUP,False,2025-06-03 00:00:00,2025-06-13 00:00:00,42.67,40.49,2025-06-13 00:00:00,2025-06-16 00:00:00,,,,,,,,,,,,,,2025-06-16 00:00:00,41.94,42.8,42.77,42.8,41.94,2126680563.0,0.007265,0.047514
000858SZ_2025-06-17T000000_BUY_COUNTDOWN_PROGRESS_1_2025-05-28T000000_7,2025-06-17 00:00:00,000858.SZ,1d,COUNTDOWN,BUY_COUNTDOWN_PROGRESS,1,7,,,BUY_SETUP,True,2025-05-16 00:00:00,2025-05-28 00:00:00,127.84,127.84,2025-05-28 00:00:00,2025-06-03 00:00:00,2025-06-04 00:00:00,2025-06-10 00:00:00,2025-06-12 00:00:00,2025-06-13 00:00:00,2025-06-16 00:00:00,2025-06-17 00:00:00,,,,,,,,2025-06-16 00:00:00,111.25,112.69,111.96,113.09,111.68,2451245706.0,0.008603,-0.09256
600036SS_2025-06-17T000000_SELL_COUNTDOWN_PROGRESS_-1_2025-06-13T000000_2,2025-06-17 00:00:00,600036.SS,1d,COUNTDOWN,SELL_COUNTDOWN_PROGRESS,-1,2,,,SELL_SETUP,False,2025-06-03 00:00:00,2025-06-13 00:00:00,42.67,40.49,2025-06-13 00:00:00,2025-06-16 00:00:00,2025-06-17 00:00:00,,,,,,,,,,,,,2025-06-16 00:00:00,41.94,42.8,42.97,43.04,42.7,2124889763.0,0.007277,0.050868
600036SS_2025-06-18T000000_SELL_COUNTDOWN_PROGRESS_-1_2025-06-13T000000_3,2025-06-18 00:00:00,600036.SS,1d,COUNTDOWN,SELL_COUNTDOWN_PROGRESS,-1,3,,,SELL_SETUP,False,2025-06-03 00:00:00,2025-06-13 00:00:00,42.67,40.49,2025-06-13 00:00:00,2025-06-16 00:00:00,2025-06-17 00:00:00,2025-06-18 00:00:00,,,,,,,,,,,,2025-06-16 00:00:00,41.94,42.8,42.84,43.06,42.64,2112223503.0,0.007365,0.047689
000858SZ_2025-06-19T000000_BUY_COUNTDOWN_PROGRESS_1_2025-05-28T000000_8,2025-06-19 00:00:00,000858.SZ,1d,COUNTDOWN,BUY_COUNTDOWN_PROGRESS,1,8,,,BUY_SETUP,True,2025-05-16 00:00:00,2025-05-28 00:00:00,127.84,127.84,2025-05-28 00:00:00,2025-06-03 00:00:00,2025-06-04 00:00:00,2025-06-10 00:00:00,2025-06-12 00:00:00,2025-06-13 00:00:00,2025-06-16 00:00:00,2025-06-17 00:00:00,2025-06-19 00:00:00,111.53,,,,,,2025-06-16 00:00:00,111.25,112.69,111.53,112.7,111.35,2471951761.0,0.008842,-0.095752
600036SS_2025-06-23T000000_SELL_COUNTDOWN_PROGRESS_-1_2025-06-13T000000_4,2025-06-23 00:00:00,600036.SS,1d,COUNTDOWN,SELL_COUNTDOWN_PROGRESS,-1,4,,,SELL_SETUP,False,2025-06-03 00:00:00,2025-06-13 00:00:00,42.67,40.49,2025-06-13 00:00:00,2025-06-16 00:00:00,2025-06-17 00:00:00,2025-06-18 00:00:00,2025-06-23 00:00:00,,,,,,,,,,,2025-06-16 00:00:00,41.94,42.8,43.24,43.33,42.42,2101212693.0,0.006146,0.060064
600036SS_2025-06-24T000000_SELL_COUNTDOWN_PROGRESS_-1_2025-06-13T000000_5,2025-06-24 00:00:00,600036.SS,1d,COUNTDOWN,SELL_COUNTDOWN_PROGRESS,-1,5,,,SELL_SETUP,False,2025-06-03 00:00:00,2025-06-13 00:00:00,42.67,40.49,2025-06-13 00:00:00,2025-06-16 00:00:00,2025-06-17 00:00:00,2025-06-18 00:00:00,2025-06-23 00:00:00,2025-06-24 00:00:00,,,,,,,,,,2025-06-16 00:00:00,41.94,42.8,43.74,43.99,43.17,2154133918.0,0.006323,0.073901
000651SZ_2025-06-24T000000_SELL_COUNTDOWN_PROGRESS_-1_2025-04-30T000000_8,2025-06-24 00:00:00,000651.SZ,1d,COUNTDOWN,SELL_COUNTDOWN_PROGRESS,-1,8,,,SELL_SETUP,False,2025-04-18 00:00:00,2025-04-30 00:00:00,43.31,40.74,2025-04-30 00:00:00,2025-05-08 00:00:00,2025-05-09 00:00:00,2025-05-12 00:00:00,2025-05-15 00:00:00,2025-05-20 00:00:00,2025-05-21 00:00:00,2025-05-22 00:00:00,2025-06-24 00:00:00,41.91,,,,,,2025-06-24 00:00:00,41.5,42.01,41.91,42.01,41.5,1362888479.0,0.01065,-0.029636
600036SS_2025-06-25T000000_SELL_COUNTDOWN_PROGRESS_-1_2025-06-13T000000_6,2025-06-25 00:00:00,600036.SS,1d,COUNTDOWN,SELL_COUNTDOWN_PROGRESS,-1,6,,,SELL_SETUP,False,2025-06-03 00:00:00,2025-06-13 00:00:00,42.67,40.49,2025-06-13 00:00:00,2025-06-16 00:00:00,2025-06-17 00:00:00,2025-06-18 00:00:00,2025-06-23 00:00:00,2025-06-24 00:00:00,2025-06-25 00:00:00,,,,,,,,,2025-06-16 00:00:00,41.94,42.8,44.49,44.49,43.58,2217542018.0,0.006854,0.093927
000651SZ_2025-06-25T000000_SELL_COUNTDOWN_PROGRESS_-1_2025-04-30T000000_9,2025-06-25 00:00:00,000651.SZ,1d,COUNTDOWN,SELL_COUNTDOWN_PROGRESS,-1,9,,,SELL_SETUP,False,2025-04-18 00:00:00,2025-04-30 00:00:00,43.31,40.74,2025-04-30 00:00:00,2025-05-08 00:00:00,2025-05-09 00:00:00,2025-05-12 00:00:00,2025-05-15 00:00:00,2025-05-20 00:00:00,2025-05-21 00:00:00,2025-05-22 00:00:00,2025-06-24 00:00:00,41.91,2025-06-25 00:00:00,,,,,2025-06-24 00:00:00,41.5,42.01,42.38,42.5,41.78,1390034032.5,0.010627,-0.029984
600036SS_2025-06-26T000000_SELL_SETUP_PERFECT_-1_2025-06-26T000000_9,2025-06-26 00:00:00,600036.SS,1d,SETUP,SELL_SETUP_PERFECT,-1,9,True,,SELL_SETUP,True,2025-06-16 00:00:00,2025-06-26 00:00:00,,,,,,,,,,,,,,,,,,,,,,,,2292214780.0,0.006483,0.108997
600036SS_2025-06-26T000000_SELL_COUNTDOWN_CANCEL_-1_2025-06-13T000000_6,2025-06-26 00:00:00,600036.SS,1d,COUNTDOWN,SELL_COUNTDOWN_CANCEL,-1,6,,same_setup,SELL_SETUP,False,2025-06-03 00:00:00,2025-06-13 00:00:00,42.67,40.49,2025-06-13 00:00:00,2025-06-16 00:00:00,2025-06-17 00:00:00,2025-06-18 00:00:00,2025-06-23 00:00:00,2025-06-24 00:00:00,2025-06-25 00:00:00,,,,,,,,,2025-06-16 00:00:00,41.94,42.8,44.87,44.87,44.04,2292214780.0,0.006483,0.108997
600036SS_2025-06-26T000000_SELL_COUNTDOWN_PROGRESS_-1_2025-06-26T000000_1,2025-06-26 00:00:00,600036.SS,1d,COUNTDOWN,SELL_COUNTDOWN_PROGRESS,-1,1,,,SELL_SETUP,True,2025-06-16 00:00:00,2025-06-26 00:00:00,44.87,41.94,2025-06-26 00:00:00,2025-06-26 00:00:00,,,,,,,,,,,,,,2025-06-26 00:00:00,44.04,44.87,44.87,44.87,44.04,2292214780.0,0.006483,0.108997
000651SZ_2025-06-26T000000_SELL_COUNTDOWN_PROGRESS_-1_2025-04-30T000000_10,2025-06-26 00:00:00,000651.SZ,1d,COUNTDOWN,SELL_COUNTDOWN_PROGRESS,-1,10,,,SELL_SETUP,False,2025-04-18 00:00:00,2025-04-30 00:00:00,43.31,40.74,2025-04-30 00:00:00,2025-05-08 00:00:00,2025-05-09 00:00:00,2025-05-12 00:00:00,2025-05-15 00:00:00,2025-05-20 00:00:00,2025-05-21 00:00:00,2025-05-22 00:00:00,2025-06-24 00:00:00,41.91,2025-06-25 00:00:00,2025-06-26 00:00:00,,,,2025-06-24 00:00:00,41.5,42.01,42.51,42.8,42.38,1393815413.5,0.010237,-0.013002
000858SZ_2025-06-30T000000_BUY_COUNTDOWN_PROGRESS_1_2025-05-28T000000_9,2025-06-30 00:00:00,000858.SZ,1d,COUNTDOWN,BUY_COUNTDOWN_PROGRESS,1,9,,,BUY_SETUP,True,2025-05-16 00:00:00,2025-05-28 00:00:00,127.84,127.84,2025-05-28 00:00:00,2025-06-03 00:00:00,2025-06-04 00:00:00,2025-06-10 00:00:00,2025-06-12 00:00:00,2025-06-13 00:00:00,2025-06-16 00:00:00,2025-06-17 00:00:00,2025-06-19 00:00:00,111.53,2025-06-30 00:00:00,,,,,2025-06-16 00:00:00,111.25,112.69,113.15,113.83,112.53,2557136805.0,0.010455,-0.0486
000858SZ_2025-07-01T000000_BUY_COUNTDOWN_PROGRESS_1_2025-05-28T000000_10,2025-07-01 00:00:00,000858.SZ,1d,COUNTDOWN,BUY_COUNTDOWN_PROGRESS,1,10,,,BUY_SETUP,True,2025-05-16 00:00:00,2025-05-28 00:00:00,127.84,127.84,2025-05-28 00:00:00,2025-06-03 00:00:00,2025-06-04 00:00:00,2025-06-10 00:00:00,2025-06-12 00:00:00,2025-06-13 00:00:00,2025-06-16 00:00:00,2025-06-17 00:00:00,2025-06-19 00:00:00,111.53,2025-06-30 00:00:00,2025-07-01 00:00:00,,,,2025-06-16 00:00:00,111.25,112.69,112.88,113.24,112.53,2481302665.0,0.010449,-0.049832
600036SS_2025-07-02T000000_SELL_COUNTDOWN_PROGRESS_-1_2025-06-26T000000_2,2025-07-02 00:00:00,600036.SS,1d,COUNTDOWN,SELL_COUNTDOWN_PROGRESS,-1,2,,,SELL_SETUP,True,2025-06-16 00:00:00,2025-06-26 00:00:00,44.87,41.94,2025-06-26 00:00:00,2025-06-26 00:00:00,2025-07-02 00:00:00,,,,,,,,,,,,,2025-07-02 00:00:00,43.44,44.15,43.89,44.15,43.44,2459409365.0,0.011662,0.06117
000651SZ_2025-07-02T000000_SELL_COUNTDOWN_PROGRESS_-1_2025-04-30T000000_11,2025-07-02 00:00:00,000651.SZ,1d,COUNTDOWN,SELL_COUNTDOWN_PROGRESS,-1,11,,,SELL_SETUP,False,2025-04-18 00:00:00,2025-04-30 00:00:00,43.31,40.74,2025-04-30 00:00:00,2025-05-08 00:00:00,2025-05-09 00:00:00,2025-05-12 00:00:00,2025-05-15 00:00:00,2025-05-20 00:00:00,2025-05-21 00:00:00,2025-05-22 00:00:00,2025-06-24 00:00:00,41.91,2025-06-25 00:00:00,2025-06-26 00:00:00,2025-07-02 00:00:00,,,2025-06-24 00:00:00,41.5,42.01,43.42,43.73,42.5,1330186117.0,0.008532,0.035042
000651SZ_2025-07-03T000000_SELL_COUNTDOWN_PROGRESS_-1_2025-04-30T000000_12,2025-07-03 00:00:00,000651.SZ,1d,COUNTDOWN,SELL_COUNTDOWN_PROGRESS,-1,12,,,SELL_SETUP,False,2025-04-18 00:00:00,2025-04-30 00:00:00,43.31,40.74,2025-04-30 00:00:00,2025-05-08 00:00:00,2025-05-09 00:00:00,2025-05-12 00:00:00,2025-05-15 00:00:00,2025-05-20 00:00:00,2025-05-21 00:00:00,2025-05-22 00:00:00,2025-06-24 00:00:00,41.91,2025-06-25 00:00:00,2025-06-26 00:00:00,2025-07-02 00:00:00,2025-07-03 00:00:00,,2025-06-24 00:00:00,41.5,42.01,43.54,43.68,43.26,1300477199.0,0.008493,0.039637
000651SZ_2025-07-04T000000_SELL_SETUP_PERFECT_-1_2025-07-04T000000_9,2025-07-04 00:00:00,000651.SZ,1d,SETUP,SELL_SETUP_PERFECT,-1,9,True,,SELL_SETUP,True,2025-06-24 00:00:00,2025-07-04 00:00:00,,,,,,,,,,,,,,,,,,,,,,,,1296309428.0,0.008477,0.0459
000651SZ_2025-07-04T000000_SELL_COUNTDOWN_CANCEL_-1_2025-04-30T000000_12,2025-07-04 00:00:00,000651.SZ,1d,COUNTDOWN,SELL_COUNTDOWN_CANCEL,-1,12,,same_setup,SELL_SETUP,False,2025-04-18 00:00:00,2025-04-30 00:00:00,43.31,40.74,2025-04-30 00:00:00,2025-05-08 00:00:00,2025-05-09 00:00:00,2025-05-12 00:00:00,2025-05-15 00:00:00,2025-05-20 00:00:00,2025-05-21 00:00:00,2025-05-22 00:00:00,2025-06-24 00:00:00,41.91,2025-06-25 00:00:00,2025-06-26 00:00:00,2025-07-02 00:00:00,2025-07-03 00:00:00,,2025-06-24 00:00:00,41.5,42.01,43.75,43.85,43.31,1296309428.0,0.008477,0.0459
000651SZ_2025-07-04T000000_SELL_COUNTDOWN_PROGRESS_-1_2025-07-04T000000_1,2025-07-04 00:00:00,000651.SZ,1d,COUNTDOWN,SELL_COUNTDOWN_PROGRESS,-1,1,,,SELL_SETUP,True,2025-06-24 00:00:00,2025-07-04 00:00:00,43.85,41.5,2025-07-04 00:00:00,2025-07-04 00:00:00,,,,,,,,,,,,,,2025-07-04 00:00:00,43.31,43.85,43.75,43.85,43.31,1296309428.0,0.008477,0.0459
600036SS_2025-07-07T000000_SELL_COUNTDOWN_PROGRESS_-1_2025-06-26T000000_3,2025-07-07 00:00:00,600036.SS,1d,COUNTDOWN,SELL_COUNTDOWN_PROGRESS,-1,3,,,SELL_SETUP,True,2025-06-16 00:00:00,2025-06-26 00:00:00,44.87,41.94,2025-06-26 00:00:00,2025-06-26 00:00:00,2025-07-02 00:00:00,2025-07-07 00:00:00,,,,,,,,,,,,2025-07-02 00:00:00,43.44,44.15,44.19,44.29,43.69,2600426200.0,0.01199,0.06073
600036SS_2025-07-08T000000_SELL_COUNTDOWN_PROGRESS_-1_2025-06-26T000000_4,2025-07-08 00:00:00,600036.SS,1d,COUNTDOWN,SELL_COUNTDOWN_PROGRESS,-1,4,,,SELL_SETUP,True,2025-06-16 00:00:00,2025-06-26 00:00:00,44.87,41.94,2025-06-26 00:00:00,2025-06-26 00:00:00,2025-07-02 00:00:00,2025-07-07 00:00:00,2025-07-08 00:00:00,,,,,,,,,,,2025-07-02 00:00:00,43.44,44.15,44.61,44.66,44.09,2633503690.0,0.011746,0.05461
600036SS_2025-07-10T000000_SELL_COUNTDOWN_PROGRESS_-1_2025-06-26T000000_5,2025-07-10 00:00:00,600036.SS,1d,COUNTDOWN,SELL_COUNTDOWN_PROGRESS,-1,5,,,SELL_SETUP,True,2025-06-16 00:00:00,2025-06-26 00:00:00,44.87,41.94,2025-06-26 00:00:00,2025-06-26 00:00:00,2025-07-02 00:00:00,2025-07-07 00:00:00,2025-07-08 00:00:00,2025-07-10 00:00:00,,,,,,,,,,2025-07-02 00:00:00,43.44,44.15,45.23,45.54,44.09,2793718215.0,0.013089,0.072563
000651SZ_2025-07-11T000000_SELL_COUNTDOWN_PROGRESS_-1_2025-07-04T000000_2,2025-07-11 00:00:00,000651.SZ,1d,COUNTDOWN,SELL_COUNTDOWN_PROGRESS,-1,2,,,SELL_SETUP,True,2025-06-24 00:00:00,2025-07-04 00:00:00,43.85,41.5,2025-07-04 00:00:00,2025-07-04 00:00:00,2025-07-11 00:00:00,,,,,,,,,,,,,2025-07-04 00:00:00,43.31,43.85,43.96,44.16,43.46,1259684381.5,0.009041,0.056477
000651SZ_2025-07-14T000000_SELL_COUNTDOWN_PROGRESS_-1_2025-07-04T000000_3,2025-07-14 00:00:00,000651.SZ,1d,COUNTDOWN,SELL_COUNTDOWN_PROGRESS,-1,3,,,SELL_SETUP,True,2025-06-24 00:00:00,2025-07-04 00:00:00,43.85,41.5,2025-07-04 00:00:00,2025-07-04 00:00:00,2025-07-11 00:00:00,2025-07-14 00:00:00,,,,,,,,,,,,2025-07-04 00:00:00,43.31,43.85,44.26,44.69,44.03,1263995661.5,0.008943,0.067535
000858SZ_2025-07-15T000000_SELL_SETUP_PERFECT_-1_2025-07-15T000000_9,2025-07-15 00:00:00,000858.SZ,1d,SETUP,SELL_SETUP_PERFECT,-1,9,True,,SELL_SETUP,True,2025-07-03 00:00:00,2025-07-15 00:00:00,,,,,,,,,,,,,,,,,,,,,,,,2157893993.0,0.008229,0.059247
000858SZ_2025-07-15T000000_BUY_COUNTDOWN_CANCEL_1_2025-05-28T000000_10,2025-07-15 00:00:00,000858.SZ,1d,COUNTDOWN,BUY_COUNTDOWN_CANCEL,1,10,,opposite_setup,BUY_SETUP,True,2025-05-16 00:00:00,2025-05-28 00:00:00,127.84,127.84,2025-05-28 00:00:00,2025-06-03 00:00:00,2025-06-04 00:00:00,2025-06-10 00:00:00,2025-06-12 00:00:00,2025-06-13 00:00:00,2025-06-16 00:00:00,2025-06-17 00:00:00,2025-06-19 00:00:00,111.53,2025-06-30 00:00:00,2025-07-01 00:00:00,,,,2025-06-16 00:00:00,111.25,112.69,119.25,119.77,118.57,2157893993.0,0.008229,0.059247
000858SZ_2025-07-15T000000_SELL_COUNTDOWN_PROGRESS_-1_2025-07-15T000000_1,2025-07-15 00:00:00,000858.SZ,1d,COUNTDOWN,SELL_COUNTDOWN_PROGRESS,-1,1,,,SELL_SETUP,True,2025-07-03 00:00:00,2025-07-15 00:00:00,119.79,113.15,2025-07-15 00:00:00,2025-07-15 00:00:00,,,,,,,,,,,,,,2025-07-15 00:00:00,118.57,119.77,119.25,119.77,118.57,2157893993.0,0.008229,0.059247
601318SS_2025-07-15T000000_SELL_SETUP_-1_2025-07-15T000000_9,2025-07-15 00:00:00,601318.SS,1d,SETUP,SELL_SETUP,-1,9,False,,SELL_SETUP,False,2025-07-03 00:00:00,2025-07-15 00:00:00,,,,,,,,,,,,,,,,,,,,,,,,3307757810.0,0.013105,0.095396
000651SZ_2025-07-15T000000_SELL_COUNTDOWN_PROGRESS_-1_2025-07-04T000000_4,2025-07-15 00:00:00,000651.SZ,1d,COUNTDOWN,SELL_COUNTDOWN_PROGRESS,-1,4,,,SELL_SETUP,True,2025-06-24 00:00:00,2025-07-04 00:00:00,43.85,41.5,2025-07-04 00:00:00,2025-07-04 00:00:00,2025-07-11 00:00:00,2025-07-14 00:00:00,2025-07-15 00:00:00,,,,,,,,,,,2025-07-04 00:00:00,43.31,43.85,44.96,45.1,44.16,1301865732.5,0.009325,0.083635
000858SZ_2025-07-17T000000_SELL_COUNTDOWN_PROGRESS_-1_2025-07-15T000000_2,2025-07-17 00:00:00,000858.SZ,1d,COUNTDOWN,SELL_COUNTDOWN_PROGRESS,-1,2,,,SELL_SETUP,True,2025-07-03 00:00:00,2025-07-15 00:00:00,119.79,113.15,2025-07-15 00:00:00,2025-07-15 00:00:00,2025-07-17 00:00:00,,,,,,,,,,,,,2025-07-15 00:00:00,118.57,119.77,120.07,120.36,119.12,2163106473.0,0.006621,0.055004
000858SZ_2025-07-18T000000_SELL_COUNTDOWN_PROGRESS_-1_2025-07-15T000000_3,2025-07-18 00:00:00,000858.SZ,1d,COUNTDOWN,SELL_COUNTDOWN_PROGRESS,-1,3,,,SELL_SETUP,True,2025-07-03 00:00:00,2025-07-15 00:00:00,119.79,113.15,2025-07-15 00:00:00,2025-07-15 00:00:00,2025-07-17 00:00:00,2025-07-18 00:00:00,,,,,,,,,,,,2025-07-15 00:00:00,118.57,119.77,121.2,122.07,119.28,2116188333.0,0.005871,0.077046
601318SS_2025-07-21T000000_SELL_COUNTDOWN_PROGRESS_-1_2025-07-15T000000_1,2025-07-21 00:00:00,601318.SS,1d,COUNTDOWN,SELL_COUNTDOWN_PROGRESS,-1,1,,,SELL_SETUP,False,2025-07-03 00:00:00,2025-07-15 00:00:00,58.07,54.48,2025-07-15 00:00:00,2025-07-21 00:00:00,,,,,,,,,,,,,,2025-07-21 00:00:00,55.95,56.8,56.24,56.8,55.95,3149033110.0,0.009024,0.036873
000858SZ_2025-07-22T000000_SELL_COUNTDOWN_PROGRESS_-1_2025-07-15T000000_4,2025-07-22 00:00:00,000858.SZ,1d,COUNTDOWN,SELL_COUNTDOWN_PROGRESS,-1,4,,,SELL_SETUP,True,2025-07-03 00:00:00,2025-07-15 00:00:00,119.79,113.15,2025-07-15 00:00:00,2025-07-15 00:00:00,2025-07-17 00:00:00,2025-07-18 00:00:00,2025-07-22 00:00:00,,,,,,,,,,,2025-07-15 00:00:00,118.57,119.77,122.95,123.31,119.98,2211033443.0,0.00795,0.074456
000858SZ_2025-07-23T000000_SELL_COUNTDOWN_PROGRESS_-1_2025-07-15T000000_5,2025-07-23 00:00:00,000858.SZ,1d,COUNTDOWN,SELL_COUNTDOWN_PROGRESS,-1,5,,,SELL_SETUP,True,2025-07-03 00:00:00,2025-07-15 00:00:00,119.79,113.15,2025-07-15 00:00:00,2025-07-15 00:00:00,2025-07-17 00:00:00,2025-07-18 00:00:00,2025-07-22 00:00:00,2025-07-23 00:00:00,,,,,,,,,,2025-07-15 00:00:00,118.57,119.77,122.62,124.3,122.55,2248645513.0,0.00789,0.075803
601318SS_2025-07-23T000000_SELL_COUNTDOWN_PROGRESS_-1_2025-07-15T000000_2,2025-07-23 00:00:00,601318.SS,1d,COUNTDOWN,SELL_COUNTDOWN_PROGRESS,-1,2,,,SELL_SETUP,False,2025-07-03 00:00:00,2025-07-15 00:00:00,58.07,54.48,2025-07-15 00:00:00,2025-07-21 00:00:00,2025-07-23 00:00:00,,,,,,,,,,,,,2025-07-23 00:00:00,55.86,57.43,57.05,57.43,55.86,3002973180.0,0.009553,0.036707
000651SZ_2025-07-23T000000_SELL_COUNTDOWN_PROGRESS_-1_2025-07-04T000000_5,2025-07-23 00:00:00,000651.SZ,1d,COUNTDOWN,SELL_COUNTDOWN_PROGRESS,-1,5,,,SELL_SETUP,True,2025-06-24 00:00:00,2025-07-04 00:00:00,43.85,41.5,2025-07-04 00:00:00,2025-07-04 00:00:00,2025-07-11 00:00:00,2025-07-14 00:00:00,2025-07-15 00:00:00,2025-07-23 00:00:00,,,,,,,,,,2025-07-04 00:00:00,43.31,43.85,45.16,45.48,44.93,1308245629.5,0.008991,0.062338
601318SS_2025-07-24T000000_SELL_COUNTDOWN_PROGRESS_-1_2025-07-15T000000_3,2025-07-24 00:00:00,601318.SS,1d,COUNTDOWN,SELL_COUNTDOWN_PROGRESS,-1,3,,,SELL_SETUP,False,2025-07-03 00:00:00,2025-07-15 00:00:00,58.07,54.48,2025-07-15 00:00:00,2025-07-21 00:00:00,2025-07-23 00:00:00,2025-07-24 00:00:00,,,,,,,,,,,,2025-07-23 00:00:00,55.86,57.43,57.69,58.05,56.76,3065641910.0,0.00923,0.060283
601318SS_2025-07-28T000000_SELL_COUNTDOWN_PROGRESS_-1_2025-07-15T000000_4,2025-07-28 00:00:00,601318.SS,1d,COUNTDOWN,SELL_COUNTDOWN_PROGRESS,-1,4,,,SELL_SETUP,False,2025-07-03 00:00:00,2025-07-15 00:00:00,58.07,54.48,2025-07-15 00:00:00,2025-07-21 00:00:00,2025-07-23 00:00:00,2025-07-24 00:00:00,2025-07-28 00:00:00,,,,,,,,,,,2025-07-23 00:00:00,55.86,57.43,59.14,59.25,57.25,3230129370.0,0.012117,0.080183
601318SS_2025-07-29T000000_SELL_COUNTDOWN_PROGRESS_-1_2025-07-15T000000_5,2025-07-29 00:00:00,601318.SS,1d,COUNTDOWN,SELL_COUNTDOWN_PROGRESS,-1,5,,,SELL_SETUP,False,2025-07-03 00:00:00,2025-07-15 00:00:00,58.07,54.48,2025-07-15 00:00:00,2025-07-21 00:00:00,2025-07-23 00:00:00,2025-07-24 00:00:00,2025-07-28 00:00:00,2025-07-29 00:00:00,,,,,,,,,,2025-07-23 00:00:00,55.86,57.43,58.54,59.33,58.42,3301052150.0,0.012527,0.06708
000858SZ_2025-07-30T000000_SELL_COUNTDOWN_PROGRESS_-1_2025-07-15T000000_6,2025-07-30 00:00:00,000858.SZ,1d,COUNTDOWN,SELL_COUNTDOWN_PROGRESS,-1,6,,,SELL_SETUP,True,2025-07-03 00:00:00,2025-07-15 00:00:00,119.79,113.15,2025-07-15 00:00:00,2025-07-15 00:00:00,2025-07-17 00:00:00,2025-07-18 00:00:00,2025-07-22 00:00:00,2025-07-23 00:00:00,2025-07-30 00:00:00,,,,,,,,,2025-07-15 00:00:00,118.57,119.77,121.94,122.57,120.7,2330719473.0,0.008957,0.07087
601318SS_2025-07-30T000000_SELL_COUNTDOWN_PROGRESS_-1_2025-07-15T000000_6,2025-07-30 00:00:00,601318.SS,1d,COUNTDOWN,SELL_COUNTDOWN_PROGRESS,-1,6,,,SELL_SETUP,False,2025-07-03 00:00:00,2025-07-15 00:00:00,58.07,54.48,2025-07-15 00:00:00,2025-07-21 00:00:00,2025-07-23 00:00:00,2025-07-24 00:00:00,2025-07-28 00:00:00,2025-07-29 00:00:00,2025-07-30 00:00:00,,,,,,,,,2025-07-23 00:00:00,55.86,57.43,59.76,60.38,58.4,3470841735.0,0.013069,0.089517
600036SS_2025-08-04T000000_SELL_COUNTDOWN_PROGRESS_-1_2025-06-26T000000_6,2025-08-04 00:00:00,600036.SS,1d,COUNTDOWN,SELL_COUNTDOWN_PROGRESS,-1,6,,,SELL_SETUP,True,2025-06-16 00:00:00,2025-06-26 00:00:00,44.87,41.94,2025-06-26 00:00:00,2025-06-26 00:00:00,2025-07-02 00:00:00,2025-07-07 00:00:00,2025-07-08 00:00:00,2025-07-10 00:00:00,2025-08-04 00:00:00,,,,,,,,,2025-08-04 00:00:00,43.3,43.96,43.89,43.96,43.3,3236100315.0,0.008468,-0.01614
000858SZ_2025-08-05T000000_SELL_COUNTDOWN_PROGRESS_-1_2025-07-15T000000_7,2025-08-05 00:00:00,000858.SZ,1d,COUNTDOWN,SELL_COUNTDOWN_PROGRESS,-1,7,,,SELL_SETUP,True,2025-07-03 00:00:00,2025-07-15 00:00:00,119.79,113.15,2025-07-15 00:00:00,2025-07-15 00:00:00,2025-07-17 00:00:00,2025-07-18 00:00:00,2025-07-22 00:00:00,2025-07-23 00:00:00,2025-07-30 00:00:00,2025-08-05 00:00:00,,,,,,,,2025-08-05 00:00:00,118.37,119.64,119.37,119.64,118.37,2430592155.0,0.011229,0.030384
601318SS_2025-08-05T000000_SELL_COUNTDOWN_PROGRESS_-1_2025-07-15T000000_7,2025-08-05 00:00:00,601318.SS,1d,COUNTDOWN,SELL_COUNTDOWN_PROGRESS,-1,7,,,SELL_SETUP,False,2025-07-03 00:00:00,2025-07-15 00:00:00,58.07,54.48,2025-07-15 00:00:00,2025-07-21 00:00:00,2025-07-23 00:00:00,2025-07-24 00:00:00,2025-07-28 00:00:00,2025-07-29 00:00:00,2025-07-30 00:00:00,2025-08-05 00:00:00,,,,,,,,2025-07-23 00:00:00,55.86,57.43,58.19,58.46,57.25,3642580110.0,0.015624,0.058963
600036SS_2025-08-05T000000_SELL_COUNTDOWN_PROGRESS_-1_2025-06-26T000000_7,2025-08-05 00:00:00,600036.SS,1d,COUNTDOWN,SELL_COUNTDOWN_PROGRESS,-1,7,,,SELL_SETUP,True,2025-06-16 00:00:00,2025-06-26 00:00:00,44.87,41.94,2025-06-26 00:00:00,2025-06-26 00:00:00,2025-07-02 00:00:00,2025-07-07 00:00:00,2025-07-08 00:00:00,2025-07-10 00:00:00,2025-08-04 00:00:00,2025-08-05 00:00:00,,,,,,,,2025-08-04 00:00:00,43.3,43.96,44.24,44.39,43.63,3209907995.0,0.008327,0.00272
000651SZ_2025-08-05T000000_SELL_COUNTDOWN_PROGRESS_-1_2025-07-04T000000_6,2025-08-05 00:00:00,000651.SZ,1d,COUNTDOWN,SELL_COUNTDOWN_PROGRESS,-1,6,,,SELL_SETUP,True,2025-06-24 00:00:00,2025-07-04 00:00:00,43.85,41.5,2025-07-04 00:00:00,2025-07-04 00:00:00,2025-07-11 00:00:00,2025-07-14 00:00:00,2025-07-15 00:00:00,2025-07-23 00:00:00,2025-08-05 00:00:00,,,,,,,,,2025-08-05 00:00:00,42.94,43.8,43.73,43.8,42.94,1477227831.0,0.010525,0.012034
000858SZ_2025-08-06T000000_SELL_COUNTDOWN_PROGRESS_-1_2025-07-15T000000_8,2025-08-06 00:00:00,000858.SZ,1d,COUNTDOWN,SELL_COUNTDOWN_PROGRESS,-1,8,,,SELL_SETUP,True,2025-07-03 00:00:00,2025-07-15 00:00:00,119.79,113.15,2025-07-15 00:00:00,2025-07-15 00:00:00,2025-07-17 00:00:00,2025-07-18 00:00:00,2025-07-22 00:00:00,2025-07-23 00:00:00,2025-07-30 00:00:00,2025-08-05 00:00:00,2025-08-06 00:00:00,119.58,,,,,,2025-08-05 00:00:00,118.37,119.64,119.58,119.92,118.91,2379502490.0,0.011114,0.023538
601318SS_2025-08-06T000000_SELL_COUNTDOWN_PROGRESS_-1_2025-07-15T000000_8,2025-08-06 00:00:00,601318.SS,1d,COUNTDOWN,SELL_COUNTDOWN_PROGRESS,-1,8,,,SELL_SETUP,False,2025-07-03 00:00:00,2025-07-15 00:00:00,58.07,54.48,2025-07-15 00:00:00,2025-07-21 00:00:00,2025-07-23 00:00:00,2025-07-24 00:00:00,2025-07-28 00:00:00,2025-07-29 00:00:00,2025-07-30 00:00:00,2025-08-05 00:00:00,2025-08-06 00:00:00,58.11,,,,,,2025-07-23 00:00:00,55.86,57.43,58.11,58.69,57.87,3627240890.0,0.014971,0.034354
600036SS_2025-08-06T000000_SELL_COUNTDOWN_PROGRESS_-1_2025-06-26T000000_8,2025-08-06 00:00:00,600036.SS,1d,COUNTDOWN,SELL_COUNTDOWN_PROGRESS,-1,8,,,SELL_SETUP,True,2025-06-16 00:00:00,2025-06-26 00:00:00,44.87,41.94,2025-06-26 00:00:00,2025-06-26 00:00:00,2025-07-02 00:00:00,2025-07-07 00:00:00,2025-07-08 00:00:00,2025-07-10 00:00:00,2025-08-04 00:00:00,2025-08-05 00:00:00,2025-08-06 00:00:00,44.11,,,,,,2025-08-04 00:00:00,43.3,43.96,44.11,44.72,44.1,3161842895.0,0.005901,-0.024762
000651SZ_2025-08-06T000000_SELL_COUNTDOWN_PROGRESS_-1_2025-07-04T000000_7,2025-08-06 00:00:00,000651.SZ,1d,COUNTDOWN,SELL_COUNTDOWN_PROGRESS,-1,7,,,SELL_SETUP,True,2025-06-24 00:00:00,2025-07-04 00:00:00,43.85,41.5,2025-07-04 00:00:00,2025-07-04 00:00:00,2025-07-11 00:00:00,2025-07-14 00:00:00,2025-07-15 00:00:00,2025-07-23 00:00:00,2025-08-05 00:00:00,2025-08-06 00:00:00,,,,,,,,2025-08-05 00:00:00,42.94,43.8,43.91,43.99,43.62,1473266169.0,0.010538,0.012918
000858SZ_2025-08-07T000000_SELL_COUNTDOWN_PROGRESS_-1_2025-07-15T000000_9,2025-08-07 00:00:00,000858.SZ,1d,COUNTDOWN,SELL_COUNTDOWN_PROGRESS,-1,9,,,SELL_SETUP,True,2025-07-03 00:00:00,2025-07-15 00:00:00,119.79,113.15,2025-07-15 00:00:00,2025-07-15 00:00:00,2025-07-17 00:00:00,2025-07-18 00:00:00,2025-07-22 00:00:00,2025-07-23 00:00:00,2025-07-30 00:00:00,2025-08-05 00:00:00,2025-08-06 00:00:00,119.58,2025-08-07 00:00:00,,,,,2025-08-05 00:00:00,118.37,119.64,119.97,120.56,119.37,2351313635.0,0.010671,0.011978
000651SZ_2025-08-07T000000_SELL_COUNTDOWN_PROGRESS_-1_2025-07-04T000000_8,2025-08-07 00:00:00,000651.SZ,1d,COUNTDOWN,SELL_COUNTDOWN_PROGRESS,-1,8,,,SELL_SETUP,True,2025-06-24 00:00:00,2025-07-04 00:00:00,43.85,41.5,2025-07-04 00:00:00,2025-07-04 00:00:00,2025-07-11 00:00:00,2025-07-14 00:00:00,2025-07-15 00:00:00,2025-07-23 00:00:00,2025-08-05 00:00:00,2025-08-06 00:00:00,2025-08-07 00:00:00,44.01,,,,,,2025-08-05 00:00:00,42.94,43.8,44.01,44.16,43.68,1486949982.0,0.01007,0.001137
000651SZ_2025-08-08T000000_SELL_COUNTDOWN_PROGRESS_-1_2025-07-04T000000_9,2025-08-08 00:00:00,000651.SZ,1d,COUNTDOWN,SELL_COUNTDOWN_PROGRESS,-1,9,,,SELL_SETUP,True,2025-06-24 00:00:00,2025-07-04 00:00:00,43.85,41.5,2025-07-04 00:00:00,2025-07-04 00:00:00,2025-07-11 00:00:00,2025-07-14 00:00:00,2025-07-15 00:00:00,2025-07-23 00:00:00,2025-08-05 00:00:00,2025-08-06 00:00:00,2025-08-07 00:00:00,44.01,2025-08-08 00:00:00,,,,,2025-08-05 00:00:00,42.94,43.8,44.45,44.62,43.91,1478743838.5,0.010206,0.004293
000858SZ_2025-08-11T000000_SELL_COUNTDOWN_PROGRESS_-1_2025-07-15T000000_10,2025-08-11 00:00:00,000858.SZ,1d,COUNTDOWN,SELL_COUNTDOWN_PROGRESS,-1,10,,,SELL_SETUP,True,2025-07-03 00:00:00,2025-07-15 00:00:00,119.79,113.15,2025-07-15 00:00:00,2025-07-15 00:00:00,2025-07-17 00:00:00,2025-07-18 00:00:00,2025-07-22 00:00:00,2025-07-23 00:00:00,2025-07-30 00:00:00,2025-08-05 00:00:00,2025-08-06 00:00:00,119.58,2025-08-07 00:00:00,2025-08-11 00:00:00,,,,2025-08-05 00:00:00,118.37,119.64,121.36,121.77,119.53,2199778693.0,0.010928,0.017694
000651SZ_2025-08-11T000000_SELL_COUNTDOWN_PROGRESS_-1_2025-07-04T000000_10,2025-08-11 00:00:00,000651.SZ,1d,COUNTDOWN,SELL_COUNTDOWN_PROGRESS,-1,10,,,SELL_SETUP,True,2025-06-24 00:00:00,2025-07-04 00:00:00,43.85,41.5,2025-07-04 00:00:00,2025-07-04 00:00:00,2025-07-11 00:00:00,2025-07-14 00:00:00,2025-07-15 00:00:00,2025-07-23 00:00:00,2025-08-05 00:00:00,2025-08-06 00:00:00,2025-08-07 00:00:00,44.01,2025-08-08 00:00:00,2025-08-11 00:00:00,,,,2025-08-05 00:00:00,42.94,43.8,44.24,44.56,44.07,1463978083.0,0.009571,-0.016014
000858SZ_2025-08-12T000000_SELL_COUNTDOWN_PROGRESS_-1_2025-07-15T000000_11,2025-08-12 00:00:00,000858.SZ,1d,COUNTDOWN,SELL_COUNTDOWN_PROGRESS,-1,11,,,SELL_SETUP,True,2025-07-03 00:00:00,2025-07-15 00:00:00,119.79,113.15,2025-07-15 00:00:00,2025-07-15 00:00:00,2025-07-17 00:00:00,2025-07-18 00:00:00,2025-07-22 00:00:00,2025-07-23 00:00:00,2025-07-30 00:00:00,2025-08-05 00:00:00,2025-08-06 00:00:00,119.58,2025-08-07 00:00:00,2025-08-11 00:00:00,2025-08-12 00:00:00,,,2025-08-05 00:00:00,118.37,119.64,120.61,122.75,120.43,2210272168.0,0.011037,0.009035
000651SZ_2025-08-12T000000_SELL_COUNTDOWN_PROGRESS_-1_2025-07-04T000000_11,2025-08-12 00:00:00,000651.SZ,1d,COUNTDOWN,SELL_COUNTDOWN_PROGRESS,-1,11,,,SELL_SETUP,True,2025-06-24 00:00:00,2025-07-04 00:00:00,43.85,41.5,2025-07-04 00:00:00,2025-07-04 00:00:00,2025-07-11 00:00:00,2025-07-14 00:00:00,2025-07-15 00:00:00,2025-07-23 00:00:00,2025-08-05 00:00:00,2025-08-06 00:00:00,2025-08-07 00:00:00,44.01,2025-08-08 00:00:00,2025-08-11 00:00:00,2025-08-12 00:00:00,,,2025-08-05 00:00:00,42.94,43.8,44.89,45.31,44.2,1477079123.0,0.009879,0.008991
000651SZ_2025-08-13T000000_SELL_COUNTDOWN_PROGRESS_-1_2025-07-04T000000_12,2025-08-13 00:00:00,000651.SZ,1d,COUNTDOWN,SELL_COUNTDOWN_PROGRESS,-1,12,,,SELL_SETUP,True,2025-06-24 00:00:00,2025-07-04 00:00:00,43.85,41.5,2025-07-04 00:00:00,2025-07-04 00:00:00,2025-07-11 00:00:00,2025-07-14 00:00:00,2025-07-15 00:00:00,2025-07-23 00:00:00,2025-08-05 00:00:00,2025-08-06 00:00:00,2025-08-07 00:00:00,44.01,2025-08-08 00:00:00,2025-08-11 00:00:00,2025-08-12 00:00:00,2025-08-13 00:00:00,,2025-08-05 00:00:00,42.94,43.8,44.74,45.13,44.65,1475866504.5,0.00991,0.003814
601318SS_2025-08-14T000000_SELL_COUNTDOWN_PROGRESS_-1_2025-07-15T000000_9,2025-08-14 00:00:00,601318.SS,1d,COUNTDOWN,SELL_COUNTDOWN_PROGRESS,-1,9,,,SELL_SETUP,False,2025-07-03 00:00:00,2025-07-15 00:00:00,58.07,54.48,2025-07-15 00:00:00,2025-07-21 00:00:00,2025-07-23 00:00:00,2025-07-24 00:00:00,2025-07-28 00:00:00,2025-07-29 00:00:00,2025-07-30 00:00:00,2025-08-05 00:00:00,2025-08-06 00:00:00,58.11,2025-08-14 00:00:00,,,,,2025-07-23 00:00:00,55.86,57.43,58.67,59.65,57.82,3591897915.0,0.015161,0.045438
601318SS_2025-08-15T000000_SELL_COUNTDOWN_PROGRESS_-1_2025-07-15T000000_10,2025-08-15 00:00:00,601318.SS,1d,COUNTDOWN,SELL_COUNTDOWN_PROGRESS,-1,10,,,SELL_SETUP,False,2025-07-03 00:00:00,2025-07-15 00:00:00,58.07,54.48,2025-07-15 00:00:00,2025-07-21 00:00:00,2025-07-23 00:00:00,2025-07-24 00:00:00,2025-07-28 00:00:00,2025-07-29 00:00:00,2025-07-30 00:00:00,2025-08-05 00:00:00,2025-08-06 00:00:00,58.11,2025-08-14 00:00:00,2025-08-15 00:00:00,,,,2025-07-23 00:00:00,55.86,57.43,58.85,59.5,58.05,3734383810.0,0.015161,0.046408
000858SZ_2025-08-19T000000_SELL_COUNTDOWN_PROGRESS_-1_2025-07-15T000000_12,2025-08-19 00:00:00,000858.SZ,1d,COUNTDOWN,SELL_COUNTDOWN_PROGRESS,-1,12,,,SELL_SETUP,True,2025-07-03 00:00:00,2025-07-15 00:00:00,119.79,113.15,2025-07-15 00:00:00,2025-07-15 00:00:00,2025-07-17 00:00:00,2025-07-18 00:00:00,2025-07-22 00:00:00,2025-07-23 00:00:00,2025-07-30 00:00:00,2025-08-05 00:00:00,2025-08-06 00:00:00,119.58,2025-08-07 00:00:00,2025-08-11 00:00:00,2025-08-12 00:00:00,2025-08-19 00:00:00,,2025-08-05 00:00:00,118.37,119.64,121.83,123.17,121.19,2255760348.0,0.009061,-0.006443
000858SZ_2025-08-20T000000_SELL_COUNTDOWN_COMPLETE_PERFECT_-1_2025-07-15T000000_13,2025-08-20 00:00:00,000858.SZ,1d,COUNTDOWN,SELL_COUNTDOWN_COMPLETE_PERFECT,-1,13,True,,SELL_SETUP,True,2025-07-03 00:00:00,2025-07-15 00:00:00,119.79,113.15,2025-07-15 00:00:00,2025-07-15 00:00:00,2025-07-17 00:00:00,2025-07-18 00:00:00,2025-07-22 00:00:00,2025-07-23 00:00:00,2025-07-30 00:00:00,2025-08-05 00:00:00,2025-08-06 00:00:00,119.58,2025-08-07 00:00:00,2025-08-11 00:00:00,2025-08-12 00:00:00,2025-08-19 00:00:00,2025-08-20 00:00:00,2025-08-05 00:00:00,118.37,119.64,123.2,123.92,120.77,2365514173.0,0.009402,0.00187
600036SS_2025-08-20T000000_BUY_SETUP_1_2025-08-20T000000_9,2025-08-20 00:00:00,600036.SS,1d,SETUP,BUY_SETUP,1,9,False,,BUY_SETUP,False,2025-08-08 00:00:00,2025-08-20 00:00:00,,,,,,,,,,,,,,,,,,,,,,,,2880300470.0,0.006952,-0.032596
600036SS_2025-08-20T000000_SELL_COUNTDOWN_CANCEL_-1_2025-06-26T000000_8,2025-08-20 00:00:00,600036.SS,1d,COUNTDOWN,SELL_COUNTDOWN_CANCEL,-1,8,,opposite_setup,SELL_SETUP,True,2025-06-16 00:00:00,2025-06-26 00:00:00,44.87,41.94,2025-06-26 00:00:00,2025-06-26 00:00:00,2025-07-02 00:00:00,2025-07-07 00:00:00,2025-07-08 00:00:00,2025-07-10 00:00:00,2025-08-04 00:00:00,2025-08-05 00:00:00,2025-08-06 00:00:00,44.11,,,,,,2025-08-04 00:00:00,43.3,43.96,42.44,42.62,42.14,2880300470.0,0.006952,-0.032596
601318SS_2025-08-22T000000_SELL_COUNTDOWN_PROGRESS_-1_2025-07-15T000000_11,2025-08-22 00:00:00,601318.SS,1d,COUNTDOWN,SELL_COUNTDOWN_PROGRESS,-1,11,,,SELL_SETUP,False,2025-07-03 00:00:00,2025-07-15 00:00:00,58.07,54.48,2025-07-15 00:00:00,2025-07-21 00:00:00,2025-07-23 00:00:00,2025-07-24 00:00:00,2025-07-28 00:00:00,2025-07-29 00:00:00,2025-07-30 00:00:00,2025-08-05 00:00:00,2025-08-06 00:00:00,58.11,2025-08-14 00:00:00,2025-08-15 00:00:00,2025-08-22 00:00:00,,,2025-07-23 00:00:00,55.86,57.43,59.55,59.56,58.49,3994207055.0,0.013435,0.006933
601318SS_2025-08-25T000000_SELL_COUNTDOWN_PROGRESS_-1_2025-07-15T000000_12,2025-08-25 00:00:00,601318.SS,1d,COUNTDOWN,SELL_COUNTDOWN_PROGRESS,-1,12,,,SELL_SETUP,False,2025-07-03 00:00:00,2025-07-15 00:00:00,58.07,54.48,2025-07-15 00:00:00,2025-07-21 00:00:00,2025-07-23 00:00:00,2025-07-24 00:00:00,2025-07-28 00:00:00,2025-07-29 00:00:00,2025-07-30 00:00:00,2025-08-05 00:00:00,2025-08-06 00:00:00,58.11,2025-08-14 00:00:00,2025-08-15 00:00:00,2025-08-22 00:00:00,2025-08-25 00:00:00,,2025-07-23 00:00:00,55.86,57.43,60.05,60.1,59.16,3832630215.0,0.013302,0.025794
000651SZ_2025-08-25T000000_SELL_COUNTDOWN_COMPLETE_PERFECT_-1_2025-07-04T000000_13,2025-08-25 00:00:00,000651.SZ,1d,COUNTDOWN,SELL_COUNTDOWN_COMPLETE_PERFECT,-1,13,True,,SELL_SETUP,True,2025-06-24 00:00:00,2025-07-04 00:00:00,43.85,41.5,2025-07-04 00:00:00,2025-07-04 00:00:00,2025-07-11 00:00:00,2025-07-14 00:00:00,2025-07-15 00:00:00,2025-07-23 00:00:00,2025-08-05 00:00:00,2025-08-06 00:00:00,2025-08-07 00:00:00,44.01,2025-08-08 00:00:00,2025-08-11 00:00:00,2025-08-12 00:00:00,2025-08-13 00:00:00,2025-08-25 00:00:00,2025-08-05 00:00:00,42.94,43.8,45.11,45.11,44.11,1917731108.5,0.009789,0.045908
601318SS_2025-08-26T000000_SELL_COUNTDOWN_COMPLETE_PERFECT_-1_2025-07-15T000000_13,2025-08-26 00:00:00,601318.SS,1d,COUNTDOWN,SELL_COUNTDOWN_COMPLETE_PERFECT,-1,13,True,,SELL_SETUP,False,2025-07-03 00:00:00,2025-07-15 00:00:00,58.07,54.48,2025-07-15 00:00:00,2025-07-21 00:00:00,2025-07-23 00:00:00,2025-07-24 00:00:00,2025-07-28 00:00:00,2025-07-29 00:00:00,2025-07-30 00:00:00,2025-08-05 00:00:00,2025-08-06 00:00:00,58.11,2025-08-14 00:00:00,2025-08-15 00:00:00,2025-08-22 00:00:00,2025-08-25 00:00:00,2025-08-26 00:00:00,2025-07-23 00:00:00,55.86,57.43,59.57,60.05,59.5,3812871095.0,0.012629,-0.003179
600036SS_2025-08-27T000000_BUY_COUNTDOWN_PROGRESS_1_2025-08-20T000000_1,2025-08-27 00:00:00,600036.SS,1d,COUNTDOWN,BUY_COUNTDOWN_PROGRESS,1,1,,,BUY_SETUP,False,2025-08-08 00:00:00,2025-08-20 00:00:00,44.27,44.27,2025-08-20 00:00:00,2025-08-27 00:00:00,,,,,,,,,,,,,,2025-08-27 00:00:00,41.99,42.65,41.99,42.65,41.99,2884101635.0,0.007917,-0.034046
600036SS_2025-08-28T000000_BUY_COUNTDOWN_PROGRESS_1_2025-08-20T000000_2,2025-08-28 00:00:00,600036.SS,1d,COUNTDOWN,BUY_COUNTDOWN_PROGRESS,1,2,,,BUY_SETUP,False,2025-08-08 00:00:00,2025-08-20 00:00:00,44.27,44.27,2025-08-20 00:00:00,2025-08-27 00:00:00,2025-08-28 00:00:00,,,,,,,,,,,,,2025-08-28 00:00:00,41.59,42.29,41.97,42.29,41.59,2898242090.0,0.007922,-0.033172
600036SS_2025-08-29T000000_BUY_COUNTDOWN_PROGRESS_1_2025-08-20T000000_3,2025-08-29 00:00:00,600036.SS,1d,COUNTDOWN,BUY_COUNTDOWN_PROGRESS,1,3,,,BUY_SETUP,False,2025-08-08 00:00:00,2025-08-20 00:00:00,44.27,44.27,2025-08-20 00:00:00,2025-08-27 00:00:00,2025-08-28 00:00:00,2025-08-29 00:00:00,,,,,,,,,,,,2025-08-28 00:00:00,41.59,42.29,41.88,42.98,41.88,3060499620.0,0.007325,-0.045796
600036SS_2025-09-01T000000_BUY_COUNTDOWN_PROGRESS_1_2025-08-20T000000_4,2025-09-01 00:00:00,600036.SS,1d,COUNTDOWN,BUY_COUNTDOWN_PROGRESS,1,4,,,BUY_SETUP,False,2025-08-08 00:00:00,2025-08-20 00:00:00,44.27,44.27,2025-08-20 00:00:00,2025-08-27 00:00:00,2025-08-28 00:00:00,2025-08-29 00:00:00,2025-09-01 00:00:00,,,,,,,,,,,2025-09-01 00:00:00,40.87,41.63,40.97,41.63,40.87,3218011055.0,0.008068,-0.073915
601318SS_2025-09-08T000000_BUY_SETUP_PERFECT_1_2025-09-08T000000_9,2025-09-08 00:00:00,601318.SS,1d,SETUP,BUY_SETUP_PERFECT,1,9,True,,BUY_SETUP,True,2025-08-27 00:00:00,2025-09-08 00:00:00,,,,,,,,,,,,,,,,,,,,,,,,4475378630.0,0.013777,-0.018166
000651SZ_2025-09-10T000000_BUY_SETUP_1_2025-09-10T000000_9,2025-09-10 00:00:00,000651.SZ,1d,SETUP,BUY_SETUP,1,9,False,,BUY_SETUP,False,2025-08-29 00:00:00,2025-09-10 00:00:00,,,,,,,,,,,,,,,,,,,,,,,,3384570745.0,0.016647,-0.101767
000651SZ_2025-09-10T000000_BUY_COUNTDOWN_PROGRESS_1_2025-09-10T000000_1,2025-09-10 00:00:00,000651.SZ,1d,COUNTDOWN,BUY_COUNTDOWN_PROGRESS,1,1,,,BUY_SETUP,False,2025-08-29 00:00:00,2025-09-10 00:00:00,42.38,42.38,2025-09-10 00:00:00,2025-09-10 00:00:00,,,,,,,,,,,,,,2025-09-10 00:00:00,40.11,40.37,40.16,40.37,40.11,3384570745.0,0.016647,-0.101767
600036SS_2025-09-12T000000_BUY_COUNTDOWN_PROGRESS_1_2025-08-20T000000_5,2025-09-12 00:00:00,600036.SS,1d,COUNTDOWN,BUY_COUNTDOWN_PROGRESS,1,5,,,BUY_SETUP,False,2025-08-08 00:00:00,2025-08-20 00:00:00,44.27,44.27,2025-08-20 00:00:00,2025-08-27 00:00:00,2025-08-28 00:00:00,2025-08-29 00:00:00,2025-09-01 00:00:00,2025-09-12 00:00:00,,,,,,,,,,2025-09-01 00:00:00,40.87,41.63,41.53,42.46,41.41,3543427525.0,0.012457,-0.022824
000651SZ_2025-09-12T000000_BUY_COUNTDOWN_PROGRESS_1_2025-09-10T000000_2,2025-09-12 00:00:00,000651.SZ,1d,COUNTDOWN,BUY_COUNTDOWN_PROGRESS,1,2,,,BUY_SETUP,False,2025-08-29 00:00:00,2025-09-10 00:00:00,42.38,42.38,2025-09-10 00:00:00,2025-09-10 00:00:00,2025-09-12 00:00:00,,,,,,,,,,,,,2025-09-12 00:00:00,40.02,40.45,40.05,40.45,40.02,3473231385.0,0.01674,-0.103224
601318SS_2025-09-15T000000_BUY_COUNTDOWN_PROGRESS_1_2025-09-08T000000_1,2025-09-15 00:00:00,601318.SS,1d,COUNTDOWN,BUY_COUNTDOWN_PROGRESS,1,1,,,BUY_SETUP,True,2025-08-27 00:00:00,2025-09-08 00:00:00,60.15,60.15,2025-09-08 00:00:00,2025-09-15 00:00:00,,,,,,,,,,,,,,2025-09-15 00:00:00,56.14,57.04,56.38,57.04,56.14,4059428335.0,0.013438,-0.015197
600036SS_2025-09-15T000000_BUY_COUNTDOWN_PROGRESS_1_2025-08-20T000000_6,2025-09-15 00:00:00,600036.SS,1d,COUNTDOWN,BUY_COUNTDOWN_PROGRESS,1,6,,,BUY_SETUP,False,2025-08-08 00:00:00,2025-08-20 00:00:00,44.27,44.27,2025-08-20 00:00:00,2025-08-27 00:00:00,2025-08-28 00:00:00,2025-08-29 00:00:00,2025-09-01 00:00:00,2025-09-12 00:00:00,2025-09-15 00:00:00,,,,,,,,,2025-09-01 00:00:00,40.87,41.63,41.21,41.78,41.1,3491342635.0,0.012541,-0.027837
000651SZ_2025-09-15T000000_BUY_COUNTDOWN_PROGRESS_1_2025-09-10T000000_3,2025-09-15 00:00:00,000651.SZ,1d,COUNTDOWN,BUY_COUNTDOWN_PROGRESS,1,3,,,BUY_SETUP,False,2025-08-29 00:00:00,2025-09-10 00:00:00,42.38,42.38,2025-09-10 00:00:00,2025-09-10 00:00:00,2025-09-12 00:00:00,2025-09-15 00:00:00,,,,,,,,,,,,2025-09-15 00:00:00,39.68,40.05,39.94,40.05,39.68,3485418780.0,0.016651,-0.093715
601318SS_2025-09-16T000000_BUY_COUNTDOWN_PROGRESS_1_2025-09-08T000000_2,2025-09-16 00:00:00,601318.SS,1d,COUNTDOWN,BUY_COUNTDOWN_PROGRESS,1,2,,,BUY_SETUP,True,2025-08-27 00:00:00,2025-09-08 00:00:00,60.15,60.15,2025-09-08 00:00:00,2025-09-15 00:00:00,2025-09-16 00:00:00,,,,,,,,,,,,,2025-09-16 00:00:00,55.55,56.5,55.67,56.5,55.55,3972830340.0,0.012966,-0.044292
600036SS_2025-09-16T000000_BUY_COUNTDOWN_PROGRESS_1_2025-08-20T000000_7,2025-09-16 00:00:00,600036.SS,1d,COUNTDOWN,BUY_COUNTDOWN_PROGRESS,1,7,,,BUY_SETUP,False,2025-08-08 00:00:00,2025-08-20 00:00:00,44.27,44.27,2025-08-20 00:00:00,2025-08-27 00:00:00,2025-08-28 00:00:00,2025-08-29 00:00:00,2025-09-01 00:00:00,2025-09-12 00:00:00,2025-09-15 00:00:00,2025-09-16 00:00:00,,,,,,,,2025-09-16 00:00:00,40.65,41.42,40.74,41.42,40.65,3546675140.0,0.012718,-0.040057
000651SZ_2025-09-16T000000_BUY_COUNTDOWN_PROGRESS_1_2025-09-10T000000_4,2025-09-16 00:00:00,000651.SZ,1d,COUNTDOWN,BUY_COUNTDOWN_PROGRESS,1,4,,,BUY_SETUP,False,2025-08-29 00:00:00,2025-09-10 00:00:00,42.38,42.38,2025-09-10 00:00:00,2025-09-10 00:00:00,2025-09-12 00:00:00,2025-09-15 00:00:00,2025-09-16 00:00:00,,,,,,,,,,,2025-09-16 00:00:00,39.5,39.89,39.5,39.89,39.5,3448736130.0,0.016597,-0.106133
601318SS_2025-09-17T000000_BUY_COUNTDOWN_PROGRESS_1_2025-09-08T000000_3,2025-09-17 00:00:00,601318.SS,1d,COUNTDOWN,BUY_COUNTDOWN_PROGRESS,1,3,,,BUY_SETUP,True,2025-08-27 00:00:00,2025-09-08 00:00:00,60.15,60.15,2025-09-08 00:00:00,2025-09-15 00:00:00,2025-09-16 00:00:00,2025-09-17 00:00:00,,,,,,,,,,,,2025-09-17 00:00:00,55.5,56.02,55.62,56.02,55.5,3944074520.0,0.012778,-0.051986
600036SS_2025-09-17T000000_BUY_COUNTDOWN_PROGRESS_1_2025-08-20T000000_8,2025-09-17 00:00:00,600036.SS,1d,COUNTDOWN,BUY_COUNTDOWN_PROGRESS,1,8,,,BUY_SETUP,False,2025-08-08 00:00:00,2025-08-20 00:00:00,44.27,44.27,2025-08-20 00:00:00,2025-08-27 00:00:00,2025-08-28 00:00:00,2025-08-29 00:00:00,2025-09-01 00:00:00,2025-09-12 00:00:00,2025-09-15 00:00:00,2025-09-16 00:00:00,2025-09-17 00:00:00,40.75,,,,,,2025-09-16 00:00:00,40.65,41.42,40.75,41.18,40.69,3547558365.0,0.012715,-0.040273
601318SS_2025-09-18T000000_BUY_COUNTDOWN_PROGRESS_1_2025-09-08T000000_4,2025-09-18 00:00:00,601318.SS,1d,COUNTDOWN,BUY_COUNTDOWN_PROGRESS,1,4,,,BUY_SETUP,True,2025-08-27 00:00:00,2025-09-08 00:00:00,60.15,60.15,2025-09-08 00:00:00,2025-09-15 00:00:00,2025-09-16 00:00:00,2025-09-17 00:00:00,2025-09-18 00:00:00,,,,,,,,,,,2025-09-18 00:00:00,54.16,55.72,54.33,55.72,54.16,4055526775.0,0.012836,-0.087657
600036SS_2025-09-18T000000_BUY_COUNTDOWN_PROGRESS_1_2025-08-20T000000_9,2025-09-18 00:00:00,600036.SS,1d,COUNTDOWN,BUY_COUNTDOWN_PROGRESS,1,9,,,BUY_SETUP,False,2025-08-08 00:00:00,2025-08-20 00:00:00,44.27,44.27,2025-08-20 00:00:00,2025-08-27 00:00:00,2025-08-28 00:00:00,2025-08-29 00:00:00,2025-09-01 00:00:00,2025-09-12 00:00:00,2025-09-15 00:00:00,2025-09-16 00:00:00,2025-09-17 00:00:00,40.75,2025-09-18 00:00:00,,,,,2025-09-18 00:00:00,39.79,40.83,39.82,40.83,39.79,3628544235.0,0.013528,-0.057515
000651SZ_2025-09-18T000000_BUY_COUNTDOWN_PROGRESS_1_2025-09-10T000000_5,2025-09-18 00:00:00,000651.SZ,1d,COUNTDOWN,BUY_COUNTDOWN_PROGRESS,1,5,,,BUY_SETUP,False,2025-08-29 00:00:00,2025-09-10 00:00:00,42.38,42.38,2025-09-10 00:00:00,2025-09-10 00:00:00,2025-09-12 00:00:00,2025-09-15 00:00:00,2025-09-16 00:00:00,2025-09-18 00:00:00,,,,,,,,,,2025-09-18 00:00:00,39.08,39.87,39.21,39.87,39.08,3384267795.0,0.016491,-0.111287
601318SS_2025-09-19T000000_BUY_COUNTDOWN_PROGRESS_1_2025-09-08T000000_5,2025-09-19 00:00:00,601318.SS,1d,COUNTDOWN,BUY_COUNTDOWN_PROGRESS,1,5,,,BUY_SETUP,True,2025-08-27 00:00:00,2025-09-08 00:00:00,60.15,60.15,2025-09-08 00:00:00,2025-09-15 00:00:00,2025-09-16 00:00:00,2025-09-17 00:00:00,2025-09-18 00:00:00,2025-09-19 00:00:00,,,,,,,,,,2025-09-19 00:00:00,54.05,55.05,54.15,55.05,54.05,3971475160.0,0.012466,-0.098251
600036SS_2025-09-19T000000_BUY_COUNTDOWN_PROGRESS_1_2025-08-20T000000_10,2025-09-19 00:00:00,600036.SS,1d,COUNTDOWN,BUY_COUNTDOWN_PROGRESS,1,10,,,BUY_SETUP,False,2025-08-08 00:00:00,2025-08-20 00:00:00,44.27,44.27,2025-08-20 00:00:00,2025-08-27 00:00:00,2025-08-28 00:00:00,2025-08-29 00:00:00,2025-09-01 00:00:00,2025-09-12 00:00:00,2025-09-15 00:00:00,2025-09-16 00:00:00,2025-09-17 00:00:00,40.75,2025-09-18 00:00:00,2025-09-19 00:00:00,,,,2025-09-19 00:00:00,39.54,40.52,39.99,40.52,39.54,3628961610.0,0.013018,-0.066962
000651SZ_2025-09-22T000000_BUY_COUNTDOWN_PROGRESS_1_2025-09-10T000000_6,2025-09-22 00:00:00,000651.SZ,1d,COUNTDOWN,BUY_COUNTDOWN_PROGRESS,1,6,,,BUY_SETUP,False,2025-08-29 00:00:00,2025-09-10 00:00:00,42.38,42.38,2025-09-10 00:00:00,2025-09-10 00:00:00,2025-09-12 00:00:00,2025-09-15 00:00:00,2025-09-16 00:00:00,2025-09-18 00:00:00,2025-09-22 00:00:00,,,,,,,,,2025-09-22 00:00:00,38.7,39.33,38.83,39.33,38.7,3206322875.0,0.015413,-0.138069
000651SZ_2025-09-23T000000_BUY_COUNTDOWN_PROGRESS_1_2025-09-10T000000_7,2025-09-23 00:00:00,000651.SZ,1d,COUNTDOWN,BUY_COUNTDOWN_PROGRESS,1,7,,,BUY_SETUP,False,2025-08-29 00:00:00,2025-09-10 00:00:00,42.38,42.38,2025-09-10 00:00:00,2025-09-10 00:00:00,2025-09-12 00:00:00,2025-09-15 00:00:00,2025-09-16 00:00:00,2025-09-18 00:00:00,2025-09-22 00:00:00,2025-09-23 00:00:00,,,,,,,,2025-09-23 00:00:00,38.46,39.03,38.64,39.03,38.46,3170339980.0,0.015237,-0.12678
000858SZ_2025-09-24T000000_BUY_SETUP_PERFECT_1_2025-09-24T000000_9,2025-09-24 00:00:00,000858.SZ,1d,SETUP,BUY_SETUP_PERFECT,1,9,True,,BUY_SETUP,True,2025-09-12 00:00:00,2025-09-24 00:00:00,,,,,,,,,,,,,,,,,,,,,,,,3108576235.0,0.01156,-0.025226
000651SZ_2025-09-24T000000_BUY_SETUP_PERFECT_1_2025-09-24T000000_9,2025-09-24 00:00:00,000651.SZ,1d,SETUP,BUY_SETUP_PERFECT,1,9,True,,BUY_SETUP,True,2025-09-12 00:00:00,2025-09-24 00:00:00,,,,,,,,,,,,,,,,,,,,,,,,3077125445.0,0.015581,-0.119069
000651SZ_2025-09-24T000000_BUY_COUNTDOWN_CANCEL_1_2025-09-10T000000_7,2025-09-24 00:00:00,000651.SZ,1d,COUNTDOWN,BUY_COUNTDOWN_CANCEL,1,7,,same_setup,BUY_SETUP,False,2025-08-29 00:00:00,2025-09-10 00:00:00,42.38,42.38,2025-09-10 00:00:00,2025-09-10 00:00:00,2025-09-12 00:00:00,2025-09-15 00:00:00,2025-09-16 00:00:00,2025-09-18 00:00:00,2025-09-22 00:00:00,2025-09-23 00:00:00,,,,,,,,2025-09-23 00:00:00,38.46,39.03,38.99,39.04,38.43,3077125445.0,0.015581,-0.119069
000858SZ_2025-09-25T000000_BUY_COUNTDOWN_PROGRESS_1_2025-09-24T000000_1,2025-09-25 00:00:00,000858.SZ,1d,COUNTDOWN,BUY_COUNTDOWN_PROGRESS,1,1,,,BUY_SETUP,True,2025-09-12 00:00:00,2025-09-24 00:00:00,127.09,127.09,2025-09-24 00:00:00,2025-09-25 00:00:00,,,,,,,,,,,,,,2025-09-25 00:00:00,118.93,120.08,118.94,120.08,118.93,3010146585.0,0.008305,-0.063096
600519SS_2025-09-26T000000_BUY_SETUP_PERFECT_1_2025-09-26T000000_9,2025-09-26 00:00:00,600519.SS,1d,SETUP,BUY_SETUP_PERFECT,1,9,True,,BUY_SETUP,True,2025-09-16 00:00:00,2025-09-26 00:00:00,,,,,,,,,,,,,,,,,,,,,,,,5882710945.0,0.007557,-0.028303
000858SZ_2025-09-26T000000_BUY_COUNTDOWN_PROGRESS_1_2025-09-24T000000_2,2025-09-26 00:00:00,000858.SZ,1d,COUNTDOWN,BUY_COUNTDOWN_PROGRESS,1,2,,,BUY_SETUP,True,2025-09-12 00:00:00,2025-09-24 00:00:00,127.09,127.09,2025-09-24 00:00:00,2025-09-25 00:00:00,2025-09-26 00:00:00,,,,,,,,,,,,,2025-09-26 00:00:00,117.44,119.09,117.59,119.09,117.44,2887382455.0,0.008487,-0.068889
600036SS_2025-09-26T000000_BUY_COUNTDOWN_PROGRESS_1_2025-08-20T000000_11,2025-09-26 00:00:00,600036.SS,1d,COUNTDOWN,BUY_COUNTDOWN_PROGRESS,1,11,,,BUY_SETUP,False,2025-08-08 00:00:00,2025-08-20 00:00:00,44.27,44.27,2025-08-20 00:00:00,2025-08-27 00:00:00,2025-08-28 00:00:00,2025-08-29 00:00:00,2025-09-01 00:00:00,2025-09-12 00:00:00,2025-09-15 00:00:00,2025-09-16 00:00:00,2025-09-17 00:00:00,40.75,2025-09-18 00:00:00,2025-09-19 00:00:00,2025-09-26 00:00:00,,,2025-09-26 00:00:00,39.29,39.99,39.79,39.99,39.29,3368730680.0,0.012909,-0.028802
600036SS_2025-09-29T000000_BUY_COUNTDOWN_PROGRESS_1_2025-08-20T000000_12,2025-09-29 00:00:00,600036.SS,1d,COUNTDOWN,BUY_COUNTDOWN_PROGRESS,1,12,,,BUY_SETUP,False,2025-08-08 00:00:00,2025-08-20 00:00:00,44.27,44.27,2025-08-20 00:00:00,2025-08-27 00:00:00,2025-08-28 00:00:00,2025-08-29 00:00:00,2025-09-01 00:00:00,2025-09-12 00:00:00,2025-09-15 00:00:00,2025-09-16 00:00:00,2025-09-17 00:00:00,40.75,2025-09-18 00:00:00,2025-09-19 00:00:00,2025-09-26 00:00:00,2025-09-29 00:00:00,,2025-09-26 00:00:00,39.29,39.99,39.67,40.28,39.35,3270005010.0,0.0095,-0.065048
600036SS_2025-10-09T000000_BUY_COUNTDOWN_COMPLETE_PERFECT_1_2025-08-20T000000_13,2025-10-09 00:00:00,600036.SS,1d,COUNTDOWN,BUY_COUNTDOWN_COMPLETE_PERFECT,1,13,True,,BUY_SETUP,False,2025-08-08 00:00:00,2025-08-20 00:00:00,44.27,44.27,2025-08-20 00:00:00,2025-08-27 00:00:00,2025-08-28 00:00:00,2025-08-29 00:00:00,2025-09-01 00:00:00,2025-09-12 00:00:00,2025-09-15 00:00:00,2025-09-16 00:00:00,2025-09-17 00:00:00,40.75,2025-09-18 00:00:00,2025-09-19 00:00:00,2025-09-26 00:00:00,2025-09-29 00:00:00,2025-10-09 00:00:00,2025-10-09 00:00:00,38.81,39.43,39.32,39.43,38.81,3118822105.0,0.009155,-0.0647
600519SS_2025-10-10T000000_BUY_COUNTDOWN_PROGRESS_1_2025-09-26T000000_1,2025-10-10 00:00:00,600519.SS,1d,COUNTDOWN,BUY_COUNTDOWN_PROGRESS,1,1,,,BUY_SETUP,True,2025-09-16 00:00:00,2025-09-26 00:00:00,1497.03,1497.03,2025-09-26 00:00:00,2025-10-10 00:00:00,,,,,,,,,,,,,,2025-10-10 00:00:00,1403.54,1415.98,1406.04,1415.98,1403.54,5767050465.0,0.008387,-0.036325
000858SZ_2025-10-10T000000_BUY_COUNTDOWN_PROGRESS_1_2025-09-24T000000_3,2025-10-10 00:00:00,000858.SZ,1d,COUNTDOWN,BUY_COUNTDOWN_PROGRESS,1,3,,,BUY_SETUP,True,2025-09-12 00:00:00,2025-09-24 00:00:00,127.09,127.09,2025-09-24 00:00:00,2025-09-25 00:00:00,2025-09-26 00:00:00,2025-10-10 00:00:00,,,,,,,,,,,,2025-09-26 00:00:00,117.44,119.09,118.15,119.54,118.07,2577182470.0,0.008342,-0.048941
600519SS_2025-10-13T000000_BUY_COUNTDOWN_PROGRESS_1_2025-09-26T000000_2,2025-10-13 00:00:00,600519.SS,1d,COUNTDOWN,BUY_COUNTDOWN_PROGRESS,1,2,,,BUY_SETUP,True,2025-09-16 00:00:00,2025-09-26 00:00:00,1497.03,1497.03,2025-09-26 00:00:00,2025-10-10 00:00:00,2025-10-13 00:00:00,,,,,,,,,,,,,2025-10-13 00:00:00,1391.16,1398.89,1395.24,1398.89,1391.16,5817742230.0,0.007749,-0.055528
000858SZ_2025-10-13T000000_BUY_COUNTDOWN_PROGRESS_1_2025-09-24T000000_4,2025-10-13 00:00:00,000858.SZ,1d,COUNTDOWN,BUY_COUNTDOWN_PROGRESS,1,4,,,BUY_SETUP,True,2025-09-12 00:00:00,2025-09-24 00:00:00,127.09,127.09,2025-09-24 00:00:00,2025-09-25 00:00:00,2025-09-26 00:00:00,2025-10-10 00:00:00,2025-10-13 00:00:00,,,,,,,,,,,2025-10-13 00:00:00,116.66,117.82,117.27,117.82,116.66,2567592925.0,0.006773,-0.073038
000651SZ_2025-10-17T000000_BUY_COUNTDOWN_PROGRESS_1_2025-09-24T000000_1,2025-10-17 00:00:00,000651.SZ,1d,COUNTDOWN,BUY_COUNTDOWN_PROGRESS,1,1,,,BUY_SETUP,True,2025-09-12 00:00:00,2025-09-24 00:00:00,40.45,40.45,2025-09-24 00:00:00,2025-10-17 00:00:00,,,,,,,,,,,,,,2025-10-17 00:00:00,39.17,40.05,39.22,40.05,39.17,2009225820.0,0.009073,-0.020724
600519SS_2025-10-20T000000_BUY_COUNTDOWN_PROGRESS_1_2025-09-26T000000_3,2025-10-20 00:00:00,600519.SS,1d,COUNTDOWN,BUY_COUNTDOWN_PROGRESS,1,3,,,BUY_SETUP,True,2025-09-16 00:00:00,2025-09-26 00:00:00,1497.03,1497.03,2025-09-26 00:00:00,2025-10-10 00:00:00,2025-10-13 00:00:00,2025-10-20 00:00:00,,,,,,,,,,,,2025-10-13 00:00:00,1391.16,1398.89,1433.97,1445.54,1430.92,5849988460.0,0.011062,-0.03834
000858SZ_2025-10-20T000000_BUY_COUNTDOWN_PROGRESS_1_2025-09-24T000000_5,2025-10-20 00:00:00,000858.SZ,1d,COUNTDOWN,BUY_COUNTDOWN_PROGRESS,1,5,,,BUY_SETUP,True,2025-09-12 00:00:00,2025-09-24 00:00:00,127.09,127.09,2025-09-24 00:00:00,2025-09-25 00:00:00,2025-09-26 00:00:00,2025-10-10 00:00:00,2025-10-13 00:00:00,2025-10-20 00:00:00,,,,,,,,,,2025-10-13 00:00:00,116.66,117.82,117.88,118.97,117.52,2416564930.0,0.008772,-0.049891
000858SZ_2025-10-21T000000_BUY_COUNTDOWN_PROGRESS_1_2025-09-24T000000_6,2025-10-21 00:00:00,000858.SZ,1d,COUNTDOWN,BUY_COUNTDOWN_PROGRESS,1,6,,,BUY_SETUP,True,2025-09-12 00:00:00,2025-09-24 00:00:00,127.09,127.09,2025-09-24 00:00:00,2025-09-25 00:00:00,2025-09-26 00:00:00,2025-10-10 00:00:00,2025-10-13 00:00:00,2025-10-20 00:00:00,2025-10-21 00:00:00,,,,,,,,,2025-10-13 00:00:00,116.66,117.82,117.94,118.92,117.77,2400104965.0,0.008741,-0.04285
000858SZ_2025-10-22T000000_BUY_COUNTDOWN_PROGRESS_1_2025-09-24T000000_7,2025-10-22 00:00:00,000858.SZ,1d,COUNTDOWN,BUY_COUNTDOWN_PROGRESS,1,7,,,BUY_SETUP,True,2025-09-12 00:00:00,2025-09-24 00:00:00,127.09,127.09,2025-09-24 00:00:00,2025-09-25 00:00:00,2025-09-26 00:00:00,2025-10-10 00:00:00,2025-10-13 00:00:00,2025-10-20 00:00:00,2025-10-21 00:00:00,2025-10-22 00:00:00,,,,,,,,2025-10-13 00:00:00,116.66,117.82,117.52,118.19,117.32,2356663920.0,0.008704,-0.047496
600519SS_2025-10-24T000000_BUY_COUNTDOWN_PROGRESS_1_2025-09-26T000000_4,2025-10-24 00:00:00,600519.SS,1d,COUNTDOWN,BUY_COUNTDOWN_PROGRESS,1,4,,,BUY_SETUP,True,2025-09-16 00:00:00,2025-09-26 00:00:00,1497.03,1497.03,2025-09-26 00:00:00,2025-10-10 00:00:00,2025-10-13 00:00:00,2025-10-20 00:00:00,2025-10-24 00:00:00,,,,,,,,,,,2025-10-13 00:00:00,1391.16,1398.89,1426.04,1454.92,1425.38,5626297140.0,0.010736,-0.012445
601318SS_2025-10-24T000000_SELL_SETUP_PERFECT_-1_2025-10-24T000000_9,2025-10-24 00:00:00,601318.SS,1d,SETUP,SELL_SETUP_PERFECT,-1,9,True,,SELL_SETUP,True,2025-10-14 00:00:00,2025-10-24 00:00:00,,,,,,,,,,,,,,,,,,,,,,,,3647463640.0,0.010444,0.068883
601318SS_2025-10-24T000000_BUY_COUNTDOWN_CANCEL_1_2025-09-08T000000_5,2025-10-24 00:00:00,601318.SS,1d,COUNTDOWN,BUY_COUNTDOWN_CANCEL,1,5,,opposite_setup,BUY_SETUP,True,2025-08-27 00:00:00,2025-09-08 00:00:00,60.15,60.15,2025-09-08 00:00:00,2025-09-15 00:00:00,2025-09-16 00:00:00,2025-09-17 00:00:00,2025-09-18 00:00:00,2025-09-19 00:00:00,,,,,,,,,,2025-09-19 00:00:00,54.05,55.05,57.88,58.49,57.75,3647463640.0,0.010444,0.068883
601318SS_2025-10-24T000000_SELL_COUNTDOWN_PROGRESS_-1_2025-10-24T000000_1,2025-10-24 00:00:00,601318.SS,1d,COUNTDOWN,SELL_COUNTDOWN_PROGRESS,-1,1,,,SELL_SETUP,True,2025-10-14 00:00:00,2025-10-24 00:00:00,58.49,54.57,2025-10-24 00:00:00,2025-10-24 00:00:00,,,,,,,,,,,,,,2025-10-24 00:00:00,57.75,58.49,57.88,58.49,57.75,3647463640.0,0.010444,0.068883
600036SS_2025-10-24T000000_SELL_SETUP_PERFECT_-1_2025-10-24T000000_9,2025-10-24 00:00:00,600036.SS,1d,SETUP,SELL_SETUP_PERFECT,-1,9,True,,SELL_SETUP,True,2025-10-14 00:00:00,2025-10-24 00:00:00,,,,,,,,,,,,,,,,,,,,,,,,3499364755.0,0.009941,0.023756
000651SZ_2025-10-24T000000_BUY_COUNTDOWN_PROGRESS_1_2025-09-24T000000_2,2025-10-24 00:00:00,000651.SZ,1d,COUNTDOWN,BUY_COUNTDOWN_PROGRESS,1,2,,,BUY_SETUP,True,2025-09-12 00:00:00,2025-09-24 00:00:00,40.45,40.45,2025-09-24 00:00:00,2025-10-17 00:00:00,2025-10-24 00:00:00,,,,,,,,,,,,,2025-10-17 00:00:00,39.17,40.05,39.5,39.75,39.44,1776338317.0,0.008482,0.001521
600519SS_2025-10-27T000000_BUY_COUNTDOWN_PROGRESS_1_2025-09-26T000000_5,2025-10-27 00:00:00,600519.SS,1d,COUNTDOWN,BUY_COUNTDOWN_PROGRESS,1,5,,,BUY_SETUP,True,2025-09-16 00:00:00,2025-09-26 00:00:00,1497.03,1497.03,2025-09-26 00:00:00,2025-10-10 00:00:00,2025-10-13 00:00:00,2025-10-20 00:00:00,2025-10-24 00:00:00,2025-10-27 00:00:00,,,,,,,,,,2025-10-13 00:00:00,1391.16,1398.89,1416.45,1428.53,1412.03,5654704055.0,0.010603,-0.009053
600519SS_2025-10-28T000000_BUY_COUNTDOWN_PROGRESS_1_2025-09-26T000000_6,2025-10-28 00:00:00,600519.SS,1d,COUNTDOWN,BUY_COUNTDOWN_PROGRESS,1,6,,,BUY_SETUP,True,2025-09-16 00:00:00,2025-09-26 00:00:00,1497.03,1497.03,2025-09-26 00:00:00,2025-10-10 00:00:00,2025-10-13 00:00:00,2025-10-20 00:00:00,2025-10-24 00:00:00,2025-10-27 00:00:00,2025-10-28 00:00:00,,,,,,,,,2025-10-13 00:00:00,1391.16,1398.89,1421.04,1427.24,1417.14,5596642035.0,0.010595,-0.0017
000858SZ_2025-10-28T000000_BUY_COUNTDOWN_PROGRESS_1_2025-09-24T000000_8,2025-10-28 00:00:00,000858.SZ,1d,COUNTDOWN,BUY_COUNTDOWN_PROGRESS,1,8,,,BUY_SETUP,True,2025-09-12 00:00:00,2025-09-24 00:00:00,127.09,127.09,2025-09-24 00:00:00,2025-09-25 00:00:00,2025-09-26 00:00:00,2025-10-10 00:00:00,2025-10-13 00:00:00,2025-10-20 00:00:00,2025-10-21 00:00:00,2025-10-22 00:00:00,2025-10-28 00:00:00,117.52,,,,,,2025-10-13 00:00:00,116.66,117.82,117.52,118.11,117.43,2198786835.0,0.008235,-0.017473
600519SS_2025-10-29T000000_BUY_COUNTDOWN_PROGRESS_1_2025-09-26T000000_7,2025-10-29 00:00:00,600519.SS,1d,COUNTDOWN,BUY_COUNTDOWN_PROGRESS,1,7,,,BUY_SETUP,True,2025-09-16 00:00:00,2025-09-26 00:00:00,1497.03,1497.03,2025-09-26 00:00:00,2025-10-10 00:00:00,2025-10-13 00:00:00,2025-10-20 00:00:00,2025-10-24 00:00:00,2025-10-27 00:00:00,2025-10-28 00:00:00,2025-10-29 00:00:00,,,,,,,,2025-10-13 00:00:00,1391.16,1398.89,1407.94,1422.59,1406.08,5560661830.0,0.010764,-0.007123
000858SZ_2025-10-29T000000_BUY_COUNTDOWN_PROGRESS_1_2025-09-24T000000_9,2025-10-29 00:00:00,000858.SZ,1d,COUNTDOWN,BUY_COUNTDOWN_PROGRESS,1,9,,,BUY_SETUP,True,2025-09-12 00:00:00,2025-09-24 00:00:00,127.09,127.09,2025-09-24 00:00:00,2025-09-25 00:00:00,2025-09-26 00:00:00,2025-10-10 00:00:00,2025-10-13 00:00:00,2025-10-20 00:00:00,2025-10-21 00:00:00,2025-10-22 00:00:00,2025-10-28 00:00:00,117.52,2025-10-29 00:00:00,,,,,2025-10-29 00:00:00,115.63,117.37,116.25,117.37,115.63,2239252405.0,0.008501,-0.029552
601318SS_2025-10-29T000000_SELL_COUNTDOWN_PROGRESS_-1_2025-10-24T000000_2,2025-10-29 00:00:00,601318.SS,1d,COUNTDOWN,SELL_COUNTDOWN_PROGRESS,-1,2,,,SELL_SETUP,True,2025-10-14 00:00:00,2025-10-24 00:00:00,58.49,54.57,2025-10-24 00:00:00,2025-10-24 00:00:00,2025-10-29 00:00:00,,,,,,,,,,,,,2025-10-24 00:00:00,57.75,58.49,58.95,59.7,58.49,3873314300.0,0.011125,0.084836
600519SS_2025-10-30T000000_BUY_COUNTDOWN_PROGRESS_1_2025-09-26T000000_8,2025-10-30 00:00:00,600519.SS,1d,COUNTDOWN,BUY_COUNTDOWN_PROGRESS,1,8,,,BUY_SETUP,True,2025-09-16 00:00:00,2025-09-26 00:00:00,1497.03,1497.03,2025-09-26 00:00:00,2025-10-10 00:00:00,2025-10-13 00:00:00,2025-10-20 00:00:00,2025-10-24 00:00:00,2025-10-27 00:00:00,2025-10-28 00:00:00,2025-10-29 00:00:00,2025-10-30 00:00:00,1402.78,,,,,,2025-10-13 00:00:00,1391.16,1398.89,1402.78,1412.67,1397.85,5676950250.0,0.010783,-0.008664
000858SZ_2025-10-30T000000_BUY_COUNTDOWN_PROGRESS_1_2025-09-24T000000_10,2025-10-30 00:00:00,000858.SZ,1d,COUNTDOWN,BUY_COUNTDOWN_PROGRESS,1,10,,,BUY_SETUP,True,2025-09-12 00:00:00,2025-09-24 00:00:00,127.09,127.09,2025-09-24 00:00:00,2025-09-25 00:00:00,2025-09-26 00:00:00,2025-10-10 00:00:00,2025-10-13 00:00:00,2025-10-20 00:00:00,2025-10-21 00:00:00,2025-10-22 00:00:00,2025-10-28 00:00:00,117.52,2025-10-29 00:00:00,2025-10-30 00:00:00,,,,2025-10-30 00:00:00,115.42,116.97,115.89,116.97,115.42,2280533595.0,0.00841,-0.025643
601318SS_2025-10-30T000000_SELL_COUNTDOWN_PROGRESS_-1_2025-10-24T000000_3,2025-10-30 00:00:00,601318.SS,1d,COUNTDOWN,SELL_COUNTDOWN_PROGRESS,-1,3,,,SELL_SETUP,True,2025-10-14 00:00:00,2025-10-24 00:00:00,58.49,54.57,2025-10-24 00:00:00,2025-10-24 00:00:00,2025-10-29 00:00:00,2025-10-30 00:00:00,,,,,,,,,,,,2025-10-24 00:00:00,57.75,58.49,58.65,60.1,58.58,3955453490.0,0.011183,0.083303
000651SZ_2025-10-30T000000_BUY_COUNTDOWN_PROGRESS_1_2025-09-24T000000_3,2025-10-30 00:00:00,000651.SZ,1d,COUNTDOWN,BUY_COUNTDOWN_PROGRESS,1,3,,,BUY_SETUP,True,2025-09-12 00:00:00,2025-09-24 00:00:00,40.45,40.45,2025-09-24 00:00:00,2025-10-17 00:00:00,2025-10-24 00:00:00,2025-10-30 00:00:00,,,,,,,,,,,,2025-10-17 00:00:00,39.17,40.05,39.47,39.79,39.41,1765009024.5,0.007405,0.025195
600519SS_2025-10-31T000000_BUY_COUNTDOWN_PROGRESS_1_2025-09-26T000000_9,2025-10-31 00:00:00,600519.SS,1d,COUNTDOWN,BUY_COUNTDOWN_PROGRESS,1,9,,,BUY_SETUP,True,2025-09-16 00:00:00,2025-09-26 00:00:00,1497.03,1497.03,2025-09-26 00:00:00,2025-10-10 00:00:00,2025-10-13 00:00:00,2025-10-20 00:00:00,2025-10-24 00:00:00,2025-10-27 00:00:00,2025-10-28 00:00:00,2025-10-29 00:00:00,2025-10-30 00:00:00,1402.78,2025-10-31 00:00:00,,,,,2025-10-13 00:00:00,1391.16,1398.89,1406.05,1412.02,1396.15,5688767710.0,0.010783,-0.003536
000651SZ_2025-10-31T000000_BUY_COUNTDOWN_PROGRESS_1_2025-09-24T000000_4,2025-10-31 00:00:00,000651.SZ,1d,COUNTDOWN,BUY_COUNTDOWN_PROGRESS,1,4,,,BUY_SETUP,True,2025-09-12 00:00:00,2025-09-24 00:00:00,40.45,40.45,2025-09-24 00:00:00,2025-10-17 00:00:00,2025-10-24 00:00:00,2025-10-30 00:00:00,2025-10-31 00:00:00,,,,,,,,,,,2025-10-31 00:00:00,38.52,39.03,38.75,39.03,38.52,1855472684.5,0.008354,-0.002574
600036SS_2025-11-03T000000_SELL_COUNTDOWN_PROGRESS_-1_2025-10-24T000000_1,2025-11-03 00:00:00,600036.SS,1d,COUNTDOWN,SELL_COUNTDOWN_PROGRESS,-1,1,,,SELL_SETUP,True,2025-10-14 00:00:00,2025-10-24 00:00:00,41.48,38.82,2025-10-24 00:00:00,2025-11-03 00:00:00,,,,,,,,,,,,,,2025-11-03 00:00:00,40.05,40.96,40.78,40.96,40.05,3697060795.0,0.011693,0.027981
000651SZ_2025-11-03T000000_BUY_COUNTDOWN_PROGRESS_1_2025-09-24T000000_5,2025-11-03 00:00:00,000651.SZ,1d,COUNTDOWN,BUY_COUNTDOWN_PROGRESS,1,5,,,BUY_SETUP,True,2025-09-12 00:00:00,2025-09-24 00:00:00,40.45,40.45,2025-09-24 00:00:00,2025-10-17 00:00:00,2025-10-24 00:00:00,2025-10-30 00:00:00,2025-10-31 00:00:00,2025-11-03 00:00:00,,,,,,,,,,2025-11-03 00:00:00,38.2,38.84,38.52,38.84,38.2,1886860444.5,0.008431,-0.010786
600036SS_2025-11-04T000000_SELL_COUNTDOWN_PROGRESS_-1_2025-10-24T000000_2,2025-11-04 00:00:00,600036.SS,1d,COUNTDOWN,SELL_COUNTDOWN_PROGRESS,-1,2,,,SELL_SETUP,True,2025-10-14 00:00:00,2025-10-24 00:00:00,41.48,38.82,2025-10-24 00:00:00,2025-11-03 00:00:00,2025-11-04 00:00:00,,,,,,,,,,,,,2025-11-03 00:00:00,40.05,40.96,42.0,42.1,40.8,3813273360.0,0.013106,0.06599
600519SS_2025-11-05T000000_BUY_SETUP_PERFECT_1_2025-11-05T000000_9,2025-11-05 00:00:00,600519.SS,1d,SETUP,BUY_SETUP_PERFECT,1,9,True,,BUY_SETUP,True,2025-10-24 00:00:00,2025-11-05 00:00:00,,,,,,,,,,,,,,,,,,,,,,,,5372811710.0,0.009665,-0.01182
600519SS_2025-11-05T000000_BUY_COUNTDOWN_CANCEL_1_2025-09-26T000000_9,2025-11-05 00:00:00,600519.SS,1d,COUNTDOWN,BUY_COUNTDOWN_CANCEL,1,9,,same_setup,BUY_SETUP,True,2025-09-16 00:00:00,2025-09-26 00:00:00,1497.03,1497.03,2025-09-26 00:00:00,2025-10-10 00:00:00,2025-10-13 00:00:00,2025-10-20 00:00:00,2025-10-24 00:00:00,2025-10-27 00:00:00,2025-10-28 00:00:00,2025-10-29 00:00:00,2025-10-30 00:00:00,1402.78,2025-10-31 00:00:00,,,,,2025-10-13 00:00:00,1391.16,1398.89,1396.12,1407.03,1396.05,5372811710.0,0.009665,-0.01182
600519SS_2025-11-05T000000_BUY_COUNTDOWN_PROGRESS_1_2025-11-05T000000_1,2025-11-05 00:00:00,600519.SS,1d,COUNTDOWN,BUY_COUNTDOWN_PROGRESS,1,1,,,BUY_SETUP,True,2025-10-24 00:00:00,2025-11-05 00:00:00,1454.92,1454.92,2025-11-05 00:00:00,2025-11-05 00:00:00,,,,,,,,,,,,,,2025-11-05 00:00:00,1396.05,1407.03,1396.12,1407.03,1396.05,5372811710.0,0.009665,-0.01182
000858SZ_2025-11-05T000000_BUY_COUNTDOWN_PROGRESS_1_2025-09-24T000000_11,2025-11-05 00:00:00,000858.SZ,1d,COUNTDOWN,BUY_COUNTDOWN_PROGRESS,1,11,,,BUY_SETUP,True,2025-09-12 00:00:00,2025-09-24 00:00:00,127.09,127.09,2025-09-24 00:00:00,2025-09-25 00:00:00,2025-09-26 00:00:00,2025-10-10 00:00:00,2025-10-13 00:00:00,2025-10-20 00:00:00,2025-10-21 00:00:00,2025-10-22 00:00:00,2025-10-28 00:00:00,117.52,2025-10-29 00:00:00,2025-10-30 00:00:00,2025-11-05 00:00:00,,,2025-11-05 00:00:00,113.42,114.42,113.6,114.42,113.42,2334282520.0,0.008112,-0.041997
600036SS_2025-11-05T000000_SELL_COUNTDOWN_PROGRESS_-1_2025-10-24T000000_3,2025-11-05 00:00:00,600036.SS,1d,COUNTDOWN,SELL_COUNTDOWN_PROGRESS,-1,3,,,SELL_SETUP,True,2025-10-14 00:00:00,2025-10-24 00:00:00,41.48,38.82,2025-10-24 00:00:00,2025-11-03 00:00:00,2025-11-04 00:00:00,2025-11-05 00:00:00,,,,,,,,,,,,2025-11-03 00:00:00,40.05,40.96,41.79,42.46,41.74,3828529200.0,0.013188,0.062818
000858SZ_2025-11-06T000000_BUY_COUNTDOWN_PROGRESS_1_2025-09-24T000000_12,2025-11-06 00:00:00,000858.SZ,1d,COUNTDOWN,BUY_COUNTDOWN_PROGRESS,1,12,,,BUY_SETUP,True,2025-09-12 00:00:00,2025-09-24 00:00:00,127.09,127.09,2025-09-24 00:00:00,2025-09-25 00:00:00,2025-09-26 00:00:00,2025-10-10 00:00:00,2025-10-13 00:00:00,2025-10-20 00:00:00,2025-10-21 00:00:00,2025-10-22 00:00:00,2025-10-28 00:00:00,117.52,2025-10-29 00:00:00,2025-10-30 00:00:00,2025-11-05 00:00:00,2025-11-06 00:00:00,,2025-11-05 00:00:00,113.42,114.42,113.59,114.72,113.48,2301684955.0,0.008118,-0.038595
601318SS_2025-11-07T000000_SELL_COUNTDOWN_PROGRESS_-1_2025-10-24T000000_4,2025-11-07 00:00:00,601318.SS,1d,COUNTDOWN,SELL_COUNTDOWN_PROGRESS,-1,4,,,SELL_SETUP,True,2025-10-14 00:00:00,2025-10-24 00:00:00,58.49,54.57,2025-10-24 00:00:00,2025-10-24 00:00:00,2025-10-29 00:00:00,2025-10-30 00:00:00,2025-11-07 00:00:00,,,,,,,,,,,2025-10-24 00:00:00,57.75,58.49,58.89,59.15,58.66,3582179570.0,0.010992,0.087535
601318SS_2025-11-10T000000_SELL_COUNTDOWN_PROGRESS_-1_2025-10-24T000000_5,2025-11-10 00:00:00,601318.SS,1d,COUNTDOWN,SELL_COUNTDOWN_PROGRESS,-1,5,,,SELL_SETUP,True,2025-10-14 00:00:00,2025-10-24 00:00:00,58.49,54.57,2025-10-24 00:00:00,2025-10-24 00:00:00,2025-10-29 00:00:00,2025-10-30 00:00:00,2025-11-07 00:00:00,2025-11-10 00:00:00,,,,,,,,,,2025-10-24 00:00:00,57.75,58.49,59.3,59.4,58.44,3571131165.0,0.009849,0.067891
601318SS_2025-11-11T000000_SELL_COUNTDOWN_PROGRESS_-1_2025-10-24T000000_6,2025-11-11 00:00:00,601318.SS,1d,COUNTDOWN,SELL_COUNTDOWN_PROGRESS,-1,6,,,SELL_SETUP,True,2025-10-14 00:00:00,2025-10-24 00:00:00,58.49,54.57,2025-10-24 00:00:00,2025-10-24 00:00:00,2025-10-29 00:00:00,2025-10-30 00:00:00,2025-11-07 00:00:00,2025-11-10 00:00:00,2025-11-11 00:00:00,,,,,,,,,2025-10-24 00:00:00,57.75,58.49,59.2,59.5,58.81,3390421000.0,0.008638,0.041154
600036SS_2025-11-11T000000_SELL_COUNTDOWN_PROGRESS_-1_2025-10-24T000000_4,2025-11-11 00:00:00,600036.SS,1d,COUNTDOWN,SELL_COUNTDOWN_PROGRESS,-1,4,,,SELL_SETUP,True,2025-10-14 00:00:00,2025-10-24 00:00:00,41.48,38.82,2025-10-24 00:00:00,2025-11-03 00:00:00,2025-11-04 00:00:00,2025-11-05 00:00:00,2025-11-11 00:00:00,,,,,,,,,,,2025-11-03 00:00:00,40.05,40.96,41.95,42.03,41.51,3414100800.0,0.011961,0.036058
601318SS_2025-11-12T000000_SELL_COUNTDOWN_PROGRESS_-1_2025-10-24T000000_7,2025-11-12 00:00:00,601318.SS,1d,COUNTDOWN,SELL_COUNTDOWN_PROGRESS,-1,7,,,SELL_SETUP,True,2025-10-14 00:00:00,2025-10-24 00:00:00,58.49,54.57,2025-10-24 00:00:00,2025-10-24 00:00:00,2025-10-29 00:00:00,2025-10-30 00:00:00,2025-11-07 00:00:00,2025-11-10 00:00:00,2025-11-11 00:00:00,2025-11-12 00:00:00,,,,,,,,2025-10-24 00:00:00,57.75,58.49,60.03,60.79,59.3,3600452335.0,0.009033,0.051866
600036SS_2025-11-12T000000_SELL_COUNTDOWN_PROGRESS_-1_2025-10-24T000000_5,2025-11-12 00:00:00,600036.SS,1d,COUNTDOWN,SELL_COUNTDOWN_PROGRESS,-1,5,,,SELL_SETUP,True,2025-10-14 00:00:00,2025-10-24 00:00:00,41.48,38.82,2025-10-24 00:00:00,2025-11-03 00:00:00,2025-11-04 00:00:00,2025-11-05 00:00:00,2025-11-11 00:00:00,2025-11-12 00:00:00,,,,,,,,,,2025-11-03 00:00:00,40.05,40.96,41.92,42.35,41.92,3321384165.0,0.011795,0.024438
601318SS_2025-11-13T000000_SELL_COUNTDOWN_PROGRESS_-1_2025-10-24T000000_8,2025-11-13 00:00:00,601318.SS,1d,COUNTDOWN,SELL_COUNTDOWN_PROGRESS,-1,8,,,SELL_SETUP,True,2025-10-14 00:00:00,2025-10-24 00:00:00,58.49,54.57,2025-10-24 00:00:00,2025-10-24 00:00:00,2025-10-29 00:00:00,2025-10-30 00:00:00,2025-11-07 00:00:00,2025-11-10 00:00:00,2025-11-11 00:00:00,2025-11-12 00:00:00,2025-11-13 00:00:00,60.88,,,,,,2025-10-24 00:00:00,57.75,58.49,60.88,61.38,60.29,3673221960.0,0.008575,0.080774
600036SS_2025-11-13T000000_SELL_COUNTDOWN_PROGRESS_-1_2025-10-24T000000_6,2025-11-13 00:00:00,600036.SS,1d,COUNTDOWN,SELL_COUNTDOWN_PROGRESS,-1,6,,,SELL_SETUP,True,2025-10-14 00:00:00,2025-10-24 00:00:00,41.48,38.82,2025-10-24 00:00:00,2025-11-03 00:00:00,2025-11-04 00:00:00,2025-11-05 00:00:00,2025-11-11 00:00:00,2025-11-12 00:00:00,2025-11-13 00:00:00,,,,,,,,,2025-11-03 00:00:00,40.05,40.96,42.2,42.29,41.73,3226580495.0,0.011623,0.039921
600519SS_2025-11-14T000000_BUY_COUNTDOWN_PROGRESS_1_2025-11-05T000000_2,2025-11-14 00:00:00,600519.SS,1d,COUNTDOWN,BUY_COUNTDOWN_PROGRESS,1,2,,,BUY_SETUP,True,2025-10-24 00:00:00,2025-11-05 00:00:00,1454.92,1454.92,2025-11-05 00:00:00,2025-11-05 00:00:00,2025-11-14 00:00:00,,,,,,,,,,,,,2025-11-05 00:00:00,1396.05,1407.03,1432.64,1454.99,1432.34,4621381830.0,0.007646,-0.000927
000858SZ_2025-11-14T000000_BUY_COUNTDOWN_COMPLETE_1_2025-09-24T000000_13,2025-11-14 00:00:00,000858.SZ,1d,COUNTDOWN,BUY_COUNTDOWN_COMPLETE,1,13,False,,BUY_SETUP,True,2025-09-12 00:00:00,2025-09-24 00:00:00,127.09,127.09,2025-09-24 00:00:00,2025-09-25 00:00:00,2025-09-26 00:00:00,2025-10-10 00:00:00,2025-10-13 00:00:00,2025-10-20 00:00:00,2025-10-21 00:00:00,2025-10-22 00:00:00,2025-10-28 00:00:00,117.52,2025-10-29 00:00:00,2025-10-30 00:00:00,2025-11-05 00:00:00,2025-11-06 00:00:00,2025-11-14 00:00:00,2025-11-05 00:00:00,113.42,114.42,117.63,119.41,117.61,2345774395.0,0.010463,-0.002121
000651SZ_2025-11-14T000000_BUY_COUNTDOWN_PROGRESS_1_2025-09-24T000000_6,2025-11-14 00:00:00,000651.SZ,1d,COUNTDOWN,BUY_COUNTDOWN_PROGRESS,1,6,,,BUY_SETUP,True,2025-09-12 00:00:00,2025-09-24 00:00:00,40.45,40.45,2025-09-24 00:00:00,2025-10-17 00:00:00,2025-10-24 00:00:00,2025-10-30 00:00:00,2025-10-31 00:00:00,2025-11-03 00:00:00,2025-11-14 00:00:00,,,,,,,,,2025-11-03 00:00:00,38.2,38.84,39.62,40.13,39.61,1748357720.0,0.008179,-0.003772
000651SZ_2025-11-17T000000_BUY_COUNTDOWN_PROGRESS_1_2025-09-24T000000_7,2025-11-17 00:00:00,000651.SZ,1d,COUNTDOWN,BUY_COUNTDOWN_PROGRESS,1,7,,,BUY_SETUP,True,2025-09-12 00:00:00,2025-09-24 00:00:00,40.45,40.45,2025-09-24 00:00:00,2025-10-17 00:00:00,2025-10-24 00:00:00,2025-10-30 00:00:00,2025-10-31 00:00:00,2025-11-03 00:00:00,2025-11-14 00:00:00,2025-11-17 00:00:00,,,,,,,,2025-11-03 00:00:00,38.2,38.84,39.19,39.62,39.06,1742106100.0,0.008515,-0.012598
000651SZ_2025-11-18T000000_BUY_COUNTDOWN_PROGRESS_1_2025-09-24T000000_8,2025-11-18 00:00:00,000651.SZ,1d,COUNTDOWN,BUY_COUNTDOWN_PROGRESS,1,8,,,BUY_SETUP,True,2025-09-12 00:00:00,2025-09-24 00:00:00,40.45,40.45,2025-09-24 00:00:00,2025-10-17 00:00:00,2025-10-24 00:00:00,2025-10-30 00:00:00,2025-10-31 00:00:00,2025-11-03 00:00:00,2025-11-14 00:00:00,2025-11-17 00:00:00,2025-11-18 00:00:00,39.11,,,,,,2025-11-03 00:00:00,38.2,38.84,39.11,39.46,39.05,1723445605.0,0.008503,-0.011625
600036SS_2025-11-19T000000_SELL_COUNTDOWN_PROGRESS_-1_2025-10-24T000000_7,2025-11-19 00:00:00,600036.SS,1d,COUNTDOWN,SELL_COUNTDOWN_PROGRESS,-1,7,,,SELL_SETUP,True,2025-10-14 00:00:00,2025-10-24 00:00:00,41.48,38.82,2025-10-24 00:00:00,2025-11-03 00:00:00,2025-11-04 00:00:00,2025-11-05 00:00:00,2025-11-11 00:00:00,2025-11-12 00:00:00,2025-11-13 00:00:00,2025-11-19 00:00:00,,,,,,,,2025-11-03 00:00:00,40.05,40.96,42.21,42.49,41.79,3107446575.0,0.011831,0.023769
600519SS_2025-11-20T000000_BUY_COUNTDOWN_PROGRESS_1_2025-11-05T000000_3,2025-11-20 00:00:00,600519.SS,1d,COUNTDOWN,BUY_COUNTDOWN_PROGRESS,1,3,,,BUY_SETUP,True,2025-10-24 00:00:00,2025-11-05 00:00:00,1454.92,1454.92,2025-11-05 00:00:00,2025-11-05 00:00:00,2025-11-14 00:00:00,2025-11-20 00:00:00,,,,,,,,,,,,2025-11-05 00:00:00,1396.05,1407.03,1443.15,1455.94,1441.07,4742339430.0,0.007336,0.011998
601318SS_2025-11-20T000000_SELL_COUNTDOWN_PROGRESS_-1_2025-10-24T000000_9,2025-11-20 00:00:00,601318.SS,1d,COUNTDOWN,SELL_COUNTDOWN_PROGRESS,-1,9,,,SELL_SETUP,True,2025-10-14 00:00:00,2025-10-24 00:00:00,58.49,54.57,2025-10-24 00:00:00,2025-10-24 00:00:00,2025-10-29 00:00:00,2025-10-30 00:00:00,2025-11-07 00:00:00,2025-11-10 00:00:00,2025-11-11 00:00:00,2025-11-12 00:00:00,2025-11-13 00:00:00,60.88,2025-11-20 00:00:00,,,,,2025-10-24 00:00:00,57.75,58.49,60.2,61.15,60.03,3709096610.0,0.009692,0.040083
600036SS_2025-11-20T000000_SELL_COUNTDOWN_PROGRESS_-1_2025-10-24T000000_8,2025-11-20 00:00:00,600036.SS,1d,COUNTDOWN,SELL_COUNTDOWN_PROGRESS,-1,8,,,SELL_SETUP,True,2025-10-14 00:00:00,2025-10-24 00:00:00,41.48,38.82,2025-10-24 00:00:00,2025-11-03 00:00:00,2025-11-04 00:00:00,2025-11-05 00:00:00,2025-11-11 00:00:00,2025-11-12 00:00:00,2025-11-13 00:00:00,2025-11-19 00:00:00,2025-11-20 00:00:00,42.22,,,,,,2025-11-03 00:00:00,40.05,40.96,42.22,42.78,42.04,3084470310.0,0.011671,0.031265
600519SS_2025-11-21T000000_BUY_COUNTDOWN_PROGRESS_1_2025-11-05T000000_4,2025-11-21 00:00:00,600519.SS,1d,COUNTDOWN,BUY_COUNTDOWN_PROGRESS,1,4,,,BUY_SETUP,True,2025-10-24 00:00:00,2025-11-05 00:00:00,1454.92,1454.92,2025-11-05 00:00:00,2025-11-05 00:00:00,2025-11-14 00:00:00,2025-11-20 00:00:00,2025-11-21 00:00:00,,,,,,,,,,,2025-11-05 00:00:00,1396.05,1407.03,1442.64,1456.04,1432.04,4776402945.0,0.007134,0.01849
600519SS_2025-11-24T000000_BUY_COUNTDOWN_PROGRESS_1_2025-11-05T000000_5,2025-11-24 00:00:00,600519.SS,1d,COUNTDOWN,BUY_COUNTDOWN_PROGRESS,1,5,,,BUY_SETUP,True,2025-10-24 00:00:00,2025-11-05 00:00:00,1454.92,1454.92,2025-11-05 00:00:00,2025-11-05 00:00:00,2025-11-14 00:00:00,2025-11-20 00:00:00,2025-11-21 00:00:00,2025-11-24 00:00:00,,,,,,,,,,2025-11-05 00:00:00,1396.05,1407.03,1428.04,1447.04,1427.17,4753864770.0,0.007525,0.004926
600519SS_2025-11-25T000000_BUY_COUNTDOWN_PROGRESS_1_2025-11-05T000000_6,2025-11-25 00:00:00,600519.SS,1d,COUNTDOWN,BUY_COUNTDOWN_PROGRESS,1,6,,,BUY_SETUP,True,2025-10-24 00:00:00,2025-11-05 00:00:00,1454.92,1454.92,2025-11-05 00:00:00,2025-11-05 00:00:00,2025-11-14 00:00:00,2025-11-20 00:00:00,2025-11-21 00:00:00,2025-11-24 00:00:00,2025-11-25 00:00:00,,,,,,,,,2025-11-05 00:00:00,1396.05,1407.03,1420.69,1434.04,1420.54,4763670415.0,0.007306,0.009056
600519SS_2025-11-26T000000_BUY_COUNTDOWN_PROGRESS_1_2025-11-05T000000_7,2025-11-26 00:00:00,600519.SS,1d,COUNTDOWN,BUY_COUNTDOWN_PROGRESS,1,7,,,BUY_SETUP,True,2025-10-24 00:00:00,2025-11-05 00:00:00,1454.92,1454.92,2025-11-05 00:00:00,2025-11-05 00:00:00,2025-11-14 00:00:00,2025-11-20 00:00:00,2025-11-21 00:00:00,2025-11-24 00:00:00,2025-11-25 00:00:00,2025-11-26 00:00:00,,,,,,,,2025-11-05 00:00:00,1396.05,1407.03,1425.19,1429.53,1419.62,4667172305.0,0.00726,0.015975
601318SS_2025-11-26T000000_SELL_COUNTDOWN_PROGRESS_-1_2025-10-24T000000_10,2025-11-26 00:00:00,601318.SS,1d,COUNTDOWN,SELL_COUNTDOWN_PROGRESS,-1,10,,,SELL_SETUP,True,2025-10-14 00:00:00,2025-10-24 00:00:00,58.49,54.57,2025-10-24 00:00:00,2025-10-24 00:00:00,2025-10-29 00:00:00,2025-10-30 00:00:00,2025-11-07 00:00:00,2025-11-10 00:00:00,2025-11-11 00:00:00,2025-11-12 00:00:00,2025-11-13 00:00:00,60.88,2025-11-20 00:00:00,2025-11-26 00:00:00,,,,2025-10-24 00:00:00,57.75,58.49,59.78,60.22,59.32,3532816520.0,0.010979,0.019267
600036SS_2025-11-26T000000_SELL_COUNTDOWN_PROGRESS_-1_2025-10-24T000000_9,2025-11-26 00:00:00,600036.SS,1d,COUNTDOWN,SELL_COUNTDOWN_PROGRESS,-1,9,,,SELL_SETUP,True,2025-10-14 00:00:00,2025-10-24 00:00:00,41.48,38.82,2025-10-24 00:00:00,2025-11-03 00:00:00,2025-11-04 00:00:00,2025-11-05 00:00:00,2025-11-11 00:00:00,2025-11-12 00:00:00,2025-11-13 00:00:00,2025-11-19 00:00:00,2025-11-20 00:00:00,42.22,2025-11-26 00:00:00,,,,,2025-11-03 00:00:00,40.05,40.96,42.24,42.62,41.96,2954807930.0,0.010816,0.051008
600036SS_2025-12-01T000000_SELL_COUNTDOWN_PROGRESS_-1_2025-10-24T000000_10,2025-12-01 00:00:00,600036.SS,1d,COUNTDOWN,SELL_COUNTDOWN_PROGRESS,-1,10,,,SELL_SETUP,True,2025-10-14 00:00:00,2025-10-24 00:00:00,41.48,38.82,2025-10-24 00:00:00,2025-11-03 00:00:00,2025-11-04 00:00:00,2025-11-05 00:00:00,2025-11-11 00:00:00,2025-11-12 00:00:00,2025-11-13 00:00:00,2025-11-19 00:00:00,2025-11-20 00:00:00,42.22,2025-11-26 00:00:00,2025-12-01 00:00:00,,,,2025-11-03 00:00:00,40.05,40.96,42.43,42.46,41.92,2749090240.0,0.00747,0.010238
600519SS_2025-12-02T000000_BUY_COUNTDOWN_PROGRESS_1_2025-11-05T000000_8,2025-12-02 00:00:00,600519.SS,1d,COUNTDOWN,BUY_COUNTDOWN_PROGRESS,1,8,,,BUY_SETUP,True,2025-10-24 00:00:00,2025-11-05 00:00:00,1454.92,1454.92,2025-11-05 00:00:00,2025-11-05 00:00:00,2025-11-14 00:00:00,2025-11-20 00:00:00,2025-11-21 00:00:00,2025-11-24 00:00:00,2025-11-25 00:00:00,2025-11-26 00:00:00,2025-12-02 00:00:00,1412.07,,,,,,2025-11-05 00:00:00,1396.05,1407.03,1412.07,1427.96,1411.06,4343941490.0,0.007299,0.011425
600036SS_2025-12-02T000000_SELL_COUNTDOWN_PROGRESS_-1_2025-10-24T000000_11,2025-12-02 00:00:00,600036.SS,1d,COUNTDOWN,SELL_COUNTDOWN_PROGRESS,-1,11,,,SELL_SETUP,True,2025-10-14 00:00:00,2025-10-24 00:00:00,41.48,38.82,2025-10-24 00:00:00,2025-11-03 00:00:00,2025-11-04 00:00:00,2025-11-05 00:00:00,2025-11-11 00:00:00,2025-11-12 00:00:00,2025-11-13 00:00:00,2025-11-19 00:00:00,2025-11-20 00:00:00,42.22,2025-11-26 00:00:00,2025-12-01 00:00:00,2025-12-02 00:00:00,,,2025-11-03 00:00:00,40.05,40.96,42.37,42.64,42.21,2550803585.0,0.007372,0.013879
600519SS_2025-12-03T000000_BUY_COUNTDOWN_PROGRESS_1_2025-11-05T000000_9,2025-12-03 00:00:00,600519.SS,1d,COUNTDOWN,BUY_COUNTDOWN_PROGRESS,1,9,,,BUY_SETUP,True,2025-10-24 00:00:00,2025-11-05 00:00:00,1454.92,1454.92,2025-11-05 00:00:00,2025-11-05 00:00:00,2025-11-14 00:00:00,2025-11-20 00:00:00,2025-11-21 00:00:00,2025-11-24 00:00:00,2025-11-25 00:00:00,2025-11-26 00:00:00,2025-12-02 00:00:00,1412.07,2025-12-03 00:00:00,,,,,2025-11-05 00:00:00,1396.05,1407.03,1405.14,1412.01,1404.04,4267021725.0,0.006984,-0.004273
000858SZ_2025-12-03T000000_BUY_SETUP_PERFECT_1_2025-12-03T000000_9,2025-12-03 00:00:00,000858.SZ,1d,SETUP,BUY_SETUP_PERFECT,1,9,True,,BUY_SETUP,True,2025-11-21 00:00:00,2025-12-03 00:00:00,,,,,,,,,,,,,,,,,,,,,,,,1906753237.5,0.009569,-0.005018
000858SZ_2025-12-03T000000_BUY_COUNTDOWN_PROGRESS_1_2025-12-03T000000_1,2025-12-03 00:00:00,000858.SZ,1d,COUNTDOWN,BUY_COUNTDOWN_PROGRESS,1,1,,,BUY_SETUP,True,2025-11-21 00:00:00,2025-12-03 00:00:00,118.83,118.83,2025-12-03 00:00:00,2025-12-03 00:00:00,,,,,,,,,,,,,,2025-12-03 00:00:00,112.92,114.47,113.02,114.47,112.92,1906753237.5,0.009569,-0.005018
600519SS_2025-12-04T000000_BUY_COUNTDOWN_PROGRESS_1_2025-11-05T000000_10,2025-12-04 00:00:00,600519.SS,1d,COUNTDOWN,BUY_COUNTDOWN_PROGRESS,1,10,,,BUY_SETUP,True,2025-10-24 00:00:00,2025-11-05 00:00:00,1454.92,1454.92,2025-11-05 00:00:00,2025-11-05 00:00:00,2025-11-14 00:00:00,2025-11-20 00:00:00,2025-11-21 00:00:00,2025-11-24 00:00:00,2025-11-25 00:00:00,2025-11-26 00:00:00,2025-12-02 00:00:00,1412.07,2025-12-03 00:00:00,2025-12-04 00:00:00,,,,2025-12-04 00:00:00,1394.42,1408.54,1400.02,1408.54,1394.42,4198469800.0,0.007023,-0.006634
000858SZ_2025-12-04T000000_BUY_COUNTDOWN_PROGRESS_1_2025-12-03T000000_2,2025-12-04 00:00:00,000858.SZ,1d,COUNTDOWN,BUY_COUNTDOWN_PROGRESS,1,2,,,BUY_SETUP,True,2025-11-21 00:00:00,2025-12-03 00:00:00,118.83,118.83,2025-12-03 00:00:00,2025-12-03 00:00:00,2025-12-04 00:00:00,,,,,,,,,,,,,2025-12-04 00:00:00,111.54,113.17,111.87,113.17,111.54,1913614387.5,0.009729,-0.020145
000858SZ_2025-12-05T000000_BUY_COUNTDOWN_PROGRESS_1_2025-12-03T000000_3,2025-12-05 00:00:00,000858.SZ,1d,COUNTDOWN,BUY_COUNTDOWN_PROGRESS,1,3,,,BUY_SETUP,True,2025-11-21 00:00:00,2025-12-03 00:00:00,118.83,118.83,2025-12-03 00:00:00,2025-12-03 00:00:00,2025-12-04 00:00:00,2025-12-05 00:00:00,,,,,,,,,,,,2025-12-04 00:00:00,111.54,113.17,112.38,112.79,111.63,1896425532.5,0.004851,-0.049399
601318SS_2025-12-05T000000_SELL_COUNTDOWN_PROGRESS_-1_2025-10-24T000000_11,2025-12-05 00:00:00,601318.SS,1d,COUNTDOWN,SELL_COUNTDOWN_PROGRESS,-1,11,,,SELL_SETUP,True,2025-10-14 00:00:00,2025-10-24 00:00:00,58.49,54.57,2025-10-24 00:00:00,2025-10-24 00:00:00,2025-10-29 00:00:00,2025-10-30 00:00:00,2025-11-07 00:00:00,2025-11-10 00:00:00,2025-11-11 00:00:00,2025-11-12 00:00:00,2025-11-13 00:00:00,60.88,2025-11-20 00:00:00,2025-11-26 00:00:00,2025-12-05 00:00:00,,,2025-10-24 00:00:00,57.75,58.49,61.99,62.2,58.55,3583601683.0,0.016564,0.045363
600519SS_2025-12-08T000000_BUY_COUNTDOWN_PROGRESS_1_2025-11-05T000000_11,2025-12-08 00:00:00,600519.SS,1d,COUNTDOWN,BUY_COUNTDOWN_PROGRESS,1,11,,,BUY_SETUP,True,2025-10-24 00:00:00,2025-11-05 00:00:00,1454.92,1454.92,2025-11-05 00:00:00,2025-11-05 00:00:00,2025-11-14 00:00:00,2025-11-20 00:00:00,2025-11-21 00:00:00,2025-11-24 00:00:00,2025-11-25 00:00:00,2025-11-26 00:00:00,2025-12-02 00:00:00,1412.07,2025-12-03 00:00:00,2025-12-04 00:00:00,2025-12-08 00:00:00,,,2025-12-08 00:00:00,1394.04,1412.71,1394.26,1412.71,1394.04,4124749555.0,0.005416,-0.028411
000858SZ_2025-12-08T000000_BUY_COUNTDOWN_PROGRESS_1_2025-12-03T000000_4,2025-12-08 00:00:00,000858.SZ,1d,COUNTDOWN,BUY_COUNTDOWN_PROGRESS,1,4,,,BUY_SETUP,True,2025-11-21 00:00:00,2025-12-03 00:00:00,118.83,118.83,2025-12-03 00:00:00,2025-12-03 00:00:00,2025-12-04 00:00:00,2025-12-05 00:00:00,2025-12-08 00:00:00,,,,,,,,,,,2025-12-08 00:00:00,110.52,112.55,110.69,112.55,110.52,1797674107.5,0.005539,-0.063536
601318SS_2025-12-08T000000_SELL_COUNTDOWN_PROGRESS_-1_2025-10-24T000000_12,2025-12-08 00:00:00,601318.SS,1d,COUNTDOWN,SELL_COUNTDOWN_PROGRESS,-1,12,,,SELL_SETUP,True,2025-10-14 00:00:00,2025-10-24 00:00:00,58.49,54.57,2025-10-24 00:00:00,2025-10-24 00:00:00,2025-10-29 00:00:00,2025-10-30 00:00:00,2025-11-07 00:00:00,2025-11-10 00:00:00,2025-11-11 00:00:00,2025-11-12 00:00:00,2025-11-13 00:00:00,60.88,2025-11-20 00:00:00,2025-11-26 00:00:00,2025-12-05 00:00:00,2025-12-08 00:00:00,,2025-10-24 00:00:00,57.75,58.49,63.4,63.8,62.0,3752691573.0,0.01713,0.070946
000651SZ_2025-12-08T000000_BUY_COUNTDOWN_PROGRESS_1_2025-09-24T000000_9,2025-12-08 00:00:00,000651.SZ,1d,COUNTDOWN,BUY_COUNTDOWN_PROGRESS,1,9,,,BUY_SETUP,True,2025-09-12 00:00:00,2025-09-24 00:00:00,40.45,40.45,2025-09-24 00:00:00,2025-10-17 00:00:00,2025-10-24 00:00:00,2025-10-30 00:00:00,2025-10-31 00:00:00,2025-11-03 00:00:00,2025-11-14 00:00:00,2025-11-17 00:00:00,2025-11-18 00:00:00,39.11,2025-12-08 00:00:00,,,,,2025-11-03 00:00:00,38.2,38.84,39.68,40.05,39.62,1447437777.5,0.005361,-0.006012
600519SS_2025-12-09T000000_BUY_COUNTDOWN_PROGRESS_1_2025-11-05T000000_12,2025-12-09 00:00:00,600519.SS,1d,COUNTDOWN,BUY_COUNTDOWN_PROGRESS,1,12,,,BUY_SETUP,True,2025-10-24 00:00:00,2025-11-05 00:00:00,1454.92,1454.92,2025-11-05 00:00:00,2025-11-05 00:00:00,2025-11-14 00:00:00,2025-11-20 00:00:00,2025-11-21 00:00:00,2025-11-24 00:00:00,2025-11-25 00:00:00,2025-11-26 00:00:00,2025-12-02 00:00:00,1412.07,2025-12-03 00:00:00,2025-12-04 00:00:00,2025-12-08 00:00:00,2025-12-09 00:00:00,,2025-12-09 00:00:00,1376.09,1397.04,1377.05,1397.04,1376.09,4230396820.0,0.005744,-0.044505
000858SZ_2025-12-09T000000_BUY_COUNTDOWN_PROGRESS_1_2025-12-03T000000_5,2025-12-09 00:00:00,000858.SZ,1d,COUNTDOWN,BUY_COUNTDOWN_PROGRESS,1,5,,,BUY_SETUP,True,2025-11-21 00:00:00,2025-12-03 00:00:00,118.83,118.83,2025-12-03 00:00:00,2025-12-03 00:00:00,2025-12-04 00:00:00,2025-12-05 00:00:00,2025-12-08 00:00:00,2025-12-09 00:00:00,,,,,,,,,,2025-12-09 00:00:00,107.92,110.5,108.3,110.5,107.92,1829480052.5,0.006864,-0.080645
601318SS_2025-12-09T000000_SELL_COUNTDOWN_COMPLETE_PERFECT_-1_2025-10-24T000000_13,2025-12-09 00:00:00,601318.SS,1d,COUNTDOWN,SELL_COUNTDOWN_COMPLETE_PERFECT,-1,13,True,,SELL_SETUP,True,2025-10-14 00:00:00,2025-10-24 00:00:00,58.49,54.57,2025-10-24 00:00:00,2025-10-24 00:00:00,2025-10-29 00:00:00,2025-10-30 00:00:00,2025-11-07 00:00:00,2025-11-10 00:00:00,2025-11-11 00:00:00,2025-11-12 00:00:00,2025-11-13 00:00:00,60.88,2025-11-20 00:00:00,2025-11-26 00:00:00,2025-12-05 00:00:00,2025-12-08 00:00:00,2025-12-09 00:00:00,2025-10-24 00:00:00,57.75,58.49,62.45,63.69,62.42,3797706453.0,0.017437,0.040313
000651SZ_2025-12-09T000000_BUY_COUNTDOWN_PROGRESS_1_2025-09-24T000000_10,2025-12-09 00:00:00,000651.SZ,1d,COUNTDOWN,BUY_COUNTDOWN_PROGRESS,1,10,,,BUY_SETUP,True,2025-09-12 00:00:00,2025-09-24 00:00:00,40.45,40.45,2025-09-24 00:00:00,2025-10-17 00:00:00,2025-10-24 00:00:00,2025-10-30 00:00:00,2025-10-31 00:00:00,2025-11-03 00:00:00,2025-11-14 00:00:00,2025-11-17 00:00:00,2025-11-18 00:00:00,39.11,2025-12-08 00:00:00,2025-12-09 00:00:00,,,,2025-11-03 00:00:00,38.2,38.84,39.35,39.84,39.3,1410821596.0,0.005443,-0.019925
600519SS_2025-12-10T000000_BUY_COUNTDOWN_COMPLETE_PERFECT_1_2025-11-05T000000_13,2025-12-10 00:00:00,600519.SS,1d,COUNTDOWN,BUY_COUNTDOWN_COMPLETE_PERFECT,1,13,True,,BUY_SETUP,True,2025-10-24 00:00:00,2025-11-05 00:00:00,1454.92,1454.92,2025-11-05 00:00:00,2025-11-05 00:00:00,2025-11-14 00:00:00,2025-11-20 00:00:00,2025-11-21 00:00:00,2025-11-24 00:00:00,2025-11-25 00:00:00,2025-11-26 00:00:00,2025-12-02 00:00:00,1412.07,2025-12-03 00:00:00,2025-12-04 00:00:00,2025-12-08 00:00:00,2025-12-09 00:00:00,2025-12-10 00:00:00,2025-12-10 00:00:00,1359.22,1378.84,1378.84,1378.84,1359.22,4219238470.0,0.005638,-0.046722
000858SZ_2025-12-10T000000_BUY_COUNTDOWN_PROGRESS_1_2025-12-03T000000_6,2025-12-10 00:00:00,000858.SZ,1d,COUNTDOWN,BUY_COUNTDOWN_PROGRESS,1,6,,,BUY_SETUP,True,2025-11-21 00:00:00,2025-12-03 00:00:00,118.83,118.83,2025-12-03 00:00:00,2025-12-03 00:00:00,2025-12-04 00:00:00,2025-12-05 00:00:00,2025-12-08 00:00:00,2025-12-09 00:00:00,2025-12-10 00:00:00,,,,,,,,,2025-12-10 00:00:00,106.93,109.17,109.04,109.17,106.93,1793659797.5,0.006853,-0.080762
000651SZ_2025-12-10T000000_BUY_COUNTDOWN_PROGRESS_1_2025-09-24T000000_11,2025-12-10 00:00:00,000651.SZ,1d,COUNTDOWN,BUY_COUNTDOWN_PROGRESS,1,11,,,BUY_SETUP,True,2025-09-12 00:00:00,2025-09-24 00:00:00,40.45,40.45,2025-09-24 00:00:00,2025-10-17 00:00:00,2025-10-24 00:00:00,2025-10-30 00:00:00,2025-10-31 00:00:00,2025-11-03 00:00:00,2025-11-14 00:00:00,2025-11-17 00:00:00,2025-11-18 00:00:00,39.11,2025-12-08 00:00:00,2025-12-09 00:00:00,2025-12-10 00:00:00,,,2025-11-03 00:00:00,38.2,38.84,39.37,39.51,39.15,1343493312.0,0.005415,-0.01575
601318SS_2025-12-17T000000_SELL_SETUP_PERFECT_-1_2025-12-17T000000_9,2025-12-17 00:00:00,601318.SS,1d,SETUP,SELL_SETUP_PERFECT,-1,9,True,,SELL_SETUP,True,2025-12-05 00:00:00,2025-12-17 00:00:00,,,,,,,,,,,,,,,,,,,,,,,,4159632453.0,0.020063,0.130399
601318SS_2025-12-17T000000_SELL_COUNTDOWN_PROGRESS_-1_2025-12-17T000000_1,2025-12-17 00:00:00,601318.SS,1d,COUNTDOWN,SELL_COUNTDOWN_PROGRESS,-1,1,,,SELL_SETUP,True,2025-12-05 00:00:00,2025-12-17 00:00:00,68.63,58.55,2025-12-17 00:00:00,2025-12-17 00:00:00,,,,,,,,,,,,,,2025-12-17 00:00:00,66.65,68.63,68.05,68.63,66.65,4159632453.0,0.020063,0.130399
601318SS_2025-12-18T000000_SELL_COUNTDOWN_PROGRESS_-1_2025-12-17T000000_2,2025-12-18 00:00:00,601318.SS,1d,COUNTDOWN,SELL_COUNTDOWN_PROGRESS,-1,2,,,SELL_SETUP,True,2025-12-05 00:00:00,2025-12-17 00:00:00,68.63,58.55,2025-12-17 00:00:00,2025-12-17 00:00:00,2025-12-18 00:00:00,,,,,,,,,,,,,2025-12-17 00:00:00,66.65,68.63,68.5,68.58,67.59,4232261938.0,0.018942,0.162791
600036SS_2025-12-18T000000_SELL_COUNTDOWN_PROGRESS_-1_2025-10-24T000000_12,2025-12-18 00:00:00,600036.SS,1d,COUNTDOWN,SELL_COUNTDOWN_PROGRESS,-1,12,,,SELL_SETUP,True,2025-10-14 00:00:00,2025-10-24 00:00:00,41.48,38.82,2025-10-24 00:00:00,2025-11-03 00:00:00,2025-11-04 00:00:00,2025-11-05 00:00:00,2025-11-11 00:00:00,2025-11-12 00:00:00,2025-11-13 00:00:00,2025-11-19 00:00:00,2025-11-20 00:00:00,42.22,2025-11-26 00:00:00,2025-12-01 00:00:00,2025-12-02 00:00:00,2025-12-18 00:00:00,,2025-11-03 00:00:00,40.05,40.96,41.36,41.41,40.39,2613030915.0,0.010591,-0.015004
601318SS_2025-12-19T000000_SELL_COUNTDOWN_PROGRESS_-1_2025-12-17T000000_3,2025-12-19 00:00:00,601318.SS,1d,COUNTDOWN,SELL_COUNTDOWN_PROGRESS,-1,3,,,SELL_SETUP,True,2025-12-05 00:00:00,2025-12-17 00:00:00,68.63,58.55,2025-12-17 00:00:00,2025-12-17 00:00:00,2025-12-18 00:00:00,2025-12-19 00:00:00,,,,,,,,,,,,2025-12-17 00:00:00,66.65,68.63,68.75,68.78,67.6,4247081033.0,0.018563,0.177226
600036SS_2025-12-19T000000_SELL_COUNTDOWN_COMPLETE_-1_2025-10-24T000000_13,2025-12-19 00:00:00,600036.SS,1d,COUNTDOWN,SELL_COUNTDOWN_COMPLETE,-1,13,False,,SELL_SETUP,True,2025-10-14 00:00:00,2025-10-24 00:00:00,41.48,38.82,2025-10-24 00:00:00,2025-11-03 00:00:00,2025-11-04 00:00:00,2025-11-05 00:00:00,2025-11-11 00:00:00,2025-11-12 00:00:00,2025-11-13 00:00:00,2025-11-19 00:00:00,2025-11-20 00:00:00,42.22,2025-11-26 00:00:00,2025-12-01 00:00:00,2025-12-02 00:00:00,2025-12-18 00:00:00,2025-12-19 00:00:00,2025-11-03 00:00:00,40.05,40.96,40.98,41.47,40.9,2563399875.0,0.010607,-0.015377
000858SZ_2025-12-22T000000_BUY_COUNTDOWN_PROGRESS_1_2025-12-03T000000_7,2025-12-22 00:00:00,000858.SZ,1d,COUNTDOWN,BUY_COUNTDOWN_PROGRESS,1,7,,,BUY_SETUP,True,2025-11-21 00:00:00,2025-12-03 00:00:00,118.83,118.83,2025-12-03 00:00:00,2025-12-03 00:00:00,2025-12-04 00:00:00,2025-12-05 00:00:00,2025-12-08 00:00:00,2025-12-09 00:00:00,2025-12-10 00:00:00,2025-12-22 00:00:00,,,,,,,,2025-12-10 00:00:00,106.93,109.17,110.33,110.8,110.12,1802045312.0,0.007411,-0.048305
000858SZ_2025-12-23T000000_BUY_COUNTDOWN_PROGRESS_1_2025-12-03T000000_8,2025-12-23 00:00:00,000858.SZ,1d,COUNTDOWN,BUY_COUNTDOWN_PROGRESS,1,8,,,BUY_SETUP,True,2025-11-21 00:00:00,2025-12-03 00:00:00,118.83,118.83,2025-12-03 00:00:00,2025-12-03 00:00:00,2025-12-04 00:00:00,2025-12-05 00:00:00,2025-12-08 00:00:00,2025-12-09 00:00:00,2025-12-10 00:00:00,2025-12-22 00:00:00,2025-12-23 00:00:00,109.72,,,,,,2025-12-10 00:00:00,106.93,109.17,109.72,110.43,109.33,1777705874.5,0.007439,-0.051521
601318SS_2025-12-23T000000_SELL_COUNTDOWN_PROGRESS_-1_2025-12-17T000000_4,2025-12-23 00:00:00,601318.SS,1d,COUNTDOWN,SELL_COUNTDOWN_PROGRESS,-1,4,,,SELL_SETUP,True,2025-12-05 00:00:00,2025-12-17 00:00:00,68.63,58.55,2025-12-17 00:00:00,2025-12-17 00:00:00,2025-12-18 00:00:00,2025-12-19 00:00:00,2025-12-23 00:00:00,,,,,,,,,,,2025-12-17 00:00:00,66.65,68.63,69.49,70.24,68.35,4403062653.0,0.018639,0.162429
000858SZ_2025-12-24T000000_BUY_COUNTDOWN_PROGRESS_1_2025-12-03T000000_9,2025-12-24 00:00:00,000858.SZ,1d,COUNTDOWN,BUY_COUNTDOWN_PROGRESS,1,9,,,BUY_SETUP,True,2025-11-21 00:00:00,2025-12-03 00:00:00,118.83,118.83,2025-12-03 00:00:00,2025-12-03 00:00:00,2025-12-04 00:00:00,2025-12-05 00:00:00,2025-12-08 00:00:00,2025-12-09 00:00:00,2025-12-10 00:00:00,2025-12-22 00:00:00,2025-12-23 00:00:00,109.72,2025-12-24 00:00:00,,,,,2025-12-10 00:00:00,106.93,109.17,109.28,109.59,108.78,1787772450.5,0.007444,-0.052705
000651SZ_2025-12-24T000000_BUY_COUNTDOWN_PROGRESS_1_2025-09-24T000000_12,2025-12-24 00:00:00,000651.SZ,1d,COUNTDOWN,BUY_COUNTDOWN_PROGRESS,1,12,,,BUY_SETUP,True,2025-09-12 00:00:00,2025-09-24 00:00:00,40.45,40.45,2025-09-24 00:00:00,2025-10-17 00:00:00,2025-10-24 00:00:00,2025-10-30 00:00:00,2025-10-31 00:00:00,2025-11-03 00:00:00,2025-11-14 00:00:00,2025-11-17 00:00:00,2025-11-18 00:00:00,39.11,2025-12-08 00:00:00,2025-12-09 00:00:00,2025-12-10 00:00:00,2025-12-24 00:00:00,,2025-11-03 00:00:00,38.2,38.84,39.76,39.92,39.65,1329251952.5,0.00489,0.010933
601318SS_2025-12-25T000000_SELL_COUNTDOWN_PROGRESS_-1_2025-12-17T000000_5,2025-12-25 00:00:00,601318.SS,1d,COUNTDOWN,SELL_COUNTDOWN_PROGRESS,-1,5,,,SELL_SETUP,True,2025-12-05 00:00:00,2025-12-17 00:00:00,68.63,58.55,2025-12-17 00:00:00,2025-12-17 00:00:00,2025-12-18 00:00:00,2025-12-19 00:00:00,2025-12-23 00:00:00,2025-12-25 00:00:00,,,,,,,,,,2025-12-17 00:00:00,66.65,68.63,70.8,71.98,68.98,4575283223.0,0.018686,0.200203
601318SS_2025-12-26T000000_SELL_COUNTDOWN_PROGRESS_-1_2025-12-17T000000_6,2025-12-26 00:00:00,601318.SS,1d,COUNTDOWN,SELL_COUNTDOWN_PROGRESS,-1,6,,,SELL_SETUP,True,2025-12-05 00:00:00,2025-12-17 00:00:00,68.63,58.55,2025-12-17 00:00:00,2025-12-17 00:00:00,2025-12-18 00:00:00,2025-12-19 00:00:00,2025-12-23 00:00:00,2025-12-25 00:00:00,2025-12-26 00:00:00,,,,,,,,,2025-12-17 00:00:00,66.65,68.63,71.16,71.96,70.43,4682048373.0,0.018348,0.213713
000858SZ_2025-12-29T000000_BUY_COUNTDOWN_PROGRESS_1_2025-12-03T000000_10,2025-12-29 00:00:00,000858.SZ,1d,COUNTDOWN,BUY_COUNTDOWN_PROGRESS,1,10,,,BUY_SETUP,True,2025-11-21 00:00:00,2025-12-03 00:00:00,118.83,118.83,2025-12-03 00:00:00,2025-12-03 00:00:00,2025-12-04 00:00:00,2025-12-05 00:00:00,2025-12-08 00:00:00,2025-12-09 00:00:00,2025-12-10 00:00:00,2025-12-22 00:00:00,2025-12-23 00:00:00,109.72,2025-12-24 00:00:00,2025-12-29 00:00:00,,,,2025-12-10 00:00:00,106.93,109.17,108.06,109.6,108.0,1853320096.0,0.008622,-0.052022
000858SZ_2025-12-30T000000_BUY_COUNTDOWN_PROGRESS_1_2025-12-03T000000_11,2025-12-30 00:00:00,000858.SZ,1d,COUNTDOWN,BUY_COUNTDOWN_PROGRESS,1,11,,,BUY_SETUP,True,2025-11-21 00:00:00,2025-12-03 00:00:00,118.83,118.83,2025-12-03 00:00:00,2025-12-03 00:00:00,2025-12-04 00:00:00,2025-12-05 00:00:00,2025-12-08 00:00:00,2025-12-09 00:00:00,2025-12-10 00:00:00,2025-12-22 00:00:00,2025-12-23 00:00:00,109.72,2025-12-24 00:00:00,2025-12-29 00:00:00,2025-12-30 00:00:00,,,2025-12-10 00:00:00,106.93,109.17,107.36,107.99,107.02,1865303216.0,0.008563,-0.05008
000651SZ_2025-12-30T000000_BUY_COUNTDOWN_COMPLETE_1_2025-09-24T000000_13,2025-12-30 00:00:00,000651.SZ,1d,COUNTDOWN,BUY_COUNTDOWN_COMPLETE,1,13,False,,BUY_SETUP,True,2025-09-12 00:00:00,2025-09-24 00:00:00,40.45,40.45,2025-09-24 00:00:00,2025-10-17 00:00:00,2025-10-24 00:00:00,2025-10-30 00:00:00,2025-10-31 00:00:00,2025-11-03 00:00:00,2025-11-14 00:00:00,2025-11-17 00:00:00,2025-11-18 00:00:00,39.11,2025-12-08 00:00:00,2025-12-09 00:00:00,2025-12-10 00:00:00,2025-12-24 00:00:00,2025-12-30 00:00:00,2025-11-03 00:00:00,38.2,38.84,39.53,39.76,39.37,1344828056.5,0.004281,-0.007033
