event_id,datetime,security,frequency,category,type,direction,count,perfect,reason,setup_type,setup_perfect,setup_first_dt,setup_last_dt,setup_highest_high,tdst_threshold,countdown_start_dt,count_1_dt,count_2_dt,count_3_dt,count_4_dt,count_5_dt,count_6_dt,count_7_dt,count_8_dt,countdown_8_close,count_9_dt,count_10_dt,count_11_dt,count_12_dt,count_13_dt,countdown_low_dt,countdown_low,countdown_low_bar_high,bar_close,bar_high,bar_low,pre20_avg_amount,pre20_volatility,pre20_return
600519SS_2020-12-31T000000_SELL_COUNTDOWN_PROGRESS_-1_2020-12-11T000000_7,2020-12-31 00:00:00,600519.SS,1d,COUNTDOWN,SELL_COUNTDOWN_PROGRESS,-1,7,,,SELL_SETUP,False,2020-12-01 00:00:00,2020-12-11 00:00:00,1660.79,1505.8,2020-12-11 00:00:00,2020-12-16 00:00:00,2020-12-17 00:00:00,2020-12-22 00:00:00,2020-12-28 00:00:00,2020-12-29 00:00:00,2020-12-30 00:00:00,2020-12-31 00:00:00,,,,,,,,2020-12-16 00:00:00,1606.0,1631.46,1783.79,1784.77,1724.79,6850840691.2,0.017217,0.129768
600519SS_2021-01-04T000000_SELL_COUNTDOWN_PROGRESS_-1_2020-12-11T000000_8,2021-01-04 00:00:00,600519.SS,1d,COUNTDOWN,SELL_COUNTDOWN_PROGRESS,-1,8,,,SELL_SETUP,False,2020-12-01 00:00:00,2020-12-11 00:00:00,1660.79,1505.8,2020-12-11 00:00:00,2020-12-16 00:00:00,2020-12-17 00:00:00,2020-12-22 00:00:00,2020-12-28 00:00:00,2020-12-29 00:00:00,2020-12-30 00:00:00,2020-12-31 00:00:00,2021-01-04 00:00:00,1782.79,,,,,,2020-12-16 00:00:00,1606.0,1631.46,1782.79,1790.78,1769.6,6726384294.4,0.017233,0.115506
600519SS_2021-01-05T000000_SELL_COUNTDOWN_PROGRESS_-1_2020-12-11T000000_9,2021-01-05 00:00:00,600519.SS,1d,COUNTDOWN,SELL_COUNTDOWN_PROGRESS,-1,9,,,SELL_SETUP,False,2020-12-01 00:00:00,2020-12-11 00:00:00,1660.79,1505.8,2020-12-11 00:00:00,2020-12-16 00:00:00,2020-12-17 00:00:00,2020-12-22 00:00:00,2020-12-28 00:00:00,2020-12-29 00:00:00,2020-12-30 00:00:00,2020-12-31 00:00:00,2021-01-04 00:00:00,1782.79,2021-01-05 00:00:00,,,,,2020-12-16 00:00:00,1606.0,1631.46,1845.24,1845.24,1768.25,6725146892.8,0.018025,0.128042
600519SS_2021-01-06T000000_SELL_COUNTDOWN_PROGRESS_-1_2020-12-11T000000_10,2021-01-06 00:00:00,600519.SS,1d,COUNTDOWN,SELL_COUNTDOWN_PROGRESS,-1,10,,,SELL_SETUP,False,2020-12-01 00:00:00,2020-12-11 00:00:00,1660.79,1505.8,2020-12-11 00:00:00,2020-12-16 00:00:00,2020-12-17 00:00:00,2020-12-22 00:00:00,2020-12-28 00:00:00,2020-12-29 00:00:00,2020-12-30 00:00:00,2020-12-31 00:00:00,2021-01-04 00:00:00,1782.79,2021-01-05 00:00:00,2021-01-06 00:00:00,,,,2020-12-16 00:00:00,1606.0,1631.46,1885.79,1910.79,1821.82,6652608985.6,0.01808,0.159922
600519SS_2021-01-07T000000_SELL_COUNTDOWN_PROGRESS_-1_2020-12-11T000000_11,2021-01-07 00:00:00,600519.SS,1d,COUNTDOWN,SELL_COUNTDOWN_PROGRESS,-1,11,,,SELL_SETUP,False,2020-12-01 00:00:00,2020-12-11 00:00:00,1660.79,1505.8,2020-12-11 00:00:00,2020-12-16 00:00:00,2020-12-17 00:00:00,2020-12-22 00:00:00,2020-12-28 00:00:00,2020-12-29 00:00:00,2020-12-30 00:00:00,2020-12-31 00:00:00,2021-01-04 00:00:00,1782.79,2021-01-05 00:00:00,2021-01-06 00:00:00,2021-01-07 00:00:00,,,2020-12-16 00:00:00,1606.0,1631.46,1925.79,1925.79,1860.79,6763866048.0,0.018061,0.189721
000858SZ_2021-01-08T000000_SELL_SETUP_-1_2021-01-08T000000_9,2021-01-08 00:00:00,000858.SZ,1d,SETUP,SELL_SETUP,-1,9,False,,SELL_SETUP,False,2020-12-28 00:00:00,2021-01-08 00:00:00,,,,,,,,,,,,,,,,,,,,,,,,5870657637.674,0.025274,0.201844
000651SZ_2021-01-08T000000_SELL_SETUP_-1_2021-01-08T000000_9,2021-01-08 00:00:00,000651.SZ,1d,SETUP,SELL_SETUP,-1,9,False,,SELL_SETUP,False,2020-12-28 00:00:00,2021-01-08 00:00:00,,,,,,,,,,,,,,,,,,,,,,,,2888647893.2475,0.019595,0.018076
000651SZ_2021-01-08T000000_BUY_COUNTDOWN_CANCEL_1_2020-12-18T000000_3,2021-01-08 00:00:00,000651.SZ,1d,COUNTDOWN,BUY_COUNTDOWN_CANCEL,1,3,,opposite_setup,BUY_SETUP,True,2020-12-08 00:00:00,2020-12-18 00:00:00,54.53,54.53,2020-12-18 00:00:00,2020-12-22 00:00:00,2020-12-23 00:00:00,2020-12-25 00:00:00,,,,,,,,,,,,2020-12-25 00:00:00,44.92,45.97,50.69,52.36,49.99,2888647893.2475,0.019595,0.018076
600519SS_2021-01-11T000000_SELL_SETUP_PERFECT_-1_2021-01-11T000000_9,2021-01-11 00:00:00,600519.SS,1d,SETUP,SELL_SETUP_PERFECT,-1,9,True,,SELL_SETUP,True,2020-12-29 00:00:00,2021-01-11 00:00:00,,,,,,,,,,,,,,,,,,,,,,,,7289324480.0,0.019372,0.167656
600519SS_2021-01-11T000000_SELL_COUNTDOWN_CANCEL_-1_2020-12-11T000000_11,2021-01-11 00:00:00,600519.SS,1d,COUNTDOWN,SELL_COUNTDOWN_CANCEL,-1,11,,same_setup,SELL_SETUP,False,2020-12-01 00:00:00,2020-12-11 00:00:00,1660.79,1505.8,2020-12-11 00:00:00,2020-12-16 00:00:00,2020-12-17 00:00:00,2020-12-22 00:00:00,2020-12-28 00:00:00,2020-12-29 00:00:00,2020-12-30 00:00:00,2020-12-31 00:00:00,2021-01-04 00:00:00,1782.79,2021-01-05 00:00:00,2021-01-06 00:00:00,2021-01-07 00:00:00,,,2020-12-16 00:00:00,1606.0,1631.46,1885.52,1936.29,1844.39,7289324480.0,0.019372,0.167656
600519SS_2021-01-12T000000_SELL_COUNTDOWN_PROGRESS_-1_2021-01-11T000000_1,2021-01-12 00:00:00,600519.SS,1d,COUNTDOWN,SELL_COUNTDOWN_PROGRESS,-1,1,,,SELL_SETUP,True,2020-12-29 00:00:00,2021-01-11 00:00:00,1936.67,1640.79,2021-01-11 00:00:00,2021-01-12 00:00:00,,,,,,,,,,,,,,2021-01-12 00:00:00,1870.79,1946.69,1946.69,1946.69,1870.79,7428011712.0,0.019673,0.215314
600519SS_2021-01-13T000000_SELL_COUNTDOWN_PROGRESS_-1_2021-01-11T000000_2,2021-01-13 00:00:00,600519.SS,1d,COUNTDOWN,SELL_COUNTDOWN_PROGRESS,-1,2,,,SELL_SETUP,True,2020-12-29 00:00:00,2021-01-11 00:00:00,1936.67,1640.79,2021-01-11 00:00:00,2021-01-12 00:00:00,2021-01-13 00:00:00,,,,,,,,,,,,,2021-01-12 00:00:00,1870.79,1946.69,1949.79,1959.12,1920.79,7529749132.8,0.01974,0.199288
000651SZ_2021-01-13T000000_SELL_COUNTDOWN_PROGRESS_-1_2021-01-08T000000_1,2021-01-13 00:00:00,000651.SZ,1d,COUNTDOWN,SELL_COUNTDOWN_PROGRESS,-1,1,,,SELL_SETUP,False,2020-12-28 00:00:00,2021-01-08 00:00:00,52.77,44.68,2021-01-08 00:00:00,2021-01-13 00:00:00,,,,,,,,,,,,,,2021-01-13 00:00:00,49.75,51.99,50.91,51.99,49.75,2945028296.1845,0.021067,0.082731
600036SS_2021-01-18T000000_SELL_SETUP_PERFECT_-1_2021-01-18T000000_9,2021-01-18 00:00:00,600036.SS,1d,SETUP,SELL_SETUP_PERFECT,-1,9,True,,SELL_SETUP,True,2021-01-06 00:00:00,2021-01-18 00:00:00,,,,,,,,,,,,,,,,,,,,,,,,4531812940.8,0.026615,0.270359
600036SS_2021-01-18T000000_SELL_COUNTDOWN_PROGRESS_-1_2021-01-18T000000_1,2021-01-18 00:00:00,600036.SS,1d,COUNTDOWN,SELL_COUNTDOWN_PROGRESS,-1,1,,,SELL_SETUP,True,2021-01-06 00:00:00,2021-01-18 00:00:00,44.4,32.51,2021-01-18 00:00:00,2021-01-18 00:00:00,,,,,,,,,,,,,,2021-01-18 00:00:00,41.71,43.59,42.43,43.59,41.71,4531812940.8,0.026615,0.270359
000858SZ_2021-01-21T000000_SELL_COUNTDOWN_PROGRESS_-1_2021-01-08T000000_1,2021-01-21 00:00:00,000858.SZ,1d,COUNTDOWN,SELL_COUNTDOWN_PROGRESS,-1,1,,,SELL_SETUP,False,2020-12-28 00:00:00,2021-01-08 00:00:00,313.28,253.6,2021-01-08 00:00:00,2021-01-21 00:00:00,,,,,,,,,,,,,,2021-01-21 00:00:00,263.12,276.61,274.57,276.61,263.12,7684572284.6435,0.033802,0.085514
600519SS_2021-01-22T000000_SELL_COUNTDOWN_PROGRESS_-1_2021-01-11T000000_3,2021-01-22 00:00:00,600519.SS,1d,COUNTDOWN,SELL_COUNTDOWN_PROGRESS,-1,3,,,SELL_SETUP,True,2020-12-29 00:00:00,2021-01-11 00:00:00,1936.67,1640.79,2021-01-11 00:00:00,2021-01-12 00:00:00,2021-01-13 00:00:00,2021-01-22 00:00:00,,,,,,,,,,,,2021-01-22 00:00:00,1845.89,1885.79,1865.74,1885.79,1845.89,8235227456.0,0.021764,0.154692
000858SZ_2021-01-22T000000_SELL_COUNTDOWN_PROGRESS_-1_2021-01-08T000000_2,2021-01-22 00:00:00,000858.SZ,1d,COUNTDOWN,SELL_COUNTDOWN_PROGRESS,-1,2,,,SELL_SETUP,False,2020-12-28 00:00:00,2021-01-08 00:00:00,313.28,253.6,2021-01-08 00:00:00,2021-01-21 00:00:00,2021-01-22 00:00:00,,,,,,,,,,,,,2021-01-21 00:00:00,263.12,276.61,273.18,277.53,270.2,7838351736.1525,0.033872,0.077463
600519SS_2021-01-25T000000_SELL_COUNTDOWN_PROGRESS_-1_2021-01-11T000000_4,2021-01-25 00:00:00,600519.SS,1d,COUNTDOWN,SELL_COUNTDOWN_PROGRESS,-1,4,,,SELL_SETUP,True,2020-12-29 00:00:00,2021-01-11 00:00:00,1936.67,1640.79,2021-01-11 00:00:00,2021-01-12 00:00:00,2021-01-13 00:00:00,2021-01-22 00:00:00,2021-01-25 00:00:00,,,,,,,,,,,2021-01-22 00:00:00,1845.89,1885.79,1960.79,1965.29,1868.79,8625751308.8,0.02348,0.18206
000858SZ_2021-01-25T000000_SELL_COUNTDOWN_PROGRESS_-1_2021-01-08T000000_3,2021-01-25 00:00:00,000858.SZ,1d,COUNTDOWN,SELL_COUNTDOWN_PROGRESS,-1,3,,,SELL_SETUP,False,2020-12-28 00:00:00,2021-01-08 00:00:00,313.28,253.6,2021-01-08 00:00:00,2021-01-21 00:00:00,2021-01-22 00:00:00,2021-01-25 00:00:00,,,,,,,,,,,,2021-01-21 00:00:00,263.12,276.61,293.31,293.95,270.82,8326876582.457,0.036487,0.112835
600519SS_2021-01-26T000000_SELL_COUNTDOWN_PROGRESS_-1_2021-01-11T000000_5,2021-01-26 00:00:00,600519.SS,1d,COUNTDOWN,SELL_COUNTDOWN_PROGRESS,-1,5,,,SELL_SETUP,True,2020-12-29 00:00:00,2021-01-11 00:00:00,1936.67,1640.79,2021-01-11 00:00:00,2021-01-12 00:00:00,2021-01-13 00:00:00,2021-01-22 00:00:00,2021-01-25 00:00:00,2021-01-26 00:00:00,,,,,,,,,,2021-01-22 00:00:00,1845.89,1885.79,1927.68,1972.79,1910.9,8685933529.6,0.024039,0.166319
000858SZ_2021-01-26T000000_SELL_COUNTDOWN_PROGRESS_-1_2021-01-08T000000_4,2021-01-26 00:00:00,000858.SZ,1d,COUNTDOWN,SELL_COUNTDOWN_PROGRESS,-1,4,,,SELL_SETUP,False,2020-12-28 00:00:00,2021-01-08 00:00:00,313.28,253.6,2021-01-08 00:00:00,2021-01-21 00:00:00,2021-01-22 00:00:00,2021-01-25 00:00:00,2021-01-26 00:00:00,,,,,,,,,,,2021-01-21 00:00:00,263.12,276.61,283.4,293.33,282.72,8425269557.0625,0.037177,0.095816
601318SS_2021-01-28T000000_BUY_SETUP_PERFECT_1_2021-01-28T000000_9,2021-01-28 00:00:00,601318.SS,1d,SETUP,BUY_SETUP_PERFECT,1,9,True,,BUY_SETUP,True,2021-01-18 00:00:00,2021-01-28 00:00:00,,,,,,,,,,,,,,,,,,,,,,,,9891256320.0,0.020898,-0.080843
601318SS_2021-01-28T000000_BUY_COUNTDOWN_PROGRESS_1_2021-01-28T000000_1,2021-01-28 00:00:00,601318.SS,1d,COUNTDOWN,BUY_COUNTDOWN_PROGRESS,1,1,,,BUY_SETUP,True,2021-01-18 00:00:00,2021-01-28 00:00:00,76.13,76.13,2021-01-28 00:00:00,2021-01-28 00:00:00,,,,,,,,,,,,,,2021-01-28 00:00:00,68.63,70.56,68.9,70.56,68.63,9891256320.0,0.020898,-0.080843
000651SZ_2021-01-28T000000_SELL_COUNTDOWN_CANCEL_-1_2021-01-08T000000_1,2021-01-28 00:00:00,000651.SZ,1d,COUNTDOWN,SELL_COUNTDOWN_CANCEL,-1,1,,tdst_break_rule_4,SELL_SETUP,False,2020-12-28 00:00:00,2021-01-08 00:00:00,52.77,44.68,2021-01-08 00:00:00,2021-01-13 00:00:00,,,,,,,,,,,,,,2021-01-13 00:00:00,49.75,51.99,43.28,44.69,43.22,3140997154.69,0.025909,-0.097016
601318SS_2021-01-29T000000_BUY_COUNTDOWN_PROGRESS_1_2021-01-28T000000_2,2021-01-29 00:00:00,601318.SS,1d,COUNTDOWN,BUY_COUNTDOWN_PROGRESS,1,2,,,BUY_SETUP,True,2021-01-18 00:00:00,2021-01-28 00:00:00,76.13,76.13,2021-01-28 00:00:00,2021-01-28 00:00:00,2021-01-29 00:00:00,,,,,,,,,,,,,2021-01-29 00:00:00,66.48,69.42,67.06,69.42,66.48,10050889932.8,0.02104,-0.083379
000651SZ_2021-01-29T000000_BUY_SETUP_PERFECT_1_2021-01-29T000000_9,2021-01-29 00:00:00,000651.SZ,1d,SETUP,BUY_SETUP_PERFECT,1,9,True,,BUY_SETUP,True,2021-01-19 00:00:00,2021-01-29 00:00:00,,,,,,,,,,,,,,,,,,,,,,,,3145367024.514,0.025494,-0.134997
000651SZ_2021-01-29T000000_BUY_COUNTDOWN_PROGRESS_1_2021-01-29T000000_1,2021-01-29 00:00:00,000651.SZ,1d,COUNTDOWN,BUY_COUNTDOWN_PROGRESS,1,1,,,BUY_SETUP,True,2021-01-19 00:00:00,2021-01-29 00:00:00,51.08,51.08,2021-01-29 00:00:00,2021-01-29 00:00:00,,,,,,,,,,,,,,2021-01-29 00:00:00,41.87,43.78,42.29,43.78,41.87,3145367024.514,0.025494,-0.134997
000858SZ_2021-02-01T000000_SELL_COUNTDOWN_PROGRESS_-1_2021-01-08T000000_5,2021-02-01 00:00:00,000858.SZ,1d,COUNTDOWN,SELL_COUNTDOWN_PROGRESS,-1,5,,,SELL_SETUP,False,2020-12-28 00:00:00,2021-01-08 00:00:00,313.28,253.6,2021-01-08 00:00:00,2021-01-21 00:00:00,2021-01-22 00:00:00,2021-01-25 00:00:00,2021-01-26 00:00:00,2021-02-01 00:00:00,,,,,,,,,,2021-01-21 00:00:00,263.12,276.61,269.91,277.49,269.91,8853513049.236,0.033933,-0.093044
601318SS_2021-02-01T000000_BUY_COUNTDOWN_PROGRESS_1_2021-01-28T000000_3,2021-02-01 00:00:00,601318.SS,1d,COUNTDOWN,BUY_COUNTDOWN_PROGRESS,1,3,,,BUY_SETUP,True,2021-01-18 00:00:00,2021-01-28 00:00:00,76.13,76.13,2021-01-28 00:00:00,2021-01-28 00:00:00,2021-01-29 00:00:00,2021-02-01 00:00:00,,,,,,,,,,,,2021-02-01 00:00:00,66.35,67.72,67.25,67.72,66.35,9896649753.6,0.021008,-0.069204
600036SS_2021-02-01T000000_SELL_COUNTDOWN_PROGRESS_-1_2021-01-18T000000_2,2021-02-01 00:00:00,600036.SS,1d,COUNTDOWN,SELL_COUNTDOWN_PROGRESS,-1,2,,,SELL_SETUP,True,2021-01-06 00:00:00,2021-01-18 00:00:00,44.4,32.51,2021-01-18 00:00:00,2021-01-18 00:00:00,2021-02-01 00:00:00,,,,,,,,,,,,,2021-02-01 00:00:00,40.99,43.29,42.91,43.29,40.99,4717287705.6,0.025158,0.312634
000651SZ_2021-02-01T000000_BUY_COUNTDOWN_PROGRESS_1_2021-01-29T000000_2,2021-02-01 00:00:00,000651.SZ,1d,COUNTDOWN,BUY_COUNTDOWN_PROGRESS,1,2,,,BUY_SETUP,True,2021-01-19 00:00:00,2021-01-29 00:00:00,51.08,51.08,2021-01-29 00:00:00,2021-01-29 00:00:00,2021-02-01 00:00:00,,,,,,,,,,,,,2021-02-01 00:00:00,41.74,43.19,42.42,43.19,41.74,3062494131.2155,0.022079,-0.172293
000858SZ_2021-02-02T000000_SELL_COUNTDOWN_PROGRESS_-1_2021-01-08T000000_6,2021-02-02 00:00:00,000858.SZ,1d,COUNTDOWN,SELL_COUNTDOWN_PROGRESS,-1,6,,,SELL_SETUP,False,2020-12-28 00:00:00,2021-01-08 00:00:00,313.28,253.6,2021-01-08 00:00:00,2021-01-21 00:00:00,2021-01-22 00:00:00,2021-01-25 00:00:00,2021-01-26 00:00:00,2021-02-01 00:00:00,2021-02-02 00:00:00,,,,,,,,,2021-01-21 00:00:00,263.12,276.61,281.74,281.95,269.52,8809946222.3935,0.034904,-0.07904
601318SS_2021-02-02T000000_BUY_COUNTDOWN_PROGRESS_1_2021-01-28T000000_4,2021-02-02 00:00:00,601318.SS,1d,COUNTDOWN,BUY_COUNTDOWN_PROGRESS,1,4,,,BUY_SETUP,True,2021-01-18 00:00:00,2021-01-28 00:00:00,76.13,76.13,2021-01-28 00:00:00,2021-01-28 00:00:00,2021-01-29 00:00:00,2021-02-01 00:00:00,2021-02-02 00:00:00,,,,,,,,,,,2021-02-02 00:00:00,65.93,67.43,66.16,67.43,65.93,9843968025.6,0.020396,-0.10255
600519SS_2021-02-03T000000_SELL_COUNTDOWN_PROGRESS_-1_2021-01-11T000000_6,2021-02-03 00:00:00,600519.SS,1d,COUNTDOWN,SELL_COUNTDOWN_PROGRESS,-1,6,,,SELL_SETUP,True,2020-12-29 00:00:00,2021-01-11 00:00:00,1936.67,1640.79,2021-01-11 00:00:00,2021-01-12 00:00:00,2021-01-13 00:00:00,2021-01-22 00:00:00,2021-01-25 00:00:00,2021-01-26 00:00:00,2021-02-03 00:00:00,,,,,,,,,2021-01-22 00:00:00,1845.89,1885.79,1975.7,1984.06,1925.79,8514123673.6,0.021741,0.025917
000858SZ_2021-02-03T000000_SELL_COUNTDOWN_PROGRESS_-1_2021-01-08T000000_7,2021-02-03 00:00:00,000858.SZ,1d,COUNTDOWN,SELL_COUNTDOWN_PROGRESS,-1,7,,,SELL_SETUP,False,2020-12-28 00:00:00,2021-01-08 00:00:00,313.28,253.6,2021-01-08 00:00:00,2021-01-21 00:00:00,2021-01-22 00:00:00,2021-01-25 00:00:00,2021-01-26 00:00:00,2021-02-01 00:00:00,2021-02-02 00:00:00,2021-02-03 00:00:00,,,,,,,,2021-01-21 00:00:00,263.12,276.61,286.37,286.62,278.74,8642498391.8965,0.03514,-0.069079
601318SS_2021-02-03T000000_BUY_COUNTDOWN_PROGRESS_1_2021-01-28T000000_5,2021-02-03 00:00:00,601318.SS,1d,COUNTDOWN,BUY_COUNTDOWN_PROGRESS,1,5,,,BUY_SETUP,True,2021-01-18 00:00:00,2021-01-28 00:00:00,76.13,76.13,2021-01-28 00:00:00,2021-01-28 00:00:00,2021-01-29 00:00:00,2021-02-01 00:00:00,2021-02-02 00:00:00,2021-02-03 00:00:00,,,,,,,,,,2021-02-03 00:00:00,63.28,65.72,64.52,65.72,63.28,9959224064.0,0.020605,-0.130927
600036SS_2021-02-03T000000_SELL_COUNTDOWN_PROGRESS_-1_2021-01-18T000000_3,2021-02-03 00:00:00,600036.SS,1d,COUNTDOWN,SELL_COUNTDOWN_PROGRESS,-1,3,,,SELL_SETUP,True,2021-01-06 00:00:00,2021-01-18 00:00:00,44.4,32.51,2021-01-18 00:00:00,2021-01-18 00:00:00,2021-02-01 00:00:00,2021-02-03 00:00:00,,,,,,,,,,,,2021-02-01 00:00:00,40.99,43.29,43.56,44.51,42.0,4557264396.8,0.02167,0.196375
600519SS_2021-02-04T000000_SELL_COUNTDOWN_PROGRESS_-1_2021-01-11T000000_7,2021-02-04 00:00:00,600519.SS,1d,COUNTDOWN,SELL_COUNTDOWN_PROGRESS,-1,7,,,SELL_SETUP,True,2020-12-29 00:00:00,2021-01-11 00:00:00,1936.67,1640.79,2021-01-11 00:00:00,2021-01-12 00:00:00,2021-01-13 00:00:00,2021-01-22 00:00:00,2021-01-25 00:00:00,2021-01-26 00:00:00,2021-02-03 00:00:00,2021-02-04 00:00:00,,,,,,,,2021-01-22 00:00:00,1845.89,1885.79,2106.64,2115.79,1976.79,8844411264.0,0.025088,0.123068
000858SZ_2021-02-04T000000_SELL_COUNTDOWN_PROGRESS_-1_2021-01-08T000000_8,2021-02-04 00:00:00,000858.SZ,1d,COUNTDOWN,SELL_COUNTDOWN_PROGRESS,-1,8,,,SELL_SETUP,False,2020-12-28 00:00:00,2021-01-08 00:00:00,313.28,253.6,2021-01-08 00:00:00,2021-01-21 00:00:00,2021-01-22 00:00:00,2021-01-25 00:00:00,2021-01-26 00:00:00,2021-02-01 00:00:00,2021-02-02 00:00:00,2021-02-03 00:00:00,2021-02-04 00:00:00,291.22,,,,,,2021-01-21 00:00:00,263.12,276.61,291.22,294.42,282.63,8689535786.527,0.034144,-0.01154
600036SS_2021-02-04T000000_SELL_COUNTDOWN_PROGRESS_-1_2021-01-18T000000_4,2021-02-04 00:00:00,600036.SS,1d,COUNTDOWN,SELL_COUNTDOWN_PROGRESS,-1,4,,,SELL_SETUP,True,2021-01-06 00:00:00,2021-01-18 00:00:00,44.4,32.51,2021-01-18 00:00:00,2021-01-18 00:00:00,2021-02-01 00:00:00,2021-02-03 00:00:00,2021-02-04 00:00:00,,,,,,,,,,,2021-02-01 00:00:00,40.99,43.29,44.01,45.71,43.12,4575272640.0,0.021555,0.185934
600519SS_2021-02-05T000000_SELL_COUNTDOWN_PROGRESS_-1_2021-01-11T000000_8,2021-02-05 00:00:00,600519.SS,1d,COUNTDOWN,SELL_COUNTDOWN_PROGRESS,-1,8,,,SELL_SETUP,True,2020-12-29 00:00:00,2021-01-11 00:00:00,1936.67,1640.79,2021-01-11 00:00:00,2021-01-12 00:00:00,2021-01-13 00:00:00,2021-01-22 00:00:00,2021-01-25 00:00:00,2021-01-26 00:00:00,2021-02-03 00:00:00,2021-02-04 00:00:00,2021-02-05 00:00:00,2098.79,,,,,,2021-01-22 00:00:00,1845.89,1885.79,2098.79,2150.39,2076.79,8739829427.2,0.025191,0.113109
000858SZ_2021-02-05T000000_SELL_COUNTDOWN_PROGRESS_-1_2021-01-08T000000_9,2021-02-05 00:00:00,000858.SZ,1d,COUNTDOWN,SELL_COUNTDOWN_PROGRESS,-1,9,,,SELL_SETUP,False,2020-12-28 00:00:00,2021-01-08 00:00:00,313.28,253.6,2021-01-08 00:00:00,2021-01-21 00:00:00,2021-01-22 00:00:00,2021-01-25 00:00:00,2021-01-26 00:00:00,2021-02-01 00:00:00,2021-02-02 00:00:00,2021-02-03 00:00:00,2021-02-04 00:00:00,291.22,2021-02-05 00:00:00,,,,,2021-01-21 00:00:00,263.12,276.61,297.38,307.62,291.62,8615902731.4555,0.03198,0.066566
600036SS_2021-02-05T000000_SELL_COUNTDOWN_PROGRESS_-1_2021-01-18T000000_5,2021-02-05 00:00:00,600036.SS,1d,COUNTDOWN,SELL_COUNTDOWN_PROGRESS,-1,5,,,SELL_SETUP,True,2021-01-06 00:00:00,2021-01-18 00:00:00,44.4,32.51,2021-01-18 00:00:00,2021-01-18 00:00:00,2021-02-01 00:00:00,2021-02-03 00:00:00,2021-02-04 00:00:00,2021-02-05 00:00:00,,,,,,,,,,2021-02-01 00:00:00,40.99,43.29,45.25,46.45,44.21,4589970009.6,0.019973,0.162343
600519SS_2021-02-08T000000_SELL_COUNTDOWN_PROGRESS_-1_2021-01-11T000000_9,2021-02-08 00:00:00,600519.SS,1d,COUNTDOWN,SELL_COUNTDOWN_PROGRESS,-1,9,,,SELL_SETUP,True,2020-12-29 00:00:00,2021-01-11 00:00:00,1936.67,1640.79,2021-01-11 00:00:00,2021-01-12 00:00:00,2021-01-13 00:00:00,2021-01-22 00:00:00,2021-01-25 00:00:00,2021-01-26 00:00:00,2021-02-03 00:00:00,2021-02-04 00:00:00,2021-02-05 00:00:00,2098.79,2021-02-08 00:00:00,,,,,2021-01-22 00:00:00,1845.89,1885.79,2154.59,2164.67,2098.79,8622439091.2,0.024899,0.106797
000858SZ_2021-02-08T000000_SELL_COUNTDOWN_PROGRESS_-1_2021-01-08T000000_10,2021-02-08 00:00:00,000858.SZ,1d,COUNTDOWN,SELL_COUNTDOWN_PROGRESS,-1,10,,,SELL_SETUP,False,2020-12-28 00:00:00,2021-01-08 00:00:00,313.28,253.6,2021-01-08 00:00:00,2021-01-21 00:00:00,2021-01-22 00:00:00,2021-01-25 00:00:00,2021-01-26 00:00:00,2021-02-01 00:00:00,2021-02-02 00:00:00,2021-02-03 00:00:00,2021-02-04 00:00:00,291.22,2021-02-05 00:00:00,2021-02-08 00:00:00,,,,2021-01-21 00:00:00,263.12,276.61,297.62,308.12,291.42,8461876377.906,0.031311,0.034768
600036SS_2021-02-08T000000_SELL_COUNTDOWN_PROGRESS_-1_2021-01-18T000000_6,2021-02-08 00:00:00,600036.SS,1d,COUNTDOWN,SELL_COUNTDOWN_PROGRESS,-1,6,,,SELL_SETUP,True,2021-01-06 00:00:00,2021-01-18 00:00:00,44.4,32.51,2021-01-18 00:00:00,2021-01-18 00:00:00,2021-02-01 00:00:00,2021-02-03 00:00:00,2021-02-04 00:00:00,2021-02-05 00:00:00,2021-02-08 00:00:00,,,,,,,,,2021-02-01 00:00:00,40.99,43.29,45.77,46.11,44.2,4464322624.0,0.019132,0.138274
600519SS_2021-02-09T000000_SELL_COUNTDOWN_PROGRESS_-1_2021-01-11T000000_10,2021-02-09 00:00:00,600519.SS,1d,COUNTDOWN,SELL_COUNTDOWN_PROGRESS,-1,10,,,SELL_SETUP,True,2020-12-29 00:00:00,2021-01-11 00:00:00,1936.67,1640.79,2021-01-11 00:00:00,2021-01-12 00:00:00,2021-01-13 00:00:00,2021-01-22 00:00:00,2021-01-25 00:00:00,2021-01-26 00:00:00,2021-02-03 00:00:00,2021-02-04 00:00:00,2021-02-05 00:00:00,2098.79,2021-02-08 00:00:00,2021-02-09 00:00:00,,,,2021-01-22 00:00:00,1845.89,1885.79,2242.22,2242.22,2135.79,8581057689.6,0.026065,0.14998
601318SS_2021-02-09T000000_BUY_COUNTDOWN_PROGRESS_1_2021-01-28T000000_6,2021-02-09 00:00:00,601318.SS,1d,COUNTDOWN,BUY_COUNTDOWN_PROGRESS,1,6,,,BUY_SETUP,True,2021-01-18 00:00:00,2021-01-28 00:00:00,76.13,76.13,2021-01-28 00:00:00,2021-01-28 00:00:00,2021-01-29 00:00:00,2021-02-01 00:00:00,2021-02-02 00:00:00,2021-02-03 00:00:00,2021-02-09 00:00:00,,,,,,,,,2021-02-03 00:00:00,63.28,65.72,66.11,66.54,64.78,9470452275.2,0.019474,-0.124603
600519SS_2021-02-10T000000_SELL_COUNTDOWN_PROGRESS_-1_2021-01-11T000000_11,2021-02-10 00:00:00,600519.SS,1d,COUNTDOWN,SELL_COUNTDOWN_PROGRESS,-1,11,,,SELL_SETUP,True,2020-12-29 00:00:00,2021-01-11 00:00:00,1936.67,1640.79,2021-01-11 00:00:00,2021-01-12 00:00:00,2021-01-13 00:00:00,2021-01-22 00:00:00,2021-01-25 00:00:00,2021-01-26 00:00:00,2021-02-03 00:00:00,2021-02-04 00:00:00,2021-02-05 00:00:00,2098.79,2021-02-08 00:00:00,2021-02-09 00:00:00,2021-02-10 00:00:00,,,2021-01-22 00:00:00,1845.89,1885.79,2386.79,2386.99,2270.79,8993937638.4,0.02834,0.243256
000858SZ_2021-02-10T000000_SELL_COUNTDOWN_PROGRESS_-1_2021-01-08T000000_11,2021-02-10 00:00:00,000858.SZ,1d,COUNTDOWN,SELL_COUNTDOWN_PROGRESS,-1,11,,,SELL_SETUP,False,2020-12-28 00:00:00,2021-01-08 00:00:00,313.28,253.6,2021-01-08 00:00:00,2021-01-21 00:00:00,2021-01-22 00:00:00,2021-01-25 00:00:00,2021-01-26 00:00:00,2021-02-01 00:00:00,2021-02-02 00:00:00,2021-02-03 00:00:00,2021-02-04 00:00:00,291.22,2021-02-05 00:00:00,2021-02-08 00:00:00,2021-02-10 00:00:00,,,2021-01-21 00:00:00,263.12,276.61,320.27,323.3,310.12,8682370799.84,0.029227,0.199423
600519SS_2021-02-18T000000_SELL_COUNTDOWN_PROGRESS_-1_2021-01-11T000000_12,2021-02-18 00:00:00,600519.SS,1d,COUNTDOWN,SELL_COUNTDOWN_PROGRESS,-1,12,,,SELL_SETUP,True,2020-12-29 00:00:00,2021-01-11 00:00:00,1936.67,1640.79,2021-01-11 00:00:00,2021-01-12 00:00:00,2021-01-13 00:00:00,2021-01-22 00:00:00,2021-01-25 00:00:00,2021-01-26 00:00:00,2021-02-03 00:00:00,2021-02-04 00:00:00,2021-02-05 00:00:00,2098.79,2021-02-08 00:00:00,2021-02-09 00:00:00,2021-02-10 00:00:00,2021-02-18 00:00:00,,2021-01-22 00:00:00,1845.89,1885.79,2256.79,2413.67,2250.79,9443039923.2,0.03087,0.208268
000858SZ_2021-02-18T000000_SELL_COUNTDOWN_PROGRESS_-1_2021-01-08T000000_12,2021-02-18 00:00:00,000858.SZ,1d,COUNTDOWN,SELL_COUNTDOWN_PROGRESS,-1,12,,,SELL_SETUP,False,2020-12-28 00:00:00,2021-01-08 00:00:00,313.28,253.6,2021-01-08 00:00:00,2021-01-21 00:00:00,2021-01-22 00:00:00,2021-01-25 00:00:00,2021-01-26 00:00:00,2021-02-01 00:00:00,2021-02-02 00:00:00,2021-02-03 00:00:00,2021-02-04 00:00:00,291.22,2021-02-05 00:00:00,2021-02-08 00:00:00,2021-02-10 00:00:00,2021-02-18 00:00:00,,2021-01-21 00:00:00,263.12,276.61,311.12,334.81,308.51,8752476809.4915,0.030285,0.172622
600036SS_2021-02-18T000000_SELL_COUNTDOWN_PROGRESS_-1_2021-01-18T000000_7,2021-02-18 00:00:00,600036.SS,1d,COUNTDOWN,SELL_COUNTDOWN_PROGRESS,-1,7,,,SELL_SETUP,True,2021-01-06 00:00:00,2021-01-18 00:00:00,44.4,32.51,2021-01-18 00:00:00,2021-01-18 00:00:00,2021-02-01 00:00:00,2021-02-03 00:00:00,2021-02-04 00:00:00,2021-02-05 00:00:00,2021-02-08 00:00:00,2021-02-18 00:00:00,,,,,,,,2021-02-01 00:00:00,40.99,43.29,46.2,48.11,45.7,4552457907.2,0.016624,0.109244
600519SS_2021-02-19T000000_SELL_SETUP_PERFECT_-1_2021-02-19T000000_9,2021-02-19 00:00:00,600519.SS,1d,SETUP,SELL_SETUP_PERFECT,-1,9,True,,SELL_SETUP,True,2021-02-02 00:00:00,2021-02-19 00:00:00,,,,,,,,,,,,,,,,,,,,,,,,9550692992.0,0.030706,0.214735
600519SS_2021-02-19T000000_SELL_COUNTDOWN_CANCEL_-1_2021-01-11T000000_12,2021-02-19 00:00:00,600519.SS,1d,COUNTDOWN,SELL_COUNTDOWN_CANCEL,-1,12,,same_setup,SELL_SETUP,True,2020-12-29 00:00:00,2021-01-11 00:00:00,1936.67,1640.79,2021-01-11 00:00:00,2021-01-12 00:00:00,2021-01-13 00:00:00,2021-01-22 00:00:00,2021-01-25 00:00:00,2021-01-26 00:00:00,2021-02-03 00:00:00,2021-02-04 00:00:00,2021-02-05 00:00:00,2098.79,2021-02-08 00:00:00,2021-02-09 00:00:00,2021-02-10 00:00:00,2021-02-18 00:00:00,,2021-01-22 00:00:00,1845.89,1885.79,2245.79,2282.45,2167.39,9550692992.0,0.030706,0.214735
000858SZ_2021-02-19T000000_SELL_SETUP_PERFECT_-1_2021-02-19T000000_9,2021-02-19 00:00:00,000858.SZ,1d,SETUP,SELL_SETUP_PERFECT,-1,9,True,,SELL_SETUP,True,2021-02-02 00:00:00,2021-02-19 00:00:00,,,,,,,,,,,,,,,,,,,,,,,,8625043146.744,0.030405,0.228287
000858SZ_2021-02-19T000000_SELL_COUNTDOWN_CANCEL_-1_2021-01-08T000000_12,2021-02-19 00:00:00,000858.SZ,1d,COUNTDOWN,SELL_COUNTDOWN_CANCEL,-1,12,,same_setup,SELL_SETUP,False,2020-12-28 00:00:00,2021-01-08 00:00:00,313.28,253.6,2021-01-08 00:00:00,2021-01-21 00:00:00,2021-01-22 00:00:00,2021-01-25 00:00:00,2021-01-26 00:00:00,2021-02-01 00:00:00,2021-02-02 00:00:00,2021-02-03 00:00:00,2021-02-04 00:00:00,291.22,2021-02-05 00:00:00,2021-02-08 00:00:00,2021-02-10 00:00:00,2021-02-18 00:00:00,,2021-01-21 00:00:00,263.12,276.61,322.02,323.82,303.57,8625043146.744,0.030405,0.228287
000651SZ_2021-02-22T000000_BUY_COUNTDOWN_PROGRESS_1_2021-01-29T000000_3,2021-02-22 00:00:00,000651.SZ,1d,COUNTDOWN,BUY_COUNTDOWN_PROGRESS,1,3,,,BUY_SETUP,True,2021-01-19 00:00:00,2021-01-29 00:00:00,51.08,51.08,2021-01-29 00:00:00,2021-01-29 00:00:00,2021-02-01 00:00:00,2021-02-22 00:00:00,,,,,,,,,,,,2021-02-01 00:00:00,41.74,43.19,44.47,46.13,43.93,2845892744.0355,0.028406,-0.090779
000651SZ_2021-02-23T000000_BUY_COUNTDOWN_PROGRESS_1_2021-01-29T000000_4,2021-02-23 00:00:00,000651.SZ,1d,COUNTDOWN,BUY_COUNTDOWN_PROGRESS,1,4,,,BUY_SETUP,True,2021-01-19 00:00:00,2021-01-29 00:00:00,51.08,51.08,2021-01-29 00:00:00,2021-01-29 00:00:00,2021-02-01 00:00:00,2021-02-22 00:00:00,2021-02-23 00:00:00,,,,,,,,,,,2021-02-01 00:00:00,41.74,43.19,43.04,44.47,42.92,2872858619.761,0.027992,-0.08406
000651SZ_2021-02-24T000000_BUY_COUNTDOWN_PROGRESS_1_2021-01-29T000000_5,2021-02-24 00:00:00,000651.SZ,1d,COUNTDOWN,BUY_COUNTDOWN_PROGRESS,1,5,,,BUY_SETUP,True,2021-01-19 00:00:00,2021-01-29 00:00:00,51.08,51.08,2021-01-29 00:00:00,2021-01-29 00:00:00,2021-02-01 00:00:00,2021-02-22 00:00:00,2021-02-23 00:00:00,2021-02-24 00:00:00,,,,,,,,,,2021-02-01 00:00:00,41.74,43.19,43.27,44.2,42.99,2826586254.564,0.027944,-0.086167
000858SZ_2021-02-25T000000_SELL_COUNTDOWN_CANCEL_-1_2021-02-19T000000_0,2021-02-25 00:00:00,000858.SZ,1d,COUNTDOWN,SELL_COUNTDOWN_CANCEL,-1,0,,tdst_break_rule_4,SELL_SETUP,True,2021-02-02 00:00:00,2021-02-19 00:00:00,334.81,269.52,2021-02-19 00:00:00,,,,,,,,,,,,,,,,,,266.52,277.6,263.2,9112091188.2815,0.041623,-0.02438
600519SS_2021-03-02T000000_SELL_COUNTDOWN_CANCEL_-1_2021-02-19T000000_0,2021-03-02 00:00:00,600519.SS,1d,COUNTDOWN,SELL_COUNTDOWN_CANCEL,-1,0,,tdst_break_rule_4,SELL_SETUP,True,2021-02-02 00:00:00,2021-02-19 00:00:00,2413.67,1887.89,2021-02-19 00:00:00,,,,,,,,,,,,,,,,,,1843.79,1965.79,1818.79,11650538752.0,0.038218,-0.016535
601318SS_2021-03-02T000000_BUY_COUNTDOWN_PROGRESS_1_2021-01-28T000000_7,2021-03-02 00:00:00,601318.SS,1d,COUNTDOWN,BUY_COUNTDOWN_PROGRESS,1,7,,,BUY_SETUP,True,2021-01-18 00:00:00,2021-01-28 00:00:00,76.13,76.13,2021-01-28 00:00:00,2021-01-28 00:00:00,2021-01-29 00:00:00,2021-02-01 00:00:00,2021-02-02 00:00:00,2021-02-03 00:00:00,2021-02-09 00:00:00,2021-03-02 00:00:00,,,,,,,,2021-02-03 00:00:00,63.28,65.72,71.21,72.93,70.58,8886990412.8,0.025427,0.002675
600036SS_2021-03-03T000000_SELL_COUNTDOWN_PROGRESS_-1_2021-01-18T000000_8,2021-03-03 00:00:00,600036.SS,1d,COUNTDOWN,SELL_COUNTDOWN_PROGRESS,-1,8,,,SELL_SETUP,True,2021-01-06 00:00:00,2021-01-18 00:00:00,44.4,32.51,2021-01-18 00:00:00,2021-01-18 00:00:00,2021-02-01 00:00:00,2021-02-03 00:00:00,2021-02-04 00:00:00,2021-02-05 00:00:00,2021-02-08 00:00:00,2021-02-18 00:00:00,2021-03-03 00:00:00,43.28,,,,,,2021-03-03 00:00:00,40.11,43.49,43.28,43.49,40.11,4685581081.6,0.032527,0.02754
600036SS_2021-03-04T000000_SELL_COUNTDOWN_PROGRESS_-1_2021-01-18T000000_9,2021-03-04 00:00:00,600036.SS,1d,COUNTDOWN,SELL_COUNTDOWN_PROGRESS,-1,9,,,SELL_SETUP,True,2021-01-06 00:00:00,2021-01-18 00:00:00,44.4,32.51,2021-01-18 00:00:00,2021-01-18 00:00:00,2021-02-01 00:00:00,2021-02-03 00:00:00,2021-02-04 00:00:00,2021-02-05 00:00:00,2021-02-08 00:00:00,2021-02-18 00:00:00,2021-03-03 00:00:00,43.28,2021-03-04 00:00:00,,,,,2021-03-03 00:00:00,40.11,43.49,42.91,44.39,42.51,4771134387.2,0.032456,0.031242
000651SZ_2021-03-04T000000_BUY_COUNTDOWN_PROGRESS_1_2021-01-29T000000_6,2021-03-04 00:00:00,000651.SZ,1d,COUNTDOWN,BUY_COUNTDOWN_PROGRESS,1,6,,,BUY_SETUP,True,2021-01-19 00:00:00,2021-01-29 00:00:00,51.08,51.08,2021-01-29 00:00:00,2021-01-29 00:00:00,2021-02-01 00:00:00,2021-02-22 00:00:00,2021-02-23 00:00:00,2021-02-24 00:00:00,2021-03-04 00:00:00,,,,,,,,,2021-02-01 00:00:00,41.74,43.19,44.84,46.18,44.69,2817737823.3955,0.029867,0.060298
000651SZ_2021-03-05T000000_BUY_COUNTDOWN_PROGRESS_1_2021-01-29T000000_7,2021-03-05 00:00:00,000651.SZ,1d,COUNTDOWN,BUY_COUNTDOWN_PROGRESS,1,7,,,BUY_SETUP,True,2021-01-19 00:00:00,2021-01-29 00:00:00,51.08,51.08,2021-01-29 00:00:00,2021-01-29 00:00:00,2021-02-01 00:00:00,2021-02-22 00:00:00,2021-02-23 00:00:00,2021-02-24 00:00:00,2021-03-04 00:00:00,2021-03-05 00:00:00,,,,,,,,2021-02-01 00:00:00,41.74,43.19,44.12,44.59,43.57,2778847886.7555,0.030186,0.040075
601318SS_2021-03-08T000000_BUY_COUNTDOWN_PROGRESS_1_2021-01-28T000000_8,2021-03-08 00:00:00,601318.SS,1d,COUNTDOWN,BUY_COUNTDOWN_PROGRESS,1,8,,,BUY_SETUP,True,2021-01-18 00:00:00,2021-01-28 00:00:00,76.13,76.13,2021-01-28 00:00:00,2021-01-28 00:00:00,2021-01-29 00:00:00,2021-02-01 00:00:00,2021-02-02 00:00:00,2021-02-03 00:00:00,2021-02-09 00:00:00,2021-03-02 00:00:00,2021-03-08 00:00:00,72.93,,,,,,2021-02-03 00:00:00,63.28,65.72,72.93,75.76,72.73,9087288832.0,0.026106,0.102328
000651SZ_2021-03-08T000000_BUY_COUNTDOWN_PROGRESS_1_2021-01-29T000000_8,2021-03-08 00:00:00,000651.SZ,1d,COUNTDOWN,BUY_COUNTDOWN_PROGRESS,1,8,,,BUY_SETUP,True,2021-01-19 00:00:00,2021-01-29 00:00:00,51.08,51.08,2021-01-29 00:00:00,2021-01-29 00:00:00,2021-02-01 00:00:00,2021-02-22 00:00:00,2021-02-23 00:00:00,2021-02-24 00:00:00,2021-03-04 00:00:00,2021-03-05 00:00:00,2021-03-08 00:00:00,42.61,,,,,,2021-02-01 00:00:00,41.74,43.19,42.61,45.13,42.5,2837709897.0975,0.025867,-0.06598
601318SS_2021-03-10T000000_BUY_COUNTDOWN_PROGRESS_1_2021-01-28T000000_9,2021-03-10 00:00:00,601318.SS,1d,COUNTDOWN,BUY_COUNTDOWN_PROGRESS,1,9,,,BUY_SETUP,True,2021-01-18 00:00:00,2021-01-28 00:00:00,76.13,76.13,2021-01-28 00:00:00,2021-01-28 00:00:00,2021-01-29 00:00:00,2021-02-01 00:00:00,2021-02-02 00:00:00,2021-02-03 00:00:00,2021-02-09 00:00:00,2021-03-02 00:00:00,2021-03-08 00:00:00,72.93,2021-03-10 00:00:00,,,,,2021-02-03 00:00:00,63.28,65.72,71.26,72.61,71.1,8875882521.6,0.023747,0.054142
600036SS_2021-03-11T000000_SELL_COUNTDOWN_PROGRESS_-1_2021-01-18T000000_10,2021-03-11 00:00:00,600036.SS,1d,COUNTDOWN,SELL_COUNTDOWN_PROGRESS,-1,10,,,SELL_SETUP,True,2021-01-06 00:00:00,2021-01-18 00:00:00,44.4,32.51,2021-01-18 00:00:00,2021-01-18 00:00:00,2021-02-01 00:00:00,2021-02-03 00:00:00,2021-02-04 00:00:00,2021-02-05 00:00:00,2021-02-08 00:00:00,2021-02-18 00:00:00,2021-03-03 00:00:00,43.28,2021-03-04 00:00:00,2021-03-11 00:00:00,,,,2021-03-03 00:00:00,40.11,43.49,42.48,42.76,40.51,4761611276.8,0.036575,-0.061215
600036SS_2021-03-12T000000_SELL_COUNTDOWN_PROGRESS_-1_2021-01-18T000000_11,2021-03-12 00:00:00,600036.SS,1d,COUNTDOWN,SELL_COUNTDOWN_PROGRESS,-1,11,,,SELL_SETUP,True,2021-01-06 00:00:00,2021-01-18 00:00:00,44.4,32.51,2021-01-18 00:00:00,2021-01-18 00:00:00,2021-02-01 00:00:00,2021-02-03 00:00:00,2021-02-04 00:00:00,2021-02-05 00:00:00,2021-02-08 00:00:00,2021-02-18 00:00:00,2021-03-03 00:00:00,43.28,2021-03-04 00:00:00,2021-03-11 00:00:00,2021-03-12 00:00:00,,,2021-03-03 00:00:00,40.11,43.49,43.83,43.9,42.64,4672734144.0,0.037262,-0.042386
600036SS_2021-03-15T000000_SELL_COUNTDOWN_PROGRESS_-1_2021-01-18T000000_12,2021-03-15 00:00:00,600036.SS,1d,COUNTDOWN,SELL_COUNTDOWN_PROGRESS,-1,12,,,SELL_SETUP,True,2021-01-06 00:00:00,2021-01-18 00:00:00,44.4,32.51,2021-01-18 00:00:00,2021-01-18 00:00:00,2021-02-01 00:00:00,2021-02-03 00:00:00,2021-02-04 00:00:00,2021-02-05 00:00:00,2021-02-08 00:00:00,2021-02-18 00:00:00,2021-03-03 00:00:00,43.28,2021-03-04 00:00:00,2021-03-11 00:00:00,2021-03-12 00:00:00,2021-03-15 00:00:00,,2021-03-03 00:00:00,40.11,43.49,43.62,45.3,43.15,4700618099.2,0.037267,-0.046974
000651SZ_2021-03-15T000000_BUY_COUNTDOWN_PROGRESS_1_2021-01-29T000000_9,2021-03-15 00:00:00,000651.SZ,1d,COUNTDOWN,BUY_COUNTDOWN_PROGRESS,1,9,,,BUY_SETUP,True,2021-01-19 00:00:00,2021-01-29 00:00:00,51.08,51.08,2021-01-29 00:00:00,2021-01-29 00:00:00,2021-02-01 00:00:00,2021-02-22 00:00:00,2021-02-23 00:00:00,2021-02-24 00:00:00,2021-03-04 00:00:00,2021-03-05 00:00:00,2021-03-08 00:00:00,42.61,2021-03-15 00:00:00,,,,,2021-02-01 00:00:00,41.74,43.19,43.77,44.8,43.41,2751127050.45,0.027124,-0.027765
600036SS_2021-03-16T000000_SELL_COUNTDOWN_COMPLETE_PERFECT_-1_2021-01-18T000000_13,2021-03-16 00:00:00,600036.SS,1d,COUNTDOWN,SELL_COUNTDOWN_COMPLETE_PERFECT,-1,13,True,,SELL_SETUP,True,2021-01-06 00:00:00,2021-01-18 00:00:00,44.4,32.51,2021-01-18 00:00:00,2021-01-18 00:00:00,2021-02-01 00:00:00,2021-02-03 00:00:00,2021-02-04 00:00:00,2021-02-05 00:00:00,2021-02-08 00:00:00,2021-02-18 00:00:00,2021-03-03 00:00:00,43.28,2021-03-04 00:00:00,2021-03-11 00:00:00,2021-03-12 00:00:00,2021-03-15 00:00:00,2021-03-16 00:00:00,2021-03-03 00:00:00,40.11,43.49,44.83,45.76,44.01,4720905907.2,0.037681,-0.005104
601318SS_2021-03-17T000000_BUY_COUNTDOWN_PROGRESS_1_2021-01-28T000000_10,2021-03-17 00:00:00,601318.SS,1d,COUNTDOWN,BUY_COUNTDOWN_PROGRESS,1,10,,,BUY_SETUP,True,2021-01-18 00:00:00,2021-01-28 00:00:00,76.13,76.13,2021-01-28 00:00:00,2021-01-28 00:00:00,2021-01-29 00:00:00,2021-02-01 00:00:00,2021-02-02 00:00:00,2021-02-03 00:00:00,2021-02-09 00:00:00,2021-03-02 00:00:00,2021-03-08 00:00:00,72.93,2021-03-10 00:00:00,2021-03-17 00:00:00,,,,2021-02-03 00:00:00,63.28,65.72,70.52,72.98,70.39,8518829568.0,0.024769,0.002274
601318SS_2021-03-18T000000_BUY_COUNTDOWN_PROGRESS_1_2021-01-28T000000_11,2021-03-18 00:00:00,601318.SS,1d,COUNTDOWN,BUY_COUNTDOWN_PROGRESS,1,11,,,BUY_SETUP,True,2021-01-18 00:00:00,2021-01-28 00:00:00,76.13,76.13,2021-01-28 00:00:00,2021-01-28 00:00:00,2021-01-29 00:00:00,2021-02-01 00:00:00,2021-02-02 00:00:00,2021-02-03 00:00:00,2021-02-09 00:00:00,2021-03-02 00:00:00,2021-03-08 00:00:00,72.93,2021-03-10 00:00:00,2021-03-17 00:00:00,2021-03-18 00:00:00,,,2021-02-03 00:00:00,63.28,65.72,69.4,70.76,69.05,8245890329.6,0.024261,-0.038515
601318SS_2021-03-19T000000_BUY_COUNTDOWN_PROGRESS_1_2021-01-28T000000_12,2021-03-19 00:00:00,601318.SS,1d,COUNTDOWN,BUY_COUNTDOWN_PROGRESS,1,12,,,BUY_SETUP,True,2021-01-18 00:00:00,2021-01-28 00:00:00,76.13,76.13,2021-01-28 00:00:00,2021-01-28 00:00:00,2021-01-29 00:00:00,2021-02-01 00:00:00,2021-02-02 00:00:00,2021-02-03 00:00:00,2021-02-09 00:00:00,2021-03-02 00:00:00,2021-03-08 00:00:00,72.93,2021-03-10 00:00:00,2021-03-17 00:00:00,2021-03-18 00:00:00,2021-03-19 00:00:00,,2021-02-03 00:00:00,63.28,65.72,67.62,69.28,67.49,8110881561.6,0.024633,-0.047337
000651SZ_2021-03-19T000000_BUY_COUNTDOWN_PROGRESS_1_2021-01-29T000000_10,2021-03-19 00:00:00,000651.SZ,1d,COUNTDOWN,BUY_COUNTDOWN_PROGRESS,1,10,,,BUY_SETUP,True,2021-01-19 00:00:00,2021-01-29 00:00:00,51.08,51.08,2021-01-29 00:00:00,2021-01-29 00:00:00,2021-02-01 00:00:00,2021-02-22 00:00:00,2021-02-23 00:00:00,2021-02-24 00:00:00,2021-03-04 00:00:00,2021-03-05 00:00:00,2021-03-08 00:00:00,42.61,2021-03-15 00:00:00,2021-03-19 00:00:00,,,,2021-02-01 00:00:00,41.74,43.19,45.99,47.99,45.65,2945061175.838,0.030199,0.03418
601318SS_2021-03-22T000000_BUY_COUNTDOWN_COMPLETE_PERFECT_1_2021-01-28T000000_13,2021-03-22 00:00:00,601318.SS,1d,COUNTDOWN,BUY_COUNTDOWN_COMPLETE_PERFECT,1,13,True,,BUY_SETUP,True,2021-01-18 00:00:00,2021-01-28 00:00:00,76.13,76.13,2021-01-28 00:00:00,2021-01-28 00:00:00,2021-01-29 00:00:00,2021-02-01 00:00:00,2021-02-02 00:00:00,2021-02-03 00:00:00,2021-02-09 00:00:00,2021-03-02 00:00:00,2021-03-08 00:00:00,72.93,2021-03-10 00:00:00,2021-03-17 00:00:00,2021-03-18 00:00:00,2021-03-19 00:00:00,2021-03-22 00:00:00,2021-02-03 00:00:00,63.28,65.72,67.8,68.25,67.51,7853861145.6,0.024176,-0.062241
000651SZ_2021-03-22T000000_BUY_COUNTDOWN_PROGRESS_1_2021-01-29T000000_11,2021-03-22 00:00:00,000651.SZ,1d,COUNTDOWN,BUY_COUNTDOWN_PROGRESS,1,11,,,BUY_SETUP,True,2021-01-19 00:00:00,2021-01-29 00:00:00,51.08,51.08,2021-01-29 00:00:00,2021-01-29 00:00:00,2021-02-01 00:00:00,2021-02-22 00:00:00,2021-02-23 00:00:00,2021-02-24 00:00:00,2021-03-04 00:00:00,2021-03-05 00:00:00,2021-03-08 00:00:00,42.61,2021-03-15 00:00:00,2021-03-19 00:00:00,2021-03-22 00:00:00,,,2021-02-01 00:00:00,41.74,43.19,46.93,47.18,45.59,2885732445.6505,0.029318,0.090381
000651SZ_2021-04-06T000000_BUY_COUNTDOWN_PROGRESS_1_2021-01-29T000000_12,2021-04-06 00:00:00,000651.SZ,1d,COUNTDOWN,BUY_COUNTDOWN_PROGRESS,1,12,,,BUY_SETUP,True,2021-01-19 00:00:00,2021-01-29 00:00:00,51.08,51.08,2021-01-29 00:00:00,2021-01-29 00:00:00,2021-02-01 00:00:00,2021-02-22 00:00:00,2021-02-23 00:00:00,2021-02-24 00:00:00,2021-03-04 00:00:00,2021-03-05 00:00:00,2021-03-08 00:00:00,42.61,2021-03-15 00:00:00,2021-03-19 00:00:00,2021-03-22 00:00:00,2021-04-06 00:00:00,,2021-02-01 00:00:00,41.74,43.19,47.32,48.68,46.99,2390253757.3205,0.022176,0.075699
000651SZ_2021-04-07T000000_BUY_COUNTDOWN_COMPLETE_1_2021-01-29T000000_13,2021-04-07 00:00:00,000651.SZ,1d,COUNTDOWN,BUY_COUNTDOWN_COMPLETE,1,13,False,,BUY_SETUP,True,2021-01-19 00:00:00,2021-01-29 00:00:00,51.08,51.08,2021-01-29 00:00:00,2021-01-29 00:00:00,2021-02-01 00:00:00,2021-02-22 00:00:00,2021-02-23 00:00:00,2021-02-24 00:00:00,2021-03-04 00:00:00,2021-03-05 00:00:00,2021-03-08 00:00:00,42.61,2021-03-15 00:00:00,2021-03-19 00:00:00,2021-03-22 00:00:00,2021-04-06 00:00:00,2021-04-07 00:00:00,2021-02-01 00:00:00,41.74,43.19,47.67,48.09,46.87,2291030522.891,0.022068,0.068594
600519SS_2021-04-08T000000_SELL_SETUP_-1_2021-04-08T000000_9,2021-04-08 00:00:00,600519.SS,1d,SETUP,SELL_SETUP,-1,9,False,,SELL_SETUP,False,2021-03-26 00:00:00,2021-04-08 00:00:00,,,,,,,,,,,,,,,,,,,,,,,,7898754483.2,0.023758,0.011997
601318SS_2021-04-13T000000_BUY_SETUP_PERFECT_1_2021-04-13T000000_9,2021-04-13 00:00:00,601318.SS,1d,SETUP,BUY_SETUP_PERFECT,1,9,True,,BUY_SETUP,True,2021-03-31 00:00:00,2021-04-13 00:00:00,,,,,,,,,,,,,,,,,,,,,,,,4508421990.4,0.012589,-0.120469
601318SS_2021-04-13T000000_BUY_COUNTDOWN_PROGRESS_1_2021-04-13T000000_1,2021-04-13 00:00:00,601318.SS,1d,COUNTDOWN,BUY_COUNTDOWN_PROGRESS,1,1,,,BUY_SETUP,True,2021-03-31 00:00:00,2021-04-13 00:00:00,67.53,67.53,2021-04-13 00:00:00,2021-04-13 00:00:00,,,,,,,,,,,,,,2021-04-13 00:00:00,64.18,65.8,64.54,65.8,64.18,4508421990.4,0.012589,-0.120469
600519SS_2021-04-14T000000_SELL_COUNTDOWN_PROGRESS_-1_2021-04-08T000000_1,2021-04-14 00:00:00,600519.SS,1d,COUNTDOWN,SELL_COUNTDOWN_PROGRESS,-1,1,,,SELL_SETUP,False,2021-03-26 00:00:00,2021-04-08 00:00:00,1950.79,1743.79,2021-04-08 00:00:00,2021-04-14 00:00:00,,,,,,,,,,,,,,2021-04-14 00:00:00,1801.79,1833.79,1832.79,1833.79,1801.79,7096407500.8,0.023289,0.009162
601318SS_2021-04-15T000000_BUY_COUNTDOWN_PROGRESS_1_2021-04-13T000000_2,2021-04-15 00:00:00,601318.SS,1d,COUNTDOWN,BUY_COUNTDOWN_PROGRESS,1,2,,,BUY_SETUP,True,2021-03-31 00:00:00,2021-04-13 00:00:00,67.53,67.53,2021-04-13 00:00:00,2021-04-13 00:00:00,2021-04-15 00:00:00,,,,,,,,,,,,,2021-04-15 00:00:00,63.16,64.38,63.79,64.38,63.16,4281026201.6,0.010822,-0.080836
000651SZ_2021-04-15T000000_BUY_SETUP_1_2021-04-15T000000_9,2021-04-15 00:00:00,000651.SZ,1d,SETUP,BUY_SETUP,1,9,False,,BUY_SETUP,False,2021-04-02 00:00:00,2021-04-15 00:00:00,,,,,,,,,,,,,,,,,,,,,,,,1951987185.5255,0.018037,-0.040627
600519SS_2021-04-16T000000_SELL_COUNTDOWN_PROGRESS_-1_2021-04-08T000000_2,2021-04-16 00:00:00,600519.SS,1d,COUNTDOWN,SELL_COUNTDOWN_PROGRESS,-1,2,,,SELL_SETUP,False,2021-03-26 00:00:00,2021-04-08 00:00:00,1950.79,1743.79,2021-04-08 00:00:00,2021-04-14 00:00:00,2021-04-16 00:00:00,,,,,,,,,,,,,2021-04-16 00:00:00,1797.79,1853.79,1840.77,1853.79,1797.79,7083306393.6,0.022405,0.025047
601318SS_2021-04-16T000000_BUY_COUNTDOWN_PROGRESS_1_2021-04-13T000000_3,2021-04-16 00:00:00,601318.SS,1d,COUNTDOWN,BUY_COUNTDOWN_PROGRESS,1,3,,,BUY_SETUP,True,2021-03-31 00:00:00,2021-04-13 00:00:00,67.53,67.53,2021-04-13 00:00:00,2021-04-13 00:00:00,2021-04-15 00:00:00,2021-04-16 00:00:00,,,,,,,,,,,,2021-04-16 00:00:00,62.98,63.86,63.68,63.86,62.98,4161539161.6,0.009595,-0.058267
600036SS_2021-04-16T000000_BUY_SETUP_PERFECT_1_2021-04-16T000000_9,2021-04-16 00:00:00,600036.SS,1d,SETUP,BUY_SETUP_PERFECT,1,9,True,,BUY_SETUP,True,2021-04-06 00:00:00,2021-04-16 00:00:00,,,,,,,,,,,,,,,,,,,,,,,,2753611699.2,0.016588,-0.047788
600519SS_2021-04-19T000000_SELL_COUNTDOWN_PROGRESS_-1_2021-04-08T000000_3,2021-04-19 00:00:00,600519.SS,1d,COUNTDOWN,SELL_COUNTDOWN_PROGRESS,-1,3,,,SELL_SETUP,False,2021-03-26 00:00:00,2021-04-08 00:00:00,1950.79,1743.79,2021-04-08 00:00:00,2021-04-14 00:00:00,2021-04-16 00:00:00,2021-04-19 00:00:00,,,,,,,,,,,,2021-04-16 00:00:00,1797.79,1853.79,1873.79,1884.15,1818.79,7053259187.2,0.022479,0.055193
600519SS_2021-04-20T000000_SELL_COUNTDOWN_PROGRESS_-1_2021-04-08T000000_4,2021-04-20 00:00:00,600519.SS,1d,COUNTDOWN,SELL_COUNTDOWN_PROGRESS,-1,4,,,SELL_SETUP,False,2021-03-26 00:00:00,2021-04-08 00:00:00,1950.79,1743.79,2021-04-08 00:00:00,2021-04-14 00:00:00,2021-04-16 00:00:00,2021-04-19 00:00:00,2021-04-20 00:00:00,,,,,,,,,,,2021-04-16 00:00:00,1797.79,1853.79,1880.59,1914.79,1855.79,6984573107.2,0.022479,0.05545
600036SS_2021-04-20T000000_BUY_COUNTDOWN_CANCEL_1_2021-04-16T000000_0,2021-04-20 00:00:00,600036.SS,1d,COUNTDOWN,BUY_COUNTDOWN_CANCEL,1,0,,tdst_break_rule_4,BUY_SETUP,True,2021-04-06 00:00:00,2021-04-16 00:00:00,42.34,42.34,2021-04-16 00:00:00,,,,,,,,,,,,,,,,,,42.5,42.7,41.52,2603240441.6,0.017059,-0.033871
000651SZ_2021-04-20T000000_BUY_COUNTDOWN_PROGRESS_1_2021-04-15T000000_1,2021-04-20 00:00:00,000651.SZ,1d,COUNTDOWN,BUY_COUNTDOWN_PROGRESS,1,1,,,BUY_SETUP,False,2021-04-02 00:00:00,2021-04-15 00:00:00,49.49,49.49,2021-04-15 00:00:00,2021-04-20 00:00:00,,,,,,,,,,,,,,2021-04-20 00:00:00,45.64,46.81,45.97,46.81,45.64,1803295709.335,0.013502,-0.030169
000651SZ_2021-04-21T000000_BUY_COUNTDOWN_PROGRESS_1_2021-04-15T000000_2,2021-04-21 00:00:00,000651.SZ,1d,COUNTDOWN,BUY_COUNTDOWN_PROGRESS,1,2,,,BUY_SETUP,False,2021-04-02 00:00:00,2021-04-15 00:00:00,49.49,49.49,2021-04-15 00:00:00,2021-04-20 00:00:00,2021-04-21 00:00:00,,,,,,,,,,,,,2021-04-21 00:00:00,45.06,45.97,45.61,45.97,45.06,1751422356.763,0.013575,-0.036544
000651SZ_2021-04-22T000000_BUY_COUNTDOWN_PROGRESS_1_2021-04-15T000000_3,2021-04-22 00:00:00,000651.SZ,1d,COUNTDOWN,BUY_COUNTDOWN_PROGRESS,1,3,,,BUY_SETUP,False,2021-04-02 00:00:00,2021-04-15 00:00:00,49.49,49.49,2021-04-15 00:00:00,2021-04-20 00:00:00,2021-04-21 00:00:00,2021-04-22 00:00:00,,,,,,,,,,,,2021-04-22 00:00:00,44.75,45.89,45.1,45.89,44.75,1731090534.258,0.013716,-0.047921
600519SS_2021-04-23T000000_SELL_COUNTDOWN_PROGRESS_-1_2021-04-08T000000_5,2021-04-23 00:00:00,600519.SS,1d,COUNTDOWN,SELL_COUNTDOWN_PROGRESS,-1,5,,,SELL_SETUP,False,2021-03-26 00:00:00,2021-04-08 00:00:00,1950.79,1743.79,2021-04-08 00:00:00,2021-04-14 00:00:00,2021-04-16 00:00:00,2021-04-19 00:00:00,2021-04-20 00:00:00,2021-04-23 00:00:00,,,,,,,,,,2021-04-16 00:00:00,1797.79,1853.79,1894.73,1905.67,1838.29,7007274854.4,0.02294,0.053336
601318SS_2021-04-26T000000_BUY_COUNTDOWN_PROGRESS_1_2021-04-13T000000_4,2021-04-26 00:00:00,601318.SS,1d,COUNTDOWN,BUY_COUNTDOWN_PROGRESS,1,4,,,BUY_SETUP,True,2021-03-31 00:00:00,2021-04-13 00:00:00,67.53,67.53,2021-04-13 00:00:00,2021-04-13 00:00:00,2021-04-15 00:00:00,2021-04-16 00:00:00,2021-04-26 00:00:00,,,,,,,,,,,2021-04-26 00:00:00,62.13,63.4,62.26,63.4,62.13,4262089843.2,0.009298,-0.072269
000651SZ_2021-04-26T000000_BUY_COUNTDOWN_PROGRESS_1_2021-04-15T000000_4,2021-04-26 00:00:00,000651.SZ,1d,COUNTDOWN,BUY_COUNTDOWN_PROGRESS,1,4,,,BUY_SETUP,False,2021-04-02 00:00:00,2021-04-15 00:00:00,49.49,49.49,2021-04-15 00:00:00,2021-04-20 00:00:00,2021-04-21 00:00:00,2021-04-22 00:00:00,2021-04-26 00:00:00,,,,,,,,,,,2021-04-26 00:00:00,44.44,45.98,44.49,45.98,44.44,1744172296.428,0.014585,-0.081923
601318SS_2021-04-27T000000_BUY_COUNTDOWN_PROGRESS_1_2021-04-13T000000_5,2021-04-27 00:00:00,601318.SS,1d,COUNTDOWN,BUY_COUNTDOWN_PROGRESS,1,5,,,BUY_SETUP,True,2021-03-31 00:00:00,2021-04-13 00:00:00,67.53,67.53,2021-04-13 00:00:00,2021-04-13 00:00:00,2021-04-15 00:00:00,2021-04-16 00:00:00,2021-04-26 00:00:00,2021-04-27 00:00:00,,,,,,,,,,2021-04-27 00:00:00,61.4,62.83,62.64,62.83,61.4,4288059814.4,0.009421,-0.069933
000651SZ_2021-04-27T000000_BUY_COUNTDOWN_PROGRESS_1_2021-04-15T000000_5,2021-04-27 00:00:00,000651.SZ,1d,COUNTDOWN,BUY_COUNTDOWN_PROGRESS,1,5,,,BUY_SETUP,False,2021-04-02 00:00:00,2021-04-15 00:00:00,49.49,49.49,2021-04-15 00:00:00,2021-04-20 00:00:00,2021-04-21 00:00:00,2021-04-22 00:00:00,2021-04-26 00:00:00,2021-04-27 00:00:00,,,,,,,,,,2021-04-27 00:00:00,43.51,44.72,43.97,44.72,43.51,1708569363.466,0.014661,-0.085673
000858SZ_2021-04-28T000000_SELL_SETUP_-1_2021-04-28T000000_9,2021-04-28 00:00:00,000858.SZ,1d,SETUP,SELL_SETUP,-1,9,False,,SELL_SETUP,False,2021-04-16 00:00:00,2021-04-28 00:00:00,,,,,,,,,,,,,,,,,,,,,,,,4767833414.438,0.024386,0.071743
000651SZ_2021-04-28T000000_BUY_COUNTDOWN_PROGRESS_1_2021-04-15T000000_6,2021-04-28 00:00:00,000651.SZ,1d,COUNTDOWN,BUY_COUNTDOWN_PROGRESS,1,6,,,BUY_SETUP,False,2021-04-02 00:00:00,2021-04-15 00:00:00,49.49,49.49,2021-04-15 00:00:00,2021-04-20 00:00:00,2021-04-21 00:00:00,2021-04-22 00:00:00,2021-04-26 00:00:00,2021-04-27 00:00:00,2021-04-28 00:00:00,,,,,,,,,2021-04-28 00:00:00,43.38,44.65,44.05,44.65,43.38,1703801155.0685,0.014193,-0.095297
000858SZ_2021-04-29T000000_SELL_COUNTDOWN_PROGRESS_-1_2021-04-28T000000_1,2021-04-29 00:00:00,000858.SZ,1d,COUNTDOWN,SELL_COUNTDOWN_PROGRESS,-1,1,,,SELL_SETUP,False,2021-04-16 00:00:00,2021-04-28 00:00:00,263.51,231.12,2021-04-28 00:00:00,2021-04-29 00:00:00,,,,,,,,,,,,,,2021-04-29 00:00:00,258.93,268.62,267.12,268.62,258.93,4885708327.458,0.024206,0.065497
601318SS_2021-05-06T000000_BUY_COUNTDOWN_PROGRESS_1_2021-04-13T000000_6,2021-05-06 00:00:00,601318.SS,1d,COUNTDOWN,BUY_COUNTDOWN_PROGRESS,1,6,,,BUY_SETUP,True,2021-03-31 00:00:00,2021-04-13 00:00:00,67.53,67.53,2021-04-13 00:00:00,2021-04-13 00:00:00,2021-04-15 00:00:00,2021-04-16 00:00:00,2021-04-26 00:00:00,2021-04-27 00:00:00,2021-05-06 00:00:00,,,,,,,,,2021-05-06 00:00:00,59.73,61.17,59.9,61.17,59.73,4493644608.0,0.012353,-0.106104
600519SS_2021-05-07T000000_SELL_COUNTDOWN_CANCEL_-1_2021-04-08T000000_5,2021-05-07 00:00:00,600519.SS,1d,COUNTDOWN,SELL_COUNTDOWN_CANCEL,-1,5,,tdst_break_rule_4,SELL_SETUP,False,2021-03-26 00:00:00,2021-04-08 00:00:00,1950.79,1743.79,2021-04-08 00:00:00,2021-04-14 00:00:00,2021-04-16 00:00:00,2021-04-19 00:00:00,2021-04-20 00:00:00,2021-04-23 00:00:00,,,,,,,,,,2021-04-16 00:00:00,1797.79,1853.79,1688.79,1753.77,1686.79,7294757350.4,0.017606,-0.085554
601318SS_2021-05-07T000000_BUY_COUNTDOWN_PROGRESS_1_2021-04-13T000000_7,2021-05-07 00:00:00,601318.SS,1d,COUNTDOWN,BUY_COUNTDOWN_PROGRESS,1,7,,,BUY_SETUP,True,2021-03-31 00:00:00,2021-04-13 00:00:00,67.53,67.53,2021-04-13 00:00:00,2021-04-13 00:00:00,2021-04-15 00:00:00,2021-04-16 00:00:00,2021-04-26 00:00:00,2021-04-27 00:00:00,2021-05-06 00:00:00,2021-05-07 00:00:00,,,,,,,,2021-05-07 00:00:00,59.39,60.46,59.47,60.46,59.39,4552807372.8,0.01234,-0.104772
601318SS_2021-05-10T000000_BUY_SETUP_PERFECT_1_2021-05-10T000000_9,2021-05-10 00:00:00,601318.SS,1d,SETUP,BUY_SETUP_PERFECT,1,9,True,,BUY_SETUP,True,2021-04-23 00:00:00,2021-05-10 00:00:00,,,,,,,,,,,,,,,,,,,,,,,,4549806592.0,0.01223,-0.108242
601318SS_2021-05-10T000000_BUY_COUNTDOWN_CANCEL_1_2021-04-13T000000_7,2021-05-10 00:00:00,601318.SS,1d,COUNTDOWN,BUY_COUNTDOWN_CANCEL,1,7,,same_setup,BUY_SETUP,True,2021-03-31 00:00:00,2021-04-13 00:00:00,67.53,67.53,2021-04-13 00:00:00,2021-04-13 00:00:00,2021-04-15 00:00:00,2021-04-16 00:00:00,2021-04-26 00:00:00,2021-04-27 00:00:00,2021-05-06 00:00:00,2021-05-07 00:00:00,,,,,,,,2021-05-07 00:00:00,59.39,60.46,59.4,59.86,58.87,4549806592.0,0.01223,-0.108242
601318SS_2021-05-10T000000_BUY_COUNTDOWN_PROGRESS_1_2021-05-10T000000_1,2021-05-10 00:00:00,601318.SS,1d,COUNTDOWN,BUY_COUNTDOWN_PROGRESS,1,1,,,BUY_SETUP,True,2021-04-23 00:00:00,2021-05-10 00:00:00,64.95,64.95,2021-05-10 00:00:00,2021-05-10 00:00:00,,,,,,,,,,,,,,2021-05-10 00:00:00,58.87,59.86,59.4,59.86,58.87,4549806592.0,0.01223,-0.108242
000858SZ_2021-05-12T000000_SELL_COUNTDOWN_PROGRESS_-1_2021-04-28T000000_2,2021-05-12 00:00:00,000858.SZ,1d,COUNTDOWN,SELL_COUNTDOWN_PROGRESS,-1,2,,,SELL_SETUP,False,2021-04-16 00:00:00,2021-04-28 00:00:00,263.51,231.12,2021-04-28 00:00:00,2021-04-29 00:00:00,2021-05-12 00:00:00,,,,,,,,,,,,,2021-05-12 00:00:00,251.62,257.2,255.13,257.2,251.62,4750807262.73,0.022766,0.069234
000858SZ_2021-05-13T000000_SELL_COUNTDOWN_PROGRESS_-1_2021-04-28T000000_3,2021-05-13 00:00:00,000858.SZ,1d,COUNTDOWN,SELL_COUNTDOWN_PROGRESS,-1,3,,,SELL_SETUP,False,2021-04-16 00:00:00,2021-04-28 00:00:00,263.51,231.12,2021-04-28 00:00:00,2021-04-29 00:00:00,2021-05-12 00:00:00,2021-05-13 00:00:00,,,,,,,,,,,,2021-05-13 00:00:00,250.12,256.17,253.62,256.17,250.12,4709564564.333,0.022842,0.054465
601318SS_2021-05-13T000000_BUY_COUNTDOWN_PROGRESS_1_2021-05-10T000000_2,2021-05-13 00:00:00,601318.SS,1d,COUNTDOWN,BUY_COUNTDOWN_PROGRESS,1,2,,,BUY_SETUP,True,2021-04-23 00:00:00,2021-05-10 00:00:00,64.95,64.95,2021-05-10 00:00:00,2021-05-10 00:00:00,2021-05-13 00:00:00,,,,,,,,,,,,,2021-05-13 00:00:00,58.25,59.2,58.51,59.2,58.25,4459154918.4,0.011874,-0.09343
000651SZ_2021-05-13T000000_BUY_COUNTDOWN_PROGRESS_1_2021-04-15T000000_7,2021-05-13 00:00:00,000651.SZ,1d,COUNTDOWN,BUY_COUNTDOWN_PROGRESS,1,7,,,BUY_SETUP,False,2021-04-02 00:00:00,2021-04-15 00:00:00,49.49,49.49,2021-04-15 00:00:00,2021-04-20 00:00:00,2021-04-21 00:00:00,2021-04-22 00:00:00,2021-04-26 00:00:00,2021-04-27 00:00:00,2021-04-28 00:00:00,2021-05-13 00:00:00,,,,,,,,2021-05-13 00:00:00,43.24,44.69,43.37,44.69,43.24,2082144349.594,0.016555,-0.039637
000858SZ_2021-05-14T000000_SELL_COUNTDOWN_PROGRESS_-1_2021-04-28T000000_4,2021-05-14 00:00:00,000858.SZ,1d,COUNTDOWN,SELL_COUNTDOWN_PROGRESS,-1,4,,,SELL_SETUP,False,2021-04-16 00:00:00,2021-04-28 00:00:00,263.51,231.12,2021-04-28 00:00:00,2021-04-29 00:00:00,2021-05-12 00:00:00,2021-05-13 00:00:00,2021-05-14 00:00:00,,,,,,,,,,,2021-05-13 00:00:00,250.12,256.17,264.62,266.02,252.8,4836430758.3045,0.024555,0.096189
000651SZ_2021-05-14T000000_BUY_COUNTDOWN_PROGRESS_1_2021-04-15T000000_8,2021-05-14 00:00:00,000651.SZ,1d,COUNTDOWN,BUY_COUNTDOWN_PROGRESS,1,8,,,BUY_SETUP,False,2021-04-02 00:00:00,2021-04-15 00:00:00,49.49,49.49,2021-04-15 00:00:00,2021-04-20 00:00:00,2021-04-21 00:00:00,2021-04-22 00:00:00,2021-04-26 00:00:00,2021-04-27 00:00:00,2021-04-28 00:00:00,2021-05-13 00:00:00,2021-05-14 00:00:00,43.73,,,,,,2021-05-14 00:00:00,42.57,43.74,43.73,43.74,42.57,2137812331.2315,0.016163,-0.047484
000858SZ_2021-05-17T000000_SELL_COUNTDOWN_PROGRESS_-1_2021-04-28T000000_5,2021-05-17 00:00:00,000858.SZ,1d,COUNTDOWN,SELL_COUNTDOWN_PROGRESS,-1,5,,,SELL_SETUP,False,2021-04-16 00:00:00,2021-04-28 00:00:00,263.51,231.12,2021-04-28 00:00:00,2021-04-29 00:00:00,2021-05-12 00:00:00,2021-05-13 00:00:00,2021-05-14 00:00:00,2021-05-17 00:00:00,,,,,,,,,,2021-05-13 00:00:00,250.12,256.17,274.81,282.29,265.84,5059257520.873,0.023885,0.17732
000858SZ_2021-05-18T000000_SELL_COUNTDOWN_PROGRESS_-1_2021-04-28T000000_6,2021-05-18 00:00:00,000858.SZ,1d,COUNTDOWN,SELL_COUNTDOWN_PROGRESS,-1,6,,,SELL_SETUP,False,2021-04-16 00:00:00,2021-04-28 00:00:00,263.51,231.12,2021-04-28 00:00:00,2021-04-29 00:00:00,2021-05-12 00:00:00,2021-05-13 00:00:00,2021-05-14 00:00:00,2021-05-17 00:00:00,2021-05-18 00:00:00,,,,,,,,,2021-05-13 00:00:00,250.12,256.17,277.12,277.62,271.92,4914393547.904,0.023555,0.157464
601318SS_2021-05-19T000000_BUY_COUNTDOWN_PROGRESS_1_2021-05-10T000000_3,2021-05-19 00:00:00,601318.SS,1d,COUNTDOWN,BUY_COUNTDOWN_PROGRESS,1,3,,,BUY_SETUP,True,2021-04-23 00:00:00,2021-05-10 00:00:00,64.95,64.95,2021-05-10 00:00:00,2021-05-10 00:00:00,2021-05-13 00:00:00,2021-05-19 00:00:00,,,,,,,,,,,,2021-05-13 00:00:00,58.25,59.2,59.34,60.07,59.26,4414275660.8,0.014528,-0.075125
000651SZ_2021-05-19T000000_BUY_COUNTDOWN_PROGRESS_1_2021-04-15T000000_9,2021-05-19 00:00:00,000651.SZ,1d,COUNTDOWN,BUY_COUNTDOWN_PROGRESS,1,9,,,BUY_SETUP,False,2021-04-02 00:00:00,2021-04-15 00:00:00,49.49,49.49,2021-04-15 00:00:00,2021-04-20 00:00:00,2021-04-21 00:00:00,2021-04-22 00:00:00,2021-04-26 00:00:00,2021-04-27 00:00:00,2021-04-28 00:00:00,2021-05-13 00:00:00,2021-05-14 00:00:00,43.73,2021-05-19 00:00:00,,,,,2021-05-14 00:00:00,42.57,43.74,43.4,43.91,43.2,2073293429.2725,0.016086,-0.074035
000858SZ_2021-05-20T000000_SELL_COUNTDOWN_PROGRESS_-1_2021-04-28T000000_7,2021-05-20 00:00:00,000858.SZ,1d,COUNTDOWN,SELL_COUNTDOWN_PROGRESS,-1,7,,,SELL_SETUP,False,2021-04-16 00:00:00,2021-04-28 00:00:00,263.51,231.12,2021-04-28 00:00:00,2021-04-29 00:00:00,2021-05-12 00:00:00,2021-05-13 00:00:00,2021-05-14 00:00:00,2021-05-17 00:00:00,2021-05-18 00:00:00,2021-05-20 00:00:00,,,,,,,,2021-05-13 00:00:00,250.12,256.17,281.13,285.6,279.18,4890039180.4435,0.023524,0.145739
000651SZ_2021-05-24T000000_BUY_COUNTDOWN_PROGRESS_1_2021-04-15T000000_10,2021-05-24 00:00:00,000651.SZ,1d,COUNTDOWN,BUY_COUNTDOWN_PROGRESS,1,10,,,BUY_SETUP,False,2021-04-02 00:00:00,2021-04-15 00:00:00,49.49,49.49,2021-04-15 00:00:00,2021-04-20 00:00:00,2021-04-21 00:00:00,2021-04-22 00:00:00,2021-04-26 00:00:00,2021-04-27 00:00:00,2021-04-28 00:00:00,2021-05-13 00:00:00,2021-05-14 00:00:00,43.73,2021-05-19 00:00:00,2021-05-24 00:00:00,,,,2021-05-14 00:00:00,42.57,43.74,42.79,43.23,42.66,2083777719.437,0.016373,-0.05122
000858SZ_2021-05-25T000000_SELL_COUNTDOWN_PROGRESS_-1_2021-04-28T000000_8,2021-05-25 00:00:00,000858.SZ,1d,COUNTDOWN,SELL_COUNTDOWN_PROGRESS,-1,8,,,SELL_SETUP,False,2021-04-16 00:00:00,2021-04-28 00:00:00,263.51,231.12,2021-04-28 00:00:00,2021-04-29 00:00:00,2021-05-12 00:00:00,2021-05-13 00:00:00,2021-05-14 00:00:00,2021-05-17 00:00:00,2021-05-18 00:00:00,2021-05-20 00:00:00,2021-05-25 00:00:00,300.65,,,,,,2021-05-13 00:00:00,250.12,256.17,300.65,300.68,282.54,5256655063.3335,0.027513,0.167029
000651SZ_2021-05-25T000000_BUY_COUNTDOWN_PROGRESS_1_2021-04-15T000000_11,2021-05-25 00:00:00,000651.SZ,1d,COUNTDOWN,BUY_COUNTDOWN_PROGRESS,1,11,,,BUY_SETUP,False,2021-04-02 00:00:00,2021-04-15 00:00:00,49.49,49.49,2021-04-15 00:00:00,2021-04-20 00:00:00,2021-04-21 00:00:00,2021-04-22 00:00:00,2021-04-26 00:00:00,2021-04-27 00:00:00,2021-04-28 00:00:00,2021-05-13 00:00:00,2021-05-14 00:00:00,43.73,2021-05-19 00:00:00,2021-05-24 00:00:00,2021-05-25 00:00:00,,,2021-05-25 00:00:00,40.69,42.49,41.88,42.49,40.69,2316491040.94,0.016287,-0.08559
000858SZ_2021-05-26T000000_SELL_COUNTDOWN_PROGRESS_-1_2021-04-28T000000_9,2021-05-26 00:00:00,000858.SZ,1d,COUNTDOWN,SELL_COUNTDOWN_PROGRESS,-1,9,,,SELL_SETUP,False,2021-04-16 00:00:00,2021-04-28 00:00:00,263.51,231.12,2021-04-28 00:00:00,2021-04-29 00:00:00,2021-05-12 00:00:00,2021-05-13 00:00:00,2021-05-14 00:00:00,2021-05-17 00:00:00,2021-05-18 00:00:00,2021-05-20 00:00:00,2021-05-25 00:00:00,300.65,2021-05-26 00:00:00,,,,,2021-05-13 00:00:00,250.12,256.17,296.62,301.63,293.62,5273193727.0525,0.027223,0.174175
000651SZ_2021-05-26T000000_BUY_COUNTDOWN_PROGRESS_1_2021-04-15T000000_12,2021-05-26 00:00:00,000651.SZ,1d,COUNTDOWN,BUY_COUNTDOWN_PROGRESS,1,12,,,BUY_SETUP,False,2021-04-02 00:00:00,2021-04-15 00:00:00,49.49,49.49,2021-04-15 00:00:00,2021-04-20 00:00:00,2021-04-21 00:00:00,2021-04-22 00:00:00,2021-04-26 00:00:00,2021-04-27 00:00:00,2021-04-28 00:00:00,2021-05-13 00:00:00,2021-05-14 00:00:00,43.73,2021-05-19 00:00:00,2021-05-24 00:00:00,2021-05-25 00:00:00,2021-05-26 00:00:00,,2021-05-25 00:00:00,40.69,42.49,42.18,42.36,41.31,2366301542.7745,0.015445,-0.051922
601318SS_2021-05-31T000000_BUY_COUNTDOWN_PROGRESS_1_2021-05-10T000000_4,2021-05-31 00:00:00,601318.SS,1d,COUNTDOWN,BUY_COUNTDOWN_PROGRESS,1,4,,,BUY_SETUP,True,2021-04-23 00:00:00,2021-05-10 00:00:00,64.95,64.95,2021-05-10 00:00:00,2021-05-10 00:00:00,2021-05-13 00:00:00,2021-05-19 00:00:00,2021-05-31 00:00:00,,,,,,,,,,,2021-05-13 00:00:00,58.25,59.2,61.17,62.17,60.84,4150147328.0,0.017647,-0.031967
000651SZ_2021-05-31T000000_BUY_COUNTDOWN_COMPLETE_PERFECT_1_2021-04-15T000000_13,2021-05-31 00:00:00,000651.SZ,1d,COUNTDOWN,BUY_COUNTDOWN_COMPLETE_PERFECT,1,13,True,,BUY_SETUP,False,2021-04-02 00:00:00,2021-04-15 00:00:00,49.49,49.49,2021-04-15 00:00:00,2021-04-20 00:00:00,2021-04-21 00:00:00,2021-04-22 00:00:00,2021-04-26 00:00:00,2021-04-27 00:00:00,2021-04-28 00:00:00,2021-05-13 00:00:00,2021-05-14 00:00:00,43.73,2021-05-19 00:00:00,2021-05-24 00:00:00,2021-05-25 00:00:00,2021-05-26 00:00:00,2021-05-31 00:00:00,2021-05-25 00:00:00,40.69,42.49,42.29,43.2,41.87,2691110405.2075,0.017678,-0.070549
601318SS_2021-06-01T000000_BUY_COUNTDOWN_PROGRESS_1_2021-05-10T000000_5,2021-06-01 00:00:00,601318.SS,1d,COUNTDOWN,BUY_COUNTDOWN_PROGRESS,1,5,,,BUY_SETUP,True,2021-04-23 00:00:00,2021-05-10 00:00:00,64.95,64.95,2021-05-10 00:00:00,2021-05-10 00:00:00,2021-05-13 00:00:00,2021-05-19 00:00:00,2021-05-31 00:00:00,2021-06-01 00:00:00,,,,,,,,,,2021-05-13 00:00:00,58.25,59.2,60.5,61.06,60.27,4160940364.8,0.017208,-0.022143
601318SS_2021-06-02T000000_BUY_COUNTDOWN_PROGRESS_1_2021-05-10T000000_6,2021-06-02 00:00:00,601318.SS,1d,COUNTDOWN,BUY_COUNTDOWN_PROGRESS,1,6,,,BUY_SETUP,True,2021-04-23 00:00:00,2021-05-10 00:00:00,64.95,64.95,2021-05-10 00:00:00,2021-05-10 00:00:00,2021-05-13 00:00:00,2021-05-19 00:00:00,2021-05-31 00:00:00,2021-06-01 00:00:00,2021-06-02 00:00:00,,,,,,,,,2021-05-13 00:00:00,58.25,59.2,60.24,60.76,59.68,4139910988.8,0.015641,0.005676
601318SS_2021-06-03T000000_BUY_COUNTDOWN_PROGRESS_1_2021-05-10T000000_7,2021-06-03 00:00:00,601318.SS,1d,COUNTDOWN,BUY_COUNTDOWN_PROGRESS,1,7,,,BUY_SETUP,True,2021-04-23 00:00:00,2021-05-10 00:00:00,64.95,64.95,2021-05-10 00:00:00,2021-05-10 00:00:00,2021-05-13 00:00:00,2021-05-19 00:00:00,2021-05-31 00:00:00,2021-06-01 00:00:00,2021-06-02 00:00:00,2021-06-03 00:00:00,,,,,,,,2021-05-13 00:00:00,58.25,59.2,60.05,60.87,59.87,3958912294.4,0.015563,0.009753
601318SS_2021-06-07T000000_BUY_COUNTDOWN_PROGRESS_1_2021-05-10T000000_8,2021-06-07 00:00:00,601318.SS,1d,COUNTDOWN,BUY_COUNTDOWN_PROGRESS,1,8,,,BUY_SETUP,True,2021-04-23 00:00:00,2021-05-10 00:00:00,64.95,64.95,2021-05-10 00:00:00,2021-05-10 00:00:00,2021-05-13 00:00:00,2021-05-19 00:00:00,2021-05-31 00:00:00,2021-06-01 00:00:00,2021-06-02 00:00:00,2021-06-03 00:00:00,2021-06-07 00:00:00,59.65,,,,,,2021-05-13 00:00:00,58.25,59.2,59.65,60.05,59.43,3895536307.2,0.015708,0.0
601318SS_2021-06-10T000000_BUY_SETUP_1_2021-06-10T000000_9,2021-06-10 00:00:00,601318.SS,1d,SETUP,BUY_SETUP,1,9,False,,BUY_SETUP,False,2021-05-31 00:00:00,2021-06-10 00:00:00,,,,,,,,,,,,,,,,,,,,,,,,3868008563.2,0.01313,-0.019323
601318SS_2021-06-10T000000_BUY_COUNTDOWN_CANCEL_1_2021-05-10T000000_8,2021-06-10 00:00:00,601318.SS,1d,COUNTDOWN,BUY_COUNTDOWN_CANCEL,1,8,,same_setup,BUY_SETUP,True,2021-04-23 00:00:00,2021-05-10 00:00:00,64.95,64.95,2021-05-10 00:00:00,2021-05-10 00:00:00,2021-05-13 00:00:00,2021-05-19 00:00:00,2021-05-31 00:00:00,2021-06-01 00:00:00,2021-06-02 00:00:00,2021-06-03 00:00:00,2021-06-07 00:00:00,59.65,,,,,,2021-05-13 00:00:00,58.25,59.2,59.38,60.16,59.37,3868008563.2,0.01313,-0.019323
000858SZ_2021-06-11T000000_SELL_COUNTDOWN_PROGRESS_-1_2021-04-28T000000_10,2021-06-11 00:00:00,000858.SZ,1d,COUNTDOWN,SELL_COUNTDOWN_PROGRESS,-1,10,,,SELL_SETUP,False,2021-04-16 00:00:00,2021-04-28 00:00:00,263.51,231.12,2021-04-28 00:00:00,2021-04-29 00:00:00,2021-05-12 00:00:00,2021-05-13 00:00:00,2021-05-14 00:00:00,2021-05-17 00:00:00,2021-05-18 00:00:00,2021-05-20 00:00:00,2021-05-25 00:00:00,300.65,2021-05-26 00:00:00,2021-06-11 00:00:00,,,,2021-05-13 00:00:00,250.12,256.17,279.19,281.62,273.62,5706371890.7705,0.022526,0.015938
601318SS_2021-06-11T000000_BUY_COUNTDOWN_PROGRESS_1_2021-06-10T000000_1,2021-06-11 00:00:00,601318.SS,1d,COUNTDOWN,BUY_COUNTDOWN_PROGRESS,1,1,,,BUY_SETUP,False,2021-05-31 00:00:00,2021-06-10 00:00:00,62.17,62.17,2021-06-10 00:00:00,2021-06-11 00:00:00,,,,,,,,,,,,,,2021-06-11 00:00:00,58.63,59.55,58.77,59.55,58.63,3799052096.0,0.012993,-0.016237
601318SS_2021-06-15T000000_BUY_COUNTDOWN_PROGRESS_1_2021-06-10T000000_2,2021-06-15 00:00:00,601318.SS,1d,COUNTDOWN,BUY_COUNTDOWN_PROGRESS,1,2,,,BUY_SETUP,False,2021-05-31 00:00:00,2021-06-10 00:00:00,62.17,62.17,2021-06-10 00:00:00,2021-06-11 00:00:00,2021-06-15 00:00:00,,,,,,,,,,,,,2021-06-15 00:00:00,56.32,58.43,56.44,58.43,56.32,3939444416.0,0.015392,-0.063547
601318SS_2021-06-16T000000_BUY_COUNTDOWN_PROGRESS_1_2021-06-10T000000_3,2021-06-16 00:00:00,601318.SS,1d,COUNTDOWN,BUY_COUNTDOWN_PROGRESS,1,3,,,BUY_SETUP,False,2021-05-31 00:00:00,2021-06-10 00:00:00,62.17,62.17,2021-06-10 00:00:00,2021-06-11 00:00:00,2021-06-15 00:00:00,2021-06-16 00:00:00,,,,,,,,,,,,2021-06-16 00:00:00,56.18,57.12,56.37,57.12,56.18,3968198144.0,0.015129,-0.050051
601318SS_2021-06-17T000000_BUY_COUNTDOWN_PROGRESS_1_2021-06-10T000000_4,2021-06-17 00:00:00,601318.SS,1d,COUNTDOWN,BUY_COUNTDOWN_PROGRESS,1,4,,,BUY_SETUP,False,2021-05-31 00:00:00,2021-06-10 00:00:00,62.17,62.17,2021-06-10 00:00:00,2021-06-11 00:00:00,2021-06-15 00:00:00,2021-06-16 00:00:00,2021-06-17 00:00:00,,,,,,,,,,,2021-06-17 00:00:00,55.39,56.56,55.62,56.56,55.39,3987513907.2,0.014861,-0.074388
601318SS_2021-06-18T000000_BUY_COUNTDOWN_PROGRESS_1_2021-06-10T000000_5,2021-06-18 00:00:00,601318.SS,1d,COUNTDOWN,BUY_COUNTDOWN_PROGRESS,1,5,,,BUY_SETUP,False,2021-05-31 00:00:00,2021-06-10 00:00:00,62.17,62.17,2021-06-10 00:00:00,2021-06-11 00:00:00,2021-06-15 00:00:00,2021-06-16 00:00:00,2021-06-17 00:00:00,2021-06-18 00:00:00,,,,,,,,,,2021-06-18 00:00:00,54.37,55.37,54.47,55.37,54.37,4118489420.8,0.015251,-0.083305
601318SS_2021-06-21T000000_BUY_COUNTDOWN_PROGRESS_1_2021-06-10T000000_6,2021-06-21 00:00:00,601318.SS,1d,COUNTDOWN,BUY_COUNTDOWN_PROGRESS,1,6,,,BUY_SETUP,False,2021-05-31 00:00:00,2021-06-10 00:00:00,62.17,62.17,2021-06-10 00:00:00,2021-06-11 00:00:00,2021-06-15 00:00:00,2021-06-16 00:00:00,2021-06-17 00:00:00,2021-06-18 00:00:00,2021-06-21 00:00:00,,,,,,,,,2021-06-21 00:00:00,53.13,54.02,53.53,54.02,53.13,4232710796.8,0.015499,-0.097454
000858SZ_2021-06-22T000000_SELL_COUNTDOWN_PROGRESS_-1_2021-04-28T000000_11,2021-06-22 00:00:00,000858.SZ,1d,COUNTDOWN,SELL_COUNTDOWN_PROGRESS,-1,11,,,SELL_SETUP,False,2021-04-16 00:00:00,2021-04-28 00:00:00,263.51,231.12,2021-04-28 00:00:00,2021-04-29 00:00:00,2021-05-12 00:00:00,2021-05-13 00:00:00,2021-05-14 00:00:00,2021-05-17 00:00:00,2021-05-18 00:00:00,2021-05-20 00:00:00,2021-05-25 00:00:00,300.65,2021-05-26 00:00:00,2021-06-11 00:00:00,2021-06-22 00:00:00,,,2021-05-13 00:00:00,250.12,256.17,277.51,280.12,274.92,5512457972.1505,0.016231,-0.076967
601318SS_2021-06-22T000000_BUY_COUNTDOWN_PROGRESS_1_2021-06-10T000000_7,2021-06-22 00:00:00,601318.SS,1d,COUNTDOWN,BUY_COUNTDOWN_PROGRESS,1,7,,,BUY_SETUP,False,2021-05-31 00:00:00,2021-06-10 00:00:00,62.17,62.17,2021-06-10 00:00:00,2021-06-11 00:00:00,2021-06-15 00:00:00,2021-06-16 00:00:00,2021-06-17 00:00:00,2021-06-18 00:00:00,2021-06-21 00:00:00,2021-06-22 00:00:00,,,,,,,,2021-06-21 00:00:00,53.13,54.02,54.1,54.67,53.54,4310526860.8,0.011434,-0.12502
600036SS_2021-06-23T000000_BUY_SETUP_1_2021-06-23T000000_9,2021-06-23 00:00:00,600036.SS,1d,SETUP,BUY_SETUP,1,9,False,,BUY_SETUP,False,2021-06-10 00:00:00,2021-06-23 00:00:00,,,,,,,,,,,,,,,,,,,,,,,,2723273344.0,0.017486,-0.075087
000858SZ_2021-06-25T000000_SELL_COUNTDOWN_PROGRESS_-1_2021-04-28T000000_12,2021-06-25 00:00:00,000858.SZ,1d,COUNTDOWN,SELL_COUNTDOWN_PROGRESS,-1,12,,,SELL_SETUP,False,2021-04-16 00:00:00,2021-04-28 00:00:00,263.51,231.12,2021-04-28 00:00:00,2021-04-29 00:00:00,2021-05-12 00:00:00,2021-05-13 00:00:00,2021-05-14 00:00:00,2021-05-17 00:00:00,2021-05-18 00:00:00,2021-05-20 00:00:00,2021-05-25 00:00:00,300.65,2021-05-26 00:00:00,2021-06-11 00:00:00,2021-06-22 00:00:00,2021-06-25 00:00:00,,2021-05-13 00:00:00,250.12,256.17,277.54,279.0,268.5,5314081106.232,0.018843,-0.057653
000858SZ_2021-06-28T000000_SELL_COUNTDOWN_COMPLETE_-1_2021-04-28T000000_13,2021-06-28 00:00:00,000858.SZ,1d,COUNTDOWN,SELL_COUNTDOWN_COMPLETE,-1,13,False,,SELL_SETUP,False,2021-04-16 00:00:00,2021-04-28 00:00:00,263.51,231.12,2021-04-28 00:00:00,2021-04-29 00:00:00,2021-05-12 00:00:00,2021-05-13 00:00:00,2021-05-14 00:00:00,2021-05-17 00:00:00,2021-05-18 00:00:00,2021-05-20 00:00:00,2021-05-25 00:00:00,300.65,2021-05-26 00:00:00,2021-06-11 00:00:00,2021-06-22 00:00:00,2021-06-25 00:00:00,2021-06-28 00:00:00,2021-05-13 00:00:00,250.12,256.17,283.93,284.15,277.63,5353699179.4625,0.01969,-0.030095
601318SS_2021-06-29T000000_BUY_COUNTDOWN_PROGRESS_1_2021-06-10T000000_8,2021-06-29 00:00:00,601318.SS,1d,COUNTDOWN,BUY_COUNTDOWN_PROGRESS,1,8,,,BUY_SETUP,False,2021-05-31 00:00:00,2021-06-10 00:00:00,62.17,62.17,2021-06-10 00:00:00,2021-06-11 00:00:00,2021-06-15 00:00:00,2021-06-16 00:00:00,2021-06-17 00:00:00,2021-06-18 00:00:00,2021-06-21 00:00:00,2021-06-22 00:00:00,2021-06-29 00:00:00,53.75,,,,,,2021-06-21 00:00:00,53.13,54.02,53.75,54.77,53.67,3849462451.2,0.013742,-0.11157
600036SS_2021-06-29T000000_BUY_COUNTDOWN_PROGRESS_1_2021-06-23T000000_1,2021-06-29 00:00:00,600036.SS,1d,COUNTDOWN,BUY_COUNTDOWN_PROGRESS,1,1,,,BUY_SETUP,False,2021-06-10 00:00:00,2021-06-23 00:00:00,47.97,47.97,2021-06-23 00:00:00,2021-06-29 00:00:00,,,,,,,,,,,,,,2021-06-29 00:00:00,44.21,45.36,44.31,45.36,44.21,2737636384.0,0.020404,-0.074368
601318SS_2021-06-30T000000_BUY_COUNTDOWN_PROGRESS_1_2021-06-10T000000_9,2021-06-30 00:00:00,601318.SS,1d,COUNTDOWN,BUY_COUNTDOWN_PROGRESS,1,9,,,BUY_SETUP,False,2021-05-31 00:00:00,2021-06-10 00:00:00,62.17,62.17,2021-06-10 00:00:00,2021-06-11 00:00:00,2021-06-15 00:00:00,2021-06-16 00:00:00,2021-06-17 00:00:00,2021-06-18 00:00:00,2021-06-21 00:00:00,2021-06-22 00:00:00,2021-06-29 00:00:00,53.75,2021-06-30 00:00:00,,,,,2021-06-21 00:00:00,53.13,54.02,53.65,54.11,53.17,3791204646.4,0.01377,-0.109396
601318SS_2021-07-02T000000_BUY_COUNTDOWN_PROGRESS_1_2021-06-10T000000_10,2021-07-02 00:00:00,601318.SS,1d,COUNTDOWN,BUY_COUNTDOWN_PROGRESS,1,10,,,BUY_SETUP,False,2021-05-31 00:00:00,2021-06-10 00:00:00,62.17,62.17,2021-06-10 00:00:00,2021-06-11 00:00:00,2021-06-15 00:00:00,2021-06-16 00:00:00,2021-06-17 00:00:00,2021-06-18 00:00:00,2021-06-21 00:00:00,2021-06-22 00:00:00,2021-06-29 00:00:00,53.75,2021-06-30 00:00:00,2021-07-02 00:00:00,,,,2021-07-02 00:00:00,51.47,53.44,51.67,53.44,51.47,4021368448.0,0.016588,-0.141979
600036SS_2021-07-02T000000_BUY_COUNTDOWN_PROGRESS_1_2021-06-23T000000_2,2021-07-02 00:00:00,600036.SS,1d,COUNTDOWN,BUY_COUNTDOWN_PROGRESS,1,2,,,BUY_SETUP,False,2021-06-10 00:00:00,2021-06-23 00:00:00,47.97,47.97,2021-06-23 00:00:00,2021-06-29 00:00:00,2021-07-02 00:00:00,,,,,,,,,,,,,2021-07-02 00:00:00,43.21,45.71,43.56,45.71,43.21,2870320608.0,0.025158,-0.093256
601318SS_2021-07-05T000000_BUY_COUNTDOWN_PROGRESS_1_2021-06-10T000000_11,2021-07-05 00:00:00,601318.SS,1d,COUNTDOWN,BUY_COUNTDOWN_PROGRESS,1,11,,,BUY_SETUP,False,2021-05-31 00:00:00,2021-06-10 00:00:00,62.17,62.17,2021-06-10 00:00:00,2021-06-11 00:00:00,2021-06-15 00:00:00,2021-06-16 00:00:00,2021-06-17 00:00:00,2021-06-18 00:00:00,2021-06-21 00:00:00,2021-06-22 00:00:00,2021-06-29 00:00:00,53.75,2021-06-30 00:00:00,2021-07-02 00:00:00,2021-07-05 00:00:00,,,2021-07-05 00:00:00,50.5,51.65,51.28,51.65,50.5,4070467532.8,0.016584,-0.140319
600036SS_2021-07-05T000000_BUY_COUNTDOWN_PROGRESS_1_2021-06-23T000000_3,2021-07-05 00:00:00,600036.SS,1d,COUNTDOWN,BUY_COUNTDOWN_PROGRESS,1,3,,,BUY_SETUP,False,2021-06-10 00:00:00,2021-06-23 00:00:00,47.97,47.97,2021-06-23 00:00:00,2021-06-29 00:00:00,2021-07-02 00:00:00,2021-07-05 00:00:00,,,,,,,,,,,,2021-07-05 00:00:00,42.01,43.6,43.45,43.6,42.01,2844042476.8,0.025119,-0.085456
601318SS_2021-07-08T000000_BUY_COUNTDOWN_PROGRESS_1_2021-06-10T000000_12,2021-07-08 00:00:00,601318.SS,1d,COUNTDOWN,BUY_COUNTDOWN_PROGRESS,1,12,,,BUY_SETUP,False,2021-05-31 00:00:00,2021-06-10 00:00:00,62.17,62.17,2021-06-10 00:00:00,2021-06-11 00:00:00,2021-06-15 00:00:00,2021-06-16 00:00:00,2021-06-17 00:00:00,2021-06-18 00:00:00,2021-06-21 00:00:00,2021-06-22 00:00:00,2021-06-29 00:00:00,53.75,2021-06-30 00:00:00,2021-07-02 00:00:00,2021-07-05 00:00:00,2021-07-08 00:00:00,,2021-07-08 00:00:00,49.89,51.74,50.15,51.74,49.89,4283664051.2,0.018257,-0.15544
600036SS_2021-07-08T000000_BUY_SETUP_PERFECT_1_2021-07-08T000000_9,2021-07-08 00:00:00,600036.SS,1d,SETUP,BUY_SETUP_PERFECT,1,9,True,,BUY_SETUP,True,2021-06-28 00:00:00,2021-07-08 00:00:00,,,,,,,,,,,,,,,,,,,,,,,,3117980940.8,0.029493,-0.128041
600036SS_2021-07-08T000000_BUY_COUNTDOWN_CANCEL_1_2021-06-23T000000_3,2021-07-08 00:00:00,600036.SS,1d,COUNTDOWN,BUY_COUNTDOWN_CANCEL,1,3,,same_setup,BUY_SETUP,False,2021-06-10 00:00:00,2021-06-23 00:00:00,47.97,47.97,2021-06-23 00:00:00,2021-06-29 00:00:00,2021-07-02 00:00:00,2021-07-05 00:00:00,,,,,,,,,,,,2021-07-05 00:00:00,42.01,43.6,40.86,44.27,40.51,3117980940.8,0.029493,-0.128041
600036SS_2021-07-08T000000_BUY_COUNTDOWN_PROGRESS_1_2021-07-08T000000_1,2021-07-08 00:00:00,600036.SS,1d,COUNTDOWN,BUY_COUNTDOWN_PROGRESS,1,1,,,BUY_SETUP,True,2021-06-28 00:00:00,2021-07-08 00:00:00,46.8,46.8,2021-07-08 00:00:00,2021-07-08 00:00:00,,,,,,,,,,,,,,2021-07-08 00:00:00,40.51,44.27,40.86,44.27,40.51,3117980940.8,0.029493,-0.128041
601318SS_2021-07-09T000000_BUY_SETUP_PERFECT_1_2021-07-09T000000_9,2021-07-09 00:00:00,601318.SS,1d,SETUP,BUY_SETUP_PERFECT,1,9,True,,BUY_SETUP,True,2021-06-29 00:00:00,2021-07-09 00:00:00,,,,,,,,,,,,,,,,,,,,,,,,4312711590.4,0.01829,-0.158414
601318SS_2021-07-09T000000_BUY_COUNTDOWN_CANCEL_1_2021-06-10T000000_12,2021-07-09 00:00:00,601318.SS,1d,COUNTDOWN,BUY_COUNTDOWN_CANCEL,1,12,,same_setup,BUY_SETUP,False,2021-05-31 00:00:00,2021-06-10 00:00:00,62.17,62.17,2021-06-10 00:00:00,2021-06-11 00:00:00,2021-06-15 00:00:00,2021-06-16 00:00:00,2021-06-17 00:00:00,2021-06-18 00:00:00,2021-06-21 00:00:00,2021-06-22 00:00:00,2021-06-29 00:00:00,53.75,2021-06-30 00:00:00,2021-07-02 00:00:00,2021-07-05 00:00:00,2021-07-08 00:00:00,,2021-07-08 00:00:00,49.89,51.74,49.46,50.52,49.18,4312711590.4,0.01829,-0.158414
601318SS_2021-07-09T000000_BUY_COUNTDOWN_PROGRESS_1_2021-07-09T000000_1,2021-07-09 00:00:00,601318.SS,1d,COUNTDOWN,BUY_COUNTDOWN_PROGRESS,1,1,,,BUY_SETUP,True,2021-06-29 00:00:00,2021-07-09 00:00:00,54.77,54.77,2021-07-09 00:00:00,2021-07-09 00:00:00,,,,,,,,,,,,,,2021-07-09 00:00:00,49.18,50.52,49.46,50.52,49.18,4312711590.4,0.01829,-0.158414
600036SS_2021-07-09T000000_BUY_COUNTDOWN_PROGRESS_1_2021-07-08T000000_2,2021-07-09 00:00:00,600036.SS,1d,COUNTDOWN,BUY_COUNTDOWN_PROGRESS,1,2,,,BUY_SETUP,True,2021-06-28 00:00:00,2021-07-08 00:00:00,46.8,46.8,2021-07-08 00:00:00,2021-07-08 00:00:00,2021-07-09 00:00:00,,,,,,,,,,,,,2021-07-09 00:00:00,40.02,41.42,40.41,41.42,40.02,3188574182.4,0.029469,-0.137276
601318SS_2021-07-12T000000_BUY_COUNTDOWN_PROGRESS_1_2021-07-09T000000_2,2021-07-12 00:00:00,601318.SS,1d,COUNTDOWN,BUY_COUNTDOWN_PROGRESS,1,2,,,BUY_SETUP,True,2021-06-29 00:00:00,2021-07-09 00:00:00,54.77,54.77,2021-07-09 00:00:00,2021-07-09 00:00:00,2021-07-12 00:00:00,,,,,,,,,,,,,2021-07-12 00:00:00,48.69,49.85,48.77,49.85,48.69,4338059993.6,0.016858,-0.135897
000858SZ_2021-07-13T000000_BUY_SETUP_1_2021-07-13T000000_9,2021-07-13 00:00:00,000858.SZ,1d,SETUP,BUY_SETUP,1,9,False,,BUY_SETUP,False,2021-07-01 00:00:00,2021-07-13 00:00:00,,,,,,,,,,,,,,,,,,,,,,,,5586785787.6705,0.023941,-0.0509
601318SS_2021-07-13T000000_BUY_COUNTDOWN_PROGRESS_1_2021-07-09T000000_3,2021-07-13 00:00:00,601318.SS,1d,COUNTDOWN,BUY_COUNTDOWN_PROGRESS,1,3,,,BUY_SETUP,True,2021-06-29 00:00:00,2021-07-09 00:00:00,54.77,54.77,2021-07-09 00:00:00,2021-07-09 00:00:00,2021-07-12 00:00:00,2021-07-13 00:00:00,,,,,,,,,,,,2021-07-13 00:00:00,48.42,49.25,49.07,49.25,48.42,4127814988.8,0.017082,-0.129502
000651SZ_2021-07-13T000000_BUY_SETUP_1_2021-07-13T000000_9,2021-07-13 00:00:00,000651.SZ,1d,SETUP,BUY_SETUP,1,9,False,,BUY_SETUP,False,2021-07-01 00:00:00,2021-07-13 00:00:00,,,,,,,,,,,,,,,,,,,,,,,,2601277823.6485,0.026333,-0.140393
600519SS_2021-07-14T000000_BUY_SETUP_1_2021-07-14T000000_9,2021-07-14 00:00:00,600519.SS,1d,SETUP,BUY_SETUP,1,9,False,,BUY_SETUP,False,2021-07-02 00:00:00,2021-07-14 00:00:00,,,,,,,,,,,,,,,,,,,,,,,,6869312025.6,0.018054,-0.0904
601318SS_2021-07-14T000000_BUY_COUNTDOWN_PROGRESS_1_2021-07-09T000000_4,2021-07-14 00:00:00,601318.SS,1d,COUNTDOWN,BUY_COUNTDOWN_PROGRESS,1,4,,,BUY_SETUP,True,2021-06-29 00:00:00,2021-07-09 00:00:00,54.77,54.77,2021-07-09 00:00:00,2021-07-09 00:00:00,2021-07-12 00:00:00,2021-07-13 00:00:00,2021-07-14 00:00:00,,,,,,,,,,,2021-07-14 00:00:00,47.15,49.02,47.28,49.02,47.15,4260798720.0,0.018266,-0.149946
601318SS_2021-07-20T000000_BUY_COUNTDOWN_PROGRESS_1_2021-07-09T000000_5,2021-07-20 00:00:00,601318.SS,1d,COUNTDOWN,BUY_COUNTDOWN_PROGRESS,1,5,,,BUY_SETUP,True,2021-06-29 00:00:00,2021-07-09 00:00:00,54.77,54.77,2021-07-09 00:00:00,2021-07-09 00:00:00,2021-07-12 00:00:00,2021-07-13 00:00:00,2021-07-14 00:00:00,2021-07-20 00:00:00,,,,,,,,,,2021-07-14 00:00:00,47.15,49.02,47.83,48.57,47.5,4159174272.0,0.020182,-0.133357
600036SS_2021-07-20T000000_BUY_COUNTDOWN_PROGRESS_1_2021-07-08T000000_3,2021-07-20 00:00:00,600036.SS,1d,COUNTDOWN,BUY_COUNTDOWN_PROGRESS,1,3,,,BUY_SETUP,True,2021-06-28 00:00:00,2021-07-08 00:00:00,46.8,46.8,2021-07-08 00:00:00,2021-07-08 00:00:00,2021-07-09 00:00:00,2021-07-20 00:00:00,,,,,,,,,,,,2021-07-09 00:00:00,40.02,41.42,41.67,43.25,41.37,3315350547.2,0.030479,-0.080741
000651SZ_2021-07-21T000000_BUY_COUNTDOWN_PROGRESS_1_2021-07-13T000000_1,2021-07-21 00:00:00,000651.SZ,1d,COUNTDOWN,BUY_COUNTDOWN_PROGRESS,1,1,,,BUY_SETUP,False,2021-07-01 00:00:00,2021-07-13 00:00:00,38.49,38.49,2021-07-13 00:00:00,2021-07-21 00:00:00,,,,,,,,,,,,,,2021-07-21 00:00:00,35.89,37.48,35.94,37.48,35.89,2264384134.9925,0.020889,-0.040064
600519SS_2021-07-22T000000_BUY_COUNTDOWN_PROGRESS_1_2021-07-14T000000_1,2021-07-22 00:00:00,600519.SS,1d,COUNTDOWN,BUY_COUNTDOWN_PROGRESS,1,1,,,BUY_SETUP,False,2021-07-02 00:00:00,2021-07-14 00:00:00,1880.08,1880.08,2021-07-14 00:00:00,2021-07-22 00:00:00,,,,,,,,,,,,,,2021-07-22 00:00:00,1744.04,1778.98,1745.09,1778.98,1744.04,6629571635.2,0.01667,-0.080118
000651SZ_2021-07-22T000000_BUY_COUNTDOWN_PROGRESS_1_2021-07-13T000000_2,2021-07-22 00:00:00,000651.SZ,1d,COUNTDOWN,BUY_COUNTDOWN_PROGRESS,1,2,,,BUY_SETUP,False,2021-07-01 00:00:00,2021-07-13 00:00:00,38.49,38.49,2021-07-13 00:00:00,2021-07-21 00:00:00,2021-07-22 00:00:00,,,,,,,,,,,,,2021-07-22 00:00:00,35.49,36.44,35.94,36.44,35.49,2240269640.714,0.0202,-0.059655
600519SS_2021-07-23T000000_BUY_COUNTDOWN_PROGRESS_1_2021-07-14T000000_2,2021-07-23 00:00:00,600519.SS,1d,COUNTDOWN,BUY_COUNTDOWN_PROGRESS,1,2,,,BUY_SETUP,False,2021-07-02 00:00:00,2021-07-14 00:00:00,1880.08,1880.08,2021-07-14 00:00:00,2021-07-22 00:00:00,2021-07-23 00:00:00,,,,,,,,,,,,,2021-07-23 00:00:00,1700.17,1742.9,1705.08,1742.9,1700.17,6709475737.6,0.01699,-0.106394
000858SZ_2021-07-23T000000_BUY_COUNTDOWN_PROGRESS_1_2021-07-13T000000_1,2021-07-23 00:00:00,000858.SZ,1d,COUNTDOWN,BUY_COUNTDOWN_PROGRESS,1,1,,,BUY_SETUP,False,2021-07-01 00:00:00,2021-07-13 00:00:00,276.62,276.62,2021-07-13 00:00:00,2021-07-23 00:00:00,,,,,,,,,,,,,,2021-07-23 00:00:00,248.32,259.2,251.41,259.2,248.32,5368512929.2045,0.02202,-0.114535
601318SS_2021-07-23T000000_BUY_COUNTDOWN_PROGRESS_1_2021-07-09T000000_6,2021-07-23 00:00:00,601318.SS,1d,COUNTDOWN,BUY_COUNTDOWN_PROGRESS,1,6,,,BUY_SETUP,True,2021-06-29 00:00:00,2021-07-09 00:00:00,54.77,54.77,2021-07-09 00:00:00,2021-07-09 00:00:00,2021-07-12 00:00:00,2021-07-13 00:00:00,2021-07-14 00:00:00,2021-07-20 00:00:00,2021-07-23 00:00:00,,,,,,,,,2021-07-23 00:00:00,46.99,48.14,47.01,48.14,46.99,4180119987.2,0.019865,-0.144806
000651SZ_2021-07-23T000000_BUY_COUNTDOWN_PROGRESS_1_2021-07-13T000000_3,2021-07-23 00:00:00,000651.SZ,1d,COUNTDOWN,BUY_COUNTDOWN_PROGRESS,1,3,,,BUY_SETUP,False,2021-07-01 00:00:00,2021-07-13 00:00:00,38.49,38.49,2021-07-13 00:00:00,2021-07-21 00:00:00,2021-07-22 00:00:00,2021-07-23 00:00:00,,,,,,,,,,,,2021-07-23 00:00:00,34.97,35.9,35.01,35.9,34.97,2226698195.1895,0.020518,-0.094179
600519SS_2021-07-26T000000_BUY_COUNTDOWN_PROGRESS_1_2021-07-14T000000_3,2021-07-26 00:00:00,600519.SS,1d,COUNTDOWN,BUY_COUNTDOWN_PROGRESS,1,3,,,BUY_SETUP,False,2021-07-02 00:00:00,2021-07-14 00:00:00,1880.08,1880.08,2021-07-14 00:00:00,2021-07-22 00:00:00,2021-07-23 00:00:00,2021-07-26 00:00:00,,,,,,,,,,,,2021-07-26 00:00:00,1585.08,1684.08,1609.19,1684.08,1585.08,7316681728.0,0.020159,-0.138125
000858SZ_2021-07-26T000000_BUY_COUNTDOWN_PROGRESS_1_2021-07-13T000000_2,2021-07-26 00:00:00,000858.SZ,1d,COUNTDOWN,BUY_COUNTDOWN_PROGRESS,1,2,,,BUY_SETUP,False,2021-07-01 00:00:00,2021-07-13 00:00:00,276.62,276.62,2021-07-13 00:00:00,2021-07-23 00:00:00,2021-07-26 00:00:00,,,,,,,,,,,,,2021-07-26 00:00:00,224.29,248.86,229.74,248.86,224.29,5707740085.5465,0.028089,-0.168121
601318SS_2021-07-26T000000_BUY_COUNTDOWN_PROGRESS_1_2021-07-09T000000_7,2021-07-26 00:00:00,601318.SS,1d,COUNTDOWN,BUY_COUNTDOWN_PROGRESS,1,7,,,BUY_SETUP,True,2021-06-29 00:00:00,2021-07-09 00:00:00,54.77,54.77,2021-07-09 00:00:00,2021-07-09 00:00:00,2021-07-12 00:00:00,2021-07-13 00:00:00,2021-07-14 00:00:00,2021-07-20 00:00:00,2021-07-23 00:00:00,2021-07-26 00:00:00,,,,,,,,2021-07-26 00:00:00,43.7,46.46,43.87,46.46,43.7,4337782156.8,0.023674,-0.183814
600036SS_2021-07-26T000000_BUY_COUNTDOWN_PROGRESS_1_2021-07-08T000000_4,2021-07-26 00:00:00,600036.SS,1d,COUNTDOWN,BUY_COUNTDOWN_PROGRESS,1,4,,,BUY_SETUP,True,2021-06-28 00:00:00,2021-07-08 00:00:00,46.8,46.8,2021-07-08 00:00:00,2021-07-08 00:00:00,2021-07-09 00:00:00,2021-07-20 00:00:00,2021-07-26 00:00:00,,,,,,,,,,,2021-07-26 00:00:00,39.31,41.41,39.46,41.41,39.31,3341816435.2,0.030833,-0.109456
000651SZ_2021-07-26T000000_BUY_COUNTDOWN_PROGRESS_1_2021-07-13T000000_4,2021-07-26 00:00:00,000651.SZ,1d,COUNTDOWN,BUY_COUNTDOWN_PROGRESS,1,4,,,BUY_SETUP,False,2021-07-01 00:00:00,2021-07-13 00:00:00,38.49,38.49,2021-07-13 00:00:00,2021-07-21 00:00:00,2021-07-22 00:00:00,2021-07-23 00:00:00,2021-07-26 00:00:00,,,,,,,,,,,2021-07-26 00:00:00,33.57,34.82,33.62,34.82,33.57,2244941161.2945,0.020619,-0.095264
600519SS_2021-07-27T000000_BUY_COUNTDOWN_PROGRESS_1_2021-07-14T000000_4,2021-07-27 00:00:00,600519.SS,1d,COUNTDOWN,BUY_COUNTDOWN_PROGRESS,1,4,,,BUY_SETUP,False,2021-07-02 00:00:00,2021-07-14 00:00:00,1880.08,1880.08,2021-07-14 00:00:00,2021-07-22 00:00:00,2021-07-23 00:00:00,2021-07-26 00:00:00,2021-07-27 00:00:00,,,,,,,,,,,2021-07-27 00:00:00,1508.08,1615.08,1517.97,1615.08,1508.08,7736440268.8,0.022892,-0.184667
000858SZ_2021-07-27T000000_BUY_COUNTDOWN_PROGRESS_1_2021-07-13T000000_3,2021-07-27 00:00:00,000858.SZ,1d,COUNTDOWN,BUY_COUNTDOWN_PROGRESS,1,3,,,BUY_SETUP,False,2021-07-01 00:00:00,2021-07-13 00:00:00,276.62,276.62,2021-07-13 00:00:00,2021-07-23 00:00:00,2021-07-26 00:00:00,2021-07-27 00:00:00,,,,,,,,,,,,2021-07-27 00:00:00,211.2,229.0,211.35,229.0,211.2,5980321484.9145,0.032152,-0.232877
601318SS_2021-07-27T000000_BUY_COUNTDOWN_PROGRESS_1_2021-07-09T000000_8,2021-07-27 00:00:00,601318.SS,1d,COUNTDOWN,BUY_COUNTDOWN_PROGRESS,1,8,,,BUY_SETUP,True,2021-06-29 00:00:00,2021-07-09 00:00:00,54.77,54.77,2021-07-09 00:00:00,2021-07-09 00:00:00,2021-07-12 00:00:00,2021-07-13 00:00:00,2021-07-14 00:00:00,2021-07-20 00:00:00,2021-07-23 00:00:00,2021-07-26 00:00:00,2021-07-27 00:00:00,42.04,,,,,,2021-07-27 00:00:00,41.73,44.05,42.04,44.05,41.73,4411628864.0,0.024577,-0.216403
600036SS_2021-07-27T000000_BUY_COUNTDOWN_PROGRESS_1_2021-07-08T000000_5,2021-07-27 00:00:00,600036.SS,1d,COUNTDOWN,BUY_COUNTDOWN_PROGRESS,1,5,,,BUY_SETUP,True,2021-06-28 00:00:00,2021-07-08 00:00:00,46.8,46.8,2021-07-08 00:00:00,2021-07-08 00:00:00,2021-07-09 00:00:00,2021-07-20 00:00:00,2021-07-26 00:00:00,2021-07-27 00:00:00,,,,,,,,,,2021-07-27 00:00:00,37.56,39.69,37.93,39.69,37.56,3373508940.8,0.031487,-0.151454
000651SZ_2021-07-27T000000_BUY_COUNTDOWN_PROGRESS_1_2021-07-13T000000_5,2021-07-27 00:00:00,000651.SZ,1d,COUNTDOWN,BUY_COUNTDOWN_PROGRESS,1,5,,,BUY_SETUP,False,2021-07-01 00:00:00,2021-07-13 00:00:00,38.49,38.49,2021-07-13 00:00:00,2021-07-21 00:00:00,2021-07-22 00:00:00,2021-07-23 00:00:00,2021-07-26 00:00:00,2021-07-27 00:00:00,,,,,,,,,,2021-07-27 00:00:00,32.69,34.09,32.75,34.09,32.69,2272250598.4605,0.019829,-0.140194
600519SS_2021-07-28T000000_BUY_COUNTDOWN_PROGRESS_1_2021-07-14T000000_5,2021-07-28 00:00:00,600519.SS,1d,COUNTDOWN,BUY_COUNTDOWN_PROGRESS,1,5,,,BUY_SETUP,False,2021-07-02 00:00:00,2021-07-14 00:00:00,1880.08,1880.08,2021-07-14 00:00:00,2021-07-22 00:00:00,2021-07-23 00:00:00,2021-07-26 00:00:00,2021-07-27 00:00:00,2021-07-28 00:00:00,,,,,,,,,,2021-07-28 00:00:00,1487.2,1593.28,1573.98,1593.28,1487.2,8250489574.4,0.023916,-0.175961
000858SZ_2021-07-28T000000_BUY_COUNTDOWN_PROGRESS_1_2021-07-13T000000_4,2021-07-28 00:00:00,000858.SZ,1d,COUNTDOWN,BUY_COUNTDOWN_PROGRESS,1,4,,,BUY_SETUP,False,2021-07-01 00:00:00,2021-07-13 00:00:00,276.62,276.62,2021-07-13 00:00:00,2021-07-23 00:00:00,2021-07-26 00:00:00,2021-07-27 00:00:00,2021-07-28 00:00:00,,,,,,,,,,,2021-07-28 00:00:00,205.09,218.1,216.88,218.1,205.09,6245709258.628,0.033213,-0.21369
601318SS_2021-07-28T000000_BUY_COUNTDOWN_PROGRESS_1_2021-07-09T000000_9,2021-07-28 00:00:00,601318.SS,1d,COUNTDOWN,BUY_COUNTDOWN_PROGRESS,1,9,,,BUY_SETUP,True,2021-06-29 00:00:00,2021-07-09 00:00:00,54.77,54.77,2021-07-09 00:00:00,2021-07-09 00:00:00,2021-07-12 00:00:00,2021-07-13 00:00:00,2021-07-14 00:00:00,2021-07-20 00:00:00,2021-07-23 00:00:00,2021-07-26 00:00:00,2021-07-27 00:00:00,42.04,2021-07-28 00:00:00,,,,,2021-07-27 00:00:00,41.73,44.05,42.48,42.96,41.88,4481823564.8,0.024649,-0.215223
600036SS_2021-07-28T000000_BUY_COUNTDOWN_PROGRESS_1_2021-07-08T000000_6,2021-07-28 00:00:00,600036.SS,1d,COUNTDOWN,BUY_COUNTDOWN_PROGRESS,1,6,,,BUY_SETUP,True,2021-06-28 00:00:00,2021-07-08 00:00:00,46.8,46.8,2021-07-08 00:00:00,2021-07-08 00:00:00,2021-07-09 00:00:00,2021-07-20 00:00:00,2021-07-26 00:00:00,2021-07-27 00:00:00,2021-07-28 00:00:00,,,,,,,,,2021-07-27 00:00:00,37.56,39.69,39.23,40.1,38.07,3478126310.4,0.031008,-0.156525
000651SZ_2021-07-28T000000_BUY_COUNTDOWN_PROGRESS_1_2021-07-13T000000_6,2021-07-28 00:00:00,000651.SZ,1d,COUNTDOWN,BUY_COUNTDOWN_PROGRESS,1,6,,,BUY_SETUP,False,2021-07-01 00:00:00,2021-07-13 00:00:00,38.49,38.49,2021-07-13 00:00:00,2021-07-21 00:00:00,2021-07-22 00:00:00,2021-07-23 00:00:00,2021-07-26 00:00:00,2021-07-27 00:00:00,2021-07-28 00:00:00,,,,,,,,,2021-07-28 00:00:00,32.15,34.07,33.49,34.07,32.15,2327496621.5435,0.020956,-0.115192
600519SS_2021-07-30T000000_BUY_COUNTDOWN_PROGRESS_1_2021-07-14T000000_6,2021-07-30 00:00:00,600519.SS,1d,COUNTDOWN,BUY_COUNTDOWN_PROGRESS,1,6,,,BUY_SETUP,False,2021-07-02 00:00:00,2021-07-14 00:00:00,1880.08,1880.08,2021-07-14 00:00:00,2021-07-22 00:00:00,2021-07-23 00:00:00,2021-07-26 00:00:00,2021-07-27 00:00:00,2021-07-28 00:00:00,2021-07-30 00:00:00,,,,,,,,,2021-07-30 00:00:00,1462.84,1530.08,1484.07,1530.08,1462.84,8652985753.6,0.023706,-0.175095
000858SZ_2021-07-30T000000_BUY_COUNTDOWN_PROGRESS_1_2021-07-13T000000_5,2021-07-30 00:00:00,000858.SZ,1d,COUNTDOWN,BUY_COUNTDOWN_PROGRESS,1,5,,,BUY_SETUP,False,2021-07-01 00:00:00,2021-07-13 00:00:00,276.62,276.62,2021-07-13 00:00:00,2021-07-23 00:00:00,2021-07-26 00:00:00,2021-07-27 00:00:00,2021-07-28 00:00:00,2021-07-30 00:00:00,,,,,,,,,,2021-07-30 00:00:00,197.04,215.26,200.95,215.26,197.04,6588825634.823,0.034685,-0.223292
000858SZ_2021-08-05T000000_BUY_COUNTDOWN_PROGRESS_1_2021-07-13T000000_6,2021-08-05 00:00:00,000858.SZ,1d,COUNTDOWN,BUY_COUNTDOWN_PROGRESS,1,6,,,BUY_SETUP,False,2021-07-01 00:00:00,2021-07-13 00:00:00,276.62,276.62,2021-07-13 00:00:00,2021-07-23 00:00:00,2021-07-26 00:00:00,2021-07-27 00:00:00,2021-07-28 00:00:00,2021-07-30 00:00:00,2021-08-05 00:00:00,,,,,,,,,2021-07-30 00:00:00,197.04,215.26,207.37,216.2,205.7,6680930249.6965,0.037977,-0.162074
600036SS_2021-08-05T000000_BUY_COUNTDOWN_PROGRESS_1_2021-07-08T000000_7,2021-08-05 00:00:00,600036.SS,1d,COUNTDOWN,BUY_COUNTDOWN_PROGRESS,1,7,,,BUY_SETUP,True,2021-06-28 00:00:00,2021-07-08 00:00:00,46.8,46.8,2021-07-08 00:00:00,2021-07-08 00:00:00,2021-07-09 00:00:00,2021-07-20 00:00:00,2021-07-26 00:00:00,2021-07-27 00:00:00,2021-07-28 00:00:00,2021-08-05 00:00:00,,,,,,,,2021-07-27 00:00:00,37.56,39.69,38.51,39.06,37.85,3124386048.0,0.026184,-0.047018
600519SS_2021-08-06T000000_BUY_COUNTDOWN_PROGRESS_1_2021-07-14T000000_7,2021-08-06 00:00:00,600519.SS,1d,COUNTDOWN,BUY_COUNTDOWN_PROGRESS,1,7,,,BUY_SETUP,False,2021-07-02 00:00:00,2021-07-14 00:00:00,1880.08,1880.08,2021-07-14 00:00:00,2021-07-22 00:00:00,2021-07-23 00:00:00,2021-07-26 00:00:00,2021-07-27 00:00:00,2021-07-28 00:00:00,2021-07-30 00:00:00,2021-08-06 00:00:00,,,,,,,,2021-08-06 00:00:00,1451.68,1499.09,1476.08,1499.09,1451.68,9439200691.2,0.027274,-0.164205
000858SZ_2021-08-06T000000_BUY_COUNTDOWN_PROGRESS_1_2021-07-13T000000_7,2021-08-06 00:00:00,000858.SZ,1d,COUNTDOWN,BUY_COUNTDOWN_PROGRESS,1,7,,,BUY_SETUP,False,2021-07-01 00:00:00,2021-07-13 00:00:00,276.62,276.62,2021-07-13 00:00:00,2021-07-23 00:00:00,2021-07-26 00:00:00,2021-07-27 00:00:00,2021-07-28 00:00:00,2021-07-30 00:00:00,2021-08-05 00:00:00,2021-08-06 00:00:00,,,,,,,,2021-07-30 00:00:00,197.04,215.26,206.2,208.1,201.45,6611092419.562,0.037587,-0.178977
000651SZ_2021-08-06T000000_BUY_COUNTDOWN_PROGRESS_1_2021-07-13T000000_7,2021-08-06 00:00:00,000651.SZ,1d,COUNTDOWN,BUY_COUNTDOWN_PROGRESS,1,7,,,BUY_SETUP,False,2021-07-01 00:00:00,2021-07-13 00:00:00,38.49,38.49,2021-07-13 00:00:00,2021-07-21 00:00:00,2021-07-22 00:00:00,2021-07-23 00:00:00,2021-07-26 00:00:00,2021-07-27 00:00:00,2021-07-28 00:00:00,2021-08-06 00:00:00,,,,,,,,2021-07-28 00:00:00,32.15,34.07,33.73,34.25,33.4,2328478153.8385,0.021325,-0.033801
000651SZ_2021-08-12T000000_BUY_COUNTDOWN_PROGRESS_1_2021-07-13T000000_8,2021-08-12 00:00:00,000651.SZ,1d,COUNTDOWN,BUY_COUNTDOWN_PROGRESS,1,8,,,BUY_SETUP,False,2021-07-01 00:00:00,2021-07-13 00:00:00,38.49,38.49,2021-07-13 00:00:00,2021-07-21 00:00:00,2021-07-22 00:00:00,2021-07-23 00:00:00,2021-07-26 00:00:00,2021-07-27 00:00:00,2021-07-28 00:00:00,2021-08-06 00:00:00,2021-08-12 00:00:00,32.76,,,,,,2021-07-28 00:00:00,32.15,34.07,32.76,34.23,32.65,2399124435.956,0.022836,-0.089494
600519SS_2021-08-13T000000_BUY_COUNTDOWN_PROGRESS_1_2021-07-14T000000_8,2021-08-13 00:00:00,600519.SS,1d,COUNTDOWN,BUY_COUNTDOWN_PROGRESS,1,8,,,BUY_SETUP,False,2021-07-02 00:00:00,2021-07-14 00:00:00,1880.08,1880.08,2021-07-14 00:00:00,2021-07-22 00:00:00,2021-07-23 00:00:00,2021-07-26 00:00:00,2021-07-27 00:00:00,2021-07-28 00:00:00,2021-07-30 00:00:00,2021-08-06 00:00:00,2021-08-13 00:00:00,1505.12,,,,,,2021-08-06 00:00:00,1451.68,1499.09,1505.12,1518.08,1484.08,9888268595.2,0.032971,-0.154465
000858SZ_2021-08-13T000000_BUY_COUNTDOWN_PROGRESS_1_2021-07-13T000000_8,2021-08-13 00:00:00,000858.SZ,1d,COUNTDOWN,BUY_COUNTDOWN_PROGRESS,1,8,,,BUY_SETUP,False,2021-07-01 00:00:00,2021-07-13 00:00:00,276.62,276.62,2021-07-13 00:00:00,2021-07-23 00:00:00,2021-07-26 00:00:00,2021-07-27 00:00:00,2021-07-28 00:00:00,2021-07-30 00:00:00,2021-08-05 00:00:00,2021-08-06 00:00:00,2021-08-13 00:00:00,221.0,,,,,,2021-07-30 00:00:00,197.04,215.26,221.0,223.2,216.2,6832459059.164,0.043733,-0.153549
601318SS_2021-08-13T000000_BUY_COUNTDOWN_PROGRESS_1_2021-07-09T000000_10,2021-08-13 00:00:00,601318.SS,1d,COUNTDOWN,BUY_COUNTDOWN_PROGRESS,1,10,,,BUY_SETUP,True,2021-06-29 00:00:00,2021-07-09 00:00:00,54.77,54.77,2021-07-09 00:00:00,2021-07-09 00:00:00,2021-07-12 00:00:00,2021-07-13 00:00:00,2021-07-14 00:00:00,2021-07-20 00:00:00,2021-07-23 00:00:00,2021-07-26 00:00:00,2021-07-27 00:00:00,42.04,2021-07-28 00:00:00,2021-08-13 00:00:00,,,,2021-07-27 00:00:00,41.73,44.05,43.68,44.34,43.37,3993826585.6,0.022138,-0.103448
000651SZ_2021-08-13T000000_BUY_COUNTDOWN_PROGRESS_1_2021-07-13T000000_9,2021-08-13 00:00:00,000651.SZ,1d,COUNTDOWN,BUY_COUNTDOWN_PROGRESS,1,9,,,BUY_SETUP,False,2021-07-01 00:00:00,2021-07-13 00:00:00,38.49,38.49,2021-07-13 00:00:00,2021-07-21 00:00:00,2021-07-22 00:00:00,2021-07-23 00:00:00,2021-07-26 00:00:00,2021-07-27 00:00:00,2021-07-28 00:00:00,2021-08-06 00:00:00,2021-08-12 00:00:00,32.76,2021-08-13 00:00:00,,,,,2021-07-28 00:00:00,32.15,34.07,32.51,32.94,32.16,2380816804.455,0.020089,-0.132373
600519SS_2021-08-17T000000_BUY_COUNTDOWN_PROGRESS_1_2021-07-14T000000_9,2021-08-17 00:00:00,600519.SS,1d,COUNTDOWN,BUY_COUNTDOWN_PROGRESS,1,9,,,BUY_SETUP,False,2021-07-02 00:00:00,2021-07-14 00:00:00,1880.08,1880.08,2021-07-14 00:00:00,2021-07-22 00:00:00,2021-07-23 00:00:00,2021-07-26 00:00:00,2021-07-27 00:00:00,2021-07-28 00:00:00,2021-07-30 00:00:00,2021-08-06 00:00:00,2021-08-13 00:00:00,1505.12,2021-08-17 00:00:00,,,,,2021-08-17 00:00:00,1433.96,1505.08,1440.08,1505.08,1433.96,10106953216.0,0.033786,-0.188267
000858SZ_2021-08-17T000000_BUY_COUNTDOWN_PROGRESS_1_2021-07-13T000000_9,2021-08-17 00:00:00,000858.SZ,1d,COUNTDOWN,BUY_COUNTDOWN_PROGRESS,1,9,,,BUY_SETUP,False,2021-07-01 00:00:00,2021-07-13 00:00:00,276.62,276.62,2021-07-13 00:00:00,2021-07-23 00:00:00,2021-07-26 00:00:00,2021-07-27 00:00:00,2021-07-28 00:00:00,2021-07-30 00:00:00,2021-08-05 00:00:00,2021-08-06 00:00:00,2021-08-13 00:00:00,221.0,2021-08-17 00:00:00,,,,,2021-07-30 00:00:00,197.04,215.26,210.15,222.2,209.98,6866714347.3685,0.04457,-0.196121
600036SS_2021-08-17T000000_BUY_COUNTDOWN_PROGRESS_1_2021-07-08T000000_8,2021-08-17 00:00:00,600036.SS,1d,COUNTDOWN,BUY_COUNTDOWN_PROGRESS,1,8,,,BUY_SETUP,True,2021-06-28 00:00:00,2021-07-08 00:00:00,46.8,46.8,2021-07-08 00:00:00,2021-07-08 00:00:00,2021-07-09 00:00:00,2021-07-20 00:00:00,2021-07-26 00:00:00,2021-07-27 00:00:00,2021-07-28 00:00:00,2021-08-05 00:00:00,2021-08-17 00:00:00,41.38,,,,,,2021-07-27 00:00:00,37.56,39.69,41.38,43.16,41.28,2943427212.8,0.025962,-0.00193
600519SS_2021-08-18T000000_BUY_COUNTDOWN_PROGRESS_1_2021-07-14T000000_10,2021-08-18 00:00:00,600519.SS,1d,COUNTDOWN,BUY_COUNTDOWN_PROGRESS,1,10,,,BUY_SETUP,False,2021-07-02 00:00:00,2021-07-14 00:00:00,1880.08,1880.08,2021-07-14 00:00:00,2021-07-22 00:00:00,2021-07-23 00:00:00,2021-07-26 00:00:00,2021-07-27 00:00:00,2021-07-28 00:00:00,2021-07-30 00:00:00,2021-08-06 00:00:00,2021-08-13 00:00:00,1505.12,2021-08-17 00:00:00,2021-08-18 00:00:00,,,,2021-08-18 00:00:00,1405.08,1448.07,1425.08,1448.07,1405.08,10296898227.2,0.033757,-0.183377
000858SZ_2021-08-18T000000_BUY_COUNTDOWN_PROGRESS_1_2021-07-13T000000_10,2021-08-18 00:00:00,000858.SZ,1d,COUNTDOWN,BUY_COUNTDOWN_PROGRESS,1,10,,,BUY_SETUP,False,2021-07-01 00:00:00,2021-07-13 00:00:00,276.62,276.62,2021-07-13 00:00:00,2021-07-23 00:00:00,2021-07-26 00:00:00,2021-07-27 00:00:00,2021-07-28 00:00:00,2021-07-30 00:00:00,2021-08-05 00:00:00,2021-08-06 00:00:00,2021-08-13 00:00:00,221.0,2021-08-17 00:00:00,2021-08-18 00:00:00,,,,2021-07-30 00:00:00,197.04,215.26,209.2,212.7,204.1,6898308905.121,0.044569,-0.196312
600519SS_2021-08-19T000000_BUY_COUNTDOWN_PROGRESS_1_2021-07-14T000000_11,2021-08-19 00:00:00,600519.SS,1d,COUNTDOWN,BUY_COUNTDOWN_PROGRESS,1,11,,,BUY_SETUP,False,2021-07-02 00:00:00,2021-07-14 00:00:00,1880.08,1880.08,2021-07-14 00:00:00,2021-07-22 00:00:00,2021-07-23 00:00:00,2021-07-26 00:00:00,2021-07-27 00:00:00,2021-07-28 00:00:00,2021-07-30 00:00:00,2021-08-06 00:00:00,2021-08-13 00:00:00,1505.12,2021-08-17 00:00:00,2021-08-18 00:00:00,2021-08-19 00:00:00,,,2021-08-18 00:00:00,1405.08,1448.07,1425.05,1448.28,1405.08,10250062182.4,0.033684,-0.164233
000858SZ_2021-08-19T000000_BUY_COUNTDOWN_PROGRESS_1_2021-07-13T000000_11,2021-08-19 00:00:00,000858.SZ,1d,COUNTDOWN,BUY_COUNTDOWN_PROGRESS,1,11,,,BUY_SETUP,False,2021-07-01 00:00:00,2021-07-13 00:00:00,276.62,276.62,2021-07-13 00:00:00,2021-07-23 00:00:00,2021-07-26 00:00:00,2021-07-27 00:00:00,2021-07-28 00:00:00,2021-07-30 00:00:00,2021-08-05 00:00:00,2021-08-06 00:00:00,2021-08-13 00:00:00,221.0,2021-08-17 00:00:00,2021-08-18 00:00:00,2021-08-19 00:00:00,,,2021-07-30 00:00:00,197.04,215.26,202.85,211.49,202.2,7022939331.8855,0.04447,-0.193151
601318SS_2021-08-19T000000_BUY_COUNTDOWN_PROGRESS_1_2021-07-09T000000_11,2021-08-19 00:00:00,601318.SS,1d,COUNTDOWN,BUY_COUNTDOWN_PROGRESS,1,11,,,BUY_SETUP,True,2021-06-29 00:00:00,2021-07-09 00:00:00,54.77,54.77,2021-07-09 00:00:00,2021-07-09 00:00:00,2021-07-12 00:00:00,2021-07-13 00:00:00,2021-07-14 00:00:00,2021-07-20 00:00:00,2021-07-23 00:00:00,2021-07-26 00:00:00,2021-07-27 00:00:00,42.04,2021-07-28 00:00:00,2021-08-13 00:00:00,2021-08-19 00:00:00,,,2021-07-27 00:00:00,41.73,44.05,43.08,45.13,43.03,4203021171.2,0.026717,-0.083599
600519SS_2021-08-20T000000_BUY_COUNTDOWN_PROGRESS_1_2021-07-14T000000_12,2021-08-20 00:00:00,600519.SS,1d,COUNTDOWN,BUY_COUNTDOWN_PROGRESS,1,12,,,BUY_SETUP,False,2021-07-02 00:00:00,2021-07-14 00:00:00,1880.08,1880.08,2021-07-14 00:00:00,2021-07-22 00:00:00,2021-07-23 00:00:00,2021-07-26 00:00:00,2021-07-27 00:00:00,2021-07-28 00:00:00,2021-07-30 00:00:00,2021-08-06 00:00:00,2021-08-13 00:00:00,1505.12,2021-08-17 00:00:00,2021-08-18 00:00:00,2021-08-19 00:00:00,2021-08-20 00:00:00,,2021-08-20 00:00:00,1330.58,1402.63,1353.08,1402.63,1330.58,10688433971.2,0.033281,-0.159155
000858SZ_2021-08-20T000000_BUY_COUNTDOWN_PROGRESS_1_2021-07-13T000000_12,2021-08-20 00:00:00,000858.SZ,1d,COUNTDOWN,BUY_COUNTDOWN_PROGRESS,1,12,,,BUY_SETUP,False,2021-07-01 00:00:00,2021-07-13 00:00:00,276.62,276.62,2021-07-13 00:00:00,2021-07-23 00:00:00,2021-07-26 00:00:00,2021-07-27 00:00:00,2021-07-28 00:00:00,2021-07-30 00:00:00,2021-08-05 00:00:00,2021-08-06 00:00:00,2021-08-13 00:00:00,221.0,2021-08-17 00:00:00,2021-08-18 00:00:00,2021-08-19 00:00:00,2021-08-20 00:00:00,,2021-08-20 00:00:00,185.59,196.88,186.58,196.88,185.59,7295804514.481,0.043949,-0.187865
601318SS_2021-08-20T000000_BUY_COUNTDOWN_PROGRESS_1_2021-07-09T000000_12,2021-08-20 00:00:00,601318.SS,1d,COUNTDOWN,BUY_COUNTDOWN_PROGRESS,1,12,,,BUY_SETUP,True,2021-06-29 00:00:00,2021-07-09 00:00:00,54.77,54.77,2021-07-09 00:00:00,2021-07-09 00:00:00,2021-07-12 00:00:00,2021-07-13 00:00:00,2021-07-14 00:00:00,2021-07-20 00:00:00,2021-07-23 00:00:00,2021-07-26 00:00:00,2021-07-27 00:00:00,42.04,2021-07-28 00:00:00,2021-08-13 00:00:00,2021-08-19 00:00:00,2021-08-20 00:00:00,,2021-07-27 00:00:00,41.73,44.05,42.38,43.03,42.18,4210361395.2,0.022545,-0.033964
000651SZ_2021-08-20T000000_BUY_COUNTDOWN_PROGRESS_1_2021-07-13T000000_10,2021-08-20 00:00:00,000651.SZ,1d,COUNTDOWN,BUY_COUNTDOWN_PROGRESS,1,10,,,BUY_SETUP,False,2021-07-01 00:00:00,2021-07-13 00:00:00,38.49,38.49,2021-07-13 00:00:00,2021-07-21 00:00:00,2021-07-22 00:00:00,2021-07-23 00:00:00,2021-07-26 00:00:00,2021-07-27 00:00:00,2021-07-28 00:00:00,2021-08-06 00:00:00,2021-08-12 00:00:00,32.76,2021-08-13 00:00:00,2021-08-20 00:00:00,,,,2021-08-20 00:00:00,31.44,33.1,32.09,33.1,31.44,2313998831.365,0.02222,-0.045509
600519SS_2021-08-23T000000_BUY_COUNTDOWN_COMPLETE_PERFECT_1_2021-07-14T000000_13,2021-08-23 00:00:00,600519.SS,1d,COUNTDOWN,BUY_COUNTDOWN_COMPLETE_PERFECT,1,13,True,,BUY_SETUP,False,2021-07-02 00:00:00,2021-07-14 00:00:00,1880.08,1880.08,2021-07-14 00:00:00,2021-07-22 00:00:00,2021-07-23 00:00:00,2021-07-26 00:00:00,2021-07-27 00:00:00,2021-07-28 00:00:00,2021-07-30 00:00:00,2021-08-06 00:00:00,2021-08-13 00:00:00,1505.12,2021-08-17 00:00:00,2021-08-18 00:00:00,2021-08-19 00:00:00,2021-08-20 00:00:00,2021-08-23 00:00:00,2021-08-20 00:00:00,1330.58,1402.63,1375.27,1404.08,1341.85,10354657536.0,0.031678,-0.094007
000858SZ_2021-08-23T000000_BUY_COUNTDOWN_COMPLETE_PERFECT_1_2021-07-13T000000_13,2021-08-23 00:00:00,000858.SZ,1d,COUNTDOWN,BUY_COUNTDOWN_COMPLETE_PERFECT,1,13,True,,BUY_SETUP,False,2021-07-01 00:00:00,2021-07-13 00:00:00,276.62,276.62,2021-07-13 00:00:00,2021-07-23 00:00:00,2021-07-26 00:00:00,2021-07-27 00:00:00,2021-07-28 00:00:00,2021-07-30 00:00:00,2021-08-05 00:00:00,2021-08-06 00:00:00,2021-08-13 00:00:00,221.0,2021-08-17 00:00:00,2021-08-18 00:00:00,2021-08-19 00:00:00,2021-08-20 00:00:00,2021-08-23 00:00:00,2021-08-23 00:00:00,185.1,191.97,186.24,191.97,185.1,7145336806.341,0.040734,-0.118808
601318SS_2021-08-23T000000_BUY_COUNTDOWN_COMPLETE_1_2021-07-09T000000_13,2021-08-23 00:00:00,601318.SS,1d,COUNTDOWN,BUY_COUNTDOWN_COMPLETE,1,13,False,,BUY_SETUP,True,2021-06-29 00:00:00,2021-07-09 00:00:00,54.77,54.77,2021-07-09 00:00:00,2021-07-09 00:00:00,2021-07-12 00:00:00,2021-07-13 00:00:00,2021-07-14 00:00:00,2021-07-20 00:00:00,2021-07-23 00:00:00,2021-07-26 00:00:00,2021-07-27 00:00:00,42.04,2021-07-28 00:00:00,2021-08-13 00:00:00,2021-08-19 00:00:00,2021-08-20 00:00:00,2021-08-23 00:00:00,2021-07-27 00:00:00,41.73,44.05,42.07,42.83,41.97,4042897996.8,0.020539,0.000714
600036SS_2021-08-26T000000_BUY_COUNTDOWN_PROGRESS_1_2021-07-08T000000_9,2021-08-26 00:00:00,600036.SS,1d,COUNTDOWN,BUY_COUNTDOWN_PROGRESS,1,9,,,BUY_SETUP,True,2021-06-28 00:00:00,2021-07-08 00:00:00,46.8,46.8,2021-07-08 00:00:00,2021-07-08 00:00:00,2021-07-09 00:00:00,2021-07-20 00:00:00,2021-07-26 00:00:00,2021-07-27 00:00:00,2021-07-28 00:00:00,2021-08-05 00:00:00,2021-08-17 00:00:00,41.38,2021-08-26 00:00:00,,,,,2021-07-27 00:00:00,37.56,39.69,41.36,43.69,41.24,3100128217.6,0.029074,0.081025
000651SZ_2021-08-26T000000_BUY_COUNTDOWN_PROGRESS_1_2021-07-13T000000_11,2021-08-26 00:00:00,000651.SZ,1d,COUNTDOWN,BUY_COUNTDOWN_PROGRESS,1,11,,,BUY_SETUP,False,2021-07-01 00:00:00,2021-07-13 00:00:00,38.49,38.49,2021-07-13 00:00:00,2021-07-21 00:00:00,2021-07-22 00:00:00,2021-07-23 00:00:00,2021-07-26 00:00:00,2021-07-27 00:00:00,2021-07-28 00:00:00,2021-08-06 00:00:00,2021-08-12 00:00:00,32.76,2021-08-13 00:00:00,2021-08-20 00:00:00,2021-08-26 00:00:00,,,2021-08-20 00:00:00,31.44,33.1,31.91,32.87,31.77,2314219319.4935,0.02576,-0.047178
600036SS_2021-08-27T000000_BUY_COUNTDOWN_PROGRESS_1_2021-07-08T000000_10,2021-08-27 00:00:00,600036.SS,1d,COUNTDOWN,BUY_COUNTDOWN_PROGRESS,1,10,,,BUY_SETUP,True,2021-06-28 00:00:00,2021-07-08 00:00:00,46.8,46.8,2021-07-08 00:00:00,2021-07-08 00:00:00,2021-07-09 00:00:00,2021-07-20 00:00:00,2021-07-26 00:00:00,2021-07-27 00:00:00,2021-07-28 00:00:00,2021-08-05 00:00:00,2021-08-17 00:00:00,41.38,2021-08-26 00:00:00,2021-08-27 00:00:00,,,,2021-07-27 00:00:00,37.56,39.69,42.11,42.58,41.26,3059240358.4,0.028563,0.066886
000651SZ_2021-08-27T000000_BUY_COUNTDOWN_PROGRESS_1_2021-07-13T000000_12,2021-08-27 00:00:00,000651.SZ,1d,COUNTDOWN,BUY_COUNTDOWN_PROGRESS,1,12,,,BUY_SETUP,False,2021-07-01 00:00:00,2021-07-13 00:00:00,38.49,38.49,2021-07-13 00:00:00,2021-07-21 00:00:00,2021-07-22 00:00:00,2021-07-23 00:00:00,2021-07-26 00:00:00,2021-07-27 00:00:00,2021-07-28 00:00:00,2021-08-06 00:00:00,2021-08-12 00:00:00,32.76,2021-08-13 00:00:00,2021-08-20 00:00:00,2021-08-26 00:00:00,2021-08-27 00:00:00,,2021-08-20 00:00:00,31.44,33.1,31.6,32.22,31.58,2291933926.288,0.025136,-0.077103
600036SS_2021-08-30T000000_BUY_COUNTDOWN_PROGRESS_1_2021-07-08T000000_11,2021-08-30 00:00:00,600036.SS,1d,COUNTDOWN,BUY_COUNTDOWN_PROGRESS,1,11,,,BUY_SETUP,True,2021-06-28 00:00:00,2021-07-08 00:00:00,46.8,46.8,2021-07-08 00:00:00,2021-07-08 00:00:00,2021-07-09 00:00:00,2021-07-20 00:00:00,2021-07-26 00:00:00,2021-07-27 00:00:00,2021-07-28 00:00:00,2021-08-05 00:00:00,2021-08-17 00:00:00,41.38,2021-08-26 00:00:00,2021-08-27 00:00:00,2021-08-30 00:00:00,,,2021-07-27 00:00:00,37.56,39.69,40.21,42.11,39.37,3124197555.2,0.03057,0.021855
000651SZ_2021-08-30T000000_BUY_COUNTDOWN_COMPLETE_PERFECT_1_2021-07-13T000000_13,2021-08-30 00:00:00,000651.SZ,1d,COUNTDOWN,BUY_COUNTDOWN_COMPLETE_PERFECT,1,13,True,,BUY_SETUP,False,2021-07-01 00:00:00,2021-07-13 00:00:00,38.49,38.49,2021-07-13 00:00:00,2021-07-21 00:00:00,2021-07-22 00:00:00,2021-07-23 00:00:00,2021-07-26 00:00:00,2021-07-27 00:00:00,2021-07-28 00:00:00,2021-08-06 00:00:00,2021-08-12 00:00:00,32.76,2021-08-13 00:00:00,2021-08-20 00:00:00,2021-08-26 00:00:00,2021-08-27 00:00:00,2021-08-30 00:00:00,2021-08-30 00:00:00,29.59,31.73,29.77,31.73,29.59,2337385423.278,0.026668,-0.154261
601318SS_2021-08-31T000000_BUY_SETUP_PERFECT_1_2021-08-31T000000_9,2021-08-31 00:00:00,601318.SS,1d,SETUP,BUY_SETUP_PERFECT,1,9,True,,BUY_SETUP,True,2021-08-19 00:00:00,2021-08-31 00:00:00,,,,,,,,,,,,,,,,,,,,,,,,4279327808.0,0.024924,-0.086107
601318SS_2021-08-31T000000_BUY_COUNTDOWN_PROGRESS_1_2021-08-31T000000_1,2021-08-31 00:00:00,601318.SS,1d,COUNTDOWN,BUY_COUNTDOWN_PROGRESS,1,1,,,BUY_SETUP,True,2021-08-19 00:00:00,2021-08-31 00:00:00,45.13,45.13,2021-08-31 00:00:00,2021-08-31 00:00:00,,,,,,,,,,,,,,2021-08-31 00:00:00,38.25,39.84,39.27,39.84,38.25,4279327808.0,0.024924,-0.086107
600036SS_2021-08-31T000000_BUY_COUNTDOWN_PROGRESS_1_2021-07-08T000000_12,2021-08-31 00:00:00,600036.SS,1d,COUNTDOWN,BUY_COUNTDOWN_PROGRESS,1,12,,,BUY_SETUP,True,2021-06-28 00:00:00,2021-07-08 00:00:00,46.8,46.8,2021-07-08 00:00:00,2021-07-08 00:00:00,2021-07-09 00:00:00,2021-07-20 00:00:00,2021-07-26 00:00:00,2021-07-27 00:00:00,2021-07-28 00:00:00,2021-08-05 00:00:00,2021-08-17 00:00:00,41.38,2021-08-26 00:00:00,2021-08-27 00:00:00,2021-08-30 00:00:00,2021-08-31 00:00:00,,2021-07-27 00:00:00,37.56,39.69,40.72,41.21,39.61,3173929100.8,0.030403,0.050568
000651SZ_2021-09-03T000000_BUY_SETUP_PERFECT_1_2021-09-03T000000_9,2021-09-03 00:00:00,000651.SZ,1d,SETUP,BUY_SETUP_PERFECT,1,9,True,,BUY_SETUP,True,2021-08-24 00:00:00,2021-09-03 00:00:00,,,,,,,,,,,,,,,,,,,,,,,,2615873349.7685,0.027562,-0.147998
000651SZ_2021-09-03T000000_BUY_COUNTDOWN_PROGRESS_1_2021-09-03T000000_1,2021-09-03 00:00:00,000651.SZ,1d,COUNTDOWN,BUY_COUNTDOWN_PROGRESS,1,1,,,BUY_SETUP,True,2021-08-24 00:00:00,2021-09-03 00:00:00,34.75,34.75,2021-09-03 00:00:00,2021-09-03 00:00:00,,,,,,,,,,,,,,2021-09-03 00:00:00,28.97,29.65,29.36,29.65,28.97,2615873349.7685,0.027562,-0.147998
000651SZ_2021-09-10T000000_BUY_COUNTDOWN_PROGRESS_1_2021-09-03T000000_2,2021-09-10 00:00:00,000651.SZ,1d,COUNTDOWN,BUY_COUNTDOWN_PROGRESS,1,2,,,BUY_SETUP,True,2021-08-24 00:00:00,2021-09-03 00:00:00,34.75,34.75,2021-09-03 00:00:00,2021-09-03 00:00:00,2021-09-10 00:00:00,,,,,,,,,,,,,2021-09-03 00:00:00,28.97,29.65,30.01,30.43,29.9,2763034256.1415,0.025374,-0.116833
600036SS_2021-09-13T000000_SELL_SETUP_PERFECT_-1_2021-09-13T000000_9,2021-09-13 00:00:00,600036.SS,1d,SETUP,SELL_SETUP_PERFECT,-1,9,True,,SELL_SETUP,True,2021-09-01 00:00:00,2021-09-13 00:00:00,,,,,,,,,,,,,,,,,,,,,,,,3521477568.0,0.032069,0.103915
600036SS_2021-09-13T000000_BUY_COUNTDOWN_CANCEL_1_2021-07-08T000000_12,2021-09-13 00:00:00,600036.SS,1d,COUNTDOWN,BUY_COUNTDOWN_CANCEL,1,12,,opposite_setup,BUY_SETUP,True,2021-06-28 00:00:00,2021-07-08 00:00:00,46.8,46.8,2021-07-08 00:00:00,2021-07-08 00:00:00,2021-07-09 00:00:00,2021-07-20 00:00:00,2021-07-26 00:00:00,2021-07-27 00:00:00,2021-07-28 00:00:00,2021-08-05 00:00:00,2021-08-17 00:00:00,41.38,2021-08-26 00:00:00,2021-08-27 00:00:00,2021-08-30 00:00:00,2021-08-31 00:00:00,,2021-07-27 00:00:00,37.56,39.69,45.68,46.26,45.26,3521477568.0,0.032069,0.103915
600036SS_2021-09-13T000000_SELL_COUNTDOWN_PROGRESS_-1_2021-09-13T000000_1,2021-09-13 00:00:00,600036.SS,1d,COUNTDOWN,SELL_COUNTDOWN_PROGRESS,-1,1,,,SELL_SETUP,True,2021-09-01 00:00:00,2021-09-13 00:00:00,46.28,40.36,2021-09-13 00:00:00,2021-09-13 00:00:00,,,,,,,,,,,,,,2021-09-13 00:00:00,45.26,46.26,45.68,46.26,45.26,3521477568.0,0.032069,0.103915
000651SZ_2021-09-13T000000_BUY_COUNTDOWN_PROGRESS_1_2021-09-03T000000_3,2021-09-13 00:00:00,000651.SZ,1d,COUNTDOWN,BUY_COUNTDOWN_PROGRESS,1,3,,,BUY_SETUP,True,2021-08-24 00:00:00,2021-09-03 00:00:00,34.75,34.75,2021-09-03 00:00:00,2021-09-03 00:00:00,2021-09-10 00:00:00,2021-09-13 00:00:00,,,,,,,,,,,,2021-09-03 00:00:00,28.97,29.65,29.57,30.16,29.38,2738096667.8345,0.025049,-0.106916
601318SS_2021-09-14T000000_BUY_COUNTDOWN_PROGRESS_1_2021-08-31T000000_2,2021-09-14 00:00:00,601318.SS,1d,COUNTDOWN,BUY_COUNTDOWN_PROGRESS,1,2,,,BUY_SETUP,True,2021-08-19 00:00:00,2021-08-31 00:00:00,45.13,45.13,2021-08-31 00:00:00,2021-08-31 00:00:00,2021-09-14 00:00:00,,,,,,,,,,,,,2021-08-31 00:00:00,38.25,39.84,39.23,40.95,39.18,4864681612.8,0.022861,-0.136093
000651SZ_2021-09-14T000000_BUY_COUNTDOWN_PROGRESS_1_2021-09-03T000000_4,2021-09-14 00:00:00,000651.SZ,1d,COUNTDOWN,BUY_COUNTDOWN_PROGRESS,1,4,,,BUY_SETUP,True,2021-08-24 00:00:00,2021-09-03 00:00:00,34.75,34.75,2021-09-03 00:00:00,2021-09-03 00:00:00,2021-09-10 00:00:00,2021-09-13 00:00:00,2021-09-14 00:00:00,,,,,,,,,,,2021-09-14 00:00:00,28.94,30.07,28.98,30.07,28.94,2770261597.1695,0.024714,-0.138269
601318SS_2021-09-15T000000_BUY_COUNTDOWN_PROGRESS_1_2021-08-31T000000_3,2021-09-15 00:00:00,601318.SS,1d,COUNTDOWN,BUY_COUNTDOWN_PROGRESS,1,3,,,BUY_SETUP,True,2021-08-19 00:00:00,2021-08-31 00:00:00,45.13,45.13,2021-08-31 00:00:00,2021-08-31 00:00:00,2021-09-14 00:00:00,2021-09-15 00:00:00,,,,,,,,,,,,2021-08-31 00:00:00,38.25,39.84,38.84,39.25,38.67,4758407065.6,0.020415,-0.098422
000651SZ_2021-09-15T000000_BUY_COUNTDOWN_PROGRESS_1_2021-09-03T000000_5,2021-09-15 00:00:00,000651.SZ,1d,COUNTDOWN,BUY_COUNTDOWN_PROGRESS,1,5,,,BUY_SETUP,True,2021-08-24 00:00:00,2021-09-03 00:00:00,34.75,34.75,2021-09-03 00:00:00,2021-09-03 00:00:00,2021-09-10 00:00:00,2021-09-13 00:00:00,2021-09-14 00:00:00,2021-09-15 00:00:00,,,,,,,,,,2021-09-15 00:00:00,27.46,28.82,27.76,28.82,27.46,2903094236.875,0.025886,-0.164107
601318SS_2021-09-16T000000_BUY_COUNTDOWN_PROGRESS_1_2021-08-31T000000_4,2021-09-16 00:00:00,601318.SS,1d,COUNTDOWN,BUY_COUNTDOWN_PROGRESS,1,4,,,BUY_SETUP,True,2021-08-19 00:00:00,2021-08-31 00:00:00,45.13,45.13,2021-08-31 00:00:00,2021-08-31 00:00:00,2021-09-14 00:00:00,2021-09-15 00:00:00,2021-09-16 00:00:00,,,,,,,,,,,2021-08-31 00:00:00,38.25,39.84,38.88,39.35,38.58,4593375296.0,0.020289,-0.082586
000651SZ_2021-09-16T000000_BUY_COUNTDOWN_PROGRESS_1_2021-09-03T000000_6,2021-09-16 00:00:00,000651.SZ,1d,COUNTDOWN,BUY_COUNTDOWN_PROGRESS,1,6,,,BUY_SETUP,True,2021-08-24 00:00:00,2021-09-03 00:00:00,34.75,34.75,2021-09-03 00:00:00,2021-09-03 00:00:00,2021-09-10 00:00:00,2021-09-13 00:00:00,2021-09-14 00:00:00,2021-09-15 00:00:00,2021-09-16 00:00:00,,,,,,,,,2021-09-16 00:00:00,26.96,27.86,26.98,27.86,26.96,2971225533.9585,0.025633,-0.15924
601318SS_2021-09-17T000000_BUY_COUNTDOWN_PROGRESS_1_2021-08-31T000000_5,2021-09-17 00:00:00,601318.SS,1d,COUNTDOWN,BUY_COUNTDOWN_PROGRESS,1,5,,,BUY_SETUP,True,2021-08-19 00:00:00,2021-08-31 00:00:00,45.13,45.13,2021-08-31 00:00:00,2021-08-31 00:00:00,2021-09-14 00:00:00,2021-09-15 00:00:00,2021-09-16 00:00:00,2021-09-17 00:00:00,,,,,,,,,,2021-09-17 00:00:00,37.59,39.15,38.05,39.15,37.59,4640268672.0,0.020636,-0.095555
000651SZ_2021-09-17T000000_BUY_COUNTDOWN_PROGRESS_1_2021-09-03T000000_7,2021-09-17 00:00:00,000651.SZ,1d,COUNTDOWN,BUY_COUNTDOWN_PROGRESS,1,7,,,BUY_SETUP,True,2021-08-24 00:00:00,2021-09-03 00:00:00,34.75,34.75,2021-09-03 00:00:00,2021-09-03 00:00:00,2021-09-10 00:00:00,2021-09-13 00:00:00,2021-09-14 00:00:00,2021-09-15 00:00:00,2021-09-16 00:00:00,2021-09-17 00:00:00,,,,,,,,2021-09-17 00:00:00,26.21,27.15,27.03,27.15,26.21,2940794162.887,0.021481,-0.199348
601318SS_2021-09-22T000000_BUY_COUNTDOWN_PROGRESS_1_2021-08-31T000000_6,2021-09-22 00:00:00,601318.SS,1d,COUNTDOWN,BUY_COUNTDOWN_PROGRESS,1,6,,,BUY_SETUP,True,2021-08-19 00:00:00,2021-08-31 00:00:00,45.13,45.13,2021-08-31 00:00:00,2021-08-31 00:00:00,2021-09-14 00:00:00,2021-09-15 00:00:00,2021-09-16 00:00:00,2021-09-17 00:00:00,2021-09-22 00:00:00,,,,,,,,,2021-09-22 00:00:00,36.67,37.45,37.15,37.45,36.67,4655274905.6,0.020737,-0.097644
000651SZ_2021-09-22T000000_BUY_COUNTDOWN_PROGRESS_1_2021-09-03T000000_8,2021-09-22 00:00:00,000651.SZ,1d,COUNTDOWN,BUY_COUNTDOWN_PROGRESS,1,8,,,BUY_SETUP,True,2021-08-24 00:00:00,2021-09-03 00:00:00,34.75,34.75,2021-09-03 00:00:00,2021-09-03 00:00:00,2021-09-10 00:00:00,2021-09-13 00:00:00,2021-09-14 00:00:00,2021-09-15 00:00:00,2021-09-16 00:00:00,2021-09-17 00:00:00,2021-09-22 00:00:00,26.56,,,,,,2021-09-17 00:00:00,26.21,27.15,26.56,26.69,26.21,2800726102.953,0.021505,-0.200963
601318SS_2021-09-23T000000_BUY_COUNTDOWN_PROGRESS_1_2021-08-31T000000_7,2021-09-23 00:00:00,601318.SS,1d,COUNTDOWN,BUY_COUNTDOWN_PROGRESS,1,7,,,BUY_SETUP,True,2021-08-19 00:00:00,2021-08-31 00:00:00,45.13,45.13,2021-08-31 00:00:00,2021-08-31 00:00:00,2021-09-14 00:00:00,2021-09-15 00:00:00,2021-09-16 00:00:00,2021-09-17 00:00:00,2021-09-22 00:00:00,2021-09-23 00:00:00,,,,,,,,2021-09-22 00:00:00,36.67,37.45,37.59,38.72,37.38,4593335782.4,0.021082,-0.082051
000651SZ_2021-09-24T000000_BUY_SETUP_1_2021-09-24T000000_9,2021-09-24 00:00:00,000651.SZ,1d,SETUP,BUY_SETUP,1,9,False,,BUY_SETUP,False,2021-09-10 00:00:00,2021-09-24 00:00:00,,,,,,,,,,,,,,,,,,,,,,,,2760201948.967,0.021079,-0.163898
000651SZ_2021-09-24T000000_BUY_COUNTDOWN_CANCEL_1_2021-09-03T000000_8,2021-09-24 00:00:00,000651.SZ,1d,COUNTDOWN,BUY_COUNTDOWN_CANCEL,1,8,,same_setup,BUY_SETUP,True,2021-08-24 00:00:00,2021-09-03 00:00:00,34.75,34.75,2021-09-03 00:00:00,2021-09-03 00:00:00,2021-09-10 00:00:00,2021-09-13 00:00:00,2021-09-14 00:00:00,2021-09-15 00:00:00,2021-09-16 00:00:00,2021-09-17 00:00:00,2021-09-22 00:00:00,26.56,,,,,,2021-09-17 00:00:00,26.21,27.15,26.68,27.2,26.52,2760201948.967,0.021079,-0.163898
600036SS_2021-09-28T000000_SELL_COUNTDOWN_PROGRESS_-1_2021-09-13T000000_2,2021-09-28 00:00:00,600036.SS,1d,COUNTDOWN,SELL_COUNTDOWN_PROGRESS,-1,2,,,SELL_SETUP,True,2021-09-01 00:00:00,2021-09-13 00:00:00,46.28,40.36,2021-09-13 00:00:00,2021-09-13 00:00:00,2021-09-28 00:00:00,,,,,,,,,,,,,2021-09-28 00:00:00,40.85,42.74,42.18,42.74,40.85,3555170073.6,0.025031,0.048993
600036SS_2021-09-29T000000_SELL_COUNTDOWN_PROGRESS_-1_2021-09-13T000000_3,2021-09-29 00:00:00,600036.SS,1d,COUNTDOWN,SELL_COUNTDOWN_PROGRESS,-1,3,,,SELL_SETUP,True,2021-09-01 00:00:00,2021-09-13 00:00:00,46.28,40.36,2021-09-13 00:00:00,2021-09-13 00:00:00,2021-09-28 00:00:00,2021-09-29 00:00:00,,,,,,,,,,,,2021-09-28 00:00:00,40.85,42.74,43.32,43.93,41.37,3524924441.6,0.025528,0.063851
601318SS_2021-09-30T000000_BUY_COUNTDOWN_PROGRESS_1_2021-08-31T000000_8,2021-09-30 00:00:00,601318.SS,1d,COUNTDOWN,BUY_COUNTDOWN_PROGRESS,1,8,,,BUY_SETUP,True,2021-08-19 00:00:00,2021-08-31 00:00:00,45.13,45.13,2021-08-31 00:00:00,2021-08-31 00:00:00,2021-09-14 00:00:00,2021-09-15 00:00:00,2021-09-16 00:00:00,2021-09-17 00:00:00,2021-09-22 00:00:00,2021-09-23 00:00:00,2021-09-30 00:00:00,37.73,,,,,,2021-09-22 00:00:00,36.67,37.45,37.73,38.67,37.6,4265897996.8,0.014087,-0.076603
600036SS_2021-10-11T000000_SELL_COUNTDOWN_PROGRESS_-1_2021-09-13T000000_4,2021-10-11 00:00:00,600036.SS,1d,COUNTDOWN,SELL_COUNTDOWN_PROGRESS,-1,4,,,SELL_SETUP,True,2021-09-01 00:00:00,2021-09-13 00:00:00,46.28,40.36,2021-09-13 00:00:00,2021-09-13 00:00:00,2021-09-28 00:00:00,2021-09-29 00:00:00,2021-10-11 00:00:00,,,,,,,,,,,2021-09-28 00:00:00,40.85,42.74,44.76,45.94,43.2,3529369728.0,0.026409,0.022852
600036SS_2021-10-12T000000_SELL_COUNTDOWN_PROGRESS_-1_2021-09-13T000000_5,2021-10-12 00:00:00,600036.SS,1d,COUNTDOWN,SELL_COUNTDOWN_PROGRESS,-1,5,,,SELL_SETUP,True,2021-09-01 00:00:00,2021-09-13 00:00:00,46.28,40.36,2021-09-13 00:00:00,2021-09-13 00:00:00,2021-09-28 00:00:00,2021-09-29 00:00:00,2021-10-11 00:00:00,2021-10-12 00:00:00,,,,,,,,,,2021-09-28 00:00:00,40.85,42.74,44.85,45.55,44.06,3519776089.6,0.025993,0.043994
000858SZ_2021-10-13T000000_SELL_SETUP_PERFECT_-1_2021-10-13T000000_9,2021-10-13 00:00:00,000858.SZ,1d,SETUP,SELL_SETUP_PERFECT,-1,9,True,,SELL_SETUP,True,2021-09-24 00:00:00,2021-10-13 00:00:00,,,,,,,,,,,,,,,,,,,,,,,,6719372010.6905,0.035683,0.143207
000858SZ_2021-10-13T000000_SELL_COUNTDOWN_PROGRESS_-1_2021-10-13T000000_1,2021-10-13 00:00:00,000858.SZ,1d,COUNTDOWN,SELL_COUNTDOWN_PROGRESS,-1,1,,,SELL_SETUP,True,2021-09-24 00:00:00,2021-10-13 00:00:00,224.8,173.26,2021-10-13 00:00:00,2021-10-13 00:00:00,,,,,,,,,,,,,,2021-10-13 00:00:00,207.4,224.8,219.69,224.8,207.4,6719372010.6905,0.035683,0.143207
601318SS_2021-10-13T000000_BUY_COUNTDOWN_PROGRESS_1_2021-08-31T000000_9,2021-10-13 00:00:00,601318.SS,1d,COUNTDOWN,BUY_COUNTDOWN_PROGRESS,1,9,,,BUY_SETUP,True,2021-08-19 00:00:00,2021-08-31 00:00:00,45.13,45.13,2021-08-31 00:00:00,2021-08-31 00:00:00,2021-09-14 00:00:00,2021-09-15 00:00:00,2021-09-16 00:00:00,2021-09-17 00:00:00,2021-09-22 00:00:00,2021-09-23 00:00:00,2021-09-30 00:00:00,37.73,2021-10-13 00:00:00,,,,,2021-09-22 00:00:00,36.67,37.45,41.12,41.56,40.27,4533705792.0,0.0272,-0.014145
000651SZ_2021-10-13T000000_BUY_COUNTDOWN_PROGRESS_1_2021-09-24T000000_1,2021-10-13 00:00:00,000651.SZ,1d,COUNTDOWN,BUY_COUNTDOWN_PROGRESS,1,1,,,BUY_SETUP,False,2021-09-10 00:00:00,2021-09-24 00:00:00,30.43,30.43,2021-09-24 00:00:00,2021-10-13 00:00:00,,,,,,,,,,,,,,2021-10-13 00:00:00,27.29,28.2,27.87,28.2,27.29,2528824525.203,0.020671,-0.086828
000858SZ_2021-10-14T000000_SELL_COUNTDOWN_PROGRESS_-1_2021-10-13T000000_2,2021-10-14 00:00:00,000858.SZ,1d,COUNTDOWN,SELL_COUNTDOWN_PROGRESS,-1,2,,,SELL_SETUP,True,2021-09-24 00:00:00,2021-10-13 00:00:00,224.8,173.26,2021-10-13 00:00:00,2021-10-13 00:00:00,2021-10-14 00:00:00,,,,,,,,,,,,,2021-10-13 00:00:00,207.4,224.8,220.2,224.88,216.36,6733701084.5975,0.03502,0.171775
601318SS_2021-10-14T000000_BUY_COUNTDOWN_PROGRESS_1_2021-08-31T000000_10,2021-10-14 00:00:00,601318.SS,1d,COUNTDOWN,BUY_COUNTDOWN_PROGRESS,1,10,,,BUY_SETUP,True,2021-08-19 00:00:00,2021-08-31 00:00:00,45.13,45.13,2021-08-31 00:00:00,2021-08-31 00:00:00,2021-09-14 00:00:00,2021-09-15 00:00:00,2021-09-16 00:00:00,2021-09-17 00:00:00,2021-09-22 00:00:00,2021-09-23 00:00:00,2021-09-30 00:00:00,37.73,2021-10-13 00:00:00,2021-10-14 00:00:00,,,,2021-09-22 00:00:00,36.67,37.45,40.78,41.37,40.57,4397804108.8,0.027182,-0.013069
000651SZ_2021-10-14T000000_BUY_COUNTDOWN_PROGRESS_1_2021-09-24T000000_2,2021-10-14 00:00:00,000651.SZ,1d,COUNTDOWN,BUY_COUNTDOWN_PROGRESS,1,2,,,BUY_SETUP,False,2021-09-10 00:00:00,2021-09-24 00:00:00,30.43,30.43,2021-09-24 00:00:00,2021-10-13 00:00:00,2021-10-14 00:00:00,,,,,,,,,,,,,2021-10-13 00:00:00,27.29,28.2,27.75,28.09,27.59,2436242407.048,0.020661,-0.084158
601318SS_2021-10-15T000000_BUY_COUNTDOWN_PROGRESS_1_2021-08-31T000000_11,2021-10-15 00:00:00,601318.SS,1d,COUNTDOWN,BUY_COUNTDOWN_PROGRESS,1,11,,,BUY_SETUP,True,2021-08-19 00:00:00,2021-08-31 00:00:00,45.13,45.13,2021-08-31 00:00:00,2021-08-31 00:00:00,2021-09-14 00:00:00,2021-09-15 00:00:00,2021-09-16 00:00:00,2021-09-17 00:00:00,2021-09-22 00:00:00,2021-09-23 00:00:00,2021-09-30 00:00:00,37.73,2021-10-13 00:00:00,2021-10-14 00:00:00,2021-10-15 00:00:00,,,2021-09-22 00:00:00,36.67,37.45,40.25,40.95,39.99,4364941363.2,0.027279,-0.018053
600036SS_2021-10-15T000000_SELL_SETUP_-1_2021-10-15T000000_9,2021-10-15 00:00:00,600036.SS,1d,SETUP,SELL_SETUP,-1,9,False,,SELL_SETUP,False,2021-09-28 00:00:00,2021-10-15 00:00:00,,,,,,,,,,,,,,,,,,,,,,,,3335068121.6,0.025197,0.027588
600036SS_2021-10-15T000000_SELL_COUNTDOWN_CANCEL_-1_2021-09-13T000000_5,2021-10-15 00:00:00,600036.SS,1d,COUNTDOWN,SELL_COUNTDOWN_CANCEL,-1,5,,same_setup,SELL_SETUP,True,2021-09-01 00:00:00,2021-09-13 00:00:00,46.28,40.36,2021-09-13 00:00:00,2021-09-13 00:00:00,2021-09-28 00:00:00,2021-09-29 00:00:00,2021-10-11 00:00:00,2021-10-12 00:00:00,,,,,,,,,,2021-09-28 00:00:00,40.85,42.74,45.07,45.2,44.11,3335068121.6,0.025197,0.027588
601318SS_2021-10-18T000000_BUY_COUNTDOWN_PROGRESS_1_2021-08-31T000000_12,2021-10-18 00:00:00,601318.SS,1d,COUNTDOWN,BUY_COUNTDOWN_PROGRESS,1,12,,,BUY_SETUP,True,2021-08-19 00:00:00,2021-08-31 00:00:00,45.13,45.13,2021-08-31 00:00:00,2021-08-31 00:00:00,2021-09-14 00:00:00,2021-09-15 00:00:00,2021-09-16 00:00:00,2021-09-17 00:00:00,2021-09-22 00:00:00,2021-09-23 00:00:00,2021-09-30 00:00:00,37.73,2021-10-13 00:00:00,2021-10-14 00:00:00,2021-10-15 00:00:00,2021-10-18 00:00:00,,2021-09-22 00:00:00,36.67,37.45,39.23,40.61,39.05,4369225523.2,0.027818,-0.045034
000651SZ_2021-10-18T000000_BUY_COUNTDOWN_PROGRESS_1_2021-09-24T000000_3,2021-10-18 00:00:00,000651.SZ,1d,COUNTDOWN,BUY_COUNTDOWN_PROGRESS,1,3,,,BUY_SETUP,False,2021-09-10 00:00:00,2021-09-24 00:00:00,30.43,30.43,2021-09-24 00:00:00,2021-10-13 00:00:00,2021-10-14 00:00:00,2021-10-18 00:00:00,,,,,,,,,,,,2021-10-18 00:00:00,26.99,27.87,27.13,27.87,26.99,2343974088.0535,0.021218,-0.095968
000858SZ_2021-10-21T000000_SELL_COUNTDOWN_PROGRESS_-1_2021-10-13T000000_3,2021-10-21 00:00:00,000858.SZ,1d,COUNTDOWN,SELL_COUNTDOWN_PROGRESS,-1,3,,,SELL_SETUP,True,2021-09-24 00:00:00,2021-10-13 00:00:00,224.8,173.26,2021-10-13 00:00:00,2021-10-13 00:00:00,2021-10-14 00:00:00,2021-10-21 00:00:00,,,,,,,,,,,,2021-10-21 00:00:00,199.2,203.15,201.19,203.15,199.2,7045530134.7775,0.039126,0.125853
600036SS_2021-10-21T000000_SELL_COUNTDOWN_PROGRESS_-1_2021-10-15T000000_1,2021-10-21 00:00:00,600036.SS,1d,COUNTDOWN,SELL_COUNTDOWN_PROGRESS,-1,1,,,SELL_SETUP,False,2021-09-28 00:00:00,2021-10-15 00:00:00,45.94,40.85,2021-10-15 00:00:00,2021-10-21 00:00:00,,,,,,,,,,,,,,2021-10-21 00:00:00,44.36,45.76,45.51,45.76,44.36,3139107078.4,0.02361,0.054449
000858SZ_2021-10-22T000000_SELL_COUNTDOWN_PROGRESS_-1_2021-10-13T000000_4,2021-10-22 00:00:00,000858.SZ,1d,COUNTDOWN,SELL_COUNTDOWN_PROGRESS,-1,4,,,SELL_SETUP,True,2021-09-24 00:00:00,2021-10-13 00:00:00,224.8,173.26,2021-10-13 00:00:00,2021-10-13 00:00:00,2021-10-14 00:00:00,2021-10-21 00:00:00,2021-10-22 00:00:00,,,,,,,,,,,2021-10-21 00:00:00,199.2,203.15,205.23,209.12,201.21,6918953434.254,0.039052,0.158183
600036SS_2021-10-22T000000_SELL_COUNTDOWN_PROGRESS_-1_2021-10-15T000000_2,2021-10-22 00:00:00,600036.SS,1d,COUNTDOWN,SELL_COUNTDOWN_PROGRESS,-1,2,,,SELL_SETUP,False,2021-09-28 00:00:00,2021-10-15 00:00:00,45.94,40.85,2021-10-15 00:00:00,2021-10-21 00:00:00,2021-10-22 00:00:00,,,,,,,,,,,,,2021-10-21 00:00:00,44.36,45.76,46.05,46.56,45.49,3147492780.8,0.023232,0.08455
600036SS_2021-10-25T000000_SELL_COUNTDOWN_PROGRESS_-1_2021-10-15T000000_3,2021-10-25 00:00:00,600036.SS,1d,COUNTDOWN,SELL_COUNTDOWN_PROGRESS,-1,3,,,SELL_SETUP,False,2021-09-28 00:00:00,2021-10-15 00:00:00,45.94,40.85,2021-10-15 00:00:00,2021-10-21 00:00:00,2021-10-22 00:00:00,2021-10-25 00:00:00,,,,,,,,,,,,2021-10-21 00:00:00,44.36,45.76,46.35,46.69,44.86,3156648057.6,0.023154,0.077656
601318SS_2021-10-26T000000_BUY_COUNTDOWN_COMPLETE_1_2021-08-31T000000_13,2021-10-26 00:00:00,601318.SS,1d,COUNTDOWN,BUY_COUNTDOWN_COMPLETE,1,13,False,,BUY_SETUP,True,2021-08-19 00:00:00,2021-08-31 00:00:00,45.13,45.13,2021-08-31 00:00:00,2021-08-31 00:00:00,2021-09-14 00:00:00,2021-09-15 00:00:00,2021-09-16 00:00:00,2021-09-17 00:00:00,2021-09-22 00:00:00,2021-09-23 00:00:00,2021-09-30 00:00:00,37.73,2021-10-13 00:00:00,2021-10-14 00:00:00,2021-10-15 00:00:00,2021-10-18 00:00:00,2021-10-26 00:00:00,2021-09-22 00:00:00,36.67,37.45,42.41,44.22,42.34,4802281305.6,0.031438,0.141588
600036SS_2021-10-26T000000_SELL_COUNTDOWN_PROGRESS_-1_2021-10-15T000000_4,2021-10-26 00:00:00,600036.SS,1d,COUNTDOWN,SELL_COUNTDOWN_PROGRESS,-1,4,,,SELL_SETUP,False,2021-09-28 00:00:00,2021-10-15 00:00:00,45.94,40.85,2021-10-15 00:00:00,2021-10-21 00:00:00,2021-10-22 00:00:00,2021-10-25 00:00:00,2021-10-26 00:00:00,,,,,,,,,,,2021-10-21 00:00:00,44.36,45.76,47.06,47.99,46.06,3247553299.2,0.020421,0.143065
000651SZ_2021-10-26T000000_BUY_COUNTDOWN_PROGRESS_1_2021-09-24T000000_4,2021-10-26 00:00:00,000651.SZ,1d,COUNTDOWN,BUY_COUNTDOWN_PROGRESS,1,4,,,BUY_SETUP,False,2021-09-10 00:00:00,2021-09-24 00:00:00,30.43,30.43,2021-09-24 00:00:00,2021-10-13 00:00:00,2021-10-14 00:00:00,2021-10-18 00:00:00,2021-10-26 00:00:00,,,,,,,,,,,2021-10-18 00:00:00,26.99,27.87,27.75,28.33,27.7,2314019771.2535,0.02506,0.044804
000651SZ_2021-10-27T000000_BUY_COUNTDOWN_PROGRESS_1_2021-09-24T000000_5,2021-10-27 00:00:00,000651.SZ,1d,COUNTDOWN,BUY_COUNTDOWN_PROGRESS,1,5,,,BUY_SETUP,False,2021-09-10 00:00:00,2021-09-24 00:00:00,30.43,30.43,2021-09-24 00:00:00,2021-10-13 00:00:00,2021-10-14 00:00:00,2021-10-18 00:00:00,2021-10-26 00:00:00,2021-10-27 00:00:00,,,,,,,,,,2021-10-27 00:00:00,25.37,26.78,25.54,26.78,25.37,2540624780.411,0.030922,-0.049851
000651SZ_2021-10-28T000000_BUY_COUNTDOWN_PROGRESS_1_2021-09-24T000000_6,2021-10-28 00:00:00,000651.SZ,1d,COUNTDOWN,BUY_COUNTDOWN_PROGRESS,1,6,,,BUY_SETUP,False,2021-09-10 00:00:00,2021-09-24 00:00:00,30.43,30.43,2021-09-24 00:00:00,2021-10-13 00:00:00,2021-10-14 00:00:00,2021-10-18 00:00:00,2021-10-26 00:00:00,2021-10-27 00:00:00,2021-10-28 00:00:00,,,,,,,,,2021-10-28 00:00:00,24.68,25.52,25.27,25.52,24.68,2555718149.0505,0.030958,-0.052849
000858SZ_2021-11-04T000000_SELL_COUNTDOWN_PROGRESS_-1_2021-10-13T000000_5,2021-11-04 00:00:00,000858.SZ,1d,COUNTDOWN,SELL_COUNTDOWN_PROGRESS,-1,5,,,SELL_SETUP,True,2021-09-24 00:00:00,2021-10-13 00:00:00,224.8,173.26,2021-10-13 00:00:00,2021-10-13 00:00:00,2021-10-14 00:00:00,2021-10-21 00:00:00,2021-10-22 00:00:00,2021-11-04 00:00:00,,,,,,,,,,2021-11-04 00:00:00,180.5,188.06,187.02,188.06,180.5,6180587507.8045,0.030905,-0.102677
000858SZ_2021-11-05T000000_SELL_COUNTDOWN_PROGRESS_-1_2021-10-13T000000_6,2021-11-05 00:00:00,000858.SZ,1d,COUNTDOWN,SELL_COUNTDOWN_PROGRESS,-1,6,,,SELL_SETUP,True,2021-09-24 00:00:00,2021-10-13 00:00:00,224.8,173.26,2021-10-13 00:00:00,2021-10-13 00:00:00,2021-10-14 00:00:00,2021-10-21 00:00:00,2021-10-22 00:00:00,2021-11-04 00:00:00,2021-11-05 00:00:00,,,,,,,,,2021-11-04 00:00:00,180.5,188.06,190.51,194.9,187.01,6024290583.22,0.031358,-0.084087
000858SZ_2021-11-08T000000_SELL_COUNTDOWN_PROGRESS_-1_2021-10-13T000000_7,2021-11-08 00:00:00,000858.SZ,1d,COUNTDOWN,SELL_COUNTDOWN_PROGRESS,-1,7,,,SELL_SETUP,True,2021-09-24 00:00:00,2021-10-13 00:00:00,224.8,173.26,2021-10-13 00:00:00,2021-10-13 00:00:00,2021-10-14 00:00:00,2021-10-21 00:00:00,2021-10-22 00:00:00,2021-11-04 00:00:00,2021-11-05 00:00:00,2021-11-08 00:00:00,,,,,,,,2021-11-04 00:00:00,180.5,188.06,191.19,192.61,187.96,5889279106.57,0.031296,-0.087573
000651SZ_2021-11-08T000000_BUY_SETUP_1_2021-11-08T000000_9,2021-11-08 00:00:00,000651.SZ,1d,SETUP,BUY_SETUP,1,9,False,,BUY_SETUP,False,2021-10-27 00:00:00,2021-11-08 00:00:00,,,,,,,,,,,,,,,,,,,,,,,,2272981950.094,0.027098,-0.121588
000651SZ_2021-11-08T000000_BUY_COUNTDOWN_CANCEL_1_2021-09-24T000000_6,2021-11-08 00:00:00,000651.SZ,1d,COUNTDOWN,BUY_COUNTDOWN_CANCEL,1,6,,same_setup,BUY_SETUP,False,2021-09-10 00:00:00,2021-09-24 00:00:00,30.43,30.43,2021-09-24 00:00:00,2021-10-13 00:00:00,2021-10-14 00:00:00,2021-10-18 00:00:00,2021-10-26 00:00:00,2021-10-27 00:00:00,2021-10-28 00:00:00,,,,,,,,,2021-10-28 00:00:00,24.68,25.52,24.78,25.0,24.66,2272981950.094,0.027098,-0.121588
600036SS_2021-11-09T000000_BUY_SETUP_PERFECT_1_2021-11-09T000000_9,2021-11-09 00:00:00,600036.SS,1d,SETUP,BUY_SETUP_PERFECT,1,9,True,,BUY_SETUP,True,2021-10-28 00:00:00,2021-11-09 00:00:00,,,,,,,,,,,,,,,,,,,,,,,,2495337657.6,0.017632,-0.043983
600036SS_2021-11-09T000000_SELL_COUNTDOWN_CANCEL_-1_2021-10-15T000000_4,2021-11-09 00:00:00,600036.SS,1d,COUNTDOWN,SELL_COUNTDOWN_CANCEL,-1,4,,opposite_setup,SELL_SETUP,False,2021-09-28 00:00:00,2021-10-15 00:00:00,45.94,40.85,2021-10-15 00:00:00,2021-10-21 00:00:00,2021-10-22 00:00:00,2021-10-25 00:00:00,2021-10-26 00:00:00,,,,,,,,,,,2021-10-21 00:00:00,44.36,45.76,42.82,43.46,42.36,2495337657.6,0.017632,-0.043983
600036SS_2021-11-09T000000_BUY_COUNTDOWN_PROGRESS_1_2021-11-09T000000_1,2021-11-09 00:00:00,600036.SS,1d,COUNTDOWN,BUY_COUNTDOWN_PROGRESS,1,1,,,BUY_SETUP,True,2021-10-28 00:00:00,2021-11-09 00:00:00,46.76,46.76,2021-11-09 00:00:00,2021-11-09 00:00:00,,,,,,,,,,,,,,2021-11-09 00:00:00,42.36,43.46,42.82,43.46,42.36,2495337657.6,0.017632,-0.043983
000651SZ_2021-11-09T000000_BUY_COUNTDOWN_PROGRESS_1_2021-11-08T000000_1,2021-11-09 00:00:00,000651.SZ,1d,COUNTDOWN,BUY_COUNTDOWN_PROGRESS,1,1,,,BUY_SETUP,False,2021-10-27 00:00:00,2021-11-08 00:00:00,26.78,26.78,2021-11-08 00:00:00,2021-11-09 00:00:00,,,,,,,,,,,,,,2021-11-09 00:00:00,24.3,24.94,24.37,24.94,24.3,2281268893.521,0.027165,-0.125583
600036SS_2021-11-10T000000_BUY_COUNTDOWN_PROGRESS_1_2021-11-09T000000_2,2021-11-10 00:00:00,600036.SS,1d,COUNTDOWN,BUY_COUNTDOWN_PROGRESS,1,2,,,BUY_SETUP,True,2021-10-28 00:00:00,2021-11-09 00:00:00,46.76,46.76,2021-11-09 00:00:00,2021-11-09 00:00:00,2021-11-10 00:00:00,,,,,,,,,,,,,2021-11-10 00:00:00,41.8,42.91,42.39,42.91,41.8,2519187782.4,0.017478,-0.039211
000651SZ_2021-11-10T000000_BUY_COUNTDOWN_PROGRESS_1_2021-11-08T000000_2,2021-11-10 00:00:00,000651.SZ,1d,COUNTDOWN,BUY_COUNTDOWN_PROGRESS,1,2,,,BUY_SETUP,False,2021-10-27 00:00:00,2021-11-08 00:00:00,26.78,26.78,2021-11-08 00:00:00,2021-11-09 00:00:00,2021-11-10 00:00:00,,,,,,,,,,,,,2021-11-10 00:00:00,22.87,24.28,23.44,24.28,22.87,2387407030.17,0.028048,-0.155315
000858SZ_2021-11-16T000000_SELL_COUNTDOWN_PROGRESS_-1_2021-10-13T000000_8,2021-11-16 00:00:00,000858.SZ,1d,COUNTDOWN,SELL_COUNTDOWN_PROGRESS,-1,8,,,SELL_SETUP,True,2021-09-24 00:00:00,2021-10-13 00:00:00,224.8,173.26,2021-10-13 00:00:00,2021-10-13 00:00:00,2021-10-14 00:00:00,2021-10-21 00:00:00,2021-10-22 00:00:00,2021-11-04 00:00:00,2021-11-05 00:00:00,2021-11-08 00:00:00,2021-11-16 00:00:00,192.2,,,,,,2021-11-04 00:00:00,180.5,188.06,192.2,193.65,185.31,4956212992.3785,0.022784,-0.039672
000858SZ_2021-11-17T000000_SELL_COUNTDOWN_PROGRESS_-1_2021-10-13T000000_9,2021-11-17 00:00:00,000858.SZ,1d,COUNTDOWN,SELL_COUNTDOWN_PROGRESS,-1,9,,,SELL_SETUP,True,2021-09-24 00:00:00,2021-10-13 00:00:00,224.8,173.26,2021-10-13 00:00:00,2021-10-13 00:00:00,2021-10-14 00:00:00,2021-10-21 00:00:00,2021-10-22 00:00:00,2021-11-04 00:00:00,2021-11-05 00:00:00,2021-11-08 00:00:00,2021-11-16 00:00:00,192.2,2021-11-17 00:00:00,,,,,2021-11-04 00:00:00,180.5,188.06,191.71,193.2,189.2,4951277866.5055,0.022722,-0.04712
600036SS_2021-11-17T000000_BUY_COUNTDOWN_PROGRESS_1_2021-11-09T000000_3,2021-11-17 00:00:00,600036.SS,1d,COUNTDOWN,BUY_COUNTDOWN_PROGRESS,1,3,,,BUY_SETUP,True,2021-10-28 00:00:00,2021-11-09 00:00:00,46.76,46.76,2021-11-09 00:00:00,2021-11-09 00:00:00,2021-11-10 00:00:00,2021-11-17 00:00:00,,,,,,,,,,,,2021-11-10 00:00:00,41.8,42.91,43.6,44.59,43.57,2555883174.4,0.017642,-0.041969
600036SS_2021-11-18T000000_BUY_COUNTDOWN_PROGRESS_1_2021-11-09T000000_4,2021-11-18 00:00:00,600036.SS,1d,COUNTDOWN,BUY_COUNTDOWN_PROGRESS,1,4,,,BUY_SETUP,True,2021-10-28 00:00:00,2021-11-09 00:00:00,46.76,46.76,2021-11-09 00:00:00,2021-11-09 00:00:00,2021-11-10 00:00:00,2021-11-17 00:00:00,2021-11-18 00:00:00,,,,,,,,,,,2021-11-10 00:00:00,41.8,42.91,43.17,43.76,42.76,2489794662.4,0.017403,-0.062541
000651SZ_2021-11-18T000000_BUY_COUNTDOWN_PROGRESS_1_2021-11-08T000000_3,2021-11-18 00:00:00,000651.SZ,1d,COUNTDOWN,BUY_COUNTDOWN_PROGRESS,1,3,,,BUY_SETUP,False,2021-10-27 00:00:00,2021-11-08 00:00:00,26.78,26.78,2021-11-08 00:00:00,2021-11-09 00:00:00,2021-11-10 00:00:00,2021-11-18 00:00:00,,,,,,,,,,,,2021-11-10 00:00:00,22.87,24.28,24.52,25.1,24.48,2583774552.6305,0.028734,-0.16712
000651SZ_2021-11-19T000000_BUY_COUNTDOWN_PROGRESS_1_2021-11-08T000000_4,2021-11-19 00:00:00,000651.SZ,1d,COUNTDOWN,BUY_COUNTDOWN_PROGRESS,1,4,,,BUY_SETUP,False,2021-10-27 00:00:00,2021-11-08 00:00:00,26.78,26.78,2021-11-08 00:00:00,2021-11-09 00:00:00,2021-11-10 00:00:00,2021-11-18 00:00:00,2021-11-19 00:00:00,,,,,,,,,,,2021-11-10 00:00:00,22.87,24.28,24.68,24.81,24.15,2453779733.695,0.027695,-0.122957
000858SZ_2021-11-22T000000_SELL_COUNTDOWN_PROGRESS_-1_2021-10-13T000000_10,2021-11-22 00:00:00,000858.SZ,1d,COUNTDOWN,SELL_COUNTDOWN_PROGRESS,-1,10,,,SELL_SETUP,True,2021-09-24 00:00:00,2021-10-13 00:00:00,224.8,173.26,2021-10-13 00:00:00,2021-10-13 00:00:00,2021-10-14 00:00:00,2021-10-21 00:00:00,2021-10-22 00:00:00,2021-11-04 00:00:00,2021-11-05 00:00:00,2021-11-08 00:00:00,2021-11-16 00:00:00,192.2,2021-11-17 00:00:00,2021-11-22 00:00:00,,,,2021-11-04 00:00:00,180.5,188.06,196.17,202.2,193.2,4995341816.9535,0.022877,-0.02335
000858SZ_2021-11-24T000000_SELL_COUNTDOWN_PROGRESS_-1_2021-10-13T000000_11,2021-11-24 00:00:00,000858.SZ,1d,COUNTDOWN,SELL_COUNTDOWN_PROGRESS,-1,11,,,SELL_SETUP,True,2021-09-24 00:00:00,2021-10-13 00:00:00,224.8,173.26,2021-10-13 00:00:00,2021-10-13 00:00:00,2021-10-14 00:00:00,2021-10-21 00:00:00,2021-10-22 00:00:00,2021-11-04 00:00:00,2021-11-05 00:00:00,2021-11-08 00:00:00,2021-11-16 00:00:00,192.2,2021-11-17 00:00:00,2021-11-22 00:00:00,2021-11-24 00:00:00,,,2021-11-04 00:00:00,180.5,188.06,204.62,208.18,198.2,5329849496.4355,0.024857,0.046703
000858SZ_2021-11-25T000000_SELL_COUNTDOWN_PROGRESS_-1_2021-10-13T000000_12,2021-11-25 00:00:00,000858.SZ,1d,COUNTDOWN,SELL_COUNTDOWN_PROGRESS,-1,12,,,SELL_SETUP,True,2021-09-24 00:00:00,2021-10-13 00:00:00,224.8,173.26,2021-10-13 00:00:00,2021-10-13 00:00:00,2021-10-14 00:00:00,2021-10-21 00:00:00,2021-10-22 00:00:00,2021-11-04 00:00:00,2021-11-05 00:00:00,2021-11-08 00:00:00,2021-11-16 00:00:00,192.2,2021-11-17 00:00:00,2021-11-22 00:00:00,2021-11-24 00:00:00,2021-11-25 00:00:00,,2021-11-04 00:00:00,180.5,188.06,203.15,209.35,202.37,5411987180.5215,0.024938,0.032739
600036SS_2021-11-25T000000_BUY_COUNTDOWN_PROGRESS_1_2021-11-09T000000_5,2021-11-25 00:00:00,600036.SS,1d,COUNTDOWN,BUY_COUNTDOWN_PROGRESS,1,5,,,BUY_SETUP,True,2021-10-28 00:00:00,2021-11-09 00:00:00,46.76,46.76,2021-11-09 00:00:00,2021-11-09 00:00:00,2021-11-10 00:00:00,2021-11-17 00:00:00,2021-11-18 00:00:00,2021-11-25 00:00:00,,,,,,,,,,2021-11-10 00:00:00,41.8,42.91,43.18,43.46,43.0,2221782304.0,0.017616,-0.055762
600519SS_2021-11-26T000000_SELL_SETUP_PERFECT_-1_2021-11-26T000000_9,2021-11-26 00:00:00,600519.SS,1d,SETUP,SELL_SETUP_PERFECT,-1,9,True,,SELL_SETUP,True,2021-11-16 00:00:00,2021-11-26 00:00:00,,,,,,,,,,,,,,,,,,,,,,,,5786457408.0,0.016515,0.085823
000858SZ_2021-11-26T000000_SELL_SETUP_PERFECT_-1_2021-11-26T000000_9,2021-11-26 00:00:00,000858.SZ,1d,SETUP,SELL_SETUP_PERFECT,-1,9,True,,SELL_SETUP,True,2021-11-16 00:00:00,2021-11-26 00:00:00,,,,,,,,,,,,,,,,,,,,,,,,5334677349.08,0.020446,0.096792
000858SZ_2021-11-26T000000_SELL_COUNTDOWN_CANCEL_-1_2021-10-13T000000_12,2021-11-26 00:00:00,000858.SZ,1d,COUNTDOWN,SELL_COUNTDOWN_CANCEL,-1,12,,same_setup,SELL_SETUP,True,2021-09-24 00:00:00,2021-10-13 00:00:00,224.8,173.26,2021-10-13 00:00:00,2021-10-13 00:00:00,2021-10-14 00:00:00,2021-10-21 00:00:00,2021-10-22 00:00:00,2021-11-04 00:00:00,2021-11-05 00:00:00,2021-11-08 00:00:00,2021-11-16 00:00:00,192.2,2021-11-17 00:00:00,2021-11-22 00:00:00,2021-11-24 00:00:00,2021-11-25 00:00:00,,2021-11-04 00:00:00,180.5,188.06,203.06,203.78,199.28,5334677349.08,0.020446,0.096792
600036SS_2021-11-26T000000_BUY_COUNTDOWN_PROGRESS_1_2021-11-09T000000_6,2021-11-26 00:00:00,600036.SS,1d,COUNTDOWN,BUY_COUNTDOWN_PROGRESS,1,6,,,BUY_SETUP,True,2021-10-28 00:00:00,2021-11-09 00:00:00,46.76,46.76,2021-11-09 00:00:00,2021-11-09 00:00:00,2021-11-10 00:00:00,2021-11-17 00:00:00,2021-11-18 00:00:00,2021-11-25 00:00:00,2021-11-26 00:00:00,,,,,,,,,2021-11-26 00:00:00,41.64,43.21,41.86,43.21,41.64,2318987987.2,0.018589,-0.08762
000651SZ_2021-11-26T000000_BUY_COUNTDOWN_PROGRESS_1_2021-11-08T000000_5,2021-11-26 00:00:00,000651.SZ,1d,COUNTDOWN,BUY_COUNTDOWN_PROGRESS,1,5,,,BUY_SETUP,False,2021-10-27 00:00:00,2021-11-08 00:00:00,26.78,26.78,2021-11-08 00:00:00,2021-11-09 00:00:00,2021-11-10 00:00:00,2021-11-18 00:00:00,2021-11-19 00:00:00,2021-11-26 00:00:00,,,,,,,,,,2021-11-10 00:00:00,22.87,24.28,23.9,24.09,23.87,2029502568.638,0.02146,-0.071484
600036SS_2021-11-29T000000_BUY_COUNTDOWN_PROGRESS_1_2021-11-09T000000_7,2021-11-29 00:00:00,600036.SS,1d,COUNTDOWN,BUY_COUNTDOWN_PROGRESS,1,7,,,BUY_SETUP,True,2021-10-28 00:00:00,2021-11-09 00:00:00,46.76,46.76,2021-11-09 00:00:00,2021-11-09 00:00:00,2021-11-10 00:00:00,2021-11-17 00:00:00,2021-11-18 00:00:00,2021-11-25 00:00:00,2021-11-26 00:00:00,2021-11-29 00:00:00,,,,,,,,2021-11-29 00:00:00,40.58,41.86,41.58,41.86,40.58,2408006483.2,0.01655,-0.055215
000651SZ_2021-11-29T000000_BUY_COUNTDOWN_PROGRESS_1_2021-11-08T000000_6,2021-11-29 00:00:00,000651.SZ,1d,COUNTDOWN,BUY_COUNTDOWN_PROGRESS,1,6,,,BUY_SETUP,False,2021-10-27 00:00:00,2021-11-08 00:00:00,26.78,26.78,2021-11-08 00:00:00,2021-11-09 00:00:00,2021-11-10 00:00:00,2021-11-18 00:00:00,2021-11-19 00:00:00,2021-11-26 00:00:00,2021-11-29 00:00:00,,,,,,,,,2021-11-10 00:00:00,22.87,24.28,23.4,23.6,23.3,1986741313.0065,0.021332,-0.068842
600036SS_2021-11-30T000000_BUY_COUNTDOWN_PROGRESS_1_2021-11-09T000000_8,2021-11-30 00:00:00,600036.SS,1d,COUNTDOWN,BUY_COUNTDOWN_PROGRESS,1,8,,,BUY_SETUP,True,2021-10-28 00:00:00,2021-11-09 00:00:00,46.76,46.76,2021-11-09 00:00:00,2021-11-09 00:00:00,2021-11-10 00:00:00,2021-11-17 00:00:00,2021-11-18 00:00:00,2021-11-25 00:00:00,2021-11-26 00:00:00,2021-11-29 00:00:00,2021-11-30 00:00:00,41.25,,,,,,2021-11-29 00:00:00,40.58,41.86,41.25,41.61,40.67,2360590112.0,0.016442,-0.050851
000651SZ_2021-11-30T000000_BUY_COUNTDOWN_PROGRESS_1_2021-11-08T000000_7,2021-11-30 00:00:00,000651.SZ,1d,COUNTDOWN,BUY_COUNTDOWN_PROGRESS,1,7,,,BUY_SETUP,False,2021-10-27 00:00:00,2021-11-08 00:00:00,26.78,26.78,2021-11-08 00:00:00,2021-11-09 00:00:00,2021-11-10 00:00:00,2021-11-18 00:00:00,2021-11-19 00:00:00,2021-11-26 00:00:00,2021-11-29 00:00:00,2021-11-30 00:00:00,,,,,,,,2021-11-10 00:00:00,22.87,24.28,23.33,23.85,23.23,1958755878.5405,0.021333,-0.068663
000651SZ_2021-12-01T000000_BUY_SETUP_PERFECT_1_2021-12-01T000000_9,2021-12-01 00:00:00,000651.SZ,1d,SETUP,BUY_SETUP_PERFECT,1,9,True,,BUY_SETUP,True,2021-11-19 00:00:00,2021-12-01 00:00:00,,,,,,,,,,,,,,,,,,,,,,,,1957979429.4295,0.022297,-0.049226
000651SZ_2021-12-01T000000_BUY_COUNTDOWN_CANCEL_1_2021-11-08T000000_7,2021-12-01 00:00:00,000651.SZ,1d,COUNTDOWN,BUY_COUNTDOWN_CANCEL,1,7,,same_setup,BUY_SETUP,False,2021-10-27 00:00:00,2021-11-08 00:00:00,26.78,26.78,2021-11-08 00:00:00,2021-11-09 00:00:00,2021-11-10 00:00:00,2021-11-18 00:00:00,2021-11-19 00:00:00,2021-11-26 00:00:00,2021-11-29 00:00:00,2021-11-30 00:00:00,,,,,,,,2021-11-10 00:00:00,22.87,24.28,23.95,23.96,23.0,1957979429.4295,0.022297,-0.049226
600519SS_2021-12-03T000000_SELL_COUNTDOWN_PROGRESS_-1_2021-11-26T000000_1,2021-12-03 00:00:00,600519.SS,1d,COUNTDOWN,SELL_COUNTDOWN_PROGRESS,-1,1,,,SELL_SETUP,True,2021-11-16 00:00:00,2021-11-26 00:00:00,1791.28,1570.08,2021-11-26 00:00:00,2021-12-03 00:00:00,,,,,,,,,,,,,,2021-12-03 00:00:00,1736.13,1793.7,1776.96,1793.7,1736.13,5924084876.8,0.017496,0.093393
000858SZ_2021-12-03T000000_SELL_COUNTDOWN_PROGRESS_-1_2021-11-26T000000_1,2021-12-03 00:00:00,000858.SZ,1d,COUNTDOWN,SELL_COUNTDOWN_PROGRESS,-1,1,,,SELL_SETUP,True,2021-11-16 00:00:00,2021-11-26 00:00:00,209.35,185.31,2021-11-26 00:00:00,2021-12-03 00:00:00,,,,,,,,,,,,,,2021-12-03 00:00:00,203.5,213.0,209.65,213.0,203.5,4815342898.1385,0.020206,0.096553
600519SS_2021-12-06T000000_SELL_COUNTDOWN_PROGRESS_-1_2021-11-26T000000_2,2021-12-06 00:00:00,600519.SS,1d,COUNTDOWN,SELL_COUNTDOWN_PROGRESS,-1,2,,,SELL_SETUP,True,2021-11-16 00:00:00,2021-11-26 00:00:00,1791.28,1570.08,2021-11-26 00:00:00,2021-12-03 00:00:00,2021-12-06 00:00:00,,,,,,,,,,,,,2021-12-03 00:00:00,1736.13,1793.7,1772.38,1795.08,1755.08,6069190092.8,0.01672,0.111147
000858SZ_2021-12-06T000000_SELL_COUNTDOWN_PROGRESS_-1_2021-11-26T000000_2,2021-12-06 00:00:00,000858.SZ,1d,COUNTDOWN,SELL_COUNTDOWN_PROGRESS,-1,2,,,SELL_SETUP,True,2021-11-16 00:00:00,2021-11-26 00:00:00,209.35,185.31,2021-11-26 00:00:00,2021-12-03 00:00:00,2021-12-06 00:00:00,,,,,,,,,,,,,2021-12-03 00:00:00,203.5,213.0,212.5,215.2,209.2,4986825898.5505,0.019892,0.124517
000858SZ_2021-12-07T000000_SELL_COUNTDOWN_PROGRESS_-1_2021-11-26T000000_3,2021-12-07 00:00:00,000858.SZ,1d,COUNTDOWN,SELL_COUNTDOWN_PROGRESS,-1,3,,,SELL_SETUP,True,2021-11-16 00:00:00,2021-11-26 00:00:00,209.35,185.31,2021-11-26 00:00:00,2021-12-03 00:00:00,2021-12-06 00:00:00,2021-12-07 00:00:00,,,,,,,,,,,,2021-12-03 00:00:00,203.5,213.0,214.2,219.85,213.35,5189014386.99,0.019163,0.152232
000651SZ_2021-12-07T000000_BUY_COUNTDOWN_CANCEL_1_2021-12-01T000000_0,2021-12-07 00:00:00,000651.SZ,1d,COUNTDOWN,BUY_COUNTDOWN_CANCEL,1,0,,tdst_break_rule_4,BUY_SETUP,True,2021-11-19 00:00:00,2021-12-01 00:00:00,24.85,24.85,2021-12-01 00:00:00,,,,,,,,,,,,,,,,,,25.4,25.41,24.37,2053232844.5285,0.023148,0.083618
600519SS_2021-12-08T000000_SELL_COUNTDOWN_PROGRESS_-1_2021-11-26T000000_3,2021-12-08 00:00:00,600519.SS,1d,COUNTDOWN,SELL_COUNTDOWN_PROGRESS,-1,3,,,SELL_SETUP,True,2021-11-16 00:00:00,2021-11-26 00:00:00,1791.28,1570.08,2021-11-26 00:00:00,2021-12-03 00:00:00,2021-12-06 00:00:00,2021-12-08 00:00:00,,,,,,,,,,,,2021-12-03 00:00:00,1736.13,1793.7,1848.08,1850.08,1755.08,6491779532.8,0.018345,0.173623
000858SZ_2021-12-08T000000_SELL_COUNTDOWN_PROGRESS_-1_2021-11-26T000000_4,2021-12-08 00:00:00,000858.SZ,1d,COUNTDOWN,SELL_COUNTDOWN_PROGRESS,-1,4,,,SELL_SETUP,True,2021-11-16 00:00:00,2021-11-26 00:00:00,209.35,185.31,2021-11-26 00:00:00,2021-12-03 00:00:00,2021-12-06 00:00:00,2021-12-07 00:00:00,2021-12-08 00:00:00,,,,,,,,,,,2021-12-03 00:00:00,203.5,213.0,224.2,224.71,211.48,5492088204.129,0.02102,0.200793
600519SS_2021-12-09T000000_SELL_COUNTDOWN_PROGRESS_-1_2021-11-26T000000_4,2021-12-09 00:00:00,600519.SS,1d,COUNTDOWN,SELL_COUNTDOWN_PROGRESS,-1,4,,,SELL_SETUP,True,2021-11-16 00:00:00,2021-11-26 00:00:00,1791.28,1570.08,2021-11-26 00:00:00,2021-12-03 00:00:00,2021-12-06 00:00:00,2021-12-08 00:00:00,2021-12-09 00:00:00,,,,,,,,,,,2021-12-03 00:00:00,1736.13,1793.7,1891.63,1922.0,1850.08,6962653580.8,0.01858,0.198099
000858SZ_2021-12-09T000000_SELL_COUNTDOWN_PROGRESS_-1_2021-11-26T000000_5,2021-12-09 00:00:00,000858.SZ,1d,COUNTDOWN,SELL_COUNTDOWN_PROGRESS,-1,5,,,SELL_SETUP,True,2021-11-16 00:00:00,2021-11-26 00:00:00,209.35,185.31,2021-11-26 00:00:00,2021-12-03 00:00:00,2021-12-06 00:00:00,2021-12-07 00:00:00,2021-12-08 00:00:00,2021-12-09 00:00:00,,,,,,,,,,2021-12-03 00:00:00,203.5,213.0,231.2,235.16,222.88,5912569591.129,0.020721,0.25618
600519SS_2021-12-10T000000_SELL_COUNTDOWN_PROGRESS_-1_2021-11-26T000000_5,2021-12-10 00:00:00,600519.SS,1d,COUNTDOWN,SELL_COUNTDOWN_PROGRESS,-1,5,,,SELL_SETUP,True,2021-11-16 00:00:00,2021-11-26 00:00:00,1791.28,1570.08,2021-11-26 00:00:00,2021-12-03 00:00:00,2021-12-06 00:00:00,2021-12-08 00:00:00,2021-12-09 00:00:00,2021-12-10 00:00:00,,,,,,,,,,2021-12-03 00:00:00,1736.13,1793.7,1895.08,1900.86,1861.08,7253662668.8,0.018212,0.209971
000858SZ_2021-12-10T000000_SELL_COUNTDOWN_PROGRESS_-1_2021-11-26T000000_6,2021-12-10 00:00:00,000858.SZ,1d,COUNTDOWN,SELL_COUNTDOWN_PROGRESS,-1,6,,,SELL_SETUP,True,2021-11-16 00:00:00,2021-11-26 00:00:00,209.35,185.31,2021-11-26 00:00:00,2021-12-03 00:00:00,2021-12-06 00:00:00,2021-12-07 00:00:00,2021-12-08 00:00:00,2021-12-09 00:00:00,2021-12-10 00:00:00,,,,,,,,,2021-12-03 00:00:00,203.5,213.0,227.2,231.1,224.7,6161584764.1155,0.021703,0.228772
600519SS_2021-12-13T000000_SELL_COUNTDOWN_PROGRESS_-1_2021-11-26T000000_6,2021-12-13 00:00:00,600519.SS,1d,COUNTDOWN,SELL_COUNTDOWN_PROGRESS,-1,6,,,SELL_SETUP,True,2021-11-16 00:00:00,2021-11-26 00:00:00,1791.28,1570.08,2021-11-26 00:00:00,2021-12-03 00:00:00,2021-12-06 00:00:00,2021-12-08 00:00:00,2021-12-09 00:00:00,2021-12-10 00:00:00,2021-12-13 00:00:00,,,,,,,,,2021-12-03 00:00:00,1736.13,1793.7,1923.28,1985.08,1923.08,7740064512.0,0.017658,0.192303
600519SS_2021-12-14T000000_SELL_COUNTDOWN_PROGRESS_-1_2021-11-26T000000_7,2021-12-14 00:00:00,600519.SS,1d,COUNTDOWN,SELL_COUNTDOWN_PROGRESS,-1,7,,,SELL_SETUP,True,2021-11-16 00:00:00,2021-11-26 00:00:00,1791.28,1570.08,2021-11-26 00:00:00,2021-12-03 00:00:00,2021-12-06 00:00:00,2021-12-08 00:00:00,2021-12-09 00:00:00,2021-12-10 00:00:00,2021-12-13 00:00:00,2021-12-14 00:00:00,,,,,,,,2021-12-03 00:00:00,1736.13,1793.7,1955.08,1972.98,1905.08,7872074368.0,0.017223,0.221864
601318SS_2021-12-14T000000_SELL_SETUP_PERFECT_-1_2021-12-14T000000_9,2021-12-14 00:00:00,601318.SS,1d,SETUP,SELL_SETUP_PERFECT,-1,9,True,,SELL_SETUP,True,2021-12-02 00:00:00,2021-12-14 00:00:00,,,,,,,,,,,,,,,,,,,,,,,,2793866848.0,0.012084,0.019856
600036SS_2021-12-14T000000_BUY_COUNTDOWN_PROGRESS_1_2021-11-09T000000_9,2021-12-14 00:00:00,600036.SS,1d,COUNTDOWN,BUY_COUNTDOWN_PROGRESS,1,9,,,BUY_SETUP,True,2021-10-28 00:00:00,2021-11-09 00:00:00,46.76,46.76,2021-11-09 00:00:00,2021-11-09 00:00:00,2021-11-10 00:00:00,2021-11-17 00:00:00,2021-11-18 00:00:00,2021-11-25 00:00:00,2021-11-26 00:00:00,2021-11-29 00:00:00,2021-11-30 00:00:00,41.25,2021-12-14 00:00:00,,,,,2021-11-29 00:00:00,40.58,41.86,42.91,44.26,42.61,2762039955.2,0.015894,-0.015826
600036SS_2021-12-15T000000_BUY_COUNTDOWN_PROGRESS_1_2021-11-09T000000_10,2021-12-15 00:00:00,600036.SS,1d,COUNTDOWN,BUY_COUNTDOWN_PROGRESS,1,10,,,BUY_SETUP,True,2021-10-28 00:00:00,2021-11-09 00:00:00,46.76,46.76,2021-11-09 00:00:00,2021-11-09 00:00:00,2021-11-10 00:00:00,2021-11-17 00:00:00,2021-11-18 00:00:00,2021-11-25 00:00:00,2021-11-26 00:00:00,2021-11-29 00:00:00,2021-11-30 00:00:00,41.25,2021-12-14 00:00:00,2021-12-15 00:00:00,,,,2021-11-29 00:00:00,40.58,41.86,42.76,43.1,42.54,2770050662.4,0.015764,-0.009497
600519SS_2021-12-16T000000_SELL_SETUP_-1_2021-12-16T000000_9,2021-12-16 00:00:00,600519.SS,1d,SETUP,SELL_SETUP,-1,9,False,,SELL_SETUP,False,2021-12-06 00:00:00,2021-12-16 00:00:00,,,,,,,,,,,,,,,,,,,,,,,,8192728780.8,0.017712,0.177889
600519SS_2021-12-16T000000_SELL_COUNTDOWN_CANCEL_-1_2021-11-26T000000_7,2021-12-16 00:00:00,600519.SS,1d,COUNTDOWN,SELL_COUNTDOWN_CANCEL,-1,7,,same_setup,SELL_SETUP,True,2021-11-16 00:00:00,2021-11-26 00:00:00,1791.28,1570.08,2021-11-26 00:00:00,2021-12-03 00:00:00,2021-12-06 00:00:00,2021-12-08 00:00:00,2021-12-09 00:00:00,2021-12-10 00:00:00,2021-12-13 00:00:00,2021-12-14 00:00:00,,,,,,,,2021-12-03 00:00:00,1736.13,1793.7,1924.07,1949.13,1891.31,8192728780.8,0.017712,0.177889
600036SS_2021-12-17T000000_BUY_COUNTDOWN_PROGRESS_1_2021-11-09T000000_11,2021-12-17 00:00:00,600036.SS,1d,COUNTDOWN,BUY_COUNTDOWN_PROGRESS,1,11,,,BUY_SETUP,True,2021-10-28 00:00:00,2021-11-09 00:00:00,46.76,46.76,2021-11-09 00:00:00,2021-11-09 00:00:00,2021-11-10 00:00:00,2021-11-17 00:00:00,2021-11-18 00:00:00,2021-11-25 00:00:00,2021-11-26 00:00:00,2021-11-29 00:00:00,2021-11-30 00:00:00,41.25,2021-12-14 00:00:00,2021-12-15 00:00:00,2021-12-17 00:00:00,,,2021-11-29 00:00:00,40.58,41.86,42.53,43.16,42.42,2779945683.2,0.0148,-0.021174
600036SS_2021-12-21T000000_BUY_COUNTDOWN_PROGRESS_1_2021-11-09T000000_12,2021-12-21 00:00:00,600036.SS,1d,COUNTDOWN,BUY_COUNTDOWN_PROGRESS,1,12,,,BUY_SETUP,True,2021-10-28 00:00:00,2021-11-09 00:00:00,46.76,46.76,2021-11-09 00:00:00,2021-11-09 00:00:00,2021-11-10 00:00:00,2021-11-17 00:00:00,2021-11-18 00:00:00,2021-11-25 00:00:00,2021-11-26 00:00:00,2021-11-29 00:00:00,2021-11-30 00:00:00,41.25,2021-12-14 00:00:00,2021-12-15 00:00:00,2021-12-17 00:00:00,2021-12-21 00:00:00,,2021-11-29 00:00:00,40.58,41.86,42.39,42.75,42.06,2791773209.6,0.014789,-0.025517
600036SS_2021-12-22T000000_BUY_COUNTDOWN_COMPLETE_1_2021-11-09T000000_13,2021-12-22 00:00:00,600036.SS,1d,COUNTDOWN,BUY_COUNTDOWN_COMPLETE,1,13,False,,BUY_SETUP,True,2021-10-28 00:00:00,2021-11-09 00:00:00,46.76,46.76,2021-11-09 00:00:00,2021-11-09 00:00:00,2021-11-10 00:00:00,2021-11-17 00:00:00,2021-11-18 00:00:00,2021-11-25 00:00:00,2021-11-26 00:00:00,2021-11-29 00:00:00,2021-11-30 00:00:00,41.25,2021-12-14 00:00:00,2021-12-15 00:00:00,2021-12-17 00:00:00,2021-12-21 00:00:00,2021-12-22 00:00:00,2021-11-29 00:00:00,40.58,41.86,41.77,42.51,41.64,2820160358.4,0.015034,-0.032654
600519SS_2021-12-23T000000_SELL_COUNTDOWN_PROGRESS_-1_2021-12-16T000000_1,2021-12-23 00:00:00,600519.SS,1d,COUNTDOWN,SELL_COUNTDOWN_PROGRESS,-1,1,,,SELL_SETUP,False,2021-12-06 00:00:00,2021-12-16 00:00:00,1985.08,1751.81,2021-12-16 00:00:00,2021-12-23 00:00:00,,,,,,,,,,,,,,2021-12-23 00:00:00,1830.08,1925.08,1925.08,1925.08,1830.08,7841024166.4,0.020649,0.102509
600519SS_2021-12-24T000000_SELL_COUNTDOWN_PROGRESS_-1_2021-12-16T000000_2,2021-12-24 00:00:00,600519.SS,1d,COUNTDOWN,SELL_COUNTDOWN_PROGRESS,-1,2,,,SELL_SETUP,False,2021-12-06 00:00:00,2021-12-16 00:00:00,1985.08,1751.81,2021-12-16 00:00:00,2021-12-23 00:00:00,2021-12-24 00:00:00,,,,,,,,,,,,,2021-12-23 00:00:00,1830.08,1925.08,1999.17,2022.04,1953.96,8138954534.4,0.021516,0.116805
000858SZ_2021-12-24T000000_SELL_COUNTDOWN_PROGRESS_-1_2021-11-26T000000_7,2021-12-24 00:00:00,000858.SZ,1d,COUNTDOWN,SELL_COUNTDOWN_PROGRESS,-1,7,,,SELL_SETUP,True,2021-11-16 00:00:00,2021-11-26 00:00:00,209.35,185.31,2021-11-26 00:00:00,2021-12-03 00:00:00,2021-12-06 00:00:00,2021-12-07 00:00:00,2021-12-08 00:00:00,2021-12-09 00:00:00,2021-12-10 00:00:00,2021-12-24 00:00:00,,,,,,,,2021-12-03 00:00:00,203.5,213.0,222.14,225.51,217.31,6506878134.0405,0.022397,0.08398
600036SS_2021-12-24T000000_BUY_SETUP_PERFECT_1_2021-12-24T000000_9,2021-12-24 00:00:00,600036.SS,1d,SETUP,BUY_SETUP_PERFECT,1,9,True,,BUY_SETUP,True,2021-12-14 00:00:00,2021-12-24 00:00:00,,,,,,,,,,,,,,,,,,,,,,,,2749503532.8,0.013502,0.000962
600036SS_2021-12-24T000000_BUY_COUNTDOWN_PROGRESS_1_2021-12-24T000000_1,2021-12-24 00:00:00,600036.SS,1d,COUNTDOWN,BUY_COUNTDOWN_PROGRESS,1,1,,,BUY_SETUP,True,2021-12-14 00:00:00,2021-12-24 00:00:00,44.26,44.26,2021-12-24 00:00:00,2021-12-24 00:00:00,,,,,,,,,,,,,,2021-12-24 00:00:00,41.6,41.98,41.62,41.98,41.6,2749503532.8,0.013502,0.000962
600519SS_2021-12-27T000000_SELL_COUNTDOWN_PROGRESS_-1_2021-12-16T000000_3,2021-12-27 00:00:00,600519.SS,1d,COUNTDOWN,SELL_COUNTDOWN_PROGRESS,-1,3,,,SELL_SETUP,False,2021-12-06 00:00:00,2021-12-16 00:00:00,1985.08,1751.81,2021-12-16 00:00:00,2021-12-23 00:00:00,2021-12-24 00:00:00,2021-12-27 00:00:00,,,,,,,,,,,,2021-12-23 00:00:00,1830.08,1925.08,1936.9,1973.08,1917.08,8121364620.8,0.021592,0.115822
600036SS_2021-12-27T000000_BUY_COUNTDOWN_PROGRESS_1_2021-12-24T000000_2,2021-12-27 00:00:00,600036.SS,1d,COUNTDOWN,BUY_COUNTDOWN_PROGRESS,1,2,,,BUY_SETUP,True,2021-12-14 00:00:00,2021-12-24 00:00:00,44.26,44.26,2021-12-24 00:00:00,2021-12-24 00:00:00,2021-12-27 00:00:00,,,,,,,,,,,,,2021-12-27 00:00:00,40.76,41.82,41.09,41.82,40.76,2727154195.2,0.013695,-0.003879
601318SS_2021-12-28T000000_SELL_COUNTDOWN_PROGRESS_-1_2021-12-14T000000_1,2021-12-28 00:00:00,601318.SS,1d,COUNTDOWN,SELL_COUNTDOWN_PROGRESS,-1,1,,,SELL_SETUP,True,2021-12-02 00:00:00,2021-12-14 00:00:00,42.74,38.66,2021-12-14 00:00:00,2021-12-28 00:00:00,,,,,,,,,,,,,,2021-12-28 00:00:00,40.34,41.37,41.11,41.37,40.34,2845215366.4,0.012607,0.051138
600036SS_2021-12-28T000000_BUY_COUNTDOWN_PROGRESS_1_2021-12-24T000000_3,2021-12-28 00:00:00,600036.SS,1d,COUNTDOWN,BUY_COUNTDOWN_PROGRESS,1,3,,,BUY_SETUP,True,2021-12-14 00:00:00,2021-12-24 00:00:00,44.26,44.26,2021-12-24 00:00:00,2021-12-24 00:00:00,2021-12-27 00:00:00,2021-12-28 00:00:00,,,,,,,,,,,,2021-12-27 00:00:00,40.76,41.82,41.39,41.56,40.96,2738594259.2,0.013509,-0.008623
601318SS_2021-12-29T000000_SELL_COUNTDOWN_PROGRESS_-1_2021-12-14T000000_2,2021-12-29 00:00:00,601318.SS,1d,COUNTDOWN,SELL_COUNTDOWN_PROGRESS,-1,2,,,SELL_SETUP,True,2021-12-02 00:00:00,2021-12-14 00:00:00,42.74,38.66,2021-12-14 00:00:00,2021-12-28 00:00:00,2021-12-29 00:00:00,,,,,,,,,,,,,2021-12-28 00:00:00,40.34,41.37,41.05,41.4,40.76,2838070688.0,0.01263,0.049335
600036SS_2021-12-29T000000_BUY_COUNTDOWN_PROGRESS_1_2021-12-24T000000_4,2021-12-29 00:00:00,600036.SS,1d,COUNTDOWN,BUY_COUNTDOWN_PROGRESS,1,4,,,BUY_SETUP,True,2021-12-14 00:00:00,2021-12-24 00:00:00,44.26,44.26,2021-12-24 00:00:00,2021-12-24 00:00:00,2021-12-27 00:00:00,2021-12-28 00:00:00,2021-12-29 00:00:00,,,,,,,,,,,2021-12-29 00:00:00,39.37,41.48,39.38,41.48,39.37,2961913516.8,0.016305,-0.076671
600036SS_2021-12-30T000000_BUY_COUNTDOWN_PROGRESS_1_2021-12-24T000000_5,2021-12-30 00:00:00,600036.SS,1d,COUNTDOWN,BUY_COUNTDOWN_PROGRESS,1,5,,,BUY_SETUP,True,2021-12-14 00:00:00,2021-12-24 00:00:00,44.26,44.26,2021-12-24 00:00:00,2021-12-24 00:00:00,2021-12-27 00:00:00,2021-12-28 00:00:00,2021-12-29 00:00:00,2021-12-30 00:00:00,,,,,,,,,,2021-12-29 00:00:00,39.37,41.48,40.26,40.54,39.42,3055293561.6,0.01714,-0.063939
601318SS_2022-01-04T000000_SELL_COUNTDOWN_PROGRESS_-1_2021-12-14T000000_3,2022-01-04 00:00:00,601318.SS,1d,COUNTDOWN,SELL_COUNTDOWN_PROGRESS,-1,3,,,SELL_SETUP,True,2021-12-02 00:00:00,2021-12-14 00:00:00,42.74,38.66,2021-12-14 00:00:00,2021-12-28 00:00:00,2021-12-29 00:00:00,2022-01-04 00:00:00,,,,,,,,,,,,2021-12-28 00:00:00,40.34,41.37,41.24,41.3,40.34,2849145670.4,0.011326,0.015014
601318SS_2022-01-05T000000_SELL_COUNTDOWN_PROGRESS_-1_2021-12-14T000000_4,2022-01-05 00:00:00,601318.SS,1d,COUNTDOWN,SELL_COUNTDOWN_PROGRESS,-1,4,,,SELL_SETUP,True,2021-12-02 00:00:00,2021-12-14 00:00:00,42.74,38.66,2021-12-14 00:00:00,2021-12-28 00:00:00,2021-12-29 00:00:00,2022-01-04 00:00:00,2022-01-05 00:00:00,,,,,,,,,,,2021-12-28 00:00:00,40.34,41.37,42.31,42.64,41.21,2902588384.0,0.012616,0.042632
601318SS_2022-01-06T000000_SELL_COUNTDOWN_PROGRESS_-1_2021-12-14T000000_5,2022-01-06 00:00:00,601318.SS,1d,COUNTDOWN,SELL_COUNTDOWN_PROGRESS,-1,5,,,SELL_SETUP,True,2021-12-02 00:00:00,2021-12-14 00:00:00,42.74,38.66,2021-12-14 00:00:00,2021-12-28 00:00:00,2021-12-29 00:00:00,2022-01-04 00:00:00,2022-01-05 00:00:00,2022-01-06 00:00:00,,,,,,,,,,2021-12-28 00:00:00,40.34,41.37,41.54,42.26,41.46,2909204640.0,0.012317,-0.000241
600519SS_2022-01-07T000000_SELL_COUNTDOWN_CANCEL_-1_2021-12-16T000000_3,2022-01-07 00:00:00,600519.SS,1d,COUNTDOWN,SELL_COUNTDOWN_CANCEL,-1,3,,tdst_break_rule_4,SELL_SETUP,False,2021-12-06 00:00:00,2021-12-16 00:00:00,1985.08,1751.81,2021-12-16 00:00:00,2021-12-23 00:00:00,2021-12-24 00:00:00,2021-12-27 00:00:00,,,,,,,,,,,,2021-12-23 00:00:00,1830.08,1925.08,1747.08,1793.96,1744.4,7962908812.8,0.02292,-0.078097
601318SS_2022-01-07T000000_SELL_COUNTDOWN_PROGRESS_-1_2021-12-14T000000_6,2022-01-07 00:00:00,601318.SS,1d,COUNTDOWN,SELL_COUNTDOWN_PROGRESS,-1,6,,,SELL_SETUP,True,2021-12-02 00:00:00,2021-12-14 00:00:00,42.74,38.66,2021-12-14 00:00:00,2021-12-28 00:00:00,2021-12-29 00:00:00,2022-01-04 00:00:00,2022-01-05 00:00:00,2022-01-06 00:00:00,2022-01-07 00:00:00,,,,,,,,,2021-12-28 00:00:00,40.34,41.37,43.18,43.57,41.69,2913125510.4,0.015113,0.041486
601318SS_2022-01-10T000000_SELL_SETUP_PERFECT_-1_2022-01-10T000000_9,2022-01-10 00:00:00,601318.SS,1d,SETUP,SELL_SETUP_PERFECT,-1,9,True,,SELL_SETUP,True,2021-12-28 00:00:00,2022-01-10 00:00:00,,,,,,,,,,,,,,,,,,,,,,,,2925765433.6,0.015086,0.04663
601318SS_2022-01-10T000000_SELL_COUNTDOWN_CANCEL_-1_2021-12-14T000000_6,2022-01-10 00:00:00,601318.SS,1d,COUNTDOWN,SELL_COUNTDOWN_CANCEL,-1,6,,same_setup,SELL_SETUP,True,2021-12-02 00:00:00,2021-12-14 00:00:00,42.74,38.66,2021-12-14 00:00:00,2021-12-28 00:00:00,2021-12-29 00:00:00,2022-01-04 00:00:00,2022-01-05 00:00:00,2022-01-06 00:00:00,2022-01-07 00:00:00,,,,,,,,,2021-12-28 00:00:00,40.34,41.37,43.32,43.8,42.74,2925765433.6,0.015086,0.04663
601318SS_2022-01-10T000000_SELL_COUNTDOWN_PROGRESS_-1_2022-01-10T000000_1,2022-01-10 00:00:00,601318.SS,1d,COUNTDOWN,SELL_COUNTDOWN_PROGRESS,-1,1,,,SELL_SETUP,True,2021-12-28 00:00:00,2022-01-10 00:00:00,43.8,40.34,2022-01-10 00:00:00,2022-01-10 00:00:00,,,,,,,,,,,,,,2022-01-10 00:00:00,42.74,43.8,43.32,43.8,42.74,2925765433.6,0.015086,0.04663
600519SS_2022-01-11T000000_BUY_SETUP_PERFECT_1_2022-01-11T000000_9,2022-01-11 00:00:00,600519.SS,1d,SETUP,BUY_SETUP_PERFECT,1,9,True,,BUY_SETUP,True,2021-12-29 00:00:00,2022-01-11 00:00:00,,,,,,,,,,,,,,,,,,,,,,,,7314975014.4,0.022444,-0.107131
000858SZ_2022-01-11T000000_BUY_SETUP_PERFECT_1_2022-01-11T000000_9,2022-01-11 00:00:00,000858.SZ,1d,SETUP,BUY_SETUP_PERFECT,1,9,True,,BUY_SETUP,True,2021-12-29 00:00:00,2022-01-11 00:00:00,,,,,,,,,,,,,,,,,,,,,,,,5181966899.3875,0.018848,-0.159166
000858SZ_2022-01-11T000000_SELL_COUNTDOWN_CANCEL_-1_2021-11-26T000000_7,2022-01-11 00:00:00,000858.SZ,1d,COUNTDOWN,SELL_COUNTDOWN_CANCEL,-1,7,,opposite_setup,SELL_SETUP,True,2021-11-16 00:00:00,2021-11-26 00:00:00,209.35,185.31,2021-11-26 00:00:00,2021-12-03 00:00:00,2021-12-06 00:00:00,2021-12-07 00:00:00,2021-12-08 00:00:00,2021-12-09 00:00:00,2021-12-10 00:00:00,2021-12-24 00:00:00,,,,,,,,2021-12-03 00:00:00,203.5,213.0,193.56,196.55,193.25,5181966899.3875,0.018848,-0.159166
000858SZ_2022-01-11T000000_BUY_COUNTDOWN_PROGRESS_1_2022-01-11T000000_1,2022-01-11 00:00:00,000858.SZ,1d,COUNTDOWN,BUY_COUNTDOWN_PROGRESS,1,1,,,BUY_SETUP,True,2021-12-29 00:00:00,2022-01-11 00:00:00,217.78,217.78,2022-01-11 00:00:00,2022-01-11 00:00:00,,,,,,,,,,,,,,2022-01-11 00:00:00,193.25,196.55,193.56,196.55,193.25,5181966899.3875,0.018848,-0.159166
600519SS_2022-01-13T000000_BUY_COUNTDOWN_PROGRESS_1_2022-01-11T000000_1,2022-01-13 00:00:00,600519.SS,1d,COUNTDOWN,BUY_COUNTDOWN_PROGRESS,1,1,,,BUY_SETUP,True,2021-12-29 00:00:00,2022-01-11 00:00:00,1959.33,1959.33,2022-01-11 00:00:00,2022-01-13 00:00:00,,,,,,,,,,,,,,2022-01-13 00:00:00,1670.64,1773.07,1682.47,1773.07,1670.64,7367356582.4,0.025119,-0.125567
000858SZ_2022-01-13T000000_BUY_COUNTDOWN_PROGRESS_1_2022-01-11T000000_2,2022-01-13 00:00:00,000858.SZ,1d,COUNTDOWN,BUY_COUNTDOWN_PROGRESS,1,2,,,BUY_SETUP,True,2021-12-29 00:00:00,2022-01-11 00:00:00,217.78,217.78,2022-01-11 00:00:00,2022-01-11 00:00:00,2022-01-13 00:00:00,,,,,,,,,,,,,2022-01-13 00:00:00,188.2,199.24,189.1,199.24,188.2,5053912905.706,0.021473,-0.154671
600519SS_2022-01-14T000000_BUY_COUNTDOWN_PROGRESS_1_2022-01-11T000000_2,2022-01-14 00:00:00,600519.SS,1d,COUNTDOWN,BUY_COUNTDOWN_PROGRESS,1,2,,,BUY_SETUP,True,2021-12-29 00:00:00,2022-01-11 00:00:00,1959.33,1959.33,2022-01-11 00:00:00,2022-01-13 00:00:00,2022-01-14 00:00:00,,,,,,,,,,,,,2022-01-14 00:00:00,1668.08,1698.08,1672.08,1698.08,1668.08,7249390937.6,0.024187,-0.098988
000858SZ_2022-01-14T000000_BUY_COUNTDOWN_PROGRESS_1_2022-01-11T000000_3,2022-01-14 00:00:00,000858.SZ,1d,COUNTDOWN,BUY_COUNTDOWN_PROGRESS,1,3,,,BUY_SETUP,True,2021-12-29 00:00:00,2022-01-11 00:00:00,217.78,217.78,2022-01-11 00:00:00,2022-01-11 00:00:00,2022-01-13 00:00:00,2022-01-14 00:00:00,,,,,,,,,,,,2022-01-14 00:00:00,186.7,190.54,187.4,190.54,186.7,4847581969.7255,0.020384,-0.129829
600036SS_2022-01-14T000000_BUY_COUNTDOWN_PROGRESS_1_2021-12-24T000000_6,2022-01-14 00:00:00,600036.SS,1d,COUNTDOWN,BUY_COUNTDOWN_PROGRESS,1,6,,,BUY_SETUP,True,2021-12-14 00:00:00,2021-12-24 00:00:00,44.26,44.26,2021-12-24 00:00:00,2021-12-24 00:00:00,2021-12-27 00:00:00,2021-12-28 00:00:00,2021-12-29 00:00:00,2021-12-30 00:00:00,2022-01-14 00:00:00,,,,,,,,,2021-12-29 00:00:00,39.37,41.48,39.78,41.23,39.76,3090813574.4,0.017726,-0.06466
600519SS_2022-01-17T000000_BUY_COUNTDOWN_PROGRESS_1_2022-01-11T000000_3,2022-01-17 00:00:00,600519.SS,1d,COUNTDOWN,BUY_COUNTDOWN_PROGRESS,1,3,,,BUY_SETUP,True,2021-12-29 00:00:00,2022-01-11 00:00:00,1959.33,1959.33,2022-01-11 00:00:00,2022-01-13 00:00:00,2022-01-14 00:00:00,2022-01-17 00:00:00,,,,,,,,,,,,2022-01-17 00:00:00,1640.42,1683.38,1666.69,1683.38,1640.42,7003651315.2,0.024087,-0.105872
600036SS_2022-01-17T000000_BUY_COUNTDOWN_PROGRESS_1_2021-12-24T000000_7,2022-01-17 00:00:00,600036.SS,1d,COUNTDOWN,BUY_COUNTDOWN_PROGRESS,1,7,,,BUY_SETUP,True,2021-12-14 00:00:00,2021-12-24 00:00:00,44.26,44.26,2021-12-24 00:00:00,2021-12-24 00:00:00,2021-12-27 00:00:00,2021-12-28 00:00:00,2021-12-29 00:00:00,2021-12-30 00:00:00,2022-01-14 00:00:00,2022-01-17 00:00:00,,,,,,,,2021-12-29 00:00:00,39.37,41.48,40.34,40.61,39.65,3098420806.4,0.018149,-0.049706
601318SS_2022-01-19T000000_SELL_COUNTDOWN_PROGRESS_-1_2022-01-10T000000_2,2022-01-19 00:00:00,601318.SS,1d,COUNTDOWN,SELL_COUNTDOWN_PROGRESS,-1,2,,,SELL_SETUP,True,2021-12-28 00:00:00,2022-01-10 00:00:00,43.8,40.34,2022-01-10 00:00:00,2022-01-10 00:00:00,2022-01-19 00:00:00,,,,,,,,,,,,,2022-01-19 00:00:00,41.35,42.08,41.69,42.08,41.35,3098802400.0,0.015276,0.03142
601318SS_2022-01-20T000000_SELL_COUNTDOWN_PROGRESS_-1_2022-01-10T000000_3,2022-01-20 00:00:00,601318.SS,1d,COUNTDOWN,SELL_COUNTDOWN_PROGRESS,-1,3,,,SELL_SETUP,True,2021-12-28 00:00:00,2022-01-10 00:00:00,43.8,40.34,2022-01-10 00:00:00,2022-01-10 00:00:00,2022-01-19 00:00:00,2022-01-20 00:00:00,,,,,,,,,,,,2022-01-19 00:00:00,41.35,42.08,43.64,43.76,41.69,3374703238.4,0.018282,0.078596
601318SS_2022-01-21T000000_SELL_COUNTDOWN_PROGRESS_-1_2022-01-10T000000_4,2022-01-21 00:00:00,601318.SS,1d,COUNTDOWN,SELL_COUNTDOWN_PROGRESS,-1,4,,,SELL_SETUP,True,2021-12-28 00:00:00,2022-01-10 00:00:00,43.8,40.34,2022-01-10 00:00:00,2022-01-10 00:00:00,2022-01-19 00:00:00,2022-01-20 00:00:00,2022-01-21 00:00:00,,,,,,,,,,,2022-01-19 00:00:00,41.35,42.08,43.79,44.04,43.24,3551556736.0,0.017983,0.09311
600519SS_2022-01-25T000000_BUY_COUNTDOWN_PROGRESS_1_2022-01-11T000000_4,2022-01-25 00:00:00,600519.SS,1d,COUNTDOWN,BUY_COUNTDOWN_PROGRESS,1,4,,,BUY_SETUP,True,2021-12-29 00:00:00,2022-01-11 00:00:00,1959.33,1959.33,2022-01-11 00:00:00,2022-01-13 00:00:00,2022-01-14 00:00:00,2022-01-17 00:00:00,2022-01-25 00:00:00,,,,,,,,,,,2022-01-17 00:00:00,1640.42,1683.38,1748.08,1771.08,1736.08,6469866393.6,0.021789,-0.100439
000858SZ_2022-01-25T000000_BUY_COUNTDOWN_PROGRESS_1_2022-01-11T000000_4,2022-01-25 00:00:00,000858.SZ,1d,COUNTDOWN,BUY_COUNTDOWN_PROGRESS,1,4,,,BUY_SETUP,True,2021-12-29 00:00:00,2022-01-11 00:00:00,217.78,217.78,2022-01-11 00:00:00,2022-01-11 00:00:00,2022-01-13 00:00:00,2022-01-14 00:00:00,2022-01-25 00:00:00,,,,,,,,,,,2022-01-14 00:00:00,186.7,190.54,188.56,195.2,188.2,4276793409.539,0.020304,-0.134172
600036SS_2022-01-25T000000_BUY_COUNTDOWN_PROGRESS_1_2021-12-24T000000_8,2022-01-25 00:00:00,600036.SS,1d,COUNTDOWN,BUY_COUNTDOWN_PROGRESS,1,8,,,BUY_SETUP,True,2021-12-14 00:00:00,2021-12-24 00:00:00,44.26,44.26,2021-12-24 00:00:00,2021-12-24 00:00:00,2021-12-27 00:00:00,2021-12-28 00:00:00,2021-12-29 00:00:00,2021-12-30 00:00:00,2022-01-14 00:00:00,2022-01-17 00:00:00,2022-01-25 00:00:00,42.66,,,,,,2021-12-29 00:00:00,39.37,41.48,42.66,43.55,42.46,3591158886.4,0.021017,0.030684
000858SZ_2022-01-26T000000_BUY_COUNTDOWN_PROGRESS_1_2022-01-11T000000_5,2022-01-26 00:00:00,000858.SZ,1d,COUNTDOWN,BUY_COUNTDOWN_PROGRESS,1,5,,,BUY_SETUP,True,2021-12-29 00:00:00,2022-01-11 00:00:00,217.78,217.78,2022-01-11 00:00:00,2022-01-11 00:00:00,2022-01-13 00:00:00,2022-01-14 00:00:00,2022-01-25 00:00:00,2022-01-26 00:00:00,,,,,,,,,,2022-01-26 00:00:00,182.43,191.96,186.25,191.96,182.43,4328444172.74,0.017067,-0.095435
600036SS_2022-01-26T000000_BUY_COUNTDOWN_PROGRESS_1_2021-12-24T000000_9,2022-01-26 00:00:00,600036.SS,1d,COUNTDOWN,BUY_COUNTDOWN_PROGRESS,1,9,,,BUY_SETUP,True,2021-12-14 00:00:00,2021-12-24 00:00:00,44.26,44.26,2021-12-24 00:00:00,2021-12-24 00:00:00,2021-12-27 00:00:00,2021-12-28 00:00:00,2021-12-29 00:00:00,2021-12-30 00:00:00,2022-01-14 00:00:00,2022-01-17 00:00:00,2022-01-25 00:00:00,42.66,2022-01-26 00:00:00,,,,,2021-12-29 00:00:00,39.37,41.48,42.76,43.25,42.36,3540614476.8,0.017348,0.08583
000858SZ_2022-01-27T000000_BUY_COUNTDOWN_PROGRESS_1_2022-01-11T000000_6,2022-01-27 00:00:00,000858.SZ,1d,COUNTDOWN,BUY_COUNTDOWN_PROGRESS,1,6,,,BUY_SETUP,True,2021-12-29 00:00:00,2022-01-11 00:00:00,217.78,217.78,2022-01-11 00:00:00,2022-01-11 00:00:00,2022-01-13 00:00:00,2022-01-14 00:00:00,2022-01-25 00:00:00,2022-01-26 00:00:00,2022-01-27 00:00:00,,,,,,,,,2022-01-26 00:00:00,182.43,191.96,183.6,191.46,183.37,4145492560.208,0.017154,-0.107438
600519SS_2022-01-28T000000_BUY_COUNTDOWN_PROGRESS_1_2022-01-11T000000_5,2022-01-28 00:00:00,600519.SS,1d,COUNTDOWN,BUY_COUNTDOWN_PROGRESS,1,5,,,BUY_SETUP,True,2021-12-29 00:00:00,2022-01-11 00:00:00,1959.33,1959.33,2022-01-11 00:00:00,2022-01-13 00:00:00,2022-01-14 00:00:00,2022-01-17 00:00:00,2022-01-25 00:00:00,2022-01-28 00:00:00,,,,,,,,,,2022-01-17 00:00:00,1640.42,1683.38,1692.08,1773.08,1685.09,6301121177.6,0.020721,-0.087867
000858SZ_2022-01-28T000000_BUY_COUNTDOWN_PROGRESS_1_2022-01-11T000000_7,2022-01-28 00:00:00,000858.SZ,1d,COUNTDOWN,BUY_COUNTDOWN_PROGRESS,1,7,,,BUY_SETUP,True,2021-12-29 00:00:00,2022-01-11 00:00:00,217.78,217.78,2022-01-11 00:00:00,2022-01-11 00:00:00,2022-01-13 00:00:00,2022-01-14 00:00:00,2022-01-25 00:00:00,2022-01-26 00:00:00,2022-01-27 00:00:00,2022-01-28 00:00:00,,,,,,,,2022-01-28 00:00:00,178.2,185.5,178.58,185.5,178.2,4105376980.8525,0.017742,-0.119688
601318SS_2022-01-28T000000_SELL_COUNTDOWN_CANCEL_-1_2022-01-10T000000_4,2022-01-28 00:00:00,601318.SS,1d,COUNTDOWN,SELL_COUNTDOWN_CANCEL,-1,4,,tdst_break_rule_4,SELL_SETUP,True,2021-12-28 00:00:00,2022-01-10 00:00:00,43.8,40.34,2022-01-10 00:00:00,2022-01-10 00:00:00,2022-01-19 00:00:00,2022-01-20 00:00:00,2022-01-21 00:00:00,,,,,,,,,,,2022-01-19 00:00:00,41.35,42.08,40.21,41.59,40.04,3848366681.6,0.022126,-0.010824
600036SS_2022-01-28T000000_BUY_COUNTDOWN_PROGRESS_1_2021-12-24T000000_10,2022-01-28 00:00:00,600036.SS,1d,COUNTDOWN,BUY_COUNTDOWN_PROGRESS,1,10,,,BUY_SETUP,True,2021-12-14 00:00:00,2021-12-24 00:00:00,44.26,44.26,2021-12-24 00:00:00,2021-12-24 00:00:00,2021-12-27 00:00:00,2021-12-28 00:00:00,2021-12-29 00:00:00,2021-12-30 00:00:00,2022-01-14 00:00:00,2022-01-17 00:00:00,2022-01-25 00:00:00,42.66,2022-01-26 00:00:00,2022-01-28 00:00:00,,,,2021-12-29 00:00:00,39.37,41.48,40.97,42.96,40.91,3271509184.0,0.019107,0.012355
600519SS_2022-02-07T000000_BUY_COUNTDOWN_PROGRESS_1_2022-01-11T000000_6,2022-02-07 00:00:00,600519.SS,1d,COUNTDOWN,BUY_COUNTDOWN_PROGRESS,1,6,,,BUY_SETUP,True,2021-12-29 00:00:00,2022-01-11 00:00:00,1959.33,1959.33,2022-01-11 00:00:00,2022-01-13 00:00:00,2022-01-14 00:00:00,2022-01-17 00:00:00,2022-01-25 00:00:00,2022-01-28 00:00:00,2022-02-07 00:00:00,,,,,,,,,2022-01-17 00:00:00,1640.42,1683.38,1673.04,1718.64,1655.08,6328140390.4,0.020732,-0.098728
000858SZ_2022-02-07T000000_BUY_COUNTDOWN_PROGRESS_1_2022-01-11T000000_8,2022-02-07 00:00:00,000858.SZ,1d,COUNTDOWN,BUY_COUNTDOWN_PROGRESS,1,8,,,BUY_SETUP,True,2021-12-29 00:00:00,2022-01-11 00:00:00,217.78,217.78,2022-01-11 00:00:00,2022-01-11 00:00:00,2022-01-13 00:00:00,2022-01-14 00:00:00,2022-01-25 00:00:00,2022-01-26 00:00:00,2022-01-27 00:00:00,2022-01-28 00:00:00,2022-02-07 00:00:00,175.82,,,,,,2022-02-07 00:00:00,174.88,183.06,175.82,183.06,174.88,4083340590.7065,0.017651,-0.137122
600519SS_2022-02-08T000000_BUY_COUNTDOWN_PROGRESS_1_2022-01-11T000000_7,2022-02-08 00:00:00,600519.SS,1d,COUNTDOWN,BUY_COUNTDOWN_PROGRESS,1,7,,,BUY_SETUP,True,2021-12-29 00:00:00,2022-01-11 00:00:00,1959.33,1959.33,2022-01-11 00:00:00,2022-01-13 00:00:00,2022-01-14 00:00:00,2022-01-17 00:00:00,2022-01-25 00:00:00,2022-01-28 00:00:00,2022-02-07 00:00:00,2022-02-08 00:00:00,,,,,,,,2022-02-08 00:00:00,1595.08,1677.95,1644.08,1677.95,1595.08,6361714252.8,0.020803,-0.101144
000858SZ_2022-02-08T000000_BUY_COUNTDOWN_PROGRESS_1_2022-01-11T000000_9,2022-02-08 00:00:00,000858.SZ,1d,COUNTDOWN,BUY_COUNTDOWN_PROGRESS,1,9,,,BUY_SETUP,True,2021-12-29 00:00:00,2022-01-11 00:00:00,217.78,217.78,2022-01-11 00:00:00,2022-01-11 00:00:00,2022-01-13 00:00:00,2022-01-14 00:00:00,2022-01-25 00:00:00,2022-01-26 00:00:00,2022-01-27 00:00:00,2022-01-28 00:00:00,2022-02-07 00:00:00,175.82,2022-02-08 00:00:00,,,,,2022-02-08 00:00:00,165.1,176.53,170.2,176.53,165.1,4147333412.056,0.018332,-0.165482
000858SZ_2022-02-11T000000_BUY_SETUP_1_2022-02-11T000000_9,2022-02-11 00:00:00,000858.SZ,1d,SETUP,BUY_SETUP,1,9,False,,BUY_SETUP,False,2022-01-25 00:00:00,2022-02-11 00:00:00,,,,,,,,,,,,,,,,,,,,,,,,4175273417.486,0.020872,-0.106016
000858SZ_2022-02-11T000000_BUY_COUNTDOWN_CANCEL_1_2022-01-11T000000_9,2022-02-11 00:00:00,000858.SZ,1d,COUNTDOWN,BUY_COUNTDOWN_CANCEL,1,9,,same_setup,BUY_SETUP,True,2021-12-29 00:00:00,2022-01-11 00:00:00,217.78,217.78,2022-01-11 00:00:00,2022-01-11 00:00:00,2022-01-13 00:00:00,2022-01-14 00:00:00,2022-01-25 00:00:00,2022-01-26 00:00:00,2022-01-27 00:00:00,2022-01-28 00:00:00,2022-02-07 00:00:00,175.82,2022-02-08 00:00:00,,,,,2022-02-08 00:00:00,165.1,176.53,174.47,178.83,171.55,4175273417.486,0.020872,-0.106016
600036SS_2022-02-11T000000_BUY_COUNTDOWN_CANCEL_1_2021-12-24T000000_10,2022-02-11 00:00:00,600036.SS,1d,COUNTDOWN,BUY_COUNTDOWN_CANCEL,1,10,,tdst_break_rule_4,BUY_SETUP,True,2021-12-14 00:00:00,2021-12-24 00:00:00,44.26,44.26,2021-12-24 00:00:00,2021-12-24 00:00:00,2021-12-27 00:00:00,2021-12-28 00:00:00,2021-12-29 00:00:00,2021-12-30 00:00:00,2022-01-14 00:00:00,2022-01-17 00:00:00,2022-01-25 00:00:00,42.66,2022-01-26 00:00:00,2022-01-28 00:00:00,,,,2021-12-29 00:00:00,39.37,41.48,44.52,44.76,43.41,3202720428.8,0.021205,0.086119
600519SS_2022-02-21T000000_BUY_COUNTDOWN_PROGRESS_1_2022-01-11T000000_8,2022-02-21 00:00:00,600519.SS,1d,COUNTDOWN,BUY_COUNTDOWN_PROGRESS,1,8,,,BUY_SETUP,True,2021-12-29 00:00:00,2022-01-11 00:00:00,1959.33,1959.33,2022-01-11 00:00:00,2022-01-13 00:00:00,2022-01-14 00:00:00,2022-01-17 00:00:00,2022-01-25 00:00:00,2022-01-28 00:00:00,2022-02-07 00:00:00,2022-02-08 00:00:00,2022-02-21 00:00:00,1682.07,,,,,,2022-02-08 00:00:00,1595.08,1677.95,1682.07,1711.98,1674.03,5409632000.0,0.018502,-0.009002
600519SS_2022-02-22T000000_BUY_COUNTDOWN_PROGRESS_1_2022-01-11T000000_9,2022-02-22 00:00:00,600519.SS,1d,COUNTDOWN,BUY_COUNTDOWN_PROGRESS,1,9,,,BUY_SETUP,True,2021-12-29 00:00:00,2022-01-11 00:00:00,1959.33,1959.33,2022-01-11 00:00:00,2022-01-13 00:00:00,2022-01-14 00:00:00,2022-01-17 00:00:00,2022-01-25 00:00:00,2022-01-28 00:00:00,2022-02-07 00:00:00,2022-02-08 00:00:00,2022-02-21 00:00:00,1682.07,2022-02-22 00:00:00,,,,,2022-02-08 00:00:00,1595.08,1677.95,1612.95,1666.08,1605.1,5587996339.2,0.020364,-0.060644
000858SZ_2022-02-22T000000_BUY_COUNTDOWN_PROGRESS_1_2022-02-11T000000_1,2022-02-22 00:00:00,000858.SZ,1d,COUNTDOWN,BUY_COUNTDOWN_PROGRESS,1,1,,,BUY_SETUP,False,2022-01-25 00:00:00,2022-02-11 00:00:00,195.2,195.2,2022-02-11 00:00:00,2022-02-22 00:00:00,,,,,,,,,,,,,,2022-02-22 00:00:00,172.05,178.13,173.6,178.13,172.05,3887741512.8825,0.019455,-0.091099
600519SS_2022-02-23T000000_BUY_COUNTDOWN_PROGRESS_1_2022-01-11T000000_10,2022-02-23 00:00:00,600519.SS,1d,COUNTDOWN,BUY_COUNTDOWN_PROGRESS,1,10,,,BUY_SETUP,True,2021-12-29 00:00:00,2022-01-11 00:00:00,1959.33,1959.33,2022-01-11 00:00:00,2022-01-13 00:00:00,2022-01-14 00:00:00,2022-01-17 00:00:00,2022-01-25 00:00:00,2022-01-28 00:00:00,2022-02-07 00:00:00,2022-02-08 00:00:00,2022-02-21 00:00:00,1682.07,2022-02-22 00:00:00,2022-02-23 00:00:00,,,,2022-02-08 00:00:00,1595.08,1677.95,1632.09,1639.08,1605.16,5592556544.0,0.018835,-0.080305
000858SZ_2022-02-23T000000_BUY_COUNTDOWN_PROGRESS_1_2022-02-11T000000_2,2022-02-23 00:00:00,000858.SZ,1d,COUNTDOWN,BUY_COUNTDOWN_PROGRESS,1,2,,,BUY_SETUP,False,2022-01-25 00:00:00,2022-02-11 00:00:00,195.2,195.2,2022-02-11 00:00:00,2022-02-22 00:00:00,2022-02-23 00:00:00,,,,,,,,,,,,,2022-02-22 00:00:00,172.05,178.13,176.4,176.78,172.23,3879579408.632,0.019633,-0.087995
600519SS_2022-02-24T000000_BUY_COUNTDOWN_PROGRESS_1_2022-01-11T000000_11,2022-02-24 00:00:00,600519.SS,1d,COUNTDOWN,BUY_COUNTDOWN_PROGRESS,1,11,,,BUY_SETUP,True,2021-12-29 00:00:00,2022-01-11 00:00:00,1959.33,1959.33,2022-01-11 00:00:00,2022-01-13 00:00:00,2022-01-14 00:00:00,2022-01-17 00:00:00,2022-01-25 00:00:00,2022-01-28 00:00:00,2022-02-07 00:00:00,2022-02-08 00:00:00,2022-02-21 00:00:00,1682.07,2022-02-22 00:00:00,2022-02-23 00:00:00,2022-02-24 00:00:00,,,2022-02-24 00:00:00,1553.18,1619.07,1569.19,1619.07,1553.18,5838219673.6,0.020044,-0.123392
000858SZ_2022-02-24T000000_BUY_COUNTDOWN_PROGRESS_1_2022-02-11T000000_3,2022-02-24 00:00:00,000858.SZ,1d,COUNTDOWN,BUY_COUNTDOWN_PROGRESS,1,3,,,BUY_SETUP,False,2022-01-25 00:00:00,2022-02-11 00:00:00,195.2,195.2,2022-02-11 00:00:00,2022-02-22 00:00:00,2022-02-23 00:00:00,2022-02-24 00:00:00,,,,,,,,,,,,2022-02-24 00:00:00,167.5,175.2,168.89,175.2,167.5,3919315243.1695,0.020389,-0.144688
600519SS_2022-02-25T000000_BUY_COUNTDOWN_PROGRESS_1_2022-01-11T000000_12,2022-02-25 00:00:00,600519.SS,1d,COUNTDOWN,BUY_COUNTDOWN_PROGRESS,1,12,,,BUY_SETUP,True,2021-12-29 00:00:00,2022-01-11 00:00:00,1959.33,1959.33,2022-01-11 00:00:00,2022-01-13 00:00:00,2022-01-14 00:00:00,2022-01-17 00:00:00,2022-01-25 00:00:00,2022-01-28 00:00:00,2022-02-07 00:00:00,2022-02-08 00:00:00,2022-02-21 00:00:00,1682.07,2022-02-22 00:00:00,2022-02-23 00:00:00,2022-02-24 00:00:00,2022-02-25 00:00:00,,2022-02-24 00:00:00,1553.18,1619.07,1604.14,1613.36,1580.08,5883624499.2,0.020799,-0.086106
000858SZ_2022-02-25T000000_BUY_COUNTDOWN_PROGRESS_1_2022-02-11T000000_4,2022-02-25 00:00:00,000858.SZ,1d,COUNTDOWN,BUY_COUNTDOWN_PROGRESS,1,4,,,BUY_SETUP,False,2022-01-25 00:00:00,2022-02-11 00:00:00,195.2,195.2,2022-02-11 00:00:00,2022-02-22 00:00:00,2022-02-23 00:00:00,2022-02-24 00:00:00,2022-02-25 00:00:00,,,,,,,,,,,2022-02-24 00:00:00,167.5,175.2,170.68,173.17,170.19,3790155609.148,0.020787,-0.125928
000651SZ_2022-03-01T000000_BUY_SETUP_PERFECT_1_2022-03-01T000000_9,2022-03-01 00:00:00,000651.SZ,1d,SETUP,BUY_SETUP_PERFECT,1,9,True,,BUY_SETUP,True,2022-02-17 00:00:00,2022-03-01 00:00:00,,,,,,,,,,,,,,,,,,,,,,,,1816946416.0735,0.023195,-0.083423
000651SZ_2022-03-01T000000_BUY_COUNTDOWN_PROGRESS_1_2022-03-01T000000_1,2022-03-01 00:00:00,000651.SZ,1d,COUNTDOWN,BUY_COUNTDOWN_PROGRESS,1,1,,,BUY_SETUP,True,2022-02-17 00:00:00,2022-03-01 00:00:00,28.07,28.07,2022-03-01 00:00:00,2022-03-01 00:00:00,,,,,,,,,,,,,,2022-03-01 00:00:00,25.12,25.84,25.6,25.84,25.12,1816946416.0735,0.023195,-0.083423
600519SS_2022-03-03T000000_BUY_COUNTDOWN_COMPLETE_PERFECT_1_2022-01-11T000000_13,2022-03-03 00:00:00,600519.SS,1d,COUNTDOWN,BUY_COUNTDOWN_COMPLETE_PERFECT,1,13,True,,BUY_SETUP,True,2021-12-29 00:00:00,2022-01-11 00:00:00,1959.33,1959.33,2022-01-11 00:00:00,2022-01-13 00:00:00,2022-01-14 00:00:00,2022-01-17 00:00:00,2022-01-25 00:00:00,2022-01-28 00:00:00,2022-02-07 00:00:00,2022-02-08 00:00:00,2022-02-21 00:00:00,1682.07,2022-02-22 00:00:00,2022-02-23 00:00:00,2022-02-24 00:00:00,2022-02-25 00:00:00,2022-03-03 00:00:00,2022-02-24 00:00:00,1553.18,1619.07,1605.08,1655.33,1599.08,5909175219.2,0.021888,-0.051416
000858SZ_2022-03-03T000000_BUY_COUNTDOWN_PROGRESS_1_2022-02-11T000000_5,2022-03-03 00:00:00,000858.SZ,1d,COUNTDOWN,BUY_COUNTDOWN_PROGRESS,1,5,,,BUY_SETUP,False,2022-01-25 00:00:00,2022-02-11 00:00:00,195.2,195.2,2022-02-11 00:00:00,2022-02-22 00:00:00,2022-02-23 00:00:00,2022-02-24 00:00:00,2022-02-25 00:00:00,2022-03-03 00:00:00,,,,,,,,,,2022-03-03 00:00:00,162.2,170.4,162.27,170.4,162.2,3797100173.2765,0.021816,-0.091332
000651SZ_2022-03-03T000000_BUY_COUNTDOWN_PROGRESS_1_2022-03-01T000000_2,2022-03-03 00:00:00,000651.SZ,1d,COUNTDOWN,BUY_COUNTDOWN_PROGRESS,1,2,,,BUY_SETUP,True,2022-02-17 00:00:00,2022-03-01 00:00:00,28.07,28.07,2022-03-01 00:00:00,2022-03-01 00:00:00,2022-03-03 00:00:00,,,,,,,,,,,,,2022-03-03 00:00:00,24.78,25.53,24.87,25.53,24.78,1723462825.12,0.018599,-0.065038
000858SZ_2022-03-04T000000_BUY_COUNTDOWN_PROGRESS_1_2022-02-11T000000_6,2022-03-04 00:00:00,000858.SZ,1d,COUNTDOWN,BUY_COUNTDOWN_PROGRESS,1,6,,,BUY_SETUP,False,2022-01-25 00:00:00,2022-02-11 00:00:00,195.2,195.2,2022-02-11 00:00:00,2022-02-22 00:00:00,2022-02-23 00:00:00,2022-02-24 00:00:00,2022-02-25 00:00:00,2022-03-03 00:00:00,2022-03-04 00:00:00,,,,,,,,,2022-03-04 00:00:00,156.08,161.59,156.57,161.59,156.08,3817937176.3755,0.022744,-0.109487
601318SS_2022-03-04T000000_BUY_SETUP_PERFECT_1_2022-03-04T000000_9,2022-03-04 00:00:00,601318.SS,1d,SETUP,BUY_SETUP_PERFECT,1,9,True,,BUY_SETUP,True,2022-02-22 00:00:00,2022-03-04 00:00:00,,,,,,,,,,,,,,,,,,,,,,,,3715931724.8,0.01947,-0.044529
601318SS_2022-03-04T000000_BUY_COUNTDOWN_PROGRESS_1_2022-03-04T000000_1,2022-03-04 00:00:00,601318.SS,1d,COUNTDOWN,BUY_COUNTDOWN_PROGRESS,1,1,,,BUY_SETUP,True,2022-02-22 00:00:00,2022-03-04 00:00:00,43.84,43.84,2022-03-04 00:00:00,2022-03-04 00:00:00,,,,,,,,,,,,,,2022-03-04 00:00:00,40.2,40.72,40.34,40.72,40.2,3715931724.8,0.01947,-0.044529
000651SZ_2022-03-04T000000_BUY_COUNTDOWN_PROGRESS_1_2022-03-01T000000_3,2022-03-04 00:00:00,000651.SZ,1d,COUNTDOWN,BUY_COUNTDOWN_PROGRESS,1,3,,,BUY_SETUP,True,2022-02-17 00:00:00,2022-03-01 00:00:00,28.07,28.07,2022-03-01 00:00:00,2022-03-01 00:00:00,2022-03-03 00:00:00,2022-03-04 00:00:00,,,,,,,,,,,,2022-03-04 00:00:00,24.29,24.74,24.6,24.74,24.29,1693974920.6535,0.018165,-0.088551
000858SZ_2022-03-07T000000_BUY_COUNTDOWN_PROGRESS_1_2022-02-11T000000_7,2022-03-07 00:00:00,000858.SZ,1d,COUNTDOWN,BUY_COUNTDOWN_PROGRESS,1,7,,,BUY_SETUP,False,2022-01-25 00:00:00,2022-02-11 00:00:00,195.2,195.2,2022-02-11 00:00:00,2022-02-22 00:00:00,2022-02-23 00:00:00,2022-02-24 00:00:00,2022-02-25 00:00:00,2022-03-03 00:00:00,2022-03-04 00:00:00,2022-03-07 00:00:00,,,,,,,,2022-03-07 00:00:00,145.45,154.45,146.2,154.45,145.45,3974796083.8625,0.025887,-0.141011
601318SS_2022-03-07T000000_BUY_COUNTDOWN_PROGRESS_1_2022-03-04T000000_2,2022-03-07 00:00:00,601318.SS,1d,COUNTDOWN,BUY_COUNTDOWN_PROGRESS,1,2,,,BUY_SETUP,True,2022-02-22 00:00:00,2022-03-04 00:00:00,43.84,43.84,2022-03-04 00:00:00,2022-03-04 00:00:00,2022-03-07 00:00:00,,,,,,,,,,,,,2022-03-07 00:00:00,38.9,39.86,39.12,39.86,38.9,3665371532.8,0.019382,-0.095282
600036SS_2022-03-07T000000_BUY_SETUP_PERFECT_1_2022-03-07T000000_9,2022-03-07 00:00:00,600036.SS,1d,SETUP,BUY_SETUP_PERFECT,1,9,True,,BUY_SETUP,True,2022-02-23 00:00:00,2022-03-07 00:00:00,,,,,,,,,,,,,,,,,,,,,,,,2417238105.6,0.018318,-0.113872
600036SS_2022-03-07T000000_BUY_COUNTDOWN_PROGRESS_1_2022-03-07T000000_1,2022-03-07 00:00:00,600036.SS,1d,COUNTDOWN,BUY_COUNTDOWN_PROGRESS,1,1,,,BUY_SETUP,True,2022-02-23 00:00:00,2022-03-07 00:00:00,43.22,43.22,2022-03-07 00:00:00,2022-03-07 00:00:00,,,,,,,,,,,,,,2022-03-07 00:00:00,38.26,40.02,38.52,40.02,38.26,2417238105.6,0.018318,-0.113872
000651SZ_2022-03-07T000000_BUY_COUNTDOWN_PROGRESS_1_2022-03-01T000000_4,2022-03-07 00:00:00,000651.SZ,1d,COUNTDOWN,BUY_COUNTDOWN_PROGRESS,1,4,,,BUY_SETUP,True,2022-02-17 00:00:00,2022-03-01 00:00:00,28.07,28.07,2022-03-01 00:00:00,2022-03-01 00:00:00,2022-03-03 00:00:00,2022-03-04 00:00:00,2022-03-07 00:00:00,,,,,,,,,,,2022-03-07 00:00:00,23.63,24.41,23.66,24.41,23.63,1702798513.919,0.019268,-0.132062
000858SZ_2022-03-08T000000_BUY_COUNTDOWN_PROGRESS_1_2022-02-11T000000_8,2022-03-08 00:00:00,000858.SZ,1d,COUNTDOWN,BUY_COUNTDOWN_PROGRESS,1,8,,,BUY_SETUP,False,2022-01-25 00:00:00,2022-02-11 00:00:00,195.2,195.2,2022-02-11 00:00:00,2022-02-22 00:00:00,2022-02-23 00:00:00,2022-02-24 00:00:00,2022-02-25 00:00:00,2022-03-03 00:00:00,2022-03-04 00:00:00,2022-03-07 00:00:00,2022-03-08 00:00:00,146.45,,,,,,2022-03-07 00:00:00,145.45,154.45,146.45,151.7,145.47,3968380385.8505,0.023988,-0.168748
601318SS_2022-03-08T000000_BUY_COUNTDOWN_PROGRESS_1_2022-03-04T000000_3,2022-03-08 00:00:00,601318.SS,1d,COUNTDOWN,BUY_COUNTDOWN_PROGRESS,1,3,,,BUY_SETUP,True,2022-02-22 00:00:00,2022-03-04 00:00:00,43.84,43.84,2022-03-04 00:00:00,2022-03-04 00:00:00,2022-03-07 00:00:00,2022-03-08 00:00:00,,,,,,,,,,,,2022-03-08 00:00:00,37.54,39.3,37.71,39.3,37.54,3638067328.0,0.020506,-0.128697
600036SS_2022-03-08T000000_BUY_COUNTDOWN_PROGRESS_1_2022-03-07T000000_2,2022-03-08 00:00:00,600036.SS,1d,COUNTDOWN,BUY_COUNTDOWN_PROGRESS,1,2,,,BUY_SETUP,True,2022-02-23 00:00:00,2022-03-07 00:00:00,43.22,43.22,2022-03-07 00:00:00,2022-03-07 00:00:00,2022-03-08 00:00:00,,,,,,,,,,,,,2022-03-08 00:00:00,36.96,38.53,37.24,38.53,36.96,2473166310.4,0.019248,-0.14154
000651SZ_2022-03-08T000000_BUY_COUNTDOWN_PROGRESS_1_2022-03-01T000000_5,2022-03-08 00:00:00,000651.SZ,1d,COUNTDOWN,BUY_COUNTDOWN_PROGRESS,1,5,,,BUY_SETUP,True,2022-02-17 00:00:00,2022-03-01 00:00:00,28.07,28.07,2022-03-01 00:00:00,2022-03-01 00:00:00,2022-03-03 00:00:00,2022-03-04 00:00:00,2022-03-07 00:00:00,2022-03-08 00:00:00,,,,,,,,,,2022-03-08 00:00:00,22.65,23.88,22.7,23.88,22.65,1729133253.855,0.020459,-0.170018
000858SZ_2022-03-09T000000_BUY_COUNTDOWN_PROGRESS_1_2022-02-11T000000_9,2022-03-09 00:00:00,000858.SZ,1d,COUNTDOWN,BUY_COUNTDOWN_PROGRESS,1,9,,,BUY_SETUP,False,2022-01-25 00:00:00,2022-02-11 00:00:00,195.2,195.2,2022-02-11 00:00:00,2022-02-22 00:00:00,2022-02-23 00:00:00,2022-02-24 00:00:00,2022-02-25 00:00:00,2022-03-03 00:00:00,2022-03-04 00:00:00,2022-03-07 00:00:00,2022-03-08 00:00:00,146.45,2022-03-09 00:00:00,,,,,2022-03-09 00:00:00,137.0,147.93,143.08,147.93,137.0,4063559544.2145,0.02413,-0.174094
601318SS_2022-03-09T000000_BUY_COUNTDOWN_PROGRESS_1_2022-03-04T000000_4,2022-03-09 00:00:00,601318.SS,1d,COUNTDOWN,BUY_COUNTDOWN_PROGRESS,1,4,,,BUY_SETUP,True,2022-02-22 00:00:00,2022-03-04 00:00:00,43.84,43.84,2022-03-04 00:00:00,2022-03-04 00:00:00,2022-03-07 00:00:00,2022-03-08 00:00:00,2022-03-09 00:00:00,,,,,,,,,,,2022-03-09 00:00:00,35.74,38.17,37.16,38.17,35.74,3597235200.0,0.018982,-0.16344
600036SS_2022-03-09T000000_BUY_COUNTDOWN_PROGRESS_1_2022-03-07T000000_3,2022-03-09 00:00:00,600036.SS,1d,COUNTDOWN,BUY_COUNTDOWN_PROGRESS,1,3,,,BUY_SETUP,True,2022-02-23 00:00:00,2022-03-07 00:00:00,43.22,43.22,2022-03-07 00:00:00,2022-03-07 00:00:00,2022-03-08 00:00:00,2022-03-09 00:00:00,,,,,,,,,,,,2022-03-09 00:00:00,34.77,37.49,36.15,37.49,34.77,2541172313.6,0.019669,-0.168392
000651SZ_2022-03-09T000000_BUY_COUNTDOWN_PROGRESS_1_2022-03-01T000000_6,2022-03-09 00:00:00,000651.SZ,1d,COUNTDOWN,BUY_COUNTDOWN_PROGRESS,1,6,,,BUY_SETUP,True,2022-02-17 00:00:00,2022-03-01 00:00:00,28.07,28.07,2022-03-01 00:00:00,2022-03-01 00:00:00,2022-03-03 00:00:00,2022-03-04 00:00:00,2022-03-07 00:00:00,2022-03-08 00:00:00,2022-03-09 00:00:00,,,,,,,,,2022-03-09 00:00:00,20.46,23.02,22.11,23.02,20.46,1780138070.0585,0.020433,-0.196292
601318SS_2022-03-10T000000_BUY_COUNTDOWN_PROGRESS_1_2022-03-04T000000_5,2022-03-10 00:00:00,601318.SS,1d,COUNTDOWN,BUY_COUNTDOWN_PROGRESS,1,5,,,BUY_SETUP,True,2022-02-22 00:00:00,2022-03-04 00:00:00,43.84,43.84,2022-03-04 00:00:00,2022-03-04 00:00:00,2022-03-07 00:00:00,2022-03-08 00:00:00,2022-03-09 00:00:00,2022-03-10 00:00:00,,,,,,,,,,2022-03-09 00:00:00,35.74,38.17,37.15,38.28,37.1,3477099545.6,0.01654,-0.189396
600036SS_2022-03-10T000000_BUY_COUNTDOWN_PROGRESS_1_2022-03-07T000000_4,2022-03-10 00:00:00,600036.SS,1d,COUNTDOWN,BUY_COUNTDOWN_PROGRESS,1,4,,,BUY_SETUP,True,2022-02-23 00:00:00,2022-03-07 00:00:00,43.22,43.22,2022-03-07 00:00:00,2022-03-07 00:00:00,2022-03-08 00:00:00,2022-03-09 00:00:00,2022-03-10 00:00:00,,,,,,,,,,,2022-03-09 00:00:00,34.77,37.49,36.46,37.46,36.39,2606474950.4,0.018543,-0.181042
000651SZ_2022-03-10T000000_BUY_COUNTDOWN_PROGRESS_1_2022-03-01T000000_7,2022-03-10 00:00:00,000651.SZ,1d,COUNTDOWN,BUY_COUNTDOWN_PROGRESS,1,7,,,BUY_SETUP,True,2022-02-17 00:00:00,2022-03-01 00:00:00,28.07,28.07,2022-03-01 00:00:00,2022-03-01 00:00:00,2022-03-03 00:00:00,2022-03-04 00:00:00,2022-03-07 00:00:00,2022-03-08 00:00:00,2022-03-09 00:00:00,2022-03-10 00:00:00,,,,,,,,2022-03-09 00:00:00,20.46,23.02,22.27,23.26,22.02,1767701060.741,0.016793,-0.22323
601318SS_2022-03-14T000000_BUY_COUNTDOWN_PROGRESS_1_2022-03-04T000000_6,2022-03-14 00:00:00,601318.SS,1d,COUNTDOWN,BUY_COUNTDOWN_PROGRESS,1,6,,,BUY_SETUP,True,2022-02-22 00:00:00,2022-03-04 00:00:00,43.84,43.84,2022-03-04 00:00:00,2022-03-04 00:00:00,2022-03-07 00:00:00,2022-03-08 00:00:00,2022-03-09 00:00:00,2022-03-10 00:00:00,2022-03-14 00:00:00,,,,,,,,,2022-03-09 00:00:00,35.74,38.17,36.05,36.81,36.01,3074074188.8,0.01684,-0.171645
600036SS_2022-03-14T000000_BUY_COUNTDOWN_PROGRESS_1_2022-03-07T000000_5,2022-03-14 00:00:00,600036.SS,1d,COUNTDOWN,BUY_COUNTDOWN_PROGRESS,1,5,,,BUY_SETUP,True,2022-02-23 00:00:00,2022-03-07 00:00:00,43.22,43.22,2022-03-07 00:00:00,2022-03-07 00:00:00,2022-03-08 00:00:00,2022-03-09 00:00:00,2022-03-10 00:00:00,2022-03-14 00:00:00,,,,,,,,,,2022-03-14 00:00:00,33.86,35.74,33.91,35.74,33.86,2634061139.2,0.021276,-0.192234
000651SZ_2022-03-14T000000_BUY_COUNTDOWN_PROGRESS_1_2022-03-01T000000_8,2022-03-14 00:00:00,000651.SZ,1d,COUNTDOWN,BUY_COUNTDOWN_PROGRESS,1,8,,,BUY_SETUP,True,2022-02-17 00:00:00,2022-03-01 00:00:00,28.07,28.07,2022-03-01 00:00:00,2022-03-01 00:00:00,2022-03-03 00:00:00,2022-03-04 00:00:00,2022-03-07 00:00:00,2022-03-08 00:00:00,2022-03-09 00:00:00,2022-03-10 00:00:00,2022-03-14 00:00:00,21.8,,,,,,2022-03-09 00:00:00,20.46,23.02,21.8,22.39,21.77,1581034377.156,0.018298,-0.218918
000858SZ_2022-03-15T000000_BUY_COUNTDOWN_PROGRESS_1_2022-02-11T000000_10,2022-03-15 00:00:00,000858.SZ,1d,COUNTDOWN,BUY_COUNTDOWN_PROGRESS,1,10,,,BUY_SETUP,False,2022-01-25 00:00:00,2022-02-11 00:00:00,195.2,195.2,2022-02-11 00:00:00,2022-02-22 00:00:00,2022-02-23 00:00:00,2022-02-24 00:00:00,2022-02-25 00:00:00,2022-03-03 00:00:00,2022-03-04 00:00:00,2022-03-07 00:00:00,2022-03-08 00:00:00,146.45,2022-03-09 00:00:00,2022-03-15 00:00:00,,,,2022-03-15 00:00:00,136.9,144.98,137.35,144.98,136.9,4244776682.604,0.030907,-0.235288
601318SS_2022-03-15T000000_BUY_COUNTDOWN_PROGRESS_1_2022-03-04T000000_7,2022-03-15 00:00:00,601318.SS,1d,COUNTDOWN,BUY_COUNTDOWN_PROGRESS,1,7,,,BUY_SETUP,True,2022-02-22 00:00:00,2022-03-04 00:00:00,43.84,43.84,2022-03-04 00:00:00,2022-03-04 00:00:00,2022-03-07 00:00:00,2022-03-08 00:00:00,2022-03-09 00:00:00,2022-03-10 00:00:00,2022-03-14 00:00:00,2022-03-15 00:00:00,,,,,,,,2022-03-15 00:00:00,32.79,35.44,32.89,35.44,32.79,3183412057.6,0.023418,-0.253857
600036SS_2022-03-15T000000_BUY_COUNTDOWN_PROGRESS_1_2022-03-07T000000_6,2022-03-15 00:00:00,600036.SS,1d,COUNTDOWN,BUY_COUNTDOWN_PROGRESS,1,6,,,BUY_SETUP,True,2022-02-23 00:00:00,2022-03-07 00:00:00,43.22,43.22,2022-03-07 00:00:00,2022-03-07 00:00:00,2022-03-08 00:00:00,2022-03-09 00:00:00,2022-03-10 00:00:00,2022-03-14 00:00:00,2022-03-15 00:00:00,,,,,,,,,2022-03-15 00:00:00,30.94,33.37,31.21,33.37,30.94,2756165382.4,0.024942,-0.271305
000651SZ_2022-03-15T000000_BUY_COUNTDOWN_PROGRESS_1_2022-03-01T000000_9,2022-03-15 00:00:00,000651.SZ,1d,COUNTDOWN,BUY_COUNTDOWN_PROGRESS,1,9,,,BUY_SETUP,True,2022-02-17 00:00:00,2022-03-01 00:00:00,28.07,28.07,2022-03-01 00:00:00,2022-03-01 00:00:00,2022-03-03 00:00:00,2022-03-04 00:00:00,2022-03-07 00:00:00,2022-03-08 00:00:00,2022-03-09 00:00:00,2022-03-10 00:00:00,2022-03-14 00:00:00,21.8,2022-03-15 00:00:00,,,,,2022-03-15 00:00:00,19.96,21.46,19.97,21.46,19.96,1590927519.8805,0.02383,-0.286531
000858SZ_2022-03-16T000000_BUY_COUNTDOWN_PROGRESS_1_2022-02-11T000000_11,2022-03-16 00:00:00,000858.SZ,1d,COUNTDOWN,BUY_COUNTDOWN_PROGRESS,1,11,,,BUY_SETUP,False,2022-01-25 00:00:00,2022-02-11 00:00:00,195.2,195.2,2022-02-11 00:00:00,2022-02-22 00:00:00,2022-02-23 00:00:00,2022-02-24 00:00:00,2022-02-25 00:00:00,2022-03-03 00:00:00,2022-03-04 00:00:00,2022-03-07 00:00:00,2022-03-08 00:00:00,146.45,2022-03-09 00:00:00,2022-03-15 00:00:00,2022-03-16 00:00:00,,,2022-03-16 00:00:00,135.34,145.75,145.0,145.75,135.34,4407127352.5475,0.034567,-0.183742
601318SS_2022-03-16T000000_BUY_COUNTDOWN_PROGRESS_1_2022-03-04T000000_8,2022-03-16 00:00:00,601318.SS,1d,COUNTDOWN,BUY_COUNTDOWN_PROGRESS,1,8,,,BUY_SETUP,True,2022-02-22 00:00:00,2022-03-04 00:00:00,43.84,43.84,2022-03-04 00:00:00,2022-03-04 00:00:00,2022-03-07 00:00:00,2022-03-08 00:00:00,2022-03-09 00:00:00,2022-03-10 00:00:00,2022-03-14 00:00:00,2022-03-15 00:00:00,2022-03-16 00:00:00,34.53,,,,,,2022-03-16 00:00:00,32.57,34.89,34.53,34.89,32.57,3262059955.2,0.027491,-0.21326
000651SZ_2022-03-16T000000_BUY_COUNTDOWN_PROGRESS_1_2022-03-01T000000_10,2022-03-16 00:00:00,000651.SZ,1d,COUNTDOWN,BUY_COUNTDOWN_PROGRESS,1,10,,,BUY_SETUP,True,2022-02-17 00:00:00,2022-03-01 00:00:00,28.07,28.07,2022-03-01 00:00:00,2022-03-01 00:00:00,2022-03-03 00:00:00,2022-03-04 00:00:00,2022-03-07 00:00:00,2022-03-08 00:00:00,2022-03-09 00:00:00,2022-03-10 00:00:00,2022-03-14 00:00:00,21.8,2022-03-15 00:00:00,2022-03-16 00:00:00,,,,2022-03-16 00:00:00,19.42,20.72,20.52,20.72,19.42,1625795251.912,0.025821,-0.251368
000858SZ_2022-03-21T000000_BUY_COUNTDOWN_PROGRESS_1_2022-02-11T000000_12,2022-03-21 00:00:00,000858.SZ,1d,COUNTDOWN,BUY_COUNTDOWN_PROGRESS,1,12,,,BUY_SETUP,False,2022-01-25 00:00:00,2022-02-11 00:00:00,195.2,195.2,2022-02-11 00:00:00,2022-02-22 00:00:00,2022-02-23 00:00:00,2022-02-24 00:00:00,2022-02-25 00:00:00,2022-03-03 00:00:00,2022-03-04 00:00:00,2022-03-07 00:00:00,2022-03-08 00:00:00,146.45,2022-03-09 00:00:00,2022-03-15 00:00:00,2022-03-16 00:00:00,2022-03-21 00:00:00,,2022-03-16 00:00:00,135.34,145.75,145.91,149.98,145.21,4601802251.843,0.034721,-0.159505
000858SZ_2022-03-22T000000_BUY_COUNTDOWN_COMPLETE_PERFECT_1_2022-02-11T000000_13,2022-03-22 00:00:00,000858.SZ,1d,COUNTDOWN,BUY_COUNTDOWN_COMPLETE_PERFECT,1,13,True,,BUY_SETUP,False,2022-01-25 00:00:00,2022-02-11 00:00:00,195.2,195.2,2022-02-11 00:00:00,2022-02-22 00:00:00,2022-02-23 00:00:00,2022-02-24 00:00:00,2022-02-25 00:00:00,2022-03-03 00:00:00,2022-03-04 00:00:00,2022-03-07 00:00:00,2022-03-08 00:00:00,146.45,2022-03-09 00:00:00,2022-03-15 00:00:00,2022-03-16 00:00:00,2022-03-21 00:00:00,2022-03-22 00:00:00,2022-03-16 00:00:00,135.34,145.75,144.5,147.5,144.2,4515809539.825,0.034232,-0.180839
600036SS_2022-03-25T000000_BUY_COUNTDOWN_PROGRESS_1_2022-03-07T000000_7,2022-03-25 00:00:00,600036.SS,1d,COUNTDOWN,BUY_COUNTDOWN_PROGRESS,1,7,,,BUY_SETUP,True,2022-02-23 00:00:00,2022-03-07 00:00:00,43.22,43.22,2022-03-07 00:00:00,2022-03-07 00:00:00,2022-03-08 00:00:00,2022-03-09 00:00:00,2022-03-10 00:00:00,2022-03-14 00:00:00,2022-03-15 00:00:00,2022-03-25 00:00:00,,,,,,,,2022-03-15 00:00:00,30.94,33.37,36.94,37.71,36.76,3299635289.6,0.041415,-0.111165
000651SZ_2022-03-25T000000_BUY_COUNTDOWN_PROGRESS_1_2022-03-01T000000_11,2022-03-25 00:00:00,000651.SZ,1d,COUNTDOWN,BUY_COUNTDOWN_PROGRESS,1,11,,,BUY_SETUP,True,2022-02-17 00:00:00,2022-03-01 00:00:00,28.07,28.07,2022-03-01 00:00:00,2022-03-01 00:00:00,2022-03-03 00:00:00,2022-03-04 00:00:00,2022-03-07 00:00:00,2022-03-08 00:00:00,2022-03-09 00:00:00,2022-03-10 00:00:00,2022-03-14 00:00:00,21.8,2022-03-15 00:00:00,2022-03-16 00:00:00,2022-03-25 00:00:00,,,2022-03-16 00:00:00,19.42,20.72,20.29,21.07,20.27,1550372946.258,0.025551,-0.20556
600036SS_2022-03-28T000000_BUY_COUNTDOWN_PROGRESS_1_2022-03-07T000000_8,2022-03-28 00:00:00,600036.SS,1d,COUNTDOWN,BUY_COUNTDOWN_PROGRESS,1,8,,,BUY_SETUP,True,2022-02-23 00:00:00,2022-03-07 00:00:00,43.22,43.22,2022-03-07 00:00:00,2022-03-07 00:00:00,2022-03-08 00:00:00,2022-03-09 00:00:00,2022-03-10 00:00:00,2022-03-14 00:00:00,2022-03-15 00:00:00,2022-03-25 00:00:00,2022-03-28 00:00:00,36.81,,,,,,2022-03-15 00:00:00,30.94,33.37,36.81,37.26,36.01,3303302419.2,0.041249,-0.123571
000651SZ_2022-03-28T000000_BUY_COUNTDOWN_PROGRESS_1_2022-03-01T000000_12,2022-03-28 00:00:00,000651.SZ,1d,COUNTDOWN,BUY_COUNTDOWN_PROGRESS,1,12,,,BUY_SETUP,True,2022-02-17 00:00:00,2022-03-01 00:00:00,28.07,28.07,2022-03-01 00:00:00,2022-03-01 00:00:00,2022-03-03 00:00:00,2022-03-04 00:00:00,2022-03-07 00:00:00,2022-03-08 00:00:00,2022-03-09 00:00:00,2022-03-10 00:00:00,2022-03-14 00:00:00,21.8,2022-03-15 00:00:00,2022-03-16 00:00:00,2022-03-25 00:00:00,2022-03-28 00:00:00,,2022-03-16 00:00:00,19.42,20.72,20.41,20.41,19.52,1479038691.5165,0.025666,-0.202734
601318SS_2022-03-29T000000_BUY_COUNTDOWN_PROGRESS_1_2022-03-04T000000_9,2022-03-29 00:00:00,601318.SS,1d,COUNTDOWN,BUY_COUNTDOWN_PROGRESS,1,9,,,BUY_SETUP,True,2022-02-22 00:00:00,2022-03-04 00:00:00,43.84,43.84,2022-03-04 00:00:00,2022-03-04 00:00:00,2022-03-07 00:00:00,2022-03-08 00:00:00,2022-03-09 00:00:00,2022-03-10 00:00:00,2022-03-14 00:00:00,2022-03-15 00:00:00,2022-03-16 00:00:00,34.53,2022-03-29 00:00:00,,,,,2022-03-16 00:00:00,32.57,34.89,37.45,38.44,37.39,3495849452.8,0.033605,-0.086585
000651SZ_2022-03-29T000000_BUY_COUNTDOWN_COMPLETE_PERFECT_1_2022-03-01T000000_13,2022-03-29 00:00:00,000651.SZ,1d,COUNTDOWN,BUY_COUNTDOWN_COMPLETE_PERFECT,1,13,True,,BUY_SETUP,True,2022-02-17 00:00:00,2022-03-01 00:00:00,28.07,28.07,2022-03-01 00:00:00,2022-03-01 00:00:00,2022-03-03 00:00:00,2022-03-04 00:00:00,2022-03-07 00:00:00,2022-03-08 00:00:00,2022-03-09 00:00:00,2022-03-10 00:00:00,2022-03-14 00:00:00,21.8,2022-03-15 00:00:00,2022-03-16 00:00:00,2022-03-25 00:00:00,2022-03-28 00:00:00,2022-03-29 00:00:00,2022-03-16 00:00:00,19.42,20.72,20.05,20.5,20.01,1432406492.3775,0.025698,-0.209073
601318SS_2022-04-11T000000_BUY_COUNTDOWN_PROGRESS_1_2022-03-04T000000_10,2022-04-11 00:00:00,601318.SS,1d,COUNTDOWN,BUY_COUNTDOWN_PROGRESS,1,10,,,BUY_SETUP,True,2022-02-22 00:00:00,2022-03-04 00:00:00,43.84,43.84,2022-03-04 00:00:00,2022-03-04 00:00:00,2022-03-07 00:00:00,2022-03-08 00:00:00,2022-03-09 00:00:00,2022-03-10 00:00:00,2022-03-14 00:00:00,2022-03-15 00:00:00,2022-03-16 00:00:00,34.53,2022-03-29 00:00:00,2022-04-11 00:00:00,,,,2022-03-16 00:00:00,32.57,34.89,37.86,39.22,37.76,3258936096.0,0.0353,0.012841
600036SS_2022-04-11T000000_BUY_COUNTDOWN_PROGRESS_1_2022-03-07T000000_9,2022-04-11 00:00:00,600036.SS,1d,COUNTDOWN,BUY_COUNTDOWN_PROGRESS,1,9,,,BUY_SETUP,True,2022-02-23 00:00:00,2022-03-07 00:00:00,43.22,43.22,2022-03-07 00:00:00,2022-03-07 00:00:00,2022-03-08 00:00:00,2022-03-09 00:00:00,2022-03-10 00:00:00,2022-03-14 00:00:00,2022-03-15 00:00:00,2022-03-25 00:00:00,2022-03-28 00:00:00,36.81,2022-04-11 00:00:00,,,,,2022-03-15 00:00:00,30.94,33.37,37.66,38.63,37.35,2956856428.8,0.039919,0.040044
600036SS_2022-04-12T000000_BUY_COUNTDOWN_PROGRESS_1_2022-03-07T000000_10,2022-04-12 00:00:00,600036.SS,1d,COUNTDOWN,BUY_COUNTDOWN_PROGRESS,1,10,,,BUY_SETUP,True,2022-02-23 00:00:00,2022-03-07 00:00:00,43.22,43.22,2022-03-07 00:00:00,2022-03-07 00:00:00,2022-03-08 00:00:00,2022-03-09 00:00:00,2022-03-10 00:00:00,2022-03-14 00:00:00,2022-03-15 00:00:00,2022-03-25 00:00:00,2022-03-28 00:00:00,36.81,2022-04-11 00:00:00,2022-04-12 00:00:00,,,,2022-03-15 00:00:00,30.94,33.37,37.46,38.22,36.87,2928808313.6,0.03682,0.104689
601318SS_2022-04-18T000000_BUY_COUNTDOWN_PROGRESS_1_2022-03-04T000000_11,2022-04-18 00:00:00,601318.SS,1d,COUNTDOWN,BUY_COUNTDOWN_PROGRESS,1,11,,,BUY_SETUP,True,2022-02-22 00:00:00,2022-03-04 00:00:00,43.84,43.84,2022-03-04 00:00:00,2022-03-04 00:00:00,2022-03-07 00:00:00,2022-03-08 00:00:00,2022-03-09 00:00:00,2022-03-10 00:00:00,2022-03-14 00:00:00,2022-03-15 00:00:00,2022-03-16 00:00:00,34.53,2022-03-29 00:00:00,2022-04-11 00:00:00,2022-04-18 00:00:00,,,2022-03-16 00:00:00,32.57,34.89,37.24,38.23,37.07,2667664108.8,0.021059,-0.024365
600036SS_2022-04-18T000000_BUY_COUNTDOWN_PROGRESS_1_2022-03-07T000000_11,2022-04-18 00:00:00,600036.SS,1d,COUNTDOWN,BUY_COUNTDOWN_PROGRESS,1,11,,,BUY_SETUP,True,2022-02-23 00:00:00,2022-03-07 00:00:00,43.22,43.22,2022-03-07 00:00:00,2022-03-07 00:00:00,2022-03-08 00:00:00,2022-03-09 00:00:00,2022-03-10 00:00:00,2022-03-14 00:00:00,2022-03-15 00:00:00,2022-03-25 00:00:00,2022-03-28 00:00:00,36.81,2022-04-11 00:00:00,2022-04-12 00:00:00,2022-04-18 00:00:00,,,2022-03-15 00:00:00,30.94,33.37,35.15,37.72,34.54,2646862598.4,0.026443,-0.073293
601318SS_2022-04-19T000000_BUY_COUNTDOWN_PROGRESS_1_2022-03-04T000000_12,2022-04-19 00:00:00,601318.SS,1d,COUNTDOWN,BUY_COUNTDOWN_PROGRESS,1,12,,,BUY_SETUP,True,2022-02-22 00:00:00,2022-03-04 00:00:00,43.84,43.84,2022-03-04 00:00:00,2022-03-04 00:00:00,2022-03-07 00:00:00,2022-03-08 00:00:00,2022-03-09 00:00:00,2022-03-10 00:00:00,2022-03-14 00:00:00,2022-03-15 00:00:00,2022-03-16 00:00:00,34.53,2022-03-29 00:00:00,2022-04-11 00:00:00,2022-04-18 00:00:00,2022-04-19 00:00:00,,2022-03-16 00:00:00,32.57,34.89,36.68,37.51,36.37,2388394835.2,0.020677,-0.016094
600036SS_2022-04-19T000000_BUY_COUNTDOWN_PROGRESS_1_2022-03-07T000000_12,2022-04-19 00:00:00,600036.SS,1d,COUNTDOWN,BUY_COUNTDOWN_PROGRESS,1,12,,,BUY_SETUP,True,2022-02-23 00:00:00,2022-03-07 00:00:00,43.22,43.22,2022-03-07 00:00:00,2022-03-07 00:00:00,2022-03-08 00:00:00,2022-03-09 00:00:00,2022-03-10 00:00:00,2022-03-14 00:00:00,2022-03-15 00:00:00,2022-03-25 00:00:00,2022-03-28 00:00:00,36.81,2022-04-11 00:00:00,2022-04-12 00:00:00,2022-04-18 00:00:00,2022-04-19 00:00:00,,2022-03-15 00:00:00,30.94,33.37,33.86,34.51,33.16,2963480672.0,0.026498,-0.074104
601318SS_2022-04-20T000000_BUY_COUNTDOWN_COMPLETE_1_2022-03-04T000000_13,2022-04-20 00:00:00,601318.SS,1d,COUNTDOWN,BUY_COUNTDOWN_COMPLETE,1,13,False,,BUY_SETUP,True,2022-02-22 00:00:00,2022-03-04 00:00:00,43.84,43.84,2022-03-04 00:00:00,2022-03-04 00:00:00,2022-03-07 00:00:00,2022-03-08 00:00:00,2022-03-09 00:00:00,2022-03-10 00:00:00,2022-03-14 00:00:00,2022-03-15 00:00:00,2022-03-16 00:00:00,34.53,2022-03-29 00:00:00,2022-04-11 00:00:00,2022-04-18 00:00:00,2022-04-19 00:00:00,2022-04-20 00:00:00,2022-03-16 00:00:00,32.57,34.89,36.15,37.03,36.07,2252522201.6,0.020272,-0.049685
600036SS_2022-04-20T000000_BUY_COUNTDOWN_COMPLETE_PERFECT_1_2022-03-07T000000_13,2022-04-20 00:00:00,600036.SS,1d,COUNTDOWN,BUY_COUNTDOWN_COMPLETE_PERFECT,1,13,True,,BUY_SETUP,True,2022-02-23 00:00:00,2022-03-07 00:00:00,43.22,43.22,2022-03-07 00:00:00,2022-03-07 00:00:00,2022-03-08 00:00:00,2022-03-09 00:00:00,2022-03-10 00:00:00,2022-03-14 00:00:00,2022-03-15 00:00:00,2022-03-25 00:00:00,2022-03-28 00:00:00,36.81,2022-04-11 00:00:00,2022-04-12 00:00:00,2022-04-18 00:00:00,2022-04-19 00:00:00,2022-04-20 00:00:00,2022-03-15 00:00:00,30.94,33.37,32.86,33.74,32.66,3057165523.2,0.026492,-0.118799
601318SS_2022-04-28T000000_BUY_SETUP_PERFECT_1_2022-04-28T000000_9,2022-04-28 00:00:00,601318.SS,1d,SETUP,BUY_SETUP_PERFECT,1,9,True,,BUY_SETUP,True,2022-04-18 00:00:00,2022-04-28 00:00:00,,,,,,,,,,,,,,,,,,,,,,,,2232575340.8,0.020779,-0.12943
600036SS_2022-04-28T000000_BUY_SETUP_1_2022-04-28T000000_9,2022-04-28 00:00:00,600036.SS,1d,SETUP,BUY_SETUP,1,9,False,,BUY_SETUP,False,2022-04-18 00:00:00,2022-04-28 00:00:00,,,,,,,,,,,,,,,,,,,,,,,,4337382867.2,0.037745,-0.173993
000651SZ_2022-04-28T000000_BUY_SETUP_PERFECT_1_2022-04-28T000000_9,2022-04-28 00:00:00,000651.SZ,1d,SETUP,BUY_SETUP_PERFECT,1,9,True,,BUY_SETUP,True,2022-04-18 00:00:00,2022-04-28 00:00:00,,,,,,,,,,,,,,,,,,,,,,,,1110782282.952,0.025041,-0.039347
000651SZ_2022-05-05T000000_BUY_COUNTDOWN_CANCEL_1_2022-04-28T000000_0,2022-05-05 00:00:00,000651.SZ,1d,COUNTDOWN,BUY_COUNTDOWN_CANCEL,1,0,,tdst_break_rule_4,BUY_SETUP,True,2022-04-18 00:00:00,2022-04-28 00:00:00,22.09,22.09,2022-04-28 00:00:00,,,,,,,,,,,,,,,,,,23.93,23.94,22.09,1270022748.651,0.041535,0.09821
600036SS_2022-05-06T000000_BUY_COUNTDOWN_PROGRESS_1_2022-04-28T000000_1,2022-05-06 00:00:00,600036.SS,1d,COUNTDOWN,BUY_COUNTDOWN_PROGRESS,1,1,,,BUY_SETUP,False,2022-04-18 00:00:00,2022-04-28 00:00:00,37.72,37.72,2022-04-28 00:00:00,2022-05-06 00:00:00,,,,,,,,,,,,,,2022-05-06 00:00:00,29.66,30.51,29.67,30.51,29.66,4561750764.8,0.037842,-0.242146
601318SS_2022-05-09T000000_BUY_COUNTDOWN_PROGRESS_1_2022-04-28T000000_1,2022-05-09 00:00:00,601318.SS,1d,COUNTDOWN,BUY_COUNTDOWN_PROGRESS,1,1,,,BUY_SETUP,True,2022-04-18 00:00:00,2022-04-28 00:00:00,38.23,38.23,2022-04-28 00:00:00,2022-05-09 00:00:00,,,,,,,,,,,,,,2022-05-09 00:00:00,34.11,34.65,34.59,34.65,34.11,2066939308.8,0.021866,-0.106663
600036SS_2022-05-09T000000_BUY_COUNTDOWN_PROGRESS_1_2022-04-28T000000_2,2022-05-09 00:00:00,600036.SS,1d,COUNTDOWN,BUY_COUNTDOWN_PROGRESS,1,2,,,BUY_SETUP,False,2022-04-18 00:00:00,2022-04-28 00:00:00,37.72,37.72,2022-04-28 00:00:00,2022-05-06 00:00:00,2022-05-09 00:00:00,,,,,,,,,,,,,2022-05-09 00:00:00,27.91,29.58,28.23,29.58,27.91,4678886828.8,0.038631,-0.269032
600036SS_2022-05-10T000000_BUY_COUNTDOWN_PROGRESS_1_2022-04-28T000000_3,2022-05-10 00:00:00,600036.SS,1d,COUNTDOWN,BUY_COUNTDOWN_PROGRESS,1,3,,,BUY_SETUP,False,2022-04-18 00:00:00,2022-04-28 00:00:00,37.72,37.72,2022-04-28 00:00:00,2022-05-06 00:00:00,2022-05-09 00:00:00,2022-05-10 00:00:00,,,,,,,,,,,,2022-05-10 00:00:00,27.02,28.92,28.74,28.92,27.02,4811305248.0,0.039009,-0.261941
601318SS_2022-05-13T000000_BUY_COUNTDOWN_PROGRESS_1_2022-04-28T000000_2,2022-05-13 00:00:00,601318.SS,1d,COUNTDOWN,BUY_COUNTDOWN_PROGRESS,1,2,,,BUY_SETUP,True,2022-04-18 00:00:00,2022-04-28 00:00:00,38.23,38.23,2022-04-28 00:00:00,2022-05-09 00:00:00,2022-05-13 00:00:00,,,,,,,,,,,,,2022-05-13 00:00:00,33.83,34.74,34.2,34.74,33.83,2014147513.6,0.018899,-0.101419
601318SS_2022-05-16T000000_BUY_COUNTDOWN_PROGRESS_1_2022-04-28T000000_3,2022-05-16 00:00:00,601318.SS,1d,COUNTDOWN,BUY_COUNTDOWN_PROGRESS,1,3,,,BUY_SETUP,True,2022-04-18 00:00:00,2022-04-28 00:00:00,38.23,38.23,2022-04-28 00:00:00,2022-05-09 00:00:00,2022-05-13 00:00:00,2022-05-16 00:00:00,,,,,,,,,,,,2022-05-16 00:00:00,33.42,34.45,33.6,34.45,33.42,2039899763.2,0.018728,-0.125683
601318SS_2022-05-24T000000_BUY_COUNTDOWN_PROGRESS_1_2022-04-28T000000_4,2022-05-24 00:00:00,601318.SS,1d,COUNTDOWN,BUY_COUNTDOWN_PROGRESS,1,4,,,BUY_SETUP,True,2022-04-18 00:00:00,2022-04-28 00:00:00,38.23,38.23,2022-04-28 00:00:00,2022-05-09 00:00:00,2022-05-13 00:00:00,2022-05-16 00:00:00,2022-05-24 00:00:00,,,,,,,,,,,2022-05-24 00:00:00,33.35,34.35,33.38,34.35,33.35,1990569689.6,0.019605,-0.090463
601318SS_2022-05-25T000000_BUY_COUNTDOWN_PROGRESS_1_2022-04-28T000000_5,2022-05-25 00:00:00,601318.SS,1d,COUNTDOWN,BUY_COUNTDOWN_PROGRESS,1,5,,,BUY_SETUP,True,2022-04-18 00:00:00,2022-04-28 00:00:00,38.23,38.23,2022-04-28 00:00:00,2022-05-09 00:00:00,2022-05-13 00:00:00,2022-05-16 00:00:00,2022-05-24 00:00:00,2022-05-25 00:00:00,,,,,,,,,,2022-05-25 00:00:00,33.26,33.74,33.47,33.74,33.26,1954984006.4,0.017346,-0.046167
600036SS_2022-05-25T000000_BUY_COUNTDOWN_PROGRESS_1_2022-04-28T000000_4,2022-05-25 00:00:00,600036.SS,1d,COUNTDOWN,BUY_COUNTDOWN_PROGRESS,1,4,,,BUY_SETUP,False,2022-04-18 00:00:00,2022-04-28 00:00:00,37.72,37.72,2022-04-28 00:00:00,2022-05-06 00:00:00,2022-05-09 00:00:00,2022-05-10 00:00:00,2022-05-25 00:00:00,,,,,,,,,,,2022-05-10 00:00:00,27.02,28.92,30.54,30.86,30.4,4041978022.4,0.030614,-0.001635
600036SS_2022-05-26T000000_BUY_COUNTDOWN_PROGRESS_1_2022-04-28T000000_5,2022-05-26 00:00:00,600036.SS,1d,COUNTDOWN,BUY_COUNTDOWN_PROGRESS,1,5,,,BUY_SETUP,False,2022-04-18 00:00:00,2022-04-28 00:00:00,37.72,37.72,2022-04-28 00:00:00,2022-05-06 00:00:00,2022-05-09 00:00:00,2022-05-10 00:00:00,2022-05-25 00:00:00,2022-05-26 00:00:00,,,,,,,,,,2022-05-10 00:00:00,27.02,28.92,30.19,30.76,29.84,3691699468.8,0.030563,0.000663
601318SS_2022-06-02T000000_BUY_COUNTDOWN_PROGRESS_1_2022-04-28T000000_6,2022-06-02 00:00:00,601318.SS,1d,COUNTDOWN,BUY_COUNTDOWN_PROGRESS,1,6,,,BUY_SETUP,True,2022-04-18 00:00:00,2022-04-28 00:00:00,38.23,38.23,2022-04-28 00:00:00,2022-05-09 00:00:00,2022-05-13 00:00:00,2022-05-16 00:00:00,2022-05-24 00:00:00,2022-05-25 00:00:00,2022-06-02 00:00:00,,,,,,,,,2022-05-25 00:00:00,33.26,33.74,34.24,34.27,33.79,1772672345.6,0.013112,-0.001749
600036SS_2022-06-06T000000_BUY_COUNTDOWN_PROGRESS_1_2022-04-28T000000_6,2022-06-06 00:00:00,600036.SS,1d,COUNTDOWN,BUY_COUNTDOWN_PROGRESS,1,6,,,BUY_SETUP,False,2022-04-18 00:00:00,2022-04-28 00:00:00,37.72,37.72,2022-04-28 00:00:00,2022-05-06 00:00:00,2022-05-09 00:00:00,2022-05-10 00:00:00,2022-05-25 00:00:00,2022-05-26 00:00:00,2022-06-06 00:00:00,,,,,,,,,2022-05-10 00:00:00,27.02,28.92,30.73,30.79,29.86,2877926873.6,0.024168,0.088558
600519SS_2022-06-10T000000_SELL_SETUP_PERFECT_-1_2022-06-10T000000_9,2022-06-10 00:00:00,600519.SS,1d,SETUP,SELL_SETUP_PERFECT,-1,9,True,,SELL_SETUP,True,2022-05-30 00:00:00,2022-06-10 00:00:00,,,,,,,,,,,,,,,,,,,,,,,,5238180300.8,0.014245,0.077281
600519SS_2022-06-10T000000_SELL_COUNTDOWN_PROGRESS_-1_2022-06-10T000000_1,2022-06-10 00:00:00,600519.SS,1d,COUNTDOWN,SELL_COUNTDOWN_PROGRESS,-1,1,,,SELL_SETUP,True,2022-05-30 00:00:00,2022-06-10 00:00:00,1712.08,1563.08,2022-06-10 00:00:00,2022-06-10 00:00:00,,,,,,,,,,,,,,2022-06-10 00:00:00,1640.08,1712.08,1705.68,1712.08,1640.08,5238180300.8,0.014245,0.077281
000858SZ_2022-06-10T000000_SELL_SETUP_-1_2022-06-10T000000_9,2022-06-10 00:00:00,000858.SZ,1d,SETUP,SELL_SETUP,-1,9,False,,SELL_SETUP,False,2022-05-30 00:00:00,2022-06-10 00:00:00,,,,,,,,,,,,,,,,,,,,,,,,4105410504.5865,0.024125,0.149336
601318SS_2022-06-13T000000_BUY_COUNTDOWN_PROGRESS_1_2022-04-28T000000_7,2022-06-13 00:00:00,601318.SS,1d,COUNTDOWN,BUY_COUNTDOWN_PROGRESS,1,7,,,BUY_SETUP,True,2022-04-18 00:00:00,2022-04-28 00:00:00,38.23,38.23,2022-04-28 00:00:00,2022-05-09 00:00:00,2022-05-13 00:00:00,2022-05-16 00:00:00,2022-05-24 00:00:00,2022-05-25 00:00:00,2022-06-02 00:00:00,2022-06-13 00:00:00,,,,,,,,2022-05-25 00:00:00,33.26,33.74,34.38,34.84,34.26,1918949843.2,0.012946,0.023214
600036SS_2022-06-13T000000_BUY_COUNTDOWN_PROGRESS_1_2022-04-28T000000_7,2022-06-13 00:00:00,600036.SS,1d,COUNTDOWN,BUY_COUNTDOWN_PROGRESS,1,7,,,BUY_SETUP,False,2022-04-18 00:00:00,2022-04-28 00:00:00,37.72,37.72,2022-04-28 00:00:00,2022-05-06 00:00:00,2022-05-09 00:00:00,2022-05-10 00:00:00,2022-05-25 00:00:00,2022-05-26 00:00:00,2022-06-06 00:00:00,2022-06-13 00:00:00,,,,,,,,2022-05-10 00:00:00,27.02,28.92,30.33,31.32,30.1,2787341836.8,0.026379,0.058639
600036SS_2022-06-14T000000_BUY_COUNTDOWN_PROGRESS_1_2022-04-28T000000_8,2022-06-14 00:00:00,600036.SS,1d,COUNTDOWN,BUY_COUNTDOWN_PROGRESS,1,8,,,BUY_SETUP,False,2022-04-18 00:00:00,2022-04-28 00:00:00,37.72,37.72,2022-04-28 00:00:00,2022-05-06 00:00:00,2022-05-09 00:00:00,2022-05-10 00:00:00,2022-05-25 00:00:00,2022-05-26 00:00:00,2022-06-06 00:00:00,2022-06-13 00:00:00,2022-06-14 00:00:00,31.0,,,,,,2022-05-10 00:00:00,27.02,28.92,31.0,31.06,29.87,2784409868.8,0.023311,0.02108
000858SZ_2022-06-15T000000_SELL_COUNTDOWN_PROGRESS_-1_2022-06-10T000000_1,2022-06-15 00:00:00,000858.SZ,1d,COUNTDOWN,SELL_COUNTDOWN_PROGRESS,-1,1,,,SELL_SETUP,False,2022-05-30 00:00:00,2022-06-10 00:00:00,160.19,140.2,2022-06-10 00:00:00,2022-06-15 00:00:00,,,,,,,,,,,,,,2022-06-15 00:00:00,151.99,160.1,157.48,160.1,151.99,4428526271.013,0.025117,0.168423
600519SS_2022-06-16T000000_SELL_COUNTDOWN_PROGRESS_-1_2022-06-10T000000_2,2022-06-16 00:00:00,600519.SS,1d,COUNTDOWN,SELL_COUNTDOWN_PROGRESS,-1,2,,,SELL_SETUP,True,2022-05-30 00:00:00,2022-06-10 00:00:00,1712.08,1563.08,2022-06-10 00:00:00,2022-06-10 00:00:00,2022-06-16 00:00:00,,,,,,,,,,,,,2022-06-10 00:00:00,1640.08,1712.08,1682.08,1712.71,1680.41,5601519667.2,0.0152,0.07751
000858SZ_2022-06-16T000000_SELL_COUNTDOWN_PROGRESS_-1_2022-06-10T000000_2,2022-06-16 00:00:00,000858.SZ,1d,COUNTDOWN,SELL_COUNTDOWN_PROGRESS,-1,2,,,SELL_SETUP,False,2022-05-30 00:00:00,2022-06-10 00:00:00,160.19,140.2,2022-06-10 00:00:00,2022-06-15 00:00:00,2022-06-16 00:00:00,,,,,,,,,,,,,2022-06-15 00:00:00,151.99,160.1,157.8,161.2,157.2,4483930121.113,0.024873,0.180078
600519SS_2022-06-17T000000_SELL_COUNTDOWN_PROGRESS_-1_2022-06-10T000000_3,2022-06-17 00:00:00,600519.SS,1d,COUNTDOWN,SELL_COUNTDOWN_PROGRESS,-1,3,,,SELL_SETUP,True,2022-05-30 00:00:00,2022-06-10 00:00:00,1712.08,1563.08,2022-06-10 00:00:00,2022-06-10 00:00:00,2022-06-16 00:00:00,2022-06-17 00:00:00,,,,,,,,,,,,2022-06-10 00:00:00,1640.08,1712.08,1756.08,1757.08,1683.17,5916043238.4,0.016842,0.094069
000858SZ_2022-06-17T000000_SELL_COUNTDOWN_PROGRESS_-1_2022-06-10T000000_3,2022-06-17 00:00:00,000858.SZ,1d,COUNTDOWN,SELL_COUNTDOWN_PROGRESS,-1,3,,,SELL_SETUP,False,2022-05-30 00:00:00,2022-06-10 00:00:00,160.19,140.2,2022-06-10 00:00:00,2022-06-15 00:00:00,2022-06-16 00:00:00,2022-06-17 00:00:00,,,,,,,,,,,,2022-06-15 00:00:00,151.99,160.1,161.38,161.38,156.7,4627527654.9975,0.021136,0.131142
600519SS_2022-06-20T000000_SELL_COUNTDOWN_PROGRESS_-1_2022-06-10T000000_4,2022-06-20 00:00:00,600519.SS,1d,COUNTDOWN,SELL_COUNTDOWN_PROGRESS,-1,4,,,SELL_SETUP,True,2022-05-30 00:00:00,2022-06-10 00:00:00,1712.08,1563.08,2022-06-10 00:00:00,2022-06-10 00:00:00,2022-06-16 00:00:00,2022-06-17 00:00:00,2022-06-20 00:00:00,,,,,,,,,,,2022-06-10 00:00:00,1640.08,1712.08,1747.1,1775.08,1735.08,5881509836.8,0.016555,0.101521
000858SZ_2022-06-20T000000_SELL_COUNTDOWN_PROGRESS_-1_2022-06-10T000000_4,2022-06-20 00:00:00,000858.SZ,1d,COUNTDOWN,SELL_COUNTDOWN_PROGRESS,-1,4,,,SELL_SETUP,False,2022-05-30 00:00:00,2022-06-10 00:00:00,160.19,140.2,2022-06-10 00:00:00,2022-06-15 00:00:00,2022-06-16 00:00:00,2022-06-17 00:00:00,2022-06-20 00:00:00,,,,,,,,,,,2022-06-15 00:00:00,151.99,160.1,163.69,167.2,159.2,4551687930.199,0.020121,0.172313
600036SS_2022-06-20T000000_BUY_COUNTDOWN_PROGRESS_1_2022-04-28T000000_9,2022-06-20 00:00:00,600036.SS,1d,COUNTDOWN,BUY_COUNTDOWN_PROGRESS,1,9,,,BUY_SETUP,False,2022-04-18 00:00:00,2022-04-28 00:00:00,37.72,37.72,2022-04-28 00:00:00,2022-05-06 00:00:00,2022-05-09 00:00:00,2022-05-10 00:00:00,2022-05-25 00:00:00,2022-05-26 00:00:00,2022-06-06 00:00:00,2022-06-13 00:00:00,2022-06-14 00:00:00,31.0,2022-06-20 00:00:00,,,,,2022-05-10 00:00:00,27.02,28.92,31.46,31.86,31.16,2662456435.2,0.019973,0.00672
000858SZ_2022-06-21T000000_SELL_COUNTDOWN_PROGRESS_-1_2022-06-10T000000_5,2022-06-21 00:00:00,000858.SZ,1d,COUNTDOWN,SELL_COUNTDOWN_PROGRESS,-1,5,,,SELL_SETUP,False,2022-05-30 00:00:00,2022-06-10 00:00:00,160.19,140.2,2022-06-10 00:00:00,2022-06-15 00:00:00,2022-06-16 00:00:00,2022-06-17 00:00:00,2022-06-20 00:00:00,2022-06-21 00:00:00,,,,,,,,,,2022-06-15 00:00:00,151.99,160.1,161.86,165.7,160.65,4530659989.387,0.019512,0.183447
600036SS_2022-06-22T000000_BUY_COUNTDOWN_PROGRESS_1_2022-04-28T000000_10,2022-06-22 00:00:00,600036.SS,1d,COUNTDOWN,BUY_COUNTDOWN_PROGRESS,1,10,,,BUY_SETUP,False,2022-04-18 00:00:00,2022-04-28 00:00:00,37.72,37.72,2022-04-28 00:00:00,2022-05-06 00:00:00,2022-05-09 00:00:00,2022-05-10 00:00:00,2022-05-25 00:00:00,2022-05-26 00:00:00,2022-06-06 00:00:00,2022-06-13 00:00:00,2022-06-14 00:00:00,31.0,2022-06-20 00:00:00,2022-06-22 00:00:00,,,,2022-05-10 00:00:00,27.02,28.92,31.07,32.23,31.06,2667631552.0,0.021276,0.017354
600519SS_2022-06-24T000000_SELL_COUNTDOWN_PROGRESS_-1_2022-06-10T000000_5,2022-06-24 00:00:00,600519.SS,1d,COUNTDOWN,SELL_COUNTDOWN_PROGRESS,-1,5,,,SELL_SETUP,True,2022-05-30 00:00:00,2022-06-10 00:00:00,1712.08,1563.08,2022-06-10 00:00:00,2022-06-10 00:00:00,2022-06-16 00:00:00,2022-06-17 00:00:00,2022-06-20 00:00:00,2022-06-24 00:00:00,,,,,,,,,,2022-06-10 00:00:00,1640.08,1712.08,1814.09,1825.08,1770.08,6081489715.2,0.016572,0.162699
000858SZ_2022-06-24T000000_SELL_COUNTDOWN_PROGRESS_-1_2022-06-10T000000_6,2022-06-24 00:00:00,000858.SZ,1d,COUNTDOWN,SELL_COUNTDOWN_PROGRESS,-1,6,,,SELL_SETUP,False,2022-05-30 00:00:00,2022-06-10 00:00:00,160.19,140.2,2022-06-10 00:00:00,2022-06-15 00:00:00,2022-06-16 00:00:00,2022-06-17 00:00:00,2022-06-20 00:00:00,2022-06-21 00:00:00,2022-06-24 00:00:00,,,,,,,,,2022-06-15 00:00:00,151.99,160.1,165.2,165.71,160.11,4670405327.0065,0.021128,0.195802
601318SS_2022-06-24T000000_BUY_COUNTDOWN_CANCEL_1_2022-04-28T000000_7,2022-06-24 00:00:00,601318.SS,1d,COUNTDOWN,BUY_COUNTDOWN_CANCEL,1,7,,tdst_break_rule_4,BUY_SETUP,True,2022-04-18 00:00:00,2022-04-28 00:00:00,38.23,38.23,2022-04-28 00:00:00,2022-05-09 00:00:00,2022-05-13 00:00:00,2022-05-16 00:00:00,2022-05-24 00:00:00,2022-05-25 00:00:00,2022-06-02 00:00:00,2022-06-13 00:00:00,,,,,,,,2022-05-25 00:00:00,33.26,33.74,38.49,38.58,37.95,2728467385.6,0.021244,0.139769
600519SS_2022-06-27T000000_SELL_COUNTDOWN_PROGRESS_-1_2022-06-10T000000_6,2022-06-27 00:00:00,600519.SS,1d,COUNTDOWN,SELL_COUNTDOWN_PROGRESS,-1,6,,,SELL_SETUP,True,2022-05-30 00:00:00,2022-06-10 00:00:00,1712.08,1563.08,2022-06-10 00:00:00,2022-06-10 00:00:00,2022-06-16 00:00:00,2022-06-17 00:00:00,2022-06-20 00:00:00,2022-06-24 00:00:00,2022-06-27 00:00:00,,,,,,,,,2022-06-10 00:00:00,1640.08,1712.08,1815.63,1855.02,1805.38,6265866905.6,0.016565,0.1466
000858SZ_2022-06-27T000000_SELL_COUNTDOWN_PROGRESS_-1_2022-06-10T000000_7,2022-06-27 00:00:00,000858.SZ,1d,COUNTDOWN,SELL_COUNTDOWN_PROGRESS,-1,7,,,SELL_SETUP,False,2022-05-30 00:00:00,2022-06-10 00:00:00,160.19,140.2,2022-06-10 00:00:00,2022-06-15 00:00:00,2022-06-16 00:00:00,2022-06-17 00:00:00,2022-06-20 00:00:00,2022-06-21 00:00:00,2022-06-24 00:00:00,2022-06-27 00:00:00,,,,,,,,2022-06-15 00:00:00,151.99,160.1,173.2,175.88,167.2,4855495656.9115,0.019851,0.183222
600519SS_2022-06-28T000000_SELL_COUNTDOWN_PROGRESS_-1_2022-06-10T000000_7,2022-06-28 00:00:00,600519.SS,1d,COUNTDOWN,SELL_COUNTDOWN_PROGRESS,-1,7,,,SELL_SETUP,True,2022-05-30 00:00:00,2022-06-10 00:00:00,1712.08,1563.08,2022-06-10 00:00:00,2022-06-10 00:00:00,2022-06-16 00:00:00,2022-06-17 00:00:00,2022-06-20 00:00:00,2022-06-24 00:00:00,2022-06-27 00:00:00,2022-06-28 00:00:00,,,,,,,,2022-06-10 00:00:00,1640.08,1712.08,1841.08,1846.08,1806.08,6214700288.0,0.016512,0.14416
000858SZ_2022-06-28T000000_SELL_COUNTDOWN_PROGRESS_-1_2022-06-10T000000_8,2022-06-28 00:00:00,000858.SZ,1d,COUNTDOWN,SELL_COUNTDOWN_PROGRESS,-1,8,,,SELL_SETUP,False,2022-05-30 00:00:00,2022-06-10 00:00:00,160.19,140.2,2022-06-10 00:00:00,2022-06-15 00:00:00,2022-06-16 00:00:00,2022-06-17 00:00:00,2022-06-20 00:00:00,2022-06-21 00:00:00,2022-06-24 00:00:00,2022-06-27 00:00:00,2022-06-28 00:00:00,179.85,,,,,,2022-06-15 00:00:00,151.99,160.1,179.85,180.07,171.4,4746292005.0025,0.020052,0.186346
600519SS_2022-06-29T000000_SELL_SETUP_-1_2022-06-29T000000_9,2022-06-29 00:00:00,600519.SS,1d,SETUP,SELL_SETUP,-1,9,False,,SELL_SETUP,False,2022-06-17 00:00:00,2022-06-29 00:00:00,,,,,,,,,,,,,,,,,,,,,,,,6155365657.6,0.016218,0.151726
600519SS_2022-06-29T000000_SELL_COUNTDOWN_CANCEL_-1_2022-06-10T000000_7,2022-06-29 00:00:00,600519.SS,1d,COUNTDOWN,SELL_COUNTDOWN_CANCEL,-1,7,,same_setup,SELL_SETUP,True,2022-05-30 00:00:00,2022-06-10 00:00:00,1712.08,1563.08,2022-06-10 00:00:00,2022-06-10 00:00:00,2022-06-16 00:00:00,2022-06-17 00:00:00,2022-06-20 00:00:00,2022-06-24 00:00:00,2022-06-27 00:00:00,2022-06-28 00:00:00,,,,,,,,2022-06-10 00:00:00,1640.08,1712.08,1835.08,1847.08,1816.09,6155365657.6,0.016218,0.151726
600519SS_2022-06-30T000000_SELL_COUNTDOWN_PROGRESS_-1_2022-06-29T000000_1,2022-06-30 00:00:00,600519.SS,1d,COUNTDOWN,SELL_COUNTDOWN_PROGRESS,-1,1,,,SELL_SETUP,False,2022-06-17 00:00:00,2022-06-29 00:00:00,1855.02,1683.17,2022-06-29 00:00:00,2022-06-30 00:00:00,,,,,,,,,,,,,,2022-06-30 00:00:00,1826.74,1903.75,1871.75,1903.75,1826.74,6359673676.8,0.016296,0.176402
000858SZ_2022-06-30T000000_SELL_COUNTDOWN_PROGRESS_-1_2022-06-10T000000_9,2022-06-30 00:00:00,000858.SZ,1d,COUNTDOWN,SELL_COUNTDOWN_PROGRESS,-1,9,,,SELL_SETUP,False,2022-05-30 00:00:00,2022-06-10 00:00:00,160.19,140.2,2022-06-10 00:00:00,2022-06-15 00:00:00,2022-06-16 00:00:00,2022-06-17 00:00:00,2022-06-20 00:00:00,2022-06-21 00:00:00,2022-06-24 00:00:00,2022-06-27 00:00:00,2022-06-28 00:00:00,179.85,2022-06-30 00:00:00,,,,,2022-06-15 00:00:00,151.99,160.1,185.15,188.22,175.4,4851971704.522,0.023605,0.234745
600519SS_2022-07-01T000000_SELL_COUNTDOWN_PROGRESS_-1_2022-06-29T000000_2,2022-07-01 00:00:00,600519.SS,1d,COUNTDOWN,SELL_COUNTDOWN_PROGRESS,-1,2,,,SELL_SETUP,False,2022-06-17 00:00:00,2022-06-29 00:00:00,1855.02,1683.17,2022-06-29 00:00:00,2022-06-30 00:00:00,2022-07-01 00:00:00,,,,,,,,,,,,,2022-06-30 00:00:00,1826.74,1903.75,1855.8,1894.52,1841.96,6427965542.4,0.016674,0.164913
000858SZ_2022-07-01T000000_SELL_COUNTDOWN_PROGRESS_-1_2022-06-10T000000_10,2022-07-01 00:00:00,000858.SZ,1d,COUNTDOWN,SELL_COUNTDOWN_PROGRESS,-1,10,,,SELL_SETUP,False,2022-05-30 00:00:00,2022-06-10 00:00:00,160.19,140.2,2022-06-10 00:00:00,2022-06-15 00:00:00,2022-06-16 00:00:00,2022-06-17 00:00:00,2022-06-20 00:00:00,2022-06-21 00:00:00,2022-06-24 00:00:00,2022-06-27 00:00:00,2022-06-28 00:00:00,179.85,2022-06-30 00:00:00,2022-07-01 00:00:00,,,,2022-06-15 00:00:00,151.99,160.1,186.22,188.22,181.22,4932820621.377,0.023519,0.216011
600036SS_2022-07-05T000000_BUY_COUNTDOWN_PROGRESS_1_2022-04-28T000000_11,2022-07-05 00:00:00,600036.SS,1d,COUNTDOWN,BUY_COUNTDOWN_PROGRESS,1,11,,,BUY_SETUP,False,2022-04-18 00:00:00,2022-04-28 00:00:00,37.72,37.72,2022-04-28 00:00:00,2022-05-06 00:00:00,2022-05-09 00:00:00,2022-05-10 00:00:00,2022-05-25 00:00:00,2022-05-26 00:00:00,2022-06-06 00:00:00,2022-06-13 00:00:00,2022-06-14 00:00:00,31.0,2022-06-20 00:00:00,2022-06-22 00:00:00,2022-07-05 00:00:00,,,2022-05-10 00:00:00,27.02,28.92,32.74,33.43,32.52,2861922035.2,0.02352,0.046341
600036SS_2022-07-06T000000_BUY_COUNTDOWN_PROGRESS_1_2022-04-28T000000_12,2022-07-06 00:00:00,600036.SS,1d,COUNTDOWN,BUY_COUNTDOWN_PROGRESS,1,12,,,BUY_SETUP,False,2022-04-18 00:00:00,2022-04-28 00:00:00,37.72,37.72,2022-04-28 00:00:00,2022-05-06 00:00:00,2022-05-09 00:00:00,2022-05-10 00:00:00,2022-05-25 00:00:00,2022-05-26 00:00:00,2022-06-06 00:00:00,2022-06-13 00:00:00,2022-06-14 00:00:00,31.0,2022-06-20 00:00:00,2022-06-22 00:00:00,2022-07-05 00:00:00,2022-07-06 00:00:00,,2022-05-10 00:00:00,27.02,28.92,31.56,32.85,31.36,2921753484.8,0.024441,-0.015289
600036SS_2022-07-07T000000_BUY_COUNTDOWN_COMPLETE_1_2022-04-28T000000_13,2022-07-07 00:00:00,600036.SS,1d,COUNTDOWN,BUY_COUNTDOWN_COMPLETE,1,13,False,,BUY_SETUP,False,2022-04-18 00:00:00,2022-04-28 00:00:00,37.72,37.72,2022-04-28 00:00:00,2022-05-06 00:00:00,2022-05-09 00:00:00,2022-05-10 00:00:00,2022-05-25 00:00:00,2022-05-26 00:00:00,2022-06-06 00:00:00,2022-06-13 00:00:00,2022-06-14 00:00:00,31.0,2022-06-20 00:00:00,2022-06-22 00:00:00,2022-07-05 00:00:00,2022-07-06 00:00:00,2022-07-07 00:00:00,2022-05-10 00:00:00,27.02,28.92,31.51,31.93,31.31,2840156332.8,0.024416,-0.011606
601318SS_2022-07-12T000000_BUY_SETUP_PERFECT_1_2022-07-12T000000_9,2022-07-12 00:00:00,601318.SS,1d,SETUP,BUY_SETUP_PERFECT,1,9,True,,BUY_SETUP,True,2022-06-30 00:00:00,2022-07-12 00:00:00,,,,,,,,,,,,,,,,,,,,,,,,2430900582.4,0.013416,-0.017155
601318SS_2022-07-12T000000_BUY_COUNTDOWN_PROGRESS_1_2022-07-12T000000_1,2022-07-12 00:00:00,601318.SS,1d,COUNTDOWN,BUY_COUNTDOWN_PROGRESS,1,1,,,BUY_SETUP,True,2022-06-30 00:00:00,2022-07-12 00:00:00,39.28,39.28,2022-07-12 00:00:00,2022-07-12 00:00:00,,,,,,,,,,,,,,2022-07-12 00:00:00,36.85,37.47,37.24,37.47,36.85,2430900582.4,0.013416,-0.017155
000858SZ_2022-07-13T000000_SELL_COUNTDOWN_PROGRESS_-1_2022-06-10T000000_11,2022-07-13 00:00:00,000858.SZ,1d,COUNTDOWN,SELL_COUNTDOWN_PROGRESS,-1,11,,,SELL_SETUP,False,2022-05-30 00:00:00,2022-06-10 00:00:00,160.19,140.2,2022-06-10 00:00:00,2022-06-15 00:00:00,2022-06-16 00:00:00,2022-06-17 00:00:00,2022-06-20 00:00:00,2022-06-21 00:00:00,2022-06-24 00:00:00,2022-06-27 00:00:00,2022-06-28 00:00:00,179.85,2022-06-30 00:00:00,2022-07-01 00:00:00,2022-07-13 00:00:00,,,2022-06-15 00:00:00,151.99,160.1,176.32,178.0,170.83,4736137396.315,0.024239,0.117364
601318SS_2022-07-13T000000_BUY_COUNTDOWN_PROGRESS_1_2022-07-12T000000_2,2022-07-13 00:00:00,601318.SS,1d,COUNTDOWN,BUY_COUNTDOWN_PROGRESS,1,2,,,BUY_SETUP,True,2022-06-30 00:00:00,2022-07-12 00:00:00,39.28,39.28,2022-07-12 00:00:00,2022-07-12 00:00:00,2022-07-13 00:00:00,,,,,,,,,,,,,2022-07-13 00:00:00,36.73,37.36,36.81,37.36,36.73,2029074745.6,0.011797,0.001905
601318SS_2022-07-14T000000_BUY_COUNTDOWN_PROGRESS_1_2022-07-12T000000_3,2022-07-14 00:00:00,601318.SS,1d,COUNTDOWN,BUY_COUNTDOWN_PROGRESS,1,3,,,BUY_SETUP,True,2022-06-30 00:00:00,2022-07-12 00:00:00,39.28,39.28,2022-07-12 00:00:00,2022-07-12 00:00:00,2022-07-13 00:00:00,2022-07-14 00:00:00,,,,,,,,,,,,2022-07-14 00:00:00,35.16,36.77,35.33,36.77,35.16,2029133113.6,0.014353,-0.052053
600036SS_2022-07-14T000000_BUY_SETUP_PERFECT_1_2022-07-14T000000_9,2022-07-14 00:00:00,600036.SS,1d,SETUP,BUY_SETUP_PERFECT,1,9,True,,BUY_SETUP,True,2022-07-04 00:00:00,2022-07-14 00:00:00,,,,,,,,,,,,,,,,,,,,,,,,2947382899.2,0.023492,-0.106612
600036SS_2022-07-14T000000_BUY_COUNTDOWN_PROGRESS_1_2022-07-14T000000_1,2022-07-14 00:00:00,600036.SS,1d,COUNTDOWN,BUY_COUNTDOWN_PROGRESS,1,1,,,BUY_SETUP,True,2022-07-04 00:00:00,2022-07-14 00:00:00,33.43,33.43,2022-07-14 00:00:00,2022-07-14 00:00:00,,,,,,,,,,,,,,2022-07-14 00:00:00,27.26,28.95,28.24,28.95,27.26,2947382899.2,0.023492,-0.106612
601318SS_2022-07-15T000000_BUY_COUNTDOWN_PROGRESS_1_2022-07-12T000000_4,2022-07-15 00:00:00,601318.SS,1d,COUNTDOWN,BUY_COUNTDOWN_PROGRESS,1,4,,,BUY_SETUP,True,2022-06-30 00:00:00,2022-07-12 00:00:00,39.28,39.28,2022-07-12 00:00:00,2022-07-12 00:00:00,2022-07-13 00:00:00,2022-07-14 00:00:00,2022-07-15 00:00:00,,,,,,,,,,,2022-07-15 00:00:00,34.43,35.82,34.44,35.82,34.43,2046816531.2,0.015206,-0.071448
600036SS_2022-07-15T000000_BUY_COUNTDOWN_PROGRESS_1_2022-07-14T000000_2,2022-07-15 00:00:00,600036.SS,1d,COUNTDOWN,BUY_COUNTDOWN_PROGRESS,1,2,,,BUY_SETUP,True,2022-07-04 00:00:00,2022-07-14 00:00:00,33.43,33.43,2022-07-14 00:00:00,2022-07-14 00:00:00,2022-07-15 00:00:00,,,,,,,,,,,,,2022-07-14 00:00:00,27.26,28.95,28.15,29.24,28.14,3081582156.8,0.023498,-0.105213
601318SS_2022-07-21T000000_BUY_COUNTDOWN_PROGRESS_1_2022-07-12T000000_5,2022-07-21 00:00:00,601318.SS,1d,COUNTDOWN,BUY_COUNTDOWN_PROGRESS,1,5,,,BUY_SETUP,True,2022-06-30 00:00:00,2022-07-12 00:00:00,39.28,39.28,2022-07-12 00:00:00,2022-07-12 00:00:00,2022-07-13 00:00:00,2022-07-14 00:00:00,2022-07-15 00:00:00,2022-07-21 00:00:00,,,,,,,,,,2022-07-21 00:00:00,34.38,34.98,34.47,34.98,34.38,1840771193.6,0.013292,-0.104443
601318SS_2022-07-22T000000_BUY_COUNTDOWN_PROGRESS_1_2022-07-12T000000_6,2022-07-22 00:00:00,601318.SS,1d,COUNTDOWN,BUY_COUNTDOWN_PROGRESS,1,6,,,BUY_SETUP,True,2022-06-30 00:00:00,2022-07-12 00:00:00,39.28,39.28,2022-07-12 00:00:00,2022-07-12 00:00:00,2022-07-13 00:00:00,2022-07-14 00:00:00,2022-07-15 00:00:00,2022-07-21 00:00:00,2022-07-22 00:00:00,,,,,,,,,2022-07-21 00:00:00,34.38,34.98,34.78,35.09,34.51,1779265260.8,0.013619,-0.097327
600036SS_2022-07-22T000000_BUY_COUNTDOWN_PROGRESS_1_2022-07-14T000000_3,2022-07-22 00:00:00,600036.SS,1d,COUNTDOWN,BUY_COUNTDOWN_PROGRESS,1,3,,,BUY_SETUP,True,2022-07-04 00:00:00,2022-07-14 00:00:00,33.43,33.43,2022-07-14 00:00:00,2022-07-14 00:00:00,2022-07-15 00:00:00,2022-07-22 00:00:00,,,,,,,,,,,,2022-07-14 00:00:00,27.26,28.95,28.87,29.33,28.53,2959749324.8,0.02045,-0.125417
000858SZ_2022-07-26T000000_SELL_COUNTDOWN_PROGRESS_-1_2022-06-10T000000_12,2022-07-26 00:00:00,000858.SZ,1d,COUNTDOWN,SELL_COUNTDOWN_PROGRESS,-1,12,,,SELL_SETUP,False,2022-05-30 00:00:00,2022-06-10 00:00:00,160.19,140.2,2022-06-10 00:00:00,2022-06-15 00:00:00,2022-06-16 00:00:00,2022-06-17 00:00:00,2022-06-20 00:00:00,2022-06-21 00:00:00,2022-06-24 00:00:00,2022-06-27 00:00:00,2022-06-28 00:00:00,179.85,2022-06-30 00:00:00,2022-07-01 00:00:00,2022-07-13 00:00:00,2022-07-26 00:00:00,,2022-06-15 00:00:00,151.99,160.1,174.21,175.22,171.9,3767253929.937,0.018192,-0.005764
601318SS_2022-07-28T000000_BUY_COUNTDOWN_PROGRESS_1_2022-07-12T000000_7,2022-07-28 00:00:00,601318.SS,1d,COUNTDOWN,BUY_COUNTDOWN_PROGRESS,1,7,,,BUY_SETUP,True,2022-06-30 00:00:00,2022-07-12 00:00:00,39.28,39.28,2022-07-12 00:00:00,2022-07-12 00:00:00,2022-07-13 00:00:00,2022-07-14 00:00:00,2022-07-15 00:00:00,2022-07-21 00:00:00,2022-07-22 00:00:00,2022-07-28 00:00:00,,,,,,,,2022-07-21 00:00:00,34.38,34.98,34.45,34.98,34.44,1638891728.0,0.01388,-0.094374
600036SS_2022-07-28T000000_BUY_COUNTDOWN_PROGRESS_1_2022-07-14T000000_4,2022-07-28 00:00:00,600036.SS,1d,COUNTDOWN,BUY_COUNTDOWN_PROGRESS,1,4,,,BUY_SETUP,True,2022-07-04 00:00:00,2022-07-14 00:00:00,33.43,33.43,2022-07-14 00:00:00,2022-07-14 00:00:00,2022-07-15 00:00:00,2022-07-22 00:00:00,2022-07-28 00:00:00,,,,,,,,,,,2022-07-14 00:00:00,27.26,28.95,29.06,29.63,29.03,2707646752.0,0.018538,-0.123114
601318SS_2022-07-29T000000_BUY_COUNTDOWN_PROGRESS_1_2022-07-12T000000_8,2022-07-29 00:00:00,601318.SS,1d,COUNTDOWN,BUY_COUNTDOWN_PROGRESS,1,8,,,BUY_SETUP,True,2022-06-30 00:00:00,2022-07-12 00:00:00,39.28,39.28,2022-07-12 00:00:00,2022-07-12 00:00:00,2022-07-13 00:00:00,2022-07-14 00:00:00,2022-07-15 00:00:00,2022-07-21 00:00:00,2022-07-22 00:00:00,2022-07-28 00:00:00,2022-07-29 00:00:00,33.85,,,,,,2022-07-29 00:00:00,33.83,34.88,33.85,34.88,33.83,1653747894.4,0.013966,-0.113642
600036SS_2022-07-29T000000_BUY_COUNTDOWN_PROGRESS_1_2022-07-14T000000_5,2022-07-29 00:00:00,600036.SS,1d,COUNTDOWN,BUY_COUNTDOWN_PROGRESS,1,5,,,BUY_SETUP,True,2022-07-04 00:00:00,2022-07-14 00:00:00,33.43,33.43,2022-07-14 00:00:00,2022-07-14 00:00:00,2022-07-15 00:00:00,2022-07-22 00:00:00,2022-07-28 00:00:00,2022-07-29 00:00:00,,,,,,,,,,2022-07-14 00:00:00,27.26,28.95,28.35,29.46,28.29,2678211744.0,0.018949,-0.135934
601318SS_2022-08-01T000000_BUY_COUNTDOWN_PROGRESS_1_2022-07-12T000000_9,2022-08-01 00:00:00,601318.SS,1d,COUNTDOWN,BUY_COUNTDOWN_PROGRESS,1,9,,,BUY_SETUP,True,2022-06-30 00:00:00,2022-07-12 00:00:00,39.28,39.28,2022-07-12 00:00:00,2022-07-12 00:00:00,2022-07-13 00:00:00,2022-07-14 00:00:00,2022-07-15 00:00:00,2022-07-21 00:00:00,2022-07-22 00:00:00,2022-07-28 00:00:00,2022-07-29 00:00:00,33.85,2022-08-01 00:00:00,,,,,2022-08-01 00:00:00,33.48,33.85,33.57,33.85,33.48,1624035830.4,0.013763,-0.124413
600036SS_2022-08-01T000000_BUY_COUNTDOWN_PROGRESS_1_2022-07-14T000000_6,2022-08-01 00:00:00,600036.SS,1d,COUNTDOWN,BUY_COUNTDOWN_PROGRESS,1,6,,,BUY_SETUP,True,2022-07-04 00:00:00,2022-07-14 00:00:00,33.43,33.43,2022-07-14 00:00:00,2022-07-14 00:00:00,2022-07-15 00:00:00,2022-07-22 00:00:00,2022-07-28 00:00:00,2022-07-29 00:00:00,2022-08-01 00:00:00,,,,,,,,,2022-07-14 00:00:00,27.26,28.95,27.8,28.29,27.73,2700481964.8,0.019084,-0.150886
601318SS_2022-08-02T000000_BUY_COUNTDOWN_PROGRESS_1_2022-07-12T000000_10,2022-08-02 00:00:00,601318.SS,1d,COUNTDOWN,BUY_COUNTDOWN_PROGRESS,1,10,,,BUY_SETUP,True,2022-06-30 00:00:00,2022-07-12 00:00:00,39.28,39.28,2022-07-12 00:00:00,2022-07-12 00:00:00,2022-07-13 00:00:00,2022-07-14 00:00:00,2022-07-15 00:00:00,2022-07-21 00:00:00,2022-07-22 00:00:00,2022-07-28 00:00:00,2022-07-29 00:00:00,33.85,2022-08-01 00:00:00,2022-08-02 00:00:00,,,,2022-08-02 00:00:00,32.26,33.28,32.9,33.28,32.26,1641674249.6,0.01377,-0.124534
600036SS_2022-08-02T000000_BUY_COUNTDOWN_PROGRESS_1_2022-07-14T000000_7,2022-08-02 00:00:00,600036.SS,1d,COUNTDOWN,BUY_COUNTDOWN_PROGRESS,1,7,,,BUY_SETUP,True,2022-07-04 00:00:00,2022-07-14 00:00:00,33.43,33.43,2022-07-14 00:00:00,2022-07-14 00:00:00,2022-07-15 00:00:00,2022-07-22 00:00:00,2022-07-28 00:00:00,2022-07-29 00:00:00,2022-08-01 00:00:00,2022-08-02 00:00:00,,,,,,,,2022-08-02 00:00:00,26.61,27.49,27.19,27.49,26.61,2727640480.0,0.01825,-0.138466
601318SS_2022-08-03T000000_BUY_COUNTDOWN_PROGRESS_1_2022-07-12T000000_11,2022-08-03 00:00:00,601318.SS,1d,COUNTDOWN,BUY_COUNTDOWN_PROGRESS,1,11,,,BUY_SETUP,True,2022-06-30 00:00:00,2022-07-12 00:00:00,39.28,39.28,2022-07-12 00:00:00,2022-07-12 00:00:00,2022-07-13 00:00:00,2022-07-14 00:00:00,2022-07-15 00:00:00,2022-07-21 00:00:00,2022-07-22 00:00:00,2022-07-28 00:00:00,2022-07-29 00:00:00,33.85,2022-08-01 00:00:00,2022-08-02 00:00:00,2022-08-03 00:00:00,,,2022-08-02 00:00:00,32.26,33.28,32.56,33.13,32.47,1635832118.4,0.013791,-0.127779
600036SS_2022-08-03T000000_BUY_COUNTDOWN_PROGRESS_1_2022-07-14T000000_8,2022-08-03 00:00:00,600036.SS,1d,COUNTDOWN,BUY_COUNTDOWN_PROGRESS,1,8,,,BUY_SETUP,True,2022-07-04 00:00:00,2022-07-14 00:00:00,33.43,33.43,2022-07-14 00:00:00,2022-07-14 00:00:00,2022-07-15 00:00:00,2022-07-22 00:00:00,2022-07-28 00:00:00,2022-07-29 00:00:00,2022-08-01 00:00:00,2022-08-02 00:00:00,2022-08-03 00:00:00,26.34,,,,,,2022-08-03 00:00:00,26.23,27.77,26.34,27.77,26.23,2717580960.0,0.018922,-0.164075
600519SS_2022-08-04T000000_SELL_COUNTDOWN_PROGRESS_-1_2022-06-29T000000_3,2022-08-04 00:00:00,600519.SS,1d,COUNTDOWN,SELL_COUNTDOWN_PROGRESS,-1,3,,,SELL_SETUP,False,2022-06-17 00:00:00,2022-06-29 00:00:00,1855.02,1683.17,2022-06-29 00:00:00,2022-06-30 00:00:00,2022-07-01 00:00:00,2022-08-04 00:00:00,,,,,,,,,,,,2022-08-04 00:00:00,1706.88,1749.85,1742.76,1749.85,1706.88,4601656934.4,0.008409,-0.045455
600519SS_2022-08-05T000000_SELL_COUNTDOWN_PROGRESS_-1_2022-06-29T000000_4,2022-08-05 00:00:00,600519.SS,1d,COUNTDOWN,SELL_COUNTDOWN_PROGRESS,-1,4,,,SELL_SETUP,False,2022-06-17 00:00:00,2022-06-29 00:00:00,1855.02,1683.17,2022-06-29 00:00:00,2022-06-30 00:00:00,2022-07-01 00:00:00,2022-08-04 00:00:00,2022-08-05 00:00:00,,,,,,,,,,,2022-08-04 00:00:00,1706.88,1749.85,1750.71,1761.75,1731.65,4637782067.2,0.007518,-0.022141
000858SZ_2022-08-08T000000_SELL_COUNTDOWN_COMPLETE_-1_2022-06-10T000000_13,2022-08-08 00:00:00,000858.SZ,1d,COUNTDOWN,SELL_COUNTDOWN_COMPLETE,-1,13,False,,SELL_SETUP,False,2022-05-30 00:00:00,2022-06-10 00:00:00,160.19,140.2,2022-06-10 00:00:00,2022-06-15 00:00:00,2022-06-16 00:00:00,2022-06-17 00:00:00,2022-06-20 00:00:00,2022-06-21 00:00:00,2022-06-24 00:00:00,2022-06-27 00:00:00,2022-06-28 00:00:00,179.85,2022-06-30 00:00:00,2022-07-01 00:00:00,2022-07-13 00:00:00,2022-07-26 00:00:00,2022-08-08 00:00:00,2022-06-15 00:00:00,151.99,160.1,161.13,164.75,160.72,2800074386.8665,0.016395,-0.069796
601318SS_2022-08-09T000000_BUY_COUNTDOWN_PROGRESS_1_2022-07-12T000000_12,2022-08-09 00:00:00,601318.SS,1d,COUNTDOWN,BUY_COUNTDOWN_PROGRESS,1,12,,,BUY_SETUP,True,2022-06-30 00:00:00,2022-07-12 00:00:00,39.28,39.28,2022-07-12 00:00:00,2022-07-12 00:00:00,2022-07-13 00:00:00,2022-07-14 00:00:00,2022-07-15 00:00:00,2022-07-21 00:00:00,2022-07-22 00:00:00,2022-07-28 00:00:00,2022-07-29 00:00:00,33.85,2022-08-01 00:00:00,2022-08-02 00:00:00,2022-08-03 00:00:00,2022-08-09 00:00:00,,2022-08-02 00:00:00,32.26,33.28,32.69,32.94,32.65,1606330035.2,0.014422,-0.111926
600036SS_2022-08-09T000000_BUY_COUNTDOWN_PROGRESS_1_2022-07-14T000000_9,2022-08-09 00:00:00,600036.SS,1d,COUNTDOWN,BUY_COUNTDOWN_PROGRESS,1,9,,,BUY_SETUP,True,2022-07-04 00:00:00,2022-07-14 00:00:00,33.43,33.43,2022-07-14 00:00:00,2022-07-14 00:00:00,2022-07-15 00:00:00,2022-07-22 00:00:00,2022-07-28 00:00:00,2022-07-29 00:00:00,2022-08-01 00:00:00,2022-08-02 00:00:00,2022-08-03 00:00:00,26.34,2022-08-09 00:00:00,,,,,2022-08-03 00:00:00,26.23,27.77,26.88,27.23,26.68,2690173529.6,0.019417,-0.093729
601318SS_2022-08-10T000000_BUY_COUNTDOWN_COMPLETE_PERFECT_1_2022-07-12T000000_13,2022-08-10 00:00:00,601318.SS,1d,COUNTDOWN,BUY_COUNTDOWN_COMPLETE_PERFECT,1,13,True,,BUY_SETUP,True,2022-06-30 00:00:00,2022-07-12 00:00:00,39.28,39.28,2022-07-12 00:00:00,2022-07-12 00:00:00,2022-07-13 00:00:00,2022-07-14 00:00:00,2022-07-15 00:00:00,2022-07-21 00:00:00,2022-07-22 00:00:00,2022-07-28 00:00:00,2022-07-29 00:00:00,33.85,2022-08-01 00:00:00,2022-08-02 00:00:00,2022-08-03 00:00:00,2022-08-09 00:00:00,2022-08-10 00:00:00,2022-08-10 00:00:00,32.09,32.81,32.13,32.81,32.09,1632508320.0,0.012318,-0.090575
600036SS_2022-08-10T000000_BUY_COUNTDOWN_PROGRESS_1_2022-07-14T000000_10,2022-08-10 00:00:00,600036.SS,1d,COUNTDOWN,BUY_COUNTDOWN_PROGRESS,1,10,,,BUY_SETUP,True,2022-07-04 00:00:00,2022-07-14 00:00:00,33.43,33.43,2022-07-14 00:00:00,2022-07-14 00:00:00,2022-07-15 00:00:00,2022-07-22 00:00:00,2022-07-28 00:00:00,2022-07-29 00:00:00,2022-08-01 00:00:00,2022-08-02 00:00:00,2022-08-03 00:00:00,26.34,2022-08-09 00:00:00,2022-08-10 00:00:00,,,,2022-08-03 00:00:00,26.23,27.77,26.43,26.98,26.31,2508917952.0,0.016875,-0.064093
600519SS_2022-08-12T000000_SELL_COUNTDOWN_PROGRESS_-1_2022-06-29T000000_5,2022-08-12 00:00:00,600519.SS,1d,COUNTDOWN,SELL_COUNTDOWN_PROGRESS,-1,5,,,SELL_SETUP,False,2022-06-17 00:00:00,2022-06-29 00:00:00,1855.02,1683.17,2022-06-29 00:00:00,2022-06-30 00:00:00,2022-07-01 00:00:00,2022-08-04 00:00:00,2022-08-05 00:00:00,2022-08-12 00:00:00,,,,,,,,,,2022-08-04 00:00:00,1706.88,1749.85,1754.75,1756.75,1726.75,4447094988.8,0.009946,-0.013304
600519SS_2022-08-15T000000_SELL_COUNTDOWN_PROGRESS_-1_2022-06-29T000000_6,2022-08-15 00:00:00,600519.SS,1d,COUNTDOWN,SELL_COUNTDOWN_PROGRESS,-1,6,,,SELL_SETUP,False,2022-06-17 00:00:00,2022-06-29 00:00:00,1855.02,1683.17,2022-06-29 00:00:00,2022-06-30 00:00:00,2022-07-01 00:00:00,2022-08-04 00:00:00,2022-08-05 00:00:00,2022-08-12 00:00:00,2022-08-15 00:00:00,,,,,,,,,2022-08-04 00:00:00,1706.88,1749.85,1746.64,1766.25,1742.3,4397857075.2,0.009942,-0.013114
600036SS_2022-08-16T000000_BUY_COUNTDOWN_PROGRESS_1_2022-07-14T000000_11,2022-08-16 00:00:00,600036.SS,1d,COUNTDOWN,BUY_COUNTDOWN_PROGRESS,1,11,,,BUY_SETUP,True,2022-07-04 00:00:00,2022-07-14 00:00:00,33.43,33.43,2022-07-14 00:00:00,2022-07-14 00:00:00,2022-07-15 00:00:00,2022-07-22 00:00:00,2022-07-28 00:00:00,2022-07-29 00:00:00,2022-08-01 00:00:00,2022-08-02 00:00:00,2022-08-03 00:00:00,26.34,2022-08-09 00:00:00,2022-08-10 00:00:00,2022-08-16 00:00:00,,,2022-08-03 00:00:00,26.23,27.77,27.19,27.65,27.03,1956125862.4,0.019608,-0.066598
600036SS_2022-08-18T000000_BUY_COUNTDOWN_PROGRESS_1_2022-07-14T000000_12,2022-08-18 00:00:00,600036.SS,1d,COUNTDOWN,BUY_COUNTDOWN_PROGRESS,1,12,,,BUY_SETUP,True,2022-07-04 00:00:00,2022-07-14 00:00:00,33.43,33.43,2022-07-14 00:00:00,2022-07-14 00:00:00,2022-07-15 00:00:00,2022-07-22 00:00:00,2022-07-28 00:00:00,2022-07-29 00:00:00,2022-08-01 00:00:00,2022-08-02 00:00:00,2022-08-03 00:00:00,26.34,2022-08-09 00:00:00,2022-08-10 00:00:00,2022-08-16 00:00:00,2022-08-18 00:00:00,,2022-08-03 00:00:00,26.23,27.77,27.0,27.45,26.72,1951813401.6,0.020031,-0.064773
600036SS_2022-08-23T000000_BUY_COUNTDOWN_COMPLETE_1_2022-07-14T000000_13,2022-08-23 00:00:00,600036.SS,1d,COUNTDOWN,BUY_COUNTDOWN_COMPLETE,1,13,False,,BUY_SETUP,True,2022-07-04 00:00:00,2022-07-14 00:00:00,33.43,33.43,2022-07-14 00:00:00,2022-07-14 00:00:00,2022-07-15 00:00:00,2022-07-22 00:00:00,2022-07-28 00:00:00,2022-07-29 00:00:00,2022-08-01 00:00:00,2022-08-02 00:00:00,2022-08-03 00:00:00,26.34,2022-08-09 00:00:00,2022-08-10 00:00:00,2022-08-16 00:00:00,2022-08-18 00:00:00,2022-08-23 00:00:00,2022-08-03 00:00:00,26.23,27.77,26.38,26.88,26.3,1956992915.2,0.019616,-0.10058
600519SS_2022-08-24T000000_SELL_COUNTDOWN_CANCEL_-1_2022-06-29T000000_6,2022-08-24 00:00:00,600519.SS,1d,COUNTDOWN,SELL_COUNTDOWN_CANCEL,-1,6,,tdst_break_rule_4,SELL_SETUP,False,2022-06-17 00:00:00,2022-06-29 00:00:00,1855.02,1683.17,2022-06-29 00:00:00,2022-06-30 00:00:00,2022-07-01 00:00:00,2022-08-04 00:00:00,2022-08-05 00:00:00,2022-08-12 00:00:00,2022-08-15 00:00:00,,,,,,,,,2022-08-04 00:00:00,1706.88,1749.85,1680.95,1701.98,1677.75,4256141542.4,0.009641,-0.025395
000858SZ_2022-08-29T000000_BUY_SETUP_PERFECT_1_2022-08-29T000000_9,2022-08-29 00:00:00,000858.SZ,1d,SETUP,BUY_SETUP_PERFECT,1,9,True,,BUY_SETUP,True,2022-08-17 00:00:00,2022-08-29 00:00:00,,,,,,,,,,,,,,,,,,,,,,,,2695646586.3935,0.014292,-0.064892
000858SZ_2022-08-29T000000_BUY_COUNTDOWN_PROGRESS_1_2022-08-29T000000_1,2022-08-29 00:00:00,000858.SZ,1d,COUNTDOWN,BUY_COUNTDOWN_PROGRESS,1,1,,,BUY_SETUP,True,2022-08-17 00:00:00,2022-08-29 00:00:00,160.19,160.19,2022-08-29 00:00:00,2022-08-29 00:00:00,,,,,,,,,,,,,,2022-08-29 00:00:00,148.22,152.77,148.57,152.77,148.22,2695646586.3935,0.014292,-0.064892
000858SZ_2022-08-30T000000_BUY_COUNTDOWN_PROGRESS_1_2022-08-29T000000_2,2022-08-30 00:00:00,000858.SZ,1d,COUNTDOWN,BUY_COUNTDOWN_PROGRESS,1,2,,,BUY_SETUP,True,2022-08-17 00:00:00,2022-08-29 00:00:00,160.19,160.19,2022-08-29 00:00:00,2022-08-29 00:00:00,2022-08-30 00:00:00,,,,,,,,,,,,,2022-08-30 00:00:00,145.41,147.98,147.25,147.98,145.41,2692251408.1885,0.014327,-0.066916
000858SZ_2022-09-02T000000_BUY_COUNTDOWN_PROGRESS_1_2022-08-29T000000_3,2022-09-02 00:00:00,000858.SZ,1d,COUNTDOWN,BUY_COUNTDOWN_PROGRESS,1,3,,,BUY_SETUP,True,2022-08-17 00:00:00,2022-08-29 00:00:00,160.19,160.19,2022-08-29 00:00:00,2022-08-29 00:00:00,2022-08-30 00:00:00,2022-09-02 00:00:00,,,,,,,,,,,,2022-09-02 00:00:00,144.23,147.71,145.06,147.71,144.23,2804989830.098,0.015017,-0.099733
000858SZ_2022-09-05T000000_BUY_COUNTDOWN_PROGRESS_1_2022-08-29T000000_4,2022-09-05 00:00:00,000858.SZ,1d,COUNTDOWN,BUY_COUNTDOWN_PROGRESS,1,4,,,BUY_SETUP,True,2022-08-17 00:00:00,2022-08-29 00:00:00,160.19,160.19,2022-08-29 00:00:00,2022-08-29 00:00:00,2022-08-30 00:00:00,2022-09-02 00:00:00,2022-09-05 00:00:00,,,,,,,,,,,2022-09-05 00:00:00,140.29,143.57,142.24,143.57,140.29,2865949166.3115,0.015341,-0.11211
601318SS_2022-09-05T000000_SELL_SETUP_PERFECT_-1_2022-09-05T000000_9,2022-09-05 00:00:00,601318.SS,1d,SETUP,SELL_SETUP_PERFECT,-1,9,True,,SELL_SETUP,True,2022-08-24 00:00:00,2022-09-05 00:00:00,,,,,,,,,,,,,,,,,,,,,,,,2098683244.8,0.016737,0.086877
000858SZ_2022-09-06T000000_BUY_COUNTDOWN_PROGRESS_1_2022-08-29T000000_5,2022-09-06 00:00:00,000858.SZ,1d,COUNTDOWN,BUY_COUNTDOWN_PROGRESS,1,5,,,BUY_SETUP,True,2022-08-17 00:00:00,2022-08-29 00:00:00,160.19,160.19,2022-08-29 00:00:00,2022-08-29 00:00:00,2022-08-30 00:00:00,2022-09-02 00:00:00,2022-09-05 00:00:00,2022-09-06 00:00:00,,,,,,,,,,2022-09-05 00:00:00,140.29,143.57,143.75,144.57,141.49,2907697569.141,0.015477,-0.085676
000651SZ_2022-09-08T000000_SELL_SETUP_-1_2022-09-08T000000_9,2022-09-08 00:00:00,000651.SZ,1d,SETUP,SELL_SETUP,-1,9,False,,SELL_SETUP,False,2022-08-29 00:00:00,2022-09-08 00:00:00,,,,,,,,,,,,,,,,,,,,,,,,1429390712.7725,0.018622,0.101462
601318SS_2022-09-09T000000_SELL_COUNTDOWN_PROGRESS_-1_2022-09-05T000000_1,2022-09-09 00:00:00,601318.SS,1d,COUNTDOWN,SELL_COUNTDOWN_PROGRESS,-1,1,,,SELL_SETUP,True,2022-08-24 00:00:00,2022-09-05 00:00:00,36.01,33.08,2022-09-05 00:00:00,2022-09-09 00:00:00,,,,,,,,,,,,,,2022-09-09 00:00:00,35.58,36.51,36.42,36.51,35.58,2133563814.4,0.014918,0.108001
000651SZ_2022-09-09T000000_SELL_COUNTDOWN_PROGRESS_-1_2022-09-08T000000_1,2022-09-09 00:00:00,000651.SZ,1d,COUNTDOWN,SELL_COUNTDOWN_PROGRESS,-1,1,,,SELL_SETUP,False,2022-08-29 00:00:00,2022-09-08 00:00:00,25.27,21.53,2022-09-08 00:00:00,2022-09-09 00:00:00,,,,,,,,,,,,,,2022-09-09 00:00:00,24.94,26.63,26.35,26.63,24.94,1585442514.097,0.022195,0.167479
601318SS_2022-09-13T000000_SELL_COUNTDOWN_PROGRESS_-1_2022-09-05T000000_2,2022-09-13 00:00:00,601318.SS,1d,COUNTDOWN,SELL_COUNTDOWN_PROGRESS,-1,2,,,SELL_SETUP,True,2022-08-24 00:00:00,2022-09-05 00:00:00,36.01,33.08,2022-09-05 00:00:00,2022-09-09 00:00:00,2022-09-13 00:00:00,,,,,,,,,,,,,2022-09-09 00:00:00,35.58,36.51,36.79,37.1,36.08,2184013920.0,0.014756,0.124389
000651SZ_2022-09-13T000000_SELL_COUNTDOWN_PROGRESS_-1_2022-09-08T000000_2,2022-09-13 00:00:00,000651.SZ,1d,COUNTDOWN,SELL_COUNTDOWN_PROGRESS,-1,2,,,SELL_SETUP,False,2022-08-29 00:00:00,2022-09-08 00:00:00,25.27,21.53,2022-09-08 00:00:00,2022-09-09 00:00:00,2022-09-13 00:00:00,,,,,,,,,,,,,2022-09-09 00:00:00,24.94,26.63,26.83,27.1,26.14,1678958839.8475,0.022173,0.190328
000858SZ_2022-09-22T000000_BUY_COUNTDOWN_PROGRESS_1_2022-08-29T000000_6,2022-09-22 00:00:00,000858.SZ,1d,COUNTDOWN,BUY_COUNTDOWN_PROGRESS,1,6,,,BUY_SETUP,True,2022-08-17 00:00:00,2022-08-29 00:00:00,160.19,160.19,2022-08-29 00:00:00,2022-08-29 00:00:00,2022-08-30 00:00:00,2022-09-02 00:00:00,2022-09-05 00:00:00,2022-09-06 00:00:00,2022-09-22 00:00:00,,,,,,,,,2022-09-05 00:00:00,140.29,143.57,142.12,145.51,141.77,3077939913.2975,0.01721,-0.068859
000858SZ_2022-09-23T000000_BUY_COUNTDOWN_PROGRESS_1_2022-08-29T000000_7,2022-09-23 00:00:00,000858.SZ,1d,COUNTDOWN,BUY_COUNTDOWN_PROGRESS,1,7,,,BUY_SETUP,True,2022-08-17 00:00:00,2022-08-29 00:00:00,160.19,160.19,2022-08-29 00:00:00,2022-08-29 00:00:00,2022-08-30 00:00:00,2022-09-02 00:00:00,2022-09-05 00:00:00,2022-09-06 00:00:00,2022-09-22 00:00:00,2022-09-23 00:00:00,,,,,,,,2022-09-05 00:00:00,140.29,143.57,142.35,143.84,141.12,3026296018.811,0.01715,-0.07155
000651SZ_2022-09-27T000000_SELL_COUNTDOWN_PROGRESS_-1_2022-09-08T000000_3,2022-09-27 00:00:00,000651.SZ,1d,COUNTDOWN,SELL_COUNTDOWN_PROGRESS,-1,3,,,SELL_SETUP,False,2022-08-29 00:00:00,2022-09-08 00:00:00,25.27,21.53,2022-09-08 00:00:00,2022-09-09 00:00:00,2022-09-13 00:00:00,2022-09-27 00:00:00,,,,,,,,,,,,2022-09-27 00:00:00,24.29,25.28,25.13,25.28,24.29,2026376692.1665,0.025529,0.130454
601318SS_2022-09-28T000000_BUY_SETUP_PERFECT_1_2022-09-28T000000_9,2022-09-28 00:00:00,601318.SS,1d,SETUP,BUY_SETUP_PERFECT,1,9,True,,BUY_SETUP,True,2022-09-16 00:00:00,2022-09-28 00:00:00,,,,,,,,,,,,,,,,,,,,,,,,1938109068.8,0.01345,-0.054821
601318SS_2022-09-28T000000_SELL_COUNTDOWN_CANCEL_-1_2022-09-05T000000_2,2022-09-28 00:00:00,601318.SS,1d,COUNTDOWN,SELL_COUNTDOWN_CANCEL,-1,2,,opposite_setup,SELL_SETUP,True,2022-08-24 00:00:00,2022-09-05 00:00:00,36.01,33.08,2022-09-05 00:00:00,2022-09-09 00:00:00,2022-09-13 00:00:00,,,,,,,,,,,,,2022-09-09 00:00:00,35.58,36.51,33.62,34.23,33.58,1938109068.8,0.01345,-0.054821
601318SS_2022-09-28T000000_BUY_COUNTDOWN_PROGRESS_1_2022-09-28T000000_1,2022-09-28 00:00:00,601318.SS,1d,COUNTDOWN,BUY_COUNTDOWN_PROGRESS,1,1,,,BUY_SETUP,True,2022-09-16 00:00:00,2022-09-28 00:00:00,36.7,36.7,2022-09-28 00:00:00,2022-09-28 00:00:00,,,,,,,,,,,,,,2022-09-28 00:00:00,33.58,34.23,33.62,34.23,33.58,1938109068.8,0.01345,-0.054821
000651SZ_2022-09-28T000000_BUY_SETUP_PERFECT_1_2022-09-28T000000_9,2022-09-28 00:00:00,000651.SZ,1d,SETUP,BUY_SETUP_PERFECT,1,9,True,,BUY_SETUP,True,2022-09-16 00:00:00,2022-09-28 00:00:00,,,,,,,,,,,,,,,,,,,,,,,,2033429356.8255,0.022478,0.04532
000651SZ_2022-09-28T000000_SELL_COUNTDOWN_CANCEL_-1_2022-09-08T000000_3,2022-09-28 00:00:00,000651.SZ,1d,COUNTDOWN,SELL_COUNTDOWN_CANCEL,-1,3,,opposite_setup,SELL_SETUP,False,2022-08-29 00:00:00,2022-09-08 00:00:00,25.27,21.53,2022-09-08 00:00:00,2022-09-09 00:00:00,2022-09-13 00:00:00,2022-09-27 00:00:00,,,,,,,,,,,,2022-09-27 00:00:00,24.29,25.28,24.68,25.13,24.62,2033429356.8255,0.022478,0.04532
601318SS_2022-09-29T000000_BUY_COUNTDOWN_PROGRESS_1_2022-09-28T000000_2,2022-09-29 00:00:00,601318.SS,1d,COUNTDOWN,BUY_COUNTDOWN_PROGRESS,1,2,,,BUY_SETUP,True,2022-09-16 00:00:00,2022-09-28 00:00:00,36.7,36.7,2022-09-28 00:00:00,2022-09-28 00:00:00,2022-09-29 00:00:00,,,,,,,,,,,,,2022-09-29 00:00:00,32.88,34.07,33.05,34.07,32.88,1842864710.4,0.013807,-0.065856
600036SS_2022-09-29T000000_BUY_SETUP_PERFECT_1_2022-09-29T000000_9,2022-09-29 00:00:00,600036.SS,1d,SETUP,BUY_SETUP_PERFECT,1,9,True,,BUY_SETUP,True,2022-09-19 00:00:00,2022-09-29 00:00:00,,,,,,,,,,,,,,,,,,,,,,,,2306012396.8,0.020497,-0.048596
600036SS_2022-09-29T000000_BUY_COUNTDOWN_PROGRESS_1_2022-09-29T000000_1,2022-09-29 00:00:00,600036.SS,1d,COUNTDOWN,BUY_COUNTDOWN_PROGRESS,1,1,,,BUY_SETUP,True,2022-09-19 00:00:00,2022-09-29 00:00:00,28.6,28.6,2022-09-29 00:00:00,2022-09-29 00:00:00,,,,,,,,,,,,,,2022-09-29 00:00:00,26.28,27.6,26.43,27.6,26.28,2306012396.8,0.020497,-0.048596
000651SZ_2022-09-29T000000_BUY_COUNTDOWN_PROGRESS_1_2022-09-28T000000_1,2022-09-29 00:00:00,000651.SZ,1d,COUNTDOWN,BUY_COUNTDOWN_PROGRESS,1,1,,,BUY_SETUP,True,2022-09-16 00:00:00,2022-09-28 00:00:00,27.32,27.32,2022-09-28 00:00:00,2022-09-29 00:00:00,,,,,,,,,,,,,,2022-09-29 00:00:00,24.18,24.93,24.23,24.93,24.18,1855154052.0385,0.021198,-0.01223
000858SZ_2022-09-30T000000_BUY_COUNTDOWN_PROGRESS_1_2022-08-29T000000_8,2022-09-30 00:00:00,000858.SZ,1d,COUNTDOWN,BUY_COUNTDOWN_PROGRESS,1,8,,,BUY_SETUP,True,2022-08-17 00:00:00,2022-08-29 00:00:00,160.19,160.19,2022-08-29 00:00:00,2022-08-29 00:00:00,2022-08-30 00:00:00,2022-09-02 00:00:00,2022-09-05 00:00:00,2022-09-06 00:00:00,2022-09-22 00:00:00,2022-09-23 00:00:00,2022-09-30 00:00:00,152.45,,,,,,2022-09-05 00:00:00,140.29,143.57,152.45,155.22,152.08,3067995059.473,0.020081,0.050944
601318SS_2022-09-30T000000_BUY_COUNTDOWN_PROGRESS_1_2022-09-28T000000_3,2022-09-30 00:00:00,601318.SS,1d,COUNTDOWN,BUY_COUNTDOWN_PROGRESS,1,3,,,BUY_SETUP,True,2022-09-16 00:00:00,2022-09-28 00:00:00,36.7,36.7,2022-09-28 00:00:00,2022-09-28 00:00:00,2022-09-29 00:00:00,2022-09-30 00:00:00,,,,,,,,,,,,2022-09-29 00:00:00,32.88,34.07,33.31,33.71,33.08,1812308851.2,0.014001,-0.059836
000651SZ_2022-09-30T000000_BUY_COUNTDOWN_PROGRESS_1_2022-09-28T000000_2,2022-09-30 00:00:00,000651.SZ,1d,COUNTDOWN,BUY_COUNTDOWN_PROGRESS,1,2,,,BUY_SETUP,True,2022-09-16 00:00:00,2022-09-28 00:00:00,27.32,27.32,2022-09-28 00:00:00,2022-09-29 00:00:00,2022-09-30 00:00:00,,,,,,,,,,,,,2022-09-30 00:00:00,23.88,24.5,24.11,24.5,23.88,1634847168.8875,0.021147,-0.023887
000858SZ_2022-10-10T000000_BUY_COUNTDOWN_PROGRESS_1_2022-08-29T000000_9,2022-10-10 00:00:00,000858.SZ,1d,COUNTDOWN,BUY_COUNTDOWN_PROGRESS,1,9,,,BUY_SETUP,True,2022-08-17 00:00:00,2022-08-29 00:00:00,160.19,160.19,2022-08-29 00:00:00,2022-08-29 00:00:00,2022-08-30 00:00:00,2022-09-02 00:00:00,2022-09-05 00:00:00,2022-09-06 00:00:00,2022-09-22 00:00:00,2022-09-23 00:00:00,2022-09-30 00:00:00,152.45,2022-10-10 00:00:00,,,,,2022-09-05 00:00:00,140.29,143.57,142.12,153.32,141.91,3150744571.277,0.025157,-0.000844
600036SS_2022-10-10T000000_BUY_COUNTDOWN_PROGRESS_1_2022-09-29T000000_2,2022-10-10 00:00:00,600036.SS,1d,COUNTDOWN,BUY_COUNTDOWN_PROGRESS,1,2,,,BUY_SETUP,True,2022-09-19 00:00:00,2022-09-29 00:00:00,28.6,28.6,2022-09-29 00:00:00,2022-09-29 00:00:00,2022-10-10 00:00:00,,,,,,,,,,,,,2022-10-10 00:00:00,24.53,26.37,25.08,26.37,24.53,2412909945.6,0.025884,-0.088332
000651SZ_2022-10-10T000000_BUY_COUNTDOWN_PROGRESS_1_2022-09-28T000000_3,2022-10-10 00:00:00,000651.SZ,1d,COUNTDOWN,BUY_COUNTDOWN_PROGRESS,1,3,,,BUY_SETUP,True,2022-09-16 00:00:00,2022-09-28 00:00:00,27.32,27.32,2022-09-28 00:00:00,2022-09-29 00:00:00,2022-09-30 00:00:00,2022-10-10 00:00:00,,,,,,,,,,,,2022-10-10 00:00:00,23.73,24.5,23.88,24.5,23.73,1557410276.7,0.020927,-0.046326
000858SZ_2022-10-11T000000_BUY_COUNTDOWN_PROGRESS_1_2022-08-29T000000_10,2022-10-11 00:00:00,000858.SZ,1d,COUNTDOWN,BUY_COUNTDOWN_PROGRESS,1,10,,,BUY_SETUP,True,2022-08-17 00:00:00,2022-08-29 00:00:00,160.19,160.19,2022-08-29 00:00:00,2022-08-29 00:00:00,2022-08-30 00:00:00,2022-09-02 00:00:00,2022-09-05 00:00:00,2022-09-06 00:00:00,2022-09-22 00:00:00,2022-09-23 00:00:00,2022-09-30 00:00:00,152.45,2022-10-10 00:00:00,2022-10-11 00:00:00,,,,2022-10-11 00:00:00,138.12,143.23,141.81,143.23,138.12,3102553470.6485,0.025042,-0.013496
601318SS_2022-10-11T000000_BUY_COUNTDOWN_PROGRESS_1_2022-09-28T000000_4,2022-10-11 00:00:00,601318.SS,1d,COUNTDOWN,BUY_COUNTDOWN_PROGRESS,1,4,,,BUY_SETUP,True,2022-09-16 00:00:00,2022-09-28 00:00:00,36.7,36.7,2022-09-28 00:00:00,2022-09-28 00:00:00,2022-09-29 00:00:00,2022-09-30 00:00:00,2022-10-11 00:00:00,,,,,,,,,,,2022-10-11 00:00:00,32.85,33.6,32.93,33.6,32.85,1765387212.8,0.013869,-0.075779
600036SS_2022-10-11T000000_BUY_COUNTDOWN_PROGRESS_1_2022-09-29T000000_3,2022-10-11 00:00:00,600036.SS,1d,COUNTDOWN,BUY_COUNTDOWN_PROGRESS,1,3,,,BUY_SETUP,True,2022-09-19 00:00:00,2022-09-29 00:00:00,28.6,28.6,2022-09-29 00:00:00,2022-09-29 00:00:00,2022-10-10 00:00:00,2022-10-11 00:00:00,,,,,,,,,,,,2022-10-10 00:00:00,24.53,26.37,24.68,25.35,24.59,2431323545.6,0.025697,-0.082528
000651SZ_2022-10-11T000000_BUY_COUNTDOWN_PROGRESS_1_2022-09-28T000000_4,2022-10-11 00:00:00,000651.SZ,1d,COUNTDOWN,BUY_COUNTDOWN_PROGRESS,1,4,,,BUY_SETUP,True,2022-09-16 00:00:00,2022-09-28 00:00:00,27.32,27.32,2022-09-28 00:00:00,2022-09-29 00:00:00,2022-09-30 00:00:00,2022-10-10 00:00:00,2022-10-11 00:00:00,,,,,,,,,,,2022-10-11 00:00:00,23.48,24.01,23.62,24.01,23.48,1497234073.8005,0.020978,-0.049114
000858SZ_2022-10-12T000000_BUY_COUNTDOWN_PROGRESS_1_2022-08-29T000000_11,2022-10-12 00:00:00,000858.SZ,1d,COUNTDOWN,BUY_COUNTDOWN_PROGRESS,1,11,,,BUY_SETUP,True,2022-08-17 00:00:00,2022-08-29 00:00:00,160.19,160.19,2022-08-29 00:00:00,2022-08-29 00:00:00,2022-08-30 00:00:00,2022-09-02 00:00:00,2022-09-05 00:00:00,2022-09-06 00:00:00,2022-09-22 00:00:00,2022-09-23 00:00:00,2022-09-30 00:00:00,152.45,2022-10-10 00:00:00,2022-10-11 00:00:00,2022-10-12 00:00:00,,,2022-10-12 00:00:00,135.22,141.52,139.82,141.52,135.22,3172286737.715,0.025117,-0.01646
600036SS_2022-10-12T000000_BUY_COUNTDOWN_PROGRESS_1_2022-09-29T000000_4,2022-10-12 00:00:00,600036.SS,1d,COUNTDOWN,BUY_COUNTDOWN_PROGRESS,1,4,,,BUY_SETUP,True,2022-09-19 00:00:00,2022-09-29 00:00:00,28.6,28.6,2022-09-29 00:00:00,2022-09-29 00:00:00,2022-10-10 00:00:00,2022-10-11 00:00:00,2022-10-12 00:00:00,,,,,,,,,,,2022-10-12 00:00:00,23.33,24.58,24.23,24.58,23.33,2462355712.0,0.025871,-0.091148
000858SZ_2022-10-13T000000_BUY_COUNTDOWN_PROGRESS_1_2022-08-29T000000_12,2022-10-13 00:00:00,000858.SZ,1d,COUNTDOWN,BUY_COUNTDOWN_PROGRESS,1,12,,,BUY_SETUP,True,2022-08-17 00:00:00,2022-08-29 00:00:00,160.19,160.19,2022-08-29 00:00:00,2022-08-29 00:00:00,2022-08-30 00:00:00,2022-09-02 00:00:00,2022-09-05 00:00:00,2022-09-06 00:00:00,2022-09-22 00:00:00,2022-09-23 00:00:00,2022-09-30 00:00:00,152.45,2022-10-10 00:00:00,2022-10-11 00:00:00,2022-10-12 00:00:00,2022-10-13 00:00:00,,2022-10-12 00:00:00,135.22,141.52,136.79,138.9,135.73,3207503453.612,0.02555,-0.038653
600036SS_2022-10-13T000000_BUY_COUNTDOWN_PROGRESS_1_2022-09-29T000000_5,2022-10-13 00:00:00,600036.SS,1d,COUNTDOWN,BUY_COUNTDOWN_PROGRESS,1,5,,,BUY_SETUP,True,2022-09-19 00:00:00,2022-09-29 00:00:00,28.6,28.6,2022-09-29 00:00:00,2022-09-29 00:00:00,2022-10-10 00:00:00,2022-10-11 00:00:00,2022-10-12 00:00:00,2022-10-13 00:00:00,,,,,,,,,,2022-10-13 00:00:00,22.98,23.84,23.17,23.84,22.98,2560747654.4,0.027292,-0.128292
000651SZ_2022-10-13T000000_BUY_COUNTDOWN_PROGRESS_1_2022-09-28T000000_5,2022-10-13 00:00:00,000651.SZ,1d,COUNTDOWN,BUY_COUNTDOWN_PROGRESS,1,5,,,BUY_SETUP,True,2022-09-16 00:00:00,2022-09-28 00:00:00,27.32,27.32,2022-09-28 00:00:00,2022-09-29 00:00:00,2022-09-30 00:00:00,2022-10-10 00:00:00,2022-10-11 00:00:00,2022-10-13 00:00:00,,,,,,,,,,2022-10-13 00:00:00,23.3,23.87,23.37,23.87,23.3,1439264175.5575,0.021745,-0.059936
000858SZ_2022-10-19T000000_BUY_COUNTDOWN_COMPLETE_PERFECT_1_2022-08-29T000000_13,2022-10-19 00:00:00,000858.SZ,1d,COUNTDOWN,BUY_COUNTDOWN_COMPLETE_PERFECT,1,13,True,,BUY_SETUP,True,2022-08-17 00:00:00,2022-08-29 00:00:00,160.19,160.19,2022-08-29 00:00:00,2022-08-29 00:00:00,2022-08-30 00:00:00,2022-09-02 00:00:00,2022-09-05 00:00:00,2022-09-06 00:00:00,2022-09-22 00:00:00,2022-09-23 00:00:00,2022-09-30 00:00:00,152.45,2022-10-10 00:00:00,2022-10-11 00:00:00,2022-10-12 00:00:00,2022-10-13 00:00:00,2022-10-19 00:00:00,2022-10-12 00:00:00,135.22,141.52,137.72,141.73,137.22,3167512494.962,0.027315,-0.067064
601318SS_2022-10-19T000000_BUY_COUNTDOWN_PROGRESS_1_2022-09-28T000000_5,2022-10-19 00:00:00,601318.SS,1d,COUNTDOWN,BUY_COUNTDOWN_PROGRESS,1,5,,,BUY_SETUP,True,2022-09-16 00:00:00,2022-09-28 00:00:00,36.7,36.7,2022-09-28 00:00:00,2022-09-28 00:00:00,2022-09-29 00:00:00,2022-09-30 00:00:00,2022-10-11 00:00:00,2022-10-19 00:00:00,,,,,,,,,,2022-10-11 00:00:00,32.85,33.6,33.0,33.71,32.99,1666866944.0,0.013943,-0.103748
600036SS_2022-10-19T000000_BUY_COUNTDOWN_PROGRESS_1_2022-09-29T000000_6,2022-10-19 00:00:00,600036.SS,1d,COUNTDOWN,BUY_COUNTDOWN_PROGRESS,1,6,,,BUY_SETUP,True,2022-09-19 00:00:00,2022-09-29 00:00:00,28.6,28.6,2022-09-29 00:00:00,2022-09-29 00:00:00,2022-10-10 00:00:00,2022-10-11 00:00:00,2022-10-12 00:00:00,2022-10-13 00:00:00,2022-10-19 00:00:00,,,,,,,,,2022-10-13 00:00:00,22.98,23.84,23.54,24.35,23.49,2370947904.0,0.024027,-0.196313
000651SZ_2022-10-19T000000_BUY_COUNTDOWN_PROGRESS_1_2022-09-28T000000_6,2022-10-19 00:00:00,000651.SZ,1d,COUNTDOWN,BUY_COUNTDOWN_PROGRESS,1,6,,,BUY_SETUP,True,2022-09-16 00:00:00,2022-09-28 00:00:00,27.32,27.32,2022-09-28 00:00:00,2022-09-29 00:00:00,2022-09-30 00:00:00,2022-10-10 00:00:00,2022-10-11 00:00:00,2022-10-13 00:00:00,2022-10-19 00:00:00,,,,,,,,,2022-10-19 00:00:00,22.76,23.98,22.81,23.98,22.76,1204024783.5475,0.0196,-0.148245
600519SS_2022-10-20T000000_BUY_SETUP_PERFECT_1_2022-10-20T000000_9,2022-10-20 00:00:00,600519.SS,1d,SETUP,BUY_SETUP_PERFECT,1,9,True,,BUY_SETUP,True,2022-10-10 00:00:00,2022-10-20 00:00:00,,,,,,,,,,,,,,,,,,,,,,,,5872623347.2,0.018886,-0.127836
600519SS_2022-10-20T000000_BUY_COUNTDOWN_PROGRESS_1_2022-10-20T000000_1,2022-10-20 00:00:00,600519.SS,1d,COUNTDOWN,BUY_COUNTDOWN_PROGRESS,1,1,,,BUY_SETUP,True,2022-10-10 00:00:00,2022-10-20 00:00:00,1717.75,1717.75,2022-10-20 00:00:00,2022-10-20 00:00:00,,,,,,,,,,,,,,2022-10-20 00:00:00,1437.75,1495.18,1470.25,1495.18,1437.75,5872623347.2,0.018886,-0.127836
601318SS_2022-10-20T000000_BUY_COUNTDOWN_PROGRESS_1_2022-09-28T000000_6,2022-10-20 00:00:00,601318.SS,1d,COUNTDOWN,BUY_COUNTDOWN_PROGRESS,1,6,,,BUY_SETUP,True,2022-09-16 00:00:00,2022-09-28 00:00:00,36.7,36.7,2022-09-28 00:00:00,2022-09-28 00:00:00,2022-09-29 00:00:00,2022-09-30 00:00:00,2022-10-11 00:00:00,2022-10-19 00:00:00,2022-10-20 00:00:00,,,,,,,,,2022-10-20 00:00:00,32.54,33.13,32.65,33.13,32.54,1622895904.0,0.012622,-0.084408
600036SS_2022-10-20T000000_BUY_COUNTDOWN_PROGRESS_1_2022-09-29T000000_7,2022-10-20 00:00:00,600036.SS,1d,COUNTDOWN,BUY_COUNTDOWN_PROGRESS,1,7,,,BUY_SETUP,True,2022-09-19 00:00:00,2022-09-29 00:00:00,28.6,28.6,2022-09-29 00:00:00,2022-09-29 00:00:00,2022-10-10 00:00:00,2022-10-11 00:00:00,2022-10-12 00:00:00,2022-10-13 00:00:00,2022-10-19 00:00:00,2022-10-20 00:00:00,,,,,,,,2022-10-13 00:00:00,22.98,23.84,23.35,23.73,23.16,2213499315.2,0.023294,-0.172866
000651SZ_2022-10-20T000000_BUY_COUNTDOWN_PROGRESS_1_2022-09-28T000000_7,2022-10-20 00:00:00,000651.SZ,1d,COUNTDOWN,BUY_COUNTDOWN_PROGRESS,1,7,,,BUY_SETUP,True,2022-09-16 00:00:00,2022-09-28 00:00:00,27.32,27.32,2022-09-28 00:00:00,2022-09-29 00:00:00,2022-09-30 00:00:00,2022-10-10 00:00:00,2022-10-11 00:00:00,2022-10-13 00:00:00,2022-10-19 00:00:00,2022-10-20 00:00:00,,,,,,,,2022-10-20 00:00:00,22.23,22.74,22.34,22.74,22.23,1165684503.2965,0.019648,-0.1496
600519SS_2022-10-21T000000_BUY_COUNTDOWN_PROGRESS_1_2022-10-20T000000_2,2022-10-21 00:00:00,600519.SS,1d,COUNTDOWN,BUY_COUNTDOWN_PROGRESS,1,2,,,BUY_SETUP,True,2022-10-10 00:00:00,2022-10-20 00:00:00,1717.75,1717.75,2022-10-20 00:00:00,2022-10-20 00:00:00,2022-10-21 00:00:00,,,,,,,,,,,,,2022-10-21 00:00:00,1436.75,1474.55,1450.75,1474.55,1436.75,5963444262.4,0.018614,-0.145809
601318SS_2022-10-21T000000_BUY_COUNTDOWN_PROGRESS_1_2022-09-28T000000_7,2022-10-21 00:00:00,601318.SS,1d,COUNTDOWN,BUY_COUNTDOWN_PROGRESS,1,7,,,BUY_SETUP,True,2022-09-16 00:00:00,2022-09-28 00:00:00,36.7,36.7,2022-09-28 00:00:00,2022-09-28 00:00:00,2022-09-29 00:00:00,2022-09-30 00:00:00,2022-10-11 00:00:00,2022-10-19 00:00:00,2022-10-20 00:00:00,2022-10-21 00:00:00,,,,,,,,2022-10-21 00:00:00,32.14,32.89,32.29,32.89,32.14,1575983724.8,0.012653,-0.094504
600036SS_2022-10-21T000000_BUY_COUNTDOWN_PROGRESS_1_2022-09-29T000000_8,2022-10-21 00:00:00,600036.SS,1d,COUNTDOWN,BUY_COUNTDOWN_PROGRESS,1,8,,,BUY_SETUP,True,2022-09-19 00:00:00,2022-09-29 00:00:00,28.6,28.6,2022-09-29 00:00:00,2022-09-29 00:00:00,2022-10-10 00:00:00,2022-10-11 00:00:00,2022-10-12 00:00:00,2022-10-13 00:00:00,2022-10-19 00:00:00,2022-10-20 00:00:00,2022-10-21 00:00:00,22.86,,,,,,2022-10-21 00:00:00,22.78,23.55,22.86,23.55,22.78,2169548198.4,0.023157,-0.194219
000651SZ_2022-10-21T000000_BUY_COUNTDOWN_PROGRESS_1_2022-09-28T000000_8,2022-10-21 00:00:00,000651.SZ,1d,COUNTDOWN,BUY_COUNTDOWN_PROGRESS,1,8,,,BUY_SETUP,True,2022-09-16 00:00:00,2022-09-28 00:00:00,27.32,27.32,2022-09-28 00:00:00,2022-09-29 00:00:00,2022-09-30 00:00:00,2022-10-10 00:00:00,2022-10-11 00:00:00,2022-10-13 00:00:00,2022-10-19 00:00:00,2022-10-20 00:00:00,2022-10-21 00:00:00,22.28,,,,,,2022-10-21 00:00:00,22.08,22.58,22.28,22.58,22.08,1109061338.799,0.019675,-0.147666
600519SS_2022-10-24T000000_BUY_COUNTDOWN_PROGRESS_1_2022-10-20T000000_3,2022-10-24 00:00:00,600519.SS,1d,COUNTDOWN,BUY_COUNTDOWN_PROGRESS,1,3,,,BUY_SETUP,True,2022-10-10 00:00:00,2022-10-20 00:00:00,1717.75,1717.75,2022-10-20 00:00:00,2022-10-20 00:00:00,2022-10-21 00:00:00,2022-10-24 00:00:00,,,,,,,,,,,,2022-10-24 00:00:00,1314.76,1415.75,1328.03,1415.75,1314.76,6800338995.2,0.025012,-0.220983
601318SS_2022-10-24T000000_BUY_COUNTDOWN_PROGRESS_1_2022-09-28T000000_8,2022-10-24 00:00:00,601318.SS,1d,COUNTDOWN,BUY_COUNTDOWN_PROGRESS,1,8,,,BUY_SETUP,True,2022-09-16 00:00:00,2022-09-28 00:00:00,36.7,36.7,2022-09-28 00:00:00,2022-09-28 00:00:00,2022-09-29 00:00:00,2022-09-30 00:00:00,2022-10-11 00:00:00,2022-10-19 00:00:00,2022-10-20 00:00:00,2022-10-21 00:00:00,2022-10-24 00:00:00,30.34,,,,,,2022-10-24 00:00:00,30.25,32.57,30.34,32.57,30.25,1670005868.8,0.017479,-0.132399
600036SS_2022-10-24T000000_BUY_COUNTDOWN_PROGRESS_1_2022-09-29T000000_9,2022-10-24 00:00:00,600036.SS,1d,COUNTDOWN,BUY_COUNTDOWN_PROGRESS,1,9,,,BUY_SETUP,True,2022-09-19 00:00:00,2022-09-29 00:00:00,28.6,28.6,2022-09-29 00:00:00,2022-09-29 00:00:00,2022-10-10 00:00:00,2022-10-11 00:00:00,2022-10-12 00:00:00,2022-10-13 00:00:00,2022-10-19 00:00:00,2022-10-20 00:00:00,2022-10-21 00:00:00,22.86,2022-10-24 00:00:00,,,,,2022-10-24 00:00:00,21.28,22.77,21.3,22.77,21.28,2297364204.8,0.026424,-0.234364
000651SZ_2022-10-24T000000_BUY_COUNTDOWN_PROGRESS_1_2022-09-28T000000_9,2022-10-24 00:00:00,000651.SZ,1d,COUNTDOWN,BUY_COUNTDOWN_PROGRESS,1,9,,,BUY_SETUP,True,2022-09-16 00:00:00,2022-09-28 00:00:00,27.32,27.32,2022-09-28 00:00:00,2022-09-29 00:00:00,2022-09-30 00:00:00,2022-10-10 00:00:00,2022-10-11 00:00:00,2022-10-13 00:00:00,2022-10-19 00:00:00,2022-10-20 00:00:00,2022-10-21 00:00:00,22.28,2022-10-24 00:00:00,,,,,2022-10-24 00:00:00,21.62,22.55,21.66,22.55,21.62,1113387454.3615,0.020159,-0.16306
600519SS_2022-10-25T000000_BUY_COUNTDOWN_PROGRESS_1_2022-10-20T000000_4,2022-10-25 00:00:00,600519.SS,1d,COUNTDOWN,BUY_COUNTDOWN_PROGRESS,1,4,,,BUY_SETUP,True,2022-10-10 00:00:00,2022-10-20 00:00:00,1717.75,1717.75,2022-10-20 00:00:00,2022-10-20 00:00:00,2022-10-21 00:00:00,2022-10-24 00:00:00,2022-10-25 00:00:00,,,,,,,,,,,2022-10-25 00:00:00,1298.75,1341.75,1306.5,1341.75,1298.75,7274920345.6,0.024999,-0.219884
601318SS_2022-10-25T000000_BUY_COUNTDOWN_PROGRESS_1_2022-09-28T000000_9,2022-10-25 00:00:00,601318.SS,1d,COUNTDOWN,BUY_COUNTDOWN_PROGRESS,1,9,,,BUY_SETUP,True,2022-09-16 00:00:00,2022-09-28 00:00:00,36.7,36.7,2022-09-28 00:00:00,2022-09-28 00:00:00,2022-09-29 00:00:00,2022-09-30 00:00:00,2022-10-11 00:00:00,2022-10-19 00:00:00,2022-10-20 00:00:00,2022-10-21 00:00:00,2022-10-24 00:00:00,30.34,2022-10-25 00:00:00,,,,,2022-10-25 00:00:00,29.8,31.02,30.36,31.02,29.8,1696667840.0,0.01754,-0.129587
600036SS_2022-10-25T000000_BUY_COUNTDOWN_PROGRESS_1_2022-09-29T000000_10,2022-10-25 00:00:00,600036.SS,1d,COUNTDOWN,BUY_COUNTDOWN_PROGRESS,1,10,,,BUY_SETUP,True,2022-09-19 00:00:00,2022-09-29 00:00:00,28.6,28.6,2022-09-29 00:00:00,2022-09-29 00:00:00,2022-10-10 00:00:00,2022-10-11 00:00:00,2022-10-12 00:00:00,2022-10-13 00:00:00,2022-10-19 00:00:00,2022-10-20 00:00:00,2022-10-21 00:00:00,22.86,2022-10-24 00:00:00,2022-10-25 00:00:00,,,,2022-10-25 00:00:00,21.09,21.75,21.47,21.75,21.09,2330988179.2,0.026797,-0.22463
000651SZ_2022-10-25T000000_BUY_COUNTDOWN_PROGRESS_1_2022-09-28T000000_10,2022-10-25 00:00:00,000651.SZ,1d,COUNTDOWN,BUY_COUNTDOWN_PROGRESS,1,10,,,BUY_SETUP,True,2022-09-16 00:00:00,2022-09-28 00:00:00,27.32,27.32,2022-09-28 00:00:00,2022-09-29 00:00:00,2022-09-30 00:00:00,2022-10-10 00:00:00,2022-10-11 00:00:00,2022-10-13 00:00:00,2022-10-19 00:00:00,2022-10-20 00:00:00,2022-10-21 00:00:00,22.28,2022-10-24 00:00:00,2022-10-25 00:00:00,,,,2022-10-25 00:00:00,21.28,21.86,21.48,21.86,21.28,1091195996.697,0.019853,-0.174798
600519SS_2022-10-26T000000_BUY_COUNTDOWN_PROGRESS_1_2022-10-20T000000_5,2022-10-26 00:00:00,600519.SS,1d,COUNTDOWN,BUY_COUNTDOWN_PROGRESS,1,5,,,BUY_SETUP,True,2022-10-10 00:00:00,2022-10-20 00:00:00,1717.75,1717.75,2022-10-20 00:00:00,2022-10-20 00:00:00,2022-10-21 00:00:00,2022-10-24 00:00:00,2022-10-25 00:00:00,2022-10-26 00:00:00,,,,,,,,,,2022-10-26 00:00:00,1286.75,1341.74,1290.83,1341.74,1286.75,7685765209.6,0.024985,-0.21652
600036SS_2022-10-26T000000_BUY_COUNTDOWN_PROGRESS_1_2022-09-29T000000_11,2022-10-26 00:00:00,600036.SS,1d,COUNTDOWN,BUY_COUNTDOWN_PROGRESS,1,11,,,BUY_SETUP,True,2022-09-19 00:00:00,2022-09-29 00:00:00,28.6,28.6,2022-09-29 00:00:00,2022-09-29 00:00:00,2022-10-10 00:00:00,2022-10-11 00:00:00,2022-10-12 00:00:00,2022-10-13 00:00:00,2022-10-19 00:00:00,2022-10-20 00:00:00,2022-10-21 00:00:00,22.86,2022-10-24 00:00:00,2022-10-25 00:00:00,2022-10-26 00:00:00,,,2022-10-26 00:00:00,21.04,21.6,21.21,21.6,21.04,2345593472.0,0.026779,-0.227322
600519SS_2022-10-27T000000_BUY_COUNTDOWN_PROGRESS_1_2022-10-20T000000_6,2022-10-27 00:00:00,600519.SS,1d,COUNTDOWN,BUY_COUNTDOWN_PROGRESS,1,6,,,BUY_SETUP,True,2022-10-10 00:00:00,2022-10-20 00:00:00,1717.75,1717.75,2022-10-20 00:00:00,2022-10-20 00:00:00,2022-10-21 00:00:00,2022-10-24 00:00:00,2022-10-25 00:00:00,2022-10-26 00:00:00,2022-10-27 00:00:00,,,,,,,,,2022-10-27 00:00:00,1210.6,1314.73,1227.75,1314.73,1210.6,8241297728.0,0.025739,-0.260917
600519SS_2022-10-28T000000_BUY_COUNTDOWN_PROGRESS_1_2022-10-20T000000_7,2022-10-28 00:00:00,600519.SS,1d,COUNTDOWN,BUY_COUNTDOWN_PROGRESS,1,7,,,BUY_SETUP,True,2022-10-10 00:00:00,2022-10-20 00:00:00,1717.75,1717.75,2022-10-20 00:00:00,2022-10-20 00:00:00,2022-10-21 00:00:00,2022-10-24 00:00:00,2022-10-25 00:00:00,2022-10-26 00:00:00,2022-10-27 00:00:00,2022-10-28 00:00:00,,,,,,,,2022-10-28 00:00:00,1185.46,1232.75,1186.75,1232.75,1185.46,8622893606.4,0.024825,-0.297677
601318SS_2022-10-28T000000_BUY_SETUP_PERFECT_1_2022-10-28T000000_9,2022-10-28 00:00:00,601318.SS,1d,SETUP,BUY_SETUP_PERFECT,1,9,True,,BUY_SETUP,True,2022-10-18 00:00:00,2022-10-28 00:00:00,,,,,,,,,,,,,,,,,,,,,,,,1745046758.4,0.017365,-0.14173
601318SS_2022-10-28T000000_BUY_COUNTDOWN_CANCEL_1_2022-09-28T000000_9,2022-10-28 00:00:00,601318.SS,1d,COUNTDOWN,BUY_COUNTDOWN_CANCEL,1,9,,same_setup,BUY_SETUP,True,2022-09-16 00:00:00,2022-09-28 00:00:00,36.7,36.7,2022-09-28 00:00:00,2022-09-28 00:00:00,2022-09-29 00:00:00,2022-09-30 00:00:00,2022-10-11 00:00:00,2022-10-19 00:00:00,2022-10-20 00:00:00,2022-10-21 00:00:00,2022-10-24 00:00:00,30.34,2022-10-25 00:00:00,,,,,2022-10-25 00:00:00,29.8,31.02,29.37,30.34,29.37,1745046758.4,0.017365,-0.14173
601318SS_2022-10-28T000000_BUY_COUNTDOWN_PROGRESS_1_2022-10-28T000000_1,2022-10-28 00:00:00,601318.SS,1d,COUNTDOWN,BUY_COUNTDOWN_PROGRESS,1,1,,,BUY_SETUP,True,2022-10-18 00:00:00,2022-10-28 00:00:00,34.17,34.17,2022-10-28 00:00:00,2022-10-28 00:00:00,,,,,,,,,,,,,,2022-10-28 00:00:00,29.37,30.34,29.37,30.34,29.37,1745046758.4,0.017365,-0.14173
600036SS_2022-10-28T000000_BUY_COUNTDOWN_PROGRESS_1_2022-09-29T000000_12,2022-10-28 00:00:00,600036.SS,1d,COUNTDOWN,BUY_COUNTDOWN_PROGRESS,1,12,,,BUY_SETUP,True,2022-09-19 00:00:00,2022-09-29 00:00:00,28.6,28.6,2022-09-29 00:00:00,2022-09-29 00:00:00,2022-10-10 00:00:00,2022-10-11 00:00:00,2022-10-12 00:00:00,2022-10-13 00:00:00,2022-10-19 00:00:00,2022-10-20 00:00:00,2022-10-21 00:00:00,22.86,2022-10-24 00:00:00,2022-10-25 00:00:00,2022-10-26 00:00:00,2022-10-28 00:00:00,,2022-10-28 00:00:00,20.27,21.28,20.46,21.28,20.27,2454433030.4,0.027029,-0.248623
600519SS_2022-10-31T000000_BUY_COUNTDOWN_PROGRESS_1_2022-10-20T000000_8,2022-10-31 00:00:00,600519.SS,1d,COUNTDOWN,BUY_COUNTDOWN_PROGRESS,1,8,,,BUY_SETUP,True,2022-10-10 00:00:00,2022-10-20 00:00:00,1717.75,1717.75,2022-10-20 00:00:00,2022-10-20 00:00:00,2022-10-21 00:00:00,2022-10-24 00:00:00,2022-10-25 00:00:00,2022-10-26 00:00:00,2022-10-27 00:00:00,2022-10-28 00:00:00,2022-10-31 00:00:00,1176.75,,,,,,2022-10-31 00:00:00,1159.75,1208.76,1176.75,1208.76,1159.75,8782470208.0,0.023723,-0.313748
601318SS_2022-10-31T000000_BUY_COUNTDOWN_PROGRESS_1_2022-10-28T000000_2,2022-10-31 00:00:00,601318.SS,1d,COUNTDOWN,BUY_COUNTDOWN_PROGRESS,1,2,,,BUY_SETUP,True,2022-10-18 00:00:00,2022-10-28 00:00:00,34.17,34.17,2022-10-28 00:00:00,2022-10-28 00:00:00,2022-10-31 00:00:00,,,,,,,,,,,,,2022-10-31 00:00:00,28.54,29.31,28.79,29.31,28.54,1781184147.2,0.01749,-0.157448
600036SS_2022-10-31T000000_BUY_COUNTDOWN_COMPLETE_PERFECT_1_2022-09-29T000000_13,2022-10-31 00:00:00,600036.SS,1d,COUNTDOWN,BUY_COUNTDOWN_COMPLETE_PERFECT,1,13,True,,BUY_SETUP,True,2022-09-19 00:00:00,2022-09-29 00:00:00,28.6,28.6,2022-09-29 00:00:00,2022-09-29 00:00:00,2022-10-10 00:00:00,2022-10-11 00:00:00,2022-10-12 00:00:00,2022-10-13 00:00:00,2022-10-19 00:00:00,2022-10-20 00:00:00,2022-10-21 00:00:00,22.86,2022-10-24 00:00:00,2022-10-25 00:00:00,2022-10-26 00:00:00,2022-10-28 00:00:00,2022-10-31 00:00:00,2022-10-31 00:00:00,19.58,20.41,20.1,20.41,19.58,2492637408.0,0.026868,-0.260486
000651SZ_2022-10-31T000000_BUY_COUNTDOWN_PROGRESS_1_2022-09-28T000000_11,2022-10-31 00:00:00,000651.SZ,1d,COUNTDOWN,BUY_COUNTDOWN_PROGRESS,1,11,,,BUY_SETUP,True,2022-09-16 00:00:00,2022-09-28 00:00:00,27.32,27.32,2022-09-28 00:00:00,2022-09-29 00:00:00,2022-09-30 00:00:00,2022-10-10 00:00:00,2022-10-11 00:00:00,2022-10-13 00:00:00,2022-10-19 00:00:00,2022-10-20 00:00:00,2022-10-21 00:00:00,22.28,2022-10-24 00:00:00,2022-10-25 00:00:00,2022-10-31 00:00:00,,,2022-10-31 00:00:00,20.17,21.6,20.35,21.6,20.17,1181577472.8145,0.022468,-0.190211
000858SZ_2022-11-01T000000_BUY_SETUP_PERFECT_1_2022-11-01T000000_9,2022-11-01 00:00:00,000858.SZ,1d,SETUP,BUY_SETUP_PERFECT,1,9,True,,BUY_SETUP,True,2022-10-20 00:00:00,2022-11-01 00:00:00,,,,,,,,,,,,,,,,,,,,,,,,3350080792.324,0.032952,-0.176809
000651SZ_2022-11-01T000000_BUY_COUNTDOWN_PROGRESS_1_2022-09-28T000000_12,2022-11-01 00:00:00,000651.SZ,1d,COUNTDOWN,BUY_COUNTDOWN_PROGRESS,1,12,,,BUY_SETUP,True,2022-09-16 00:00:00,2022-09-28 00:00:00,27.32,27.32,2022-09-28 00:00:00,2022-09-29 00:00:00,2022-09-30 00:00:00,2022-10-10 00:00:00,2022-10-11 00:00:00,2022-10-13 00:00:00,2022-10-19 00:00:00,2022-10-20 00:00:00,2022-10-21 00:00:00,22.28,2022-10-24 00:00:00,2022-10-25 00:00:00,2022-10-31 00:00:00,2022-11-01 00:00:00,,2022-10-31 00:00:00,20.17,21.6,21.05,21.05,20.28,1211525182.9645,0.024536,-0.147083
600519SS_2022-11-09T000000_BUY_COUNTDOWN_PROGRESS_1_2022-10-20T000000_9,2022-11-09 00:00:00,600519.SS,1d,COUNTDOWN,BUY_COUNTDOWN_PROGRESS,1,9,,,BUY_SETUP,True,2022-10-10 00:00:00,2022-10-20 00:00:00,1717.75,1717.75,2022-10-20 00:00:00,2022-10-20 00:00:00,2022-10-21 00:00:00,2022-10-24 00:00:00,2022-10-25 00:00:00,2022-10-26 00:00:00,2022-10-27 00:00:00,2022-10-28 00:00:00,2022-10-31 00:00:00,1176.75,2022-11-09 00:00:00,,,,,2022-10-31 00:00:00,1159.75,1208.76,1286.65,1315.63,1276.75,9988727705.6,0.03728,-0.157257
000858SZ_2022-11-09T000000_BUY_COUNTDOWN_PROGRESS_1_2022-11-01T000000_1,2022-11-09 00:00:00,000858.SZ,1d,COUNTDOWN,BUY_COUNTDOWN_PROGRESS,1,1,,,BUY_SETUP,True,2022-10-20 00:00:00,2022-11-01 00:00:00,140.02,140.02,2022-11-01 00:00:00,2022-11-09 00:00:00,,,,,,,,,,,,,,2022-11-09 00:00:00,128.3,132.27,128.62,132.27,128.3,3500660927.781,0.035445,-0.059727
000858SZ_2022-11-10T000000_BUY_COUNTDOWN_PROGRESS_1_2022-11-01T000000_2,2022-11-10 00:00:00,000858.SZ,1d,COUNTDOWN,BUY_COUNTDOWN_PROGRESS,1,2,,,BUY_SETUP,True,2022-10-20 00:00:00,2022-11-01 00:00:00,140.02,140.02,2022-11-01 00:00:00,2022-11-09 00:00:00,2022-11-10 00:00:00,,,,,,,,,,,,,2022-11-10 00:00:00,126.93,129.78,128.98,129.78,126.93,3481568623.923,0.033996,-0.09386
600036SS_2022-11-11T000000_SELL_SETUP_PERFECT_-1_2022-11-11T000000_9,2022-11-11 00:00:00,600036.SS,1d,SETUP,SELL_SETUP_PERFECT,-1,9,True,,SELL_SETUP,True,2022-11-01 00:00:00,2022-11-11 00:00:00,,,,,,,,,,,,,,,,,,,,,,,,2240428729.6,0.034981,0.009053
600036SS_2022-11-11T000000_SELL_COUNTDOWN_PROGRESS_-1_2022-11-11T000000_1,2022-11-11 00:00:00,600036.SS,1d,COUNTDOWN,SELL_COUNTDOWN_PROGRESS,-1,1,,,SELL_SETUP,True,2022-11-01 00:00:00,2022-11-11 00:00:00,25.08,20.29,2022-11-11 00:00:00,2022-11-11 00:00:00,,,,,,,,,,,,,,2022-11-11 00:00:00,22.99,25.08,24.52,25.08,22.99,2240428729.6,0.034981,0.009053
601318SS_2022-11-14T000000_BUY_COUNTDOWN_CANCEL_1_2022-10-28T000000_2,2022-11-14 00:00:00,601318.SS,1d,COUNTDOWN,BUY_COUNTDOWN_CANCEL,1,2,,tdst_break_rule_4,BUY_SETUP,True,2022-10-18 00:00:00,2022-10-28 00:00:00,34.17,34.17,2022-10-28 00:00:00,2022-10-28 00:00:00,2022-10-31 00:00:00,,,,,,,,,,,,,2022-10-31 00:00:00,28.54,29.31,34.24,34.76,33.85,2151645404.8,0.028409,0.0227
600036SS_2022-11-14T000000_SELL_COUNTDOWN_PROGRESS_-1_2022-11-11T000000_2,2022-11-14 00:00:00,600036.SS,1d,COUNTDOWN,SELL_COUNTDOWN_PROGRESS,-1,2,,,SELL_SETUP,True,2022-11-01 00:00:00,2022-11-11 00:00:00,25.08,20.29,2022-11-11 00:00:00,2022-11-11 00:00:00,2022-11-14 00:00:00,,,,,,,,,,,,,2022-11-11 00:00:00,22.99,25.08,26.42,26.97,25.61,2481460313.6,0.038792,0.097176
601318SS_2022-11-15T000000_SELL_SETUP_PERFECT_-1_2022-11-15T000000_9,2022-11-15 00:00:00,601318.SS,1d,SETUP,SELL_SETUP_PERFECT,-1,9,True,,SELL_SETUP,True,2022-11-03 00:00:00,2022-11-15 00:00:00,,,,,,,,,,,,,,,,,,,,,,,,2262611977.6,0.028646,0.064545
601318SS_2022-11-15T000000_SELL_COUNTDOWN_PROGRESS_-1_2022-11-15T000000_1,2022-11-15 00:00:00,601318.SS,1d,COUNTDOWN,SELL_COUNTDOWN_PROGRESS,-1,1,,,SELL_SETUP,True,2022-11-03 00:00:00,2022-11-15 00:00:00,35.59,29.34,2022-11-15 00:00:00,2022-11-15 00:00:00,,,,,,,,,,,,,,2022-11-15 00:00:00,33.95,35.59,35.13,35.59,33.95,2262611977.6,0.028646,0.064545
600036SS_2022-11-15T000000_SELL_COUNTDOWN_PROGRESS_-1_2022-11-11T000000_3,2022-11-15 00:00:00,600036.SS,1d,COUNTDOWN,SELL_COUNTDOWN_PROGRESS,-1,3,,,SELL_SETUP,True,2022-11-01 00:00:00,2022-11-11 00:00:00,25.08,20.29,2022-11-11 00:00:00,2022-11-11 00:00:00,2022-11-14 00:00:00,2022-11-15 00:00:00,,,,,,,,,,,,2022-11-11 00:00:00,22.99,25.08,26.56,27.11,26.03,2546631449.6,0.038227,0.128292
601318SS_2022-11-16T000000_SELL_COUNTDOWN_PROGRESS_-1_2022-11-15T000000_2,2022-11-16 00:00:00,601318.SS,1d,COUNTDOWN,SELL_COUNTDOWN_PROGRESS,-1,2,,,SELL_SETUP,True,2022-11-03 00:00:00,2022-11-15 00:00:00,35.59,29.34,2022-11-15 00:00:00,2022-11-15 00:00:00,2022-11-16 00:00:00,,,,,,,,,,,,,2022-11-15 00:00:00,33.95,35.59,34.94,35.46,34.91,2313917008.0,0.028532,0.070138
600519SS_2022-11-18T000000_BUY_COUNTDOWN_PROGRESS_1_2022-10-20T000000_10,2022-11-18 00:00:00,600519.SS,1d,COUNTDOWN,BUY_COUNTDOWN_PROGRESS,1,10,,,BUY_SETUP,True,2022-10-10 00:00:00,2022-10-20 00:00:00,1717.75,1717.75,2022-10-20 00:00:00,2022-10-20 00:00:00,2022-10-21 00:00:00,2022-10-24 00:00:00,2022-10-25 00:00:00,2022-10-26 00:00:00,2022-10-27 00:00:00,2022-10-28 00:00:00,2022-10-31 00:00:00,1176.75,2022-11-09 00:00:00,2022-11-18 00:00:00,,,,2022-10-31 00:00:00,1159.75,1208.76,1393.88,1410.75,1382.75,9708367411.2,0.033687,0.049585
600519SS_2022-11-21T000000_BUY_COUNTDOWN_PROGRESS_1_2022-10-20T000000_11,2022-11-21 00:00:00,600519.SS,1d,COUNTDOWN,BUY_COUNTDOWN_PROGRESS,1,11,,,BUY_SETUP,True,2022-10-10 00:00:00,2022-10-20 00:00:00,1717.75,1717.75,2022-10-20 00:00:00,2022-10-20 00:00:00,2022-10-21 00:00:00,2022-10-24 00:00:00,2022-10-25 00:00:00,2022-10-26 00:00:00,2022-10-27 00:00:00,2022-10-28 00:00:00,2022-10-31 00:00:00,1176.75,2022-11-09 00:00:00,2022-11-18 00:00:00,2022-11-21 00:00:00,,,2022-10-31 00:00:00,1159.75,1208.76,1346.73,1368.1,1325.28,8993342950.4,0.03444,0.030792
000858SZ_2022-11-21T000000_BUY_COUNTDOWN_PROGRESS_1_2022-11-01T000000_3,2022-11-21 00:00:00,000858.SZ,1d,COUNTDOWN,BUY_COUNTDOWN_PROGRESS,1,3,,,BUY_SETUP,True,2022-10-20 00:00:00,2022-11-01 00:00:00,140.02,140.02,2022-11-01 00:00:00,2022-11-09 00:00:00,2022-11-10 00:00:00,2022-11-21 00:00:00,,,,,,,,,,,,2022-11-10 00:00:00,126.93,129.78,132.15,134.19,131.22,3683861373.9525,0.032257,0.054332
000651SZ_2022-11-21T000000_BUY_COUNTDOWN_COMPLETE_1_2022-09-28T000000_13,2022-11-21 00:00:00,000651.SZ,1d,COUNTDOWN,BUY_COUNTDOWN_COMPLETE,1,13,False,,BUY_SETUP,True,2022-09-16 00:00:00,2022-09-28 00:00:00,27.32,27.32,2022-09-28 00:00:00,2022-09-29 00:00:00,2022-09-30 00:00:00,2022-10-10 00:00:00,2022-10-11 00:00:00,2022-10-13 00:00:00,2022-10-19 00:00:00,2022-10-20 00:00:00,2022-10-21 00:00:00,22.28,2022-10-24 00:00:00,2022-10-25 00:00:00,2022-10-31 00:00:00,2022-11-01 00:00:00,2022-11-21 00:00:00,2022-10-31 00:00:00,20.17,21.6,22.78,23.25,22.68,1295882893.355,0.025347,0.060521
600519SS_2022-11-22T000000_BUY_COUNTDOWN_PROGRESS_1_2022-10-20T000000_12,2022-11-22 00:00:00,600519.SS,1d,COUNTDOWN,BUY_COUNTDOWN_PROGRESS,1,12,,,BUY_SETUP,True,2022-10-10 00:00:00,2022-10-20 00:00:00,1717.75,1717.75,2022-10-20 00:00:00,2022-10-20 00:00:00,2022-10-21 00:00:00,2022-10-24 00:00:00,2022-10-25 00:00:00,2022-10-26 00:00:00,2022-10-27 00:00:00,2022-10-28 00:00:00,2022-10-31 00:00:00,1176.75,2022-11-09 00:00:00,2022-11-18 00:00:00,2022-11-21 00:00:00,2022-11-22 00:00:00,,2022-10-31 00:00:00,1159.75,1208.76,1366.7,1386.49,1342.86,8615637017.6,0.03438,0.058776
000858SZ_2022-11-22T000000_BUY_COUNTDOWN_PROGRESS_1_2022-11-01T000000_4,2022-11-22 00:00:00,000858.SZ,1d,COUNTDOWN,BUY_COUNTDOWN_PROGRESS,1,4,,,BUY_SETUP,True,2022-10-20 00:00:00,2022-11-01 00:00:00,140.02,140.02,2022-11-01 00:00:00,2022-11-09 00:00:00,2022-11-10 00:00:00,2022-11-21 00:00:00,2022-11-22 00:00:00,,,,,,,,,,,2022-11-10 00:00:00,126.93,129.78,133.45,136.12,132.03,3642663648.069,0.032252,0.053941
601318SS_2022-11-23T000000_SELL_COUNTDOWN_PROGRESS_-1_2022-11-15T000000_3,2022-11-23 00:00:00,601318.SS,1d,COUNTDOWN,SELL_COUNTDOWN_PROGRESS,-1,3,,,SELL_SETUP,True,2022-11-03 00:00:00,2022-11-15 00:00:00,35.59,29.34,2022-11-15 00:00:00,2022-11-15 00:00:00,2022-11-16 00:00:00,2022-11-23 00:00:00,,,,,,,,,,,,2022-11-15 00:00:00,33.95,35.59,34.41,35.08,34.4,2238492214.4,0.025672,0.135644
600036SS_2022-11-23T000000_SELL_COUNTDOWN_PROGRESS_-1_2022-11-11T000000_4,2022-11-23 00:00:00,600036.SS,1d,COUNTDOWN,SELL_COUNTDOWN_PROGRESS,-1,4,,,SELL_SETUP,True,2022-11-01 00:00:00,2022-11-11 00:00:00,25.08,20.29,2022-11-11 00:00:00,2022-11-11 00:00:00,2022-11-14 00:00:00,2022-11-15 00:00:00,2022-11-23 00:00:00,,,,,,,,,,,2022-11-11 00:00:00,22.99,25.08,25.5,26.23,25.43,2477095155.2,0.035325,0.201697
000858SZ_2022-11-24T000000_BUY_COUNTDOWN_PROGRESS_1_2022-11-01T000000_5,2022-11-24 00:00:00,000858.SZ,1d,COUNTDOWN,BUY_COUNTDOWN_PROGRESS,1,5,,,BUY_SETUP,True,2022-10-20 00:00:00,2022-11-01 00:00:00,140.02,140.02,2022-11-01 00:00:00,2022-11-09 00:00:00,2022-11-10 00:00:00,2022-11-21 00:00:00,2022-11-22 00:00:00,2022-11-24 00:00:00,,,,,,,,,,2022-11-10 00:00:00,126.93,129.78,131.03,134.71,130.22,3452910249.471,0.030157,0.085404
000858SZ_2022-11-25T000000_BUY_COUNTDOWN_PROGRESS_1_2022-11-01T000000_6,2022-11-25 00:00:00,000858.SZ,1d,COUNTDOWN,BUY_COUNTDOWN_PROGRESS,1,6,,,BUY_SETUP,True,2022-10-20 00:00:00,2022-11-01 00:00:00,140.02,140.02,2022-11-01 00:00:00,2022-11-09 00:00:00,2022-11-10 00:00:00,2022-11-21 00:00:00,2022-11-22 00:00:00,2022-11-24 00:00:00,2022-11-25 00:00:00,,,,,,,,,2022-11-10 00:00:00,126.93,129.78,130.6,132.15,129.62,3354957970.786,0.028892,0.118917
601318SS_2022-11-25T000000_SELL_COUNTDOWN_PROGRESS_-1_2022-11-15T000000_4,2022-11-25 00:00:00,601318.SS,1d,COUNTDOWN,SELL_COUNTDOWN_PROGRESS,-1,4,,,SELL_SETUP,True,2022-11-03 00:00:00,2022-11-15 00:00:00,35.59,29.34,2022-11-15 00:00:00,2022-11-15 00:00:00,2022-11-16 00:00:00,2022-11-23 00:00:00,2022-11-25 00:00:00,,,,,,,,,,,2022-11-15 00:00:00,33.95,35.59,35.39,35.59,34.39,2237374604.8,0.023522,0.229246
600036SS_2022-11-25T000000_SELL_COUNTDOWN_PROGRESS_-1_2022-11-11T000000_5,2022-11-25 00:00:00,600036.SS,1d,COUNTDOWN,SELL_COUNTDOWN_PROGRESS,-1,5,,,SELL_SETUP,True,2022-11-01 00:00:00,2022-11-11 00:00:00,25.08,20.29,2022-11-11 00:00:00,2022-11-11 00:00:00,2022-11-14 00:00:00,2022-11-15 00:00:00,2022-11-23 00:00:00,2022-11-25 00:00:00,,,,,,,,,,2022-11-11 00:00:00,22.99,25.08,26.3,26.5,25.46,2441975468.8,0.033223,0.308458
600519SS_2022-11-28T000000_BUY_COUNTDOWN_COMPLETE_1_2022-10-20T000000_13,2022-11-28 00:00:00,600519.SS,1d,COUNTDOWN,BUY_COUNTDOWN_COMPLETE,1,13,False,,BUY_SETUP,True,2022-10-10 00:00:00,2022-10-20 00:00:00,1717.75,1717.75,2022-10-20 00:00:00,2022-10-20 00:00:00,2022-10-21 00:00:00,2022-10-24 00:00:00,2022-10-25 00:00:00,2022-10-26 00:00:00,2022-10-27 00:00:00,2022-10-28 00:00:00,2022-10-31 00:00:00,1176.75,2022-11-09 00:00:00,2022-11-18 00:00:00,2022-11-21 00:00:00,2022-11-22 00:00:00,2022-11-28 00:00:00,2022-10-31 00:00:00,1159.75,1208.76,1336.63,1341.75,1277.75,6994840832.0,0.023561,0.037144
601318SS_2022-11-29T000000_SELL_COUNTDOWN_PROGRESS_-1_2022-11-15T000000_5,2022-11-29 00:00:00,601318.SS,1d,COUNTDOWN,SELL_COUNTDOWN_PROGRESS,-1,5,,,SELL_SETUP,True,2022-11-03 00:00:00,2022-11-15 00:00:00,35.59,29.34,2022-11-15 00:00:00,2022-11-15 00:00:00,2022-11-16 00:00:00,2022-11-23 00:00:00,2022-11-25 00:00:00,2022-11-29 00:00:00,,,,,,,,,,2022-11-15 00:00:00,33.95,35.59,37.42,37.54,34.96,2522018419.2,0.031836,0.245672
600036SS_2022-11-29T000000_SELL_COUNTDOWN_PROGRESS_-1_2022-11-11T000000_6,2022-11-29 00:00:00,600036.SS,1d,COUNTDOWN,SELL_COUNTDOWN_PROGRESS,-1,6,,,SELL_SETUP,True,2022-11-01 00:00:00,2022-11-11 00:00:00,25.08,20.29,2022-11-11 00:00:00,2022-11-11 00:00:00,2022-11-14 00:00:00,2022-11-15 00:00:00,2022-11-23 00:00:00,2022-11-25 00:00:00,2022-11-29 00:00:00,,,,,,,,,2022-11-11 00:00:00,22.99,25.08,28.14,28.19,26.03,2594624057.6,0.040499,0.296774
000858SZ_2022-11-30T000000_BUY_COUNTDOWN_CANCEL_1_2022-11-01T000000_6,2022-11-30 00:00:00,000858.SZ,1d,COUNTDOWN,BUY_COUNTDOWN_CANCEL,1,6,,tdst_break_rule_4,BUY_SETUP,True,2022-10-20 00:00:00,2022-11-01 00:00:00,140.02,140.02,2022-11-01 00:00:00,2022-11-09 00:00:00,2022-11-10 00:00:00,2022-11-21 00:00:00,2022-11-22 00:00:00,2022-11-24 00:00:00,2022-11-25 00:00:00,,,,,,,,,2022-11-10 00:00:00,126.93,129.78,140.08,143.19,137.22,3353001203.0285,0.025721,0.128403
601318SS_2022-11-30T000000_SELL_COUNTDOWN_PROGRESS_-1_2022-11-15T000000_6,2022-11-30 00:00:00,601318.SS,1d,COUNTDOWN,SELL_COUNTDOWN_PROGRESS,-1,6,,,SELL_SETUP,True,2022-11-03 00:00:00,2022-11-15 00:00:00,35.59,29.34,2022-11-15 00:00:00,2022-11-15 00:00:00,2022-11-16 00:00:00,2022-11-23 00:00:00,2022-11-25 00:00:00,2022-11-29 00:00:00,2022-11-30 00:00:00,,,,,,,,,2022-11-15 00:00:00,33.95,35.59,37.59,38.81,37.24,2701745651.2,0.031223,0.271221
600036SS_2022-11-30T000000_SELL_COUNTDOWN_PROGRESS_-1_2022-11-11T000000_7,2022-11-30 00:00:00,600036.SS,1d,COUNTDOWN,SELL_COUNTDOWN_PROGRESS,-1,7,,,SELL_SETUP,True,2022-11-01 00:00:00,2022-11-11 00:00:00,25.08,20.29,2022-11-11 00:00:00,2022-11-11 00:00:00,2022-11-14 00:00:00,2022-11-15 00:00:00,2022-11-23 00:00:00,2022-11-25 00:00:00,2022-11-29 00:00:00,2022-11-30 00:00:00,,,,,,,,2022-11-11 00:00:00,22.99,25.08,28.24,28.72,27.48,2644012729.6,0.039909,0.323957
600036SS_2022-12-01T000000_SELL_COUNTDOWN_PROGRESS_-1_2022-11-11T000000_8,2022-12-01 00:00:00,600036.SS,1d,COUNTDOWN,SELL_COUNTDOWN_PROGRESS,-1,8,,,SELL_SETUP,True,2022-11-01 00:00:00,2022-11-11 00:00:00,25.08,20.29,2022-11-11 00:00:00,2022-11-11 00:00:00,2022-11-14 00:00:00,2022-11-15 00:00:00,2022-11-23 00:00:00,2022-11-25 00:00:00,2022-11-29 00:00:00,2022-11-30 00:00:00,2022-12-01 00:00:00,28.28,,,,,,2022-11-11 00:00:00,22.99,25.08,28.28,29.78,28.13,2720891008.0,0.039259,0.264758
601318SS_2022-12-05T000000_SELL_COUNTDOWN_PROGRESS_-1_2022-11-15T000000_7,2022-12-05 00:00:00,601318.SS,1d,COUNTDOWN,SELL_COUNTDOWN_PROGRESS,-1,7,,,SELL_SETUP,True,2022-11-03 00:00:00,2022-11-15 00:00:00,35.59,29.34,2022-11-15 00:00:00,2022-11-15 00:00:00,2022-11-16 00:00:00,2022-11-23 00:00:00,2022-11-25 00:00:00,2022-11-29 00:00:00,2022-11-30 00:00:00,2022-12-05 00:00:00,,,,,,,,2022-11-15 00:00:00,33.95,35.59,39.92,39.95,37.99,3046701958.4,0.033353,0.274178
601318SS_2022-12-06T000000_SELL_COUNTDOWN_PROGRESS_-1_2022-11-15T000000_8,2022-12-06 00:00:00,601318.SS,1d,COUNTDOWN,SELL_COUNTDOWN_PROGRESS,-1,8,,,SELL_SETUP,True,2022-11-03 00:00:00,2022-11-15 00:00:00,35.59,29.34,2022-11-15 00:00:00,2022-11-15 00:00:00,2022-11-16 00:00:00,2022-11-23 00:00:00,2022-11-25 00:00:00,2022-11-29 00:00:00,2022-11-30 00:00:00,2022-12-05 00:00:00,2022-12-06 00:00:00,40.08,,,,,,2022-11-15 00:00:00,33.95,35.59,40.08,40.32,39.38,3182705798.4,0.032973,0.292486
600036SS_2022-12-06T000000_SELL_COUNTDOWN_PROGRESS_-1_2022-11-11T000000_9,2022-12-06 00:00:00,600036.SS,1d,COUNTDOWN,SELL_COUNTDOWN_PROGRESS,-1,9,,,SELL_SETUP,True,2022-11-01 00:00:00,2022-11-11 00:00:00,25.08,20.29,2022-11-11 00:00:00,2022-11-11 00:00:00,2022-11-14 00:00:00,2022-11-15 00:00:00,2022-11-23 00:00:00,2022-11-25 00:00:00,2022-11-29 00:00:00,2022-11-30 00:00:00,2022-12-01 00:00:00,28.28,2022-12-06 00:00:00,,,,,2022-11-11 00:00:00,22.99,25.08,29.13,29.26,28.7,2849411206.4,0.041592,0.296972
000651SZ_2022-12-07T000000_SELL_SETUP_PERFECT_-1_2022-12-07T000000_9,2022-12-07 00:00:00,000651.SZ,1d,SETUP,SELL_SETUP_PERFECT,-1,9,True,,SELL_SETUP,True,2022-11-25 00:00:00,2022-12-07 00:00:00,,,,,,,,,,,,,,,,,,,,,,,,1084848430.5925,0.018537,0.137615
000651SZ_2022-12-07T000000_SELL_COUNTDOWN_PROGRESS_-1_2022-12-07T000000_1,2022-12-07 00:00:00,000651.SZ,1d,COUNTDOWN,SELL_COUNTDOWN_PROGRESS,-1,1,,,SELL_SETUP,True,2022-11-25 00:00:00,2022-12-07 00:00:00,25.03,22.54,2022-12-07 00:00:00,2022-12-07 00:00:00,,,,,,,,,,,,,,2022-12-07 00:00:00,24.38,25.03,24.8,25.03,24.38,1084848430.5925,0.018537,0.137615
600519SS_2022-12-09T000000_SELL_SETUP_PERFECT_-1_2022-12-09T000000_9,2022-12-09 00:00:00,600519.SS,1d,SETUP,SELL_SETUP_PERFECT,-1,9,True,,SELL_SETUP,True,2022-11-29 00:00:00,2022-12-09 00:00:00,,,,,,,,,,,,,,,,,,,,,,,,5852886656.0,0.02196,0.14488
600519SS_2022-12-09T000000_SELL_COUNTDOWN_PROGRESS_-1_2022-12-09T000000_1,2022-12-09 00:00:00,600519.SS,1d,COUNTDOWN,SELL_COUNTDOWN_PROGRESS,-1,1,,,SELL_SETUP,True,2022-11-29 00:00:00,2022-12-09 00:00:00,1556.75,1377.75,2022-12-09 00:00:00,2022-12-09 00:00:00,,,,,,,,,,,,,,2022-12-09 00:00:00,1508.75,1556.75,1556.75,1556.75,1508.75,5852886656.0,0.02196,0.14488
000858SZ_2022-12-09T000000_SELL_SETUP_PERFECT_-1_2022-12-09T000000_9,2022-12-09 00:00:00,000858.SZ,1d,SETUP,SELL_SETUP_PERFECT,-1,9,True,,SELL_SETUP,True,2022-11-29 00:00:00,2022-12-09 00:00:00,,,,,,,,,,,,,,,,,,,,,,,,3955986747.2935,0.025986,0.246929
000858SZ_2022-12-09T000000_SELL_COUNTDOWN_PROGRESS_-1_2022-12-09T000000_1,2022-12-09 00:00:00,000858.SZ,1d,COUNTDOWN,SELL_COUNTDOWN_PROGRESS,-1,1,,,SELL_SETUP,True,2022-11-29 00:00:00,2022-12-09 00:00:00,166.69,133.12,2022-12-09 00:00:00,2022-12-09 00:00:00,,,,,,,,,,,,,,2022-12-09 00:00:00,157.34,166.69,166.49,166.69,157.34,3955986747.2935,0.025986,0.246929
601318SS_2022-12-09T000000_SELL_SETUP_PERFECT_-1_2022-12-09T000000_9,2022-12-09 00:00:00,601318.SS,1d,SETUP,SELL_SETUP_PERFECT,-1,9,True,,SELL_SETUP,True,2022-11-29 00:00:00,2022-12-09 00:00:00,,,,,,,,,,,,,,,,,,,,,,,,3328360956.8,0.031118,0.175234
601318SS_2022-12-09T000000_SELL_COUNTDOWN_CANCEL_-1_2022-11-15T000000_8,2022-12-09 00:00:00,601318.SS,1d,COUNTDOWN,SELL_COUNTDOWN_CANCEL,-1,8,,same_setup,SELL_SETUP,True,2022-11-03 00:00:00,2022-11-15 00:00:00,35.59,29.34,2022-11-15 00:00:00,2022-11-15 00:00:00,2022-11-16 00:00:00,2022-11-23 00:00:00,2022-11-25 00:00:00,2022-11-29 00:00:00,2022-11-30 00:00:00,2022-12-05 00:00:00,2022-12-06 00:00:00,40.08,,,,,,2022-11-15 00:00:00,33.95,35.59,40.24,40.52,39.34,3328360956.8,0.031118,0.175234
601318SS_2022-12-09T000000_SELL_COUNTDOWN_PROGRESS_-1_2022-12-09T000000_1,2022-12-09 00:00:00,601318.SS,1d,COUNTDOWN,SELL_COUNTDOWN_PROGRESS,-1,1,,,SELL_SETUP,True,2022-11-29 00:00:00,2022-12-09 00:00:00,40.52,34.96,2022-12-09 00:00:00,2022-12-09 00:00:00,,,,,,,,,,,,,,2022-12-09 00:00:00,39.34,40.52,40.24,40.52,39.34,3328360956.8,0.031118,0.175234
600036SS_2022-12-09T000000_SELL_SETUP_PERFECT_-1_2022-12-09T000000_9,2022-12-09 00:00:00,600036.SS,1d,SETUP,SELL_SETUP_PERFECT,-1,9,True,,SELL_SETUP,True,2022-11-29 00:00:00,2022-12-09 00:00:00,,,,,,,,,,,,,,,,,,,,,,,,2817448064.0,0.035514,0.136639
600036SS_2022-12-09T000000_SELL_COUNTDOWN_CANCEL_-1_2022-11-11T000000_9,2022-12-09 00:00:00,600036.SS,1d,COUNTDOWN,SELL_COUNTDOWN_CANCEL,-1,9,,same_setup,SELL_SETUP,True,2022-11-01 00:00:00,2022-11-11 00:00:00,25.08,20.29,2022-11-11 00:00:00,2022-11-11 00:00:00,2022-11-14 00:00:00,2022-11-15 00:00:00,2022-11-23 00:00:00,2022-11-25 00:00:00,2022-11-29 00:00:00,2022-11-30 00:00:00,2022-12-01 00:00:00,28.28,2022-12-06 00:00:00,,,,,2022-11-11 00:00:00,22.99,25.08,30.03,30.21,28.91,2817448064.0,0.035514,0.136639
600036SS_2022-12-09T000000_SELL_COUNTDOWN_PROGRESS_-1_2022-12-09T000000_1,2022-12-09 00:00:00,600036.SS,1d,COUNTDOWN,SELL_COUNTDOWN_PROGRESS,-1,1,,,SELL_SETUP,True,2022-11-29 00:00:00,2022-12-09 00:00:00,30.21,26.03,2022-12-09 00:00:00,2022-12-09 00:00:00,,,,,,,,,,,,,,2022-12-09 00:00:00,28.91,30.21,30.03,30.21,28.91,2817448064.0,0.035514,0.136639
000651SZ_2022-12-09T000000_SELL_COUNTDOWN_PROGRESS_-1_2022-12-07T000000_2,2022-12-09 00:00:00,000651.SZ,1d,COUNTDOWN,SELL_COUNTDOWN_PROGRESS,-1,2,,,SELL_SETUP,True,2022-11-25 00:00:00,2022-12-07 00:00:00,25.03,22.54,2022-12-07 00:00:00,2022-12-07 00:00:00,2022-12-09 00:00:00,,,,,,,,,,,,,2022-12-07 00:00:00,24.38,25.03,25.56,25.78,24.66,1107277255.6695,0.017041,0.092775
600519SS_2022-12-12T000000_SELL_COUNTDOWN_PROGRESS_-1_2022-12-09T000000_2,2022-12-12 00:00:00,600519.SS,1d,COUNTDOWN,SELL_COUNTDOWN_PROGRESS,-1,2,,,SELL_SETUP,True,2022-11-29 00:00:00,2022-12-09 00:00:00,1556.75,1377.75,2022-12-09 00:00:00,2022-12-09 00:00:00,2022-12-12 00:00:00,,,,,,,,,,,,,2022-12-09 00:00:00,1508.75,1556.75,1565.77,1592.75,1541.75,5713182054.4,0.02053,0.106747
000858SZ_2022-12-12T000000_SELL_COUNTDOWN_PROGRESS_-1_2022-12-09T000000_2,2022-12-12 00:00:00,000858.SZ,1d,COUNTDOWN,SELL_COUNTDOWN_PROGRESS,-1,2,,,SELL_SETUP,True,2022-11-29 00:00:00,2022-12-09 00:00:00,166.69,133.12,2022-12-09 00:00:00,2022-12-09 00:00:00,2022-12-12 00:00:00,,,,,,,,,,,,,2022-12-09 00:00:00,157.34,166.69,161.57,166.6,161.13,4010995745.4605,0.027237,0.176167
600036SS_2022-12-12T000000_SELL_COUNTDOWN_PROGRESS_-1_2022-12-09T000000_2,2022-12-12 00:00:00,600036.SS,1d,COUNTDOWN,SELL_COUNTDOWN_PROGRESS,-1,2,,,SELL_SETUP,True,2022-11-29 00:00:00,2022-12-09 00:00:00,30.21,26.03,2022-12-09 00:00:00,2022-12-09 00:00:00,2022-12-12 00:00:00,,,,,,,,,,,,,2022-12-09 00:00:00,28.91,30.21,29.07,29.88,28.96,2585849881.6,0.036587,0.094503
600519SS_2022-12-13T000000_SELL_COUNTDOWN_PROGRESS_-1_2022-12-09T000000_3,2022-12-13 00:00:00,600519.SS,1d,COUNTDOWN,SELL_COUNTDOWN_PROGRESS,-1,3,,,SELL_SETUP,True,2022-11-29 00:00:00,2022-12-09 00:00:00,1556.75,1377.75,2022-12-09 00:00:00,2022-12-09 00:00:00,2022-12-12 00:00:00,2022-12-13 00:00:00,,,,,,,,,,,,2022-12-09 00:00:00,1508.75,1556.75,1576.75,1587.44,1556.75,5457017600.0,0.020455,0.116678
600519SS_2022-12-14T000000_SELL_COUNTDOWN_PROGRESS_-1_2022-12-09T000000_4,2022-12-14 00:00:00,600519.SS,1d,COUNTDOWN,SELL_COUNTDOWN_PROGRESS,-1,4,,,SELL_SETUP,True,2022-11-29 00:00:00,2022-12-09 00:00:00,1556.75,1377.75,2022-12-09 00:00:00,2022-12-09 00:00:00,2022-12-12 00:00:00,2022-12-13 00:00:00,2022-12-14 00:00:00,,,,,,,,,,,2022-12-09 00:00:00,1508.75,1556.75,1597.62,1607.55,1569.75,5501536371.2,0.020009,0.146274
000858SZ_2022-12-14T000000_SELL_COUNTDOWN_PROGRESS_-1_2022-12-09T000000_3,2022-12-14 00:00:00,000858.SZ,1d,COUNTDOWN,SELL_COUNTDOWN_PROGRESS,-1,3,,,SELL_SETUP,True,2022-11-29 00:00:00,2022-12-09 00:00:00,166.69,133.12,2022-12-09 00:00:00,2022-12-09 00:00:00,2022-12-12 00:00:00,2022-12-14 00:00:00,,,,,,,,,,,,2022-12-09 00:00:00,157.34,166.69,167.3,168.49,161.58,4093600665.571,0.027011,0.231777
600036SS_2022-12-14T000000_SELL_COUNTDOWN_PROGRESS_-1_2022-12-09T000000_3,2022-12-14 00:00:00,600036.SS,1d,COUNTDOWN,SELL_COUNTDOWN_PROGRESS,-1,3,,,SELL_SETUP,True,2022-11-29 00:00:00,2022-12-09 00:00:00,30.21,26.03,2022-12-09 00:00:00,2022-12-09 00:00:00,2022-12-12 00:00:00,2022-12-14 00:00:00,,,,,,,,,,,,2022-12-09 00:00:00,28.91,30.21,30.19,30.32,29.3,2518559552.0,0.035198,0.179758
600519SS_2022-12-15T000000_SELL_COUNTDOWN_PROGRESS_-1_2022-12-09T000000_5,2022-12-15 00:00:00,600519.SS,1d,COUNTDOWN,SELL_COUNTDOWN_PROGRESS,-1,5,,,SELL_SETUP,True,2022-11-29 00:00:00,2022-12-09 00:00:00,1556.75,1377.75,2022-12-09 00:00:00,2022-12-09 00:00:00,2022-12-12 00:00:00,2022-12-13 00:00:00,2022-12-14 00:00:00,2022-12-15 00:00:00,,,,,,,,,,2022-12-09 00:00:00,1508.75,1556.75,1613.74,1642.75,1606.75,5536739494.4,0.019941,0.157732
000858SZ_2022-12-15T000000_SELL_COUNTDOWN_PROGRESS_-1_2022-12-09T000000_4,2022-12-15 00:00:00,000858.SZ,1d,COUNTDOWN,SELL_COUNTDOWN_PROGRESS,-1,4,,,SELL_SETUP,True,2022-11-29 00:00:00,2022-12-09 00:00:00,166.69,133.12,2022-12-09 00:00:00,2022-12-09 00:00:00,2022-12-12 00:00:00,2022-12-14 00:00:00,2022-12-15 00:00:00,,,,,,,,,,,2022-12-09 00:00:00,157.34,166.69,165.18,169.02,163.99,4149321100.6755,0.027535,0.207191
600036SS_2022-12-15T000000_SELL_COUNTDOWN_PROGRESS_-1_2022-12-09T000000_4,2022-12-15 00:00:00,600036.SS,1d,COUNTDOWN,SELL_COUNTDOWN_PROGRESS,-1,4,,,SELL_SETUP,True,2022-11-29 00:00:00,2022-12-09 00:00:00,30.21,26.03,2022-12-09 00:00:00,2022-12-09 00:00:00,2022-12-12 00:00:00,2022-12-14 00:00:00,2022-12-15 00:00:00,,,,,,,,,,,2022-12-09 00:00:00,28.91,30.21,29.61,30.24,29.5,2424158950.4,0.03554,0.168047
600519SS_2022-12-16T000000_SELL_COUNTDOWN_PROGRESS_-1_2022-12-09T000000_6,2022-12-16 00:00:00,600519.SS,1d,COUNTDOWN,SELL_COUNTDOWN_PROGRESS,-1,6,,,SELL_SETUP,True,2022-11-29 00:00:00,2022-12-09 00:00:00,1556.75,1377.75,2022-12-09 00:00:00,2022-12-09 00:00:00,2022-12-12 00:00:00,2022-12-13 00:00:00,2022-12-14 00:00:00,2022-12-15 00:00:00,2022-12-16 00:00:00,,,,,,,,,2022-12-09 00:00:00,1508.75,1556.75,1613.62,1617.75,1569.75,5646629171.2,0.017495,0.198176
600036SS_2022-12-16T000000_SELL_COUNTDOWN_PROGRESS_-1_2022-12-09T000000_5,2022-12-16 00:00:00,600036.SS,1d,COUNTDOWN,SELL_COUNTDOWN_PROGRESS,-1,5,,,SELL_SETUP,True,2022-11-29 00:00:00,2022-12-09 00:00:00,30.21,26.03,2022-12-09 00:00:00,2022-12-09 00:00:00,2022-12-12 00:00:00,2022-12-14 00:00:00,2022-12-15 00:00:00,2022-12-16 00:00:00,,,,,,,,,,2022-12-09 00:00:00,28.91,30.21,30.37,30.48,29.58,2446038803.2,0.0355,0.207555
600519SS_2022-12-22T000000_SELL_COUNTDOWN_PROGRESS_-1_2022-12-09T000000_7,2022-12-22 00:00:00,600519.SS,1d,COUNTDOWN,SELL_COUNTDOWN_PROGRESS,-1,7,,,SELL_SETUP,True,2022-11-29 00:00:00,2022-12-09 00:00:00,1556.75,1377.75,2022-12-09 00:00:00,2022-12-09 00:00:00,2022-12-12 00:00:00,2022-12-13 00:00:00,2022-12-14 00:00:00,2022-12-15 00:00:00,2022-12-16 00:00:00,2022-12-22 00:00:00,,,,,,,,2022-12-09 00:00:00,1508.75,1556.75,1594.75,1609.75,1571.75,5759804249.6,0.019622,0.182382
601318SS_2022-12-22T000000_SELL_COUNTDOWN_PROGRESS_-1_2022-12-09T000000_2,2022-12-22 00:00:00,601318.SS,1d,COUNTDOWN,SELL_COUNTDOWN_PROGRESS,-1,2,,,SELL_SETUP,True,2022-11-29 00:00:00,2022-12-09 00:00:00,40.52,34.96,2022-12-09 00:00:00,2022-12-09 00:00:00,2022-12-22 00:00:00,,,,,,,,,,,,,2022-12-22 00:00:00,38.29,38.82,38.52,38.82,38.29,3111718342.4,0.032384,0.088443
000651SZ_2022-12-22T000000_SELL_COUNTDOWN_PROGRESS_-1_2022-12-07T000000_3,2022-12-22 00:00:00,000651.SZ,1d,COUNTDOWN,SELL_COUNTDOWN_PROGRESS,-1,3,,,SELL_SETUP,True,2022-11-25 00:00:00,2022-12-07 00:00:00,25.03,22.54,2022-12-07 00:00:00,2022-12-07 00:00:00,2022-12-09 00:00:00,2022-12-22 00:00:00,,,,,,,,,,,,2022-12-22 00:00:00,24.26,25.05,24.62,25.05,24.26,1108190397.3995,0.018158,0.050341
600519SS_2022-12-23T000000_SELL_COUNTDOWN_PROGRESS_-1_2022-12-09T000000_8,2022-12-23 00:00:00,600519.SS,1d,COUNTDOWN,SELL_COUNTDOWN_PROGRESS,-1,8,,,SELL_SETUP,True,2022-11-29 00:00:00,2022-12-09 00:00:00,1556.75,1377.75,2022-12-09 00:00:00,2022-12-09 00:00:00,2022-12-12 00:00:00,2022-12-13 00:00:00,2022-12-14 00:00:00,2022-12-15 00:00:00,2022-12-16 00:00:00,2022-12-22 00:00:00,2022-12-23 00:00:00,1597.75,,,,,,2022-12-09 00:00:00,1508.75,1556.75,1597.75,1608.75,1571.75,5771285248.0,0.019242,0.195357
000858SZ_2022-12-23T000000_SELL_COUNTDOWN_PROGRESS_-1_2022-12-09T000000_5,2022-12-23 00:00:00,000858.SZ,1d,COUNTDOWN,SELL_COUNTDOWN_PROGRESS,-1,5,,,SELL_SETUP,True,2022-11-29 00:00:00,2022-12-09 00:00:00,166.69,133.12,2022-12-09 00:00:00,2022-12-09 00:00:00,2022-12-12 00:00:00,2022-12-14 00:00:00,2022-12-15 00:00:00,2022-12-23 00:00:00,,,,,,,,,,2022-12-09 00:00:00,157.34,166.69,163.51,166.22,159.62,4666569997.628,0.028674,0.249408
601318SS_2022-12-23T000000_SELL_COUNTDOWN_PROGRESS_-1_2022-12-09T000000_3,2022-12-23 00:00:00,601318.SS,1d,COUNTDOWN,SELL_COUNTDOWN_PROGRESS,-1,3,,,SELL_SETUP,True,2022-11-29 00:00:00,2022-12-09 00:00:00,40.52,34.96,2022-12-09 00:00:00,2022-12-09 00:00:00,2022-12-22 00:00:00,2022-12-23 00:00:00,,,,,,,,,,,,2022-12-23 00:00:00,37.96,38.65,38.28,38.65,37.96,3054281888.0,0.030918,0.124229
600036SS_2022-12-23T000000_SELL_COUNTDOWN_PROGRESS_-1_2022-12-09T000000_6,2022-12-23 00:00:00,600036.SS,1d,COUNTDOWN,SELL_COUNTDOWN_PROGRESS,-1,6,,,SELL_SETUP,True,2022-11-29 00:00:00,2022-12-09 00:00:00,30.21,26.03,2022-12-09 00:00:00,2022-12-09 00:00:00,2022-12-12 00:00:00,2022-12-14 00:00:00,2022-12-15 00:00:00,2022-12-16 00:00:00,2022-12-23 00:00:00,,,,,,,,,2022-12-09 00:00:00,28.91,30.21,29.65,30.08,29.43,2380244550.4,0.034628,0.174723
000651SZ_2022-12-23T000000_SELL_COUNTDOWN_PROGRESS_-1_2022-12-07T000000_4,2022-12-23 00:00:00,000651.SZ,1d,COUNTDOWN,SELL_COUNTDOWN_PROGRESS,-1,4,,,SELL_SETUP,True,2022-11-25 00:00:00,2022-12-07 00:00:00,25.03,22.54,2022-12-07 00:00:00,2022-12-07 00:00:00,2022-12-09 00:00:00,2022-12-22 00:00:00,2022-12-23 00:00:00,,,,,,,,,,,2022-12-23 00:00:00,24.24,24.77,24.46,24.77,24.24,1074581885.499,0.018002,0.05522
601318SS_2022-12-28T000000_SELL_COUNTDOWN_PROGRESS_-1_2022-12-09T000000_4,2022-12-28 00:00:00,601318.SS,1d,COUNTDOWN,SELL_COUNTDOWN_PROGRESS,-1,4,,,SELL_SETUP,True,2022-11-29 00:00:00,2022-12-09 00:00:00,40.52,34.96,2022-12-09 00:00:00,2022-12-09 00:00:00,2022-12-22 00:00:00,2022-12-23 00:00:00,2022-12-28 00:00:00,,,,,,,,,,,2022-12-28 00:00:00,37.94,39.09,38.92,39.09,37.94,2574665625.6,0.023704,0.038698
600036SS_2022-12-28T000000_SELL_COUNTDOWN_PROGRESS_-1_2022-12-09T000000_7,2022-12-28 00:00:00,600036.SS,1d,COUNTDOWN,SELL_COUNTDOWN_PROGRESS,-1,7,,,SELL_SETUP,True,2022-11-29 00:00:00,2022-12-09 00:00:00,30.21,26.03,2022-12-09 00:00:00,2022-12-09 00:00:00,2022-12-12 00:00:00,2022-12-14 00:00:00,2022-12-15 00:00:00,2022-12-16 00:00:00,2022-12-23 00:00:00,2022-12-28 00:00:00,,,,,,,,2022-12-09 00:00:00,28.91,30.21,30.61,30.8,29.86,2032193420.8,0.025179,0.08239
600036SS_2022-12-29T000000_SELL_COUNTDOWN_PROGRESS_-1_2022-12-09T000000_8,2022-12-29 00:00:00,600036.SS,1d,COUNTDOWN,SELL_COUNTDOWN_PROGRESS,-1,8,,,SELL_SETUP,True,2022-11-29 00:00:00,2022-12-09 00:00:00,30.21,26.03,2022-12-09 00:00:00,2022-12-09 00:00:00,2022-12-12 00:00:00,2022-12-14 00:00:00,2022-12-15 00:00:00,2022-12-16 00:00:00,2022-12-23 00:00:00,2022-12-28 00:00:00,2022-12-29 00:00:00,30.51,,,,,,2022-12-09 00:00:00,28.91,30.21,30.51,30.6,29.93,1979891136.0,0.024504,0.102638
601318SS_2022-12-30T000000_SELL_COUNTDOWN_PROGRESS_-1_2022-12-09T000000_5,2022-12-30 00:00:00,601318.SS,1d,COUNTDOWN,SELL_COUNTDOWN_PROGRESS,-1,5,,,SELL_SETUP,True,2022-11-29 00:00:00,2022-12-09 00:00:00,40.52,34.96,2022-12-09 00:00:00,2022-12-09 00:00:00,2022-12-22 00:00:00,2022-12-23 00:00:00,2022-12-28 00:00:00,2022-12-30 00:00:00,,,,,,,,,,2022-12-28 00:00:00,37.94,39.09,39.64,39.84,38.64,2480807628.8,0.018816,-0.007014
600519SS_2023-01-03T000000_SELL_COUNTDOWN_PROGRESS_-1_2022-12-09T000000_9,2023-01-03 00:00:00,600519.SS,1d,COUNTDOWN,SELL_COUNTDOWN_PROGRESS,-1,9,,,SELL_SETUP,True,2022-11-29 00:00:00,2022-12-09 00:00:00,1556.75,1377.75,2022-12-09 00:00:00,2022-12-09 00:00:00,2022-12-12 00:00:00,2022-12-13 00:00:00,2022-12-14 00:00:00,2022-12-15 00:00:00,2022-12-16 00:00:00,2022-12-22 00:00:00,2022-12-23 00:00:00,1597.75,2023-01-03 00:00:00,,,,,2022-12-09 00:00:00,1508.75,1556.75,1578.67,1587.09,1554.67,4833369664.0,0.013687,0.042198
601318SS_2023-01-03T000000_SELL_COUNTDOWN_PROGRESS_-1_2022-12-09T000000_6,2023-01-03 00:00:00,601318.SS,1d,COUNTDOWN,SELL_COUNTDOWN_PROGRESS,-1,6,,,SELL_SETUP,True,2022-11-29 00:00:00,2022-12-09 00:00:00,40.52,34.96,2022-12-09 00:00:00,2022-12-09 00:00:00,2022-12-22 00:00:00,2022-12-23 00:00:00,2022-12-28 00:00:00,2022-12-30 00:00:00,2023-01-03 00:00:00,,,,,,,,,2022-12-28 00:00:00,37.94,39.09,39.79,39.9,38.7,2300097881.6,0.018813,-0.007236
600036SS_2023-01-03T000000_SELL_COUNTDOWN_PROGRESS_-1_2022-12-09T000000_9,2023-01-03 00:00:00,600036.SS,1d,COUNTDOWN,SELL_COUNTDOWN_PROGRESS,-1,9,,,SELL_SETUP,True,2022-11-29 00:00:00,2022-12-09 00:00:00,30.21,26.03,2022-12-09 00:00:00,2022-12-09 00:00:00,2022-12-12 00:00:00,2022-12-14 00:00:00,2022-12-15 00:00:00,2022-12-16 00:00:00,2022-12-23 00:00:00,2022-12-28 00:00:00,2022-12-29 00:00:00,30.51,2023-01-03 00:00:00,,,,,2022-12-09 00:00:00,28.91,30.21,30.86,31.06,29.81,1901072672.0,0.020509,0.059389
601318SS_2023-01-04T000000_SELL_COUNTDOWN_PROGRESS_-1_2022-12-09T000000_7,2023-01-04 00:00:00,601318.SS,1d,COUNTDOWN,SELL_COUNTDOWN_PROGRESS,-1,7,,,SELL_SETUP,True,2022-11-29 00:00:00,2022-12-09 00:00:00,40.52,34.96,2022-12-09 00:00:00,2022-12-09 00:00:00,2022-12-22 00:00:00,2022-12-23 00:00:00,2022-12-28 00:00:00,2022-12-30 00:00:00,2023-01-03 00:00:00,2023-01-04 00:00:00,,,,,,,,2022-12-28 00:00:00,37.94,39.09,41.17,41.27,39.94,2301733785.6,0.019815,0.046518
600036SS_2023-01-04T000000_SELL_COUNTDOWN_PROGRESS_-1_2022-12-09T000000_10,2023-01-04 00:00:00,600036.SS,1d,COUNTDOWN,SELL_COUNTDOWN_PROGRESS,-1,10,,,SELL_SETUP,True,2022-11-29 00:00:00,2022-12-09 00:00:00,30.21,26.03,2022-12-09 00:00:00,2022-12-09 00:00:00,2022-12-12 00:00:00,2022-12-14 00:00:00,2022-12-15 00:00:00,2022-12-16 00:00:00,2022-12-23 00:00:00,2022-12-28 00:00:00,2022-12-29 00:00:00,30.51,2023-01-03 00:00:00,2023-01-04 00:00:00,,,,2022-12-09 00:00:00,28.91,30.21,31.93,32.11,30.81,1945302419.2,0.020992,0.116434
000651SZ_2023-01-04T000000_SELL_COUNTDOWN_PROGRESS_-1_2022-12-07T000000_5,2023-01-04 00:00:00,000651.SZ,1d,COUNTDOWN,SELL_COUNTDOWN_PROGRESS,-1,5,,,SELL_SETUP,True,2022-11-25 00:00:00,2022-12-07 00:00:00,25.03,22.54,2022-12-07 00:00:00,2022-12-07 00:00:00,2022-12-09 00:00:00,2022-12-22 00:00:00,2022-12-23 00:00:00,2023-01-04 00:00:00,,,,,,,,,,2023-01-04 00:00:00,24.12,25.02,24.99,25.02,24.12,970563042.8,0.016869,0.007661
600519SS_2023-01-05T000000_SELL_COUNTDOWN_PROGRESS_-1_2022-12-09T000000_10,2023-01-05 00:00:00,600519.SS,1d,COUNTDOWN,SELL_COUNTDOWN_PROGRESS,-1,10,,,SELL_SETUP,True,2022-11-29 00:00:00,2022-12-09 00:00:00,1556.75,1377.75,2022-12-09 00:00:00,2022-12-09 00:00:00,2022-12-12 00:00:00,2022-12-13 00:00:00,2022-12-14 00:00:00,2022-12-15 00:00:00,2022-12-16 00:00:00,2022-12-22 00:00:00,2022-12-23 00:00:00,1597.75,2023-01-03 00:00:00,2023-01-05 00:00:00,,,,2022-12-09 00:00:00,1508.75,1556.75,1649.66,1649.66,1581.66,4762119603.2,0.017125,0.089769
000858SZ_2023-01-05T000000_SELL_COUNTDOWN_PROGRESS_-1_2022-12-09T000000_6,2023-01-05 00:00:00,000858.SZ,1d,COUNTDOWN,SELL_COUNTDOWN_PROGRESS,-1,6,,,SELL_SETUP,True,2022-11-29 00:00:00,2022-12-09 00:00:00,166.69,133.12,2022-12-09 00:00:00,2022-12-09 00:00:00,2022-12-12 00:00:00,2022-12-14 00:00:00,2022-12-15 00:00:00,2022-12-23 00:00:00,2023-01-05 00:00:00,,,,,,,,,2022-12-09 00:00:00,157.34,166.69,172.22,172.73,163.62,3938177912.692,0.025949,0.090138
601318SS_2023-01-05T000000_SELL_COUNTDOWN_PROGRESS_-1_2022-12-09T000000_8,2023-01-05 00:00:00,601318.SS,1d,COUNTDOWN,SELL_COUNTDOWN_PROGRESS,-1,8,,,SELL_SETUP,True,2022-11-29 00:00:00,2022-12-09 00:00:00,40.52,34.96,2022-12-09 00:00:00,2022-12-09 00:00:00,2022-12-22 00:00:00,2022-12-23 00:00:00,2022-12-28 00:00:00,2022-12-30 00:00:00,2023-01-03 00:00:00,2023-01-04 00:00:00,2023-01-05 00:00:00,41.57,,,,,,2022-12-28 00:00:00,37.94,39.09,41.57,42.14,41.14,2287534067.2,0.019778,0.044735
600036SS_2023-01-05T000000_SELL_COUNTDOWN_PROGRESS_-1_2022-12-09T000000_11,2023-01-05 00:00:00,600036.SS,1d,COUNTDOWN,SELL_COUNTDOWN_PROGRESS,-1,11,,,SELL_SETUP,True,2022-11-29 00:00:00,2022-12-09 00:00:00,30.21,26.03,2022-12-09 00:00:00,2022-12-09 00:00:00,2022-12-12 00:00:00,2022-12-14 00:00:00,2022-12-15 00:00:00,2022-12-16 00:00:00,2022-12-23 00:00:00,2022-12-28 00:00:00,2022-12-29 00:00:00,30.51,2023-01-03 00:00:00,2023-01-04 00:00:00,2023-01-05 00:00:00,,,2022-12-09 00:00:00,28.91,30.21,31.78,32.55,31.68,1964992902.4,0.021127,0.106161
000651SZ_2023-01-05T000000_SELL_COUNTDOWN_PROGRESS_-1_2022-12-07T000000_6,2023-01-05 00:00:00,000651.SZ,1d,COUNTDOWN,SELL_COUNTDOWN_PROGRESS,-1,6,,,SELL_SETUP,True,2022-11-25 00:00:00,2022-12-07 00:00:00,25.03,22.54,2022-12-07 00:00:00,2022-12-07 00:00:00,2022-12-09 00:00:00,2022-12-22 00:00:00,2022-12-23 00:00:00,2023-01-04 00:00:00,2023-01-05 00:00:00,,,,,,,,,2023-01-04 00:00:00,24.12,25.02,25.88,26.13,25.18,993581790.761,0.018535,0.048198
600519SS_2023-01-06T000000_SELL_COUNTDOWN_PROGRESS_-1_2022-12-09T000000_11,2023-01-06 00:00:00,600519.SS,1d,COUNTDOWN,SELL_COUNTDOWN_PROGRESS,-1,11,,,SELL_SETUP,True,2022-11-29 00:00:00,2022-12-09 00:00:00,1556.75,1377.75,2022-12-09 00:00:00,2022-12-09 00:00:00,2022-12-12 00:00:00,2022-12-13 00:00:00,2022-12-14 00:00:00,2022-12-15 00:00:00,2022-12-16 00:00:00,2022-12-22 00:00:00,2022-12-23 00:00:00,1597.75,2023-01-03 00:00:00,2023-01-05 00:00:00,2023-01-06 00:00:00,,,2022-12-09 00:00:00,1508.75,1556.75,1652.43,1660.56,1635.66,4819990489.6,0.016191,0.061461
000858SZ_2023-01-06T000000_SELL_COUNTDOWN_PROGRESS_-1_2022-12-09T000000_7,2023-01-06 00:00:00,000858.SZ,1d,COUNTDOWN,SELL_COUNTDOWN_PROGRESS,-1,7,,,SELL_SETUP,True,2022-11-29 00:00:00,2022-12-09 00:00:00,166.69,133.12,2022-12-09 00:00:00,2022-12-09 00:00:00,2022-12-12 00:00:00,2022-12-14 00:00:00,2022-12-15 00:00:00,2022-12-23 00:00:00,2023-01-05 00:00:00,2023-01-06 00:00:00,,,,,,,,2022-12-09 00:00:00,157.34,166.69,173.68,174.33,171.0,4023394902.3595,0.023282,0.043186
601318SS_2023-01-06T000000_SELL_COUNTDOWN_PROGRESS_-1_2022-12-09T000000_9,2023-01-06 00:00:00,601318.SS,1d,COUNTDOWN,SELL_COUNTDOWN_PROGRESS,-1,9,,,SELL_SETUP,True,2022-11-29 00:00:00,2022-12-09 00:00:00,40.52,34.96,2022-12-09 00:00:00,2022-12-09 00:00:00,2022-12-22 00:00:00,2022-12-23 00:00:00,2022-12-28 00:00:00,2022-12-30 00:00:00,2023-01-03 00:00:00,2023-01-04 00:00:00,2023-01-05 00:00:00,41.57,2023-01-06 00:00:00,,,,,2022-12-28 00:00:00,37.94,39.09,42.38,42.47,41.69,2375626368.0,0.020052,0.053181
600036SS_2023-01-06T000000_SELL_SETUP_PERFECT_-1_2023-01-06T000000_9,2023-01-06 00:00:00,600036.SS,1d,SETUP,SELL_SETUP_PERFECT,-1,9,True,,SELL_SETUP,True,2022-12-26 00:00:00,2023-01-06 00:00:00,,,,,,,,,,,,,,,,,,,,,,,,1999061760.0,0.019008,0.054279
600036SS_2023-01-06T000000_SELL_COUNTDOWN_CANCEL_-1_2022-12-09T000000_11,2023-01-06 00:00:00,600036.SS,1d,COUNTDOWN,SELL_COUNTDOWN_CANCEL,-1,11,,same_setup,SELL_SETUP,True,2022-11-29 00:00:00,2022-12-09 00:00:00,30.21,26.03,2022-12-09 00:00:00,2022-12-09 00:00:00,2022-12-12 00:00:00,2022-12-14 00:00:00,2022-12-15 00:00:00,2022-12-16 00:00:00,2022-12-23 00:00:00,2022-12-28 00:00:00,2022-12-29 00:00:00,30.51,2023-01-03 00:00:00,2023-01-04 00:00:00,2023-01-05 00:00:00,,,2022-12-09 00:00:00,28.91,30.21,31.66,32.21,31.17,1999061760.0,0.019008,0.054279
000651SZ_2023-01-06T000000_SELL_COUNTDOWN_PROGRESS_-1_2022-12-07T000000_7,2023-01-06 00:00:00,000651.SZ,1d,COUNTDOWN,SELL_COUNTDOWN_PROGRESS,-1,7,,,SELL_SETUP,True,2022-11-25 00:00:00,2022-12-07 00:00:00,25.03,22.54,2022-12-07 00:00:00,2022-12-07 00:00:00,2022-12-09 00:00:00,2022-12-22 00:00:00,2022-12-23 00:00:00,2023-01-04 00:00:00,2023-01-05 00:00:00,2023-01-06 00:00:00,,,,,,,,2023-01-04 00:00:00,24.12,25.02,25.78,26.08,25.59,1005337279.238,0.016901,0.008607
600519SS_2023-01-09T000000_SELL_COUNTDOWN_PROGRESS_-1_2022-12-09T000000_12,2023-01-09 00:00:00,600519.SS,1d,COUNTDOWN,SELL_COUNTDOWN_PROGRESS,-1,12,,,SELL_SETUP,True,2022-11-29 00:00:00,2022-12-09 00:00:00,1556.75,1377.75,2022-12-09 00:00:00,2022-12-09 00:00:00,2022-12-12 00:00:00,2022-12-13 00:00:00,2022-12-14 00:00:00,2022-12-15 00:00:00,2022-12-16 00:00:00,2022-12-22 00:00:00,2022-12-23 00:00:00,1597.75,2023-01-03 00:00:00,2023-01-05 00:00:00,2023-01-06 00:00:00,2023-01-09 00:00:00,,2022-12-09 00:00:00,1508.75,1556.75,1689.86,1698.64,1656.48,4768352320.0,0.016757,0.079252
000858SZ_2023-01-09T000000_SELL_COUNTDOWN_PROGRESS_-1_2022-12-09T000000_8,2023-01-09 00:00:00,000858.SZ,1d,COUNTDOWN,SELL_COUNTDOWN_PROGRESS,-1,8,,,SELL_SETUP,True,2022-11-29 00:00:00,2022-12-09 00:00:00,166.69,133.12,2022-12-09 00:00:00,2022-12-09 00:00:00,2022-12-12 00:00:00,2022-12-14 00:00:00,2022-12-15 00:00:00,2022-12-23 00:00:00,2023-01-05 00:00:00,2023-01-06 00:00:00,2023-01-09 00:00:00,179.1,,,,,,2022-12-09 00:00:00,157.34,166.69,179.1,180.11,173.38,3914029011.577,0.022829,0.108498
601318SS_2023-01-09T000000_SELL_SETUP_PERFECT_-1_2023-01-09T000000_9,2023-01-09 00:00:00,601318.SS,1d,SETUP,SELL_SETUP_PERFECT,-1,9,True,,SELL_SETUP,True,2022-12-27 00:00:00,2023-01-09 00:00:00,,,,,,,,,,,,,,,,,,,,,,,,2429629734.4,0.018579,0.122133
601318SS_2023-01-09T000000_SELL_COUNTDOWN_CANCEL_-1_2022-12-09T000000_9,2023-01-09 00:00:00,601318.SS,1d,COUNTDOWN,SELL_COUNTDOWN_CANCEL,-1,9,,same_setup,SELL_SETUP,True,2022-11-29 00:00:00,2022-12-09 00:00:00,40.52,34.96,2022-12-09 00:00:00,2022-12-09 00:00:00,2022-12-22 00:00:00,2022-12-23 00:00:00,2022-12-28 00:00:00,2022-12-30 00:00:00,2023-01-03 00:00:00,2023-01-04 00:00:00,2023-01-05 00:00:00,41.57,2023-01-06 00:00:00,,,,,2022-12-28 00:00:00,37.94,39.09,43.55,43.59,42.34,2429629734.4,0.018579,0.122133
601318SS_2023-01-09T000000_SELL_COUNTDOWN_PROGRESS_-1_2023-01-09T000000_1,2023-01-09 00:00:00,601318.SS,1d,COUNTDOWN,SELL_COUNTDOWN_PROGRESS,-1,1,,,SELL_SETUP,True,2022-12-27 00:00:00,2023-01-09 00:00:00,43.59,37.67,2023-01-09 00:00:00,2023-01-09 00:00:00,,,,,,,,,,,,,,2023-01-09 00:00:00,42.34,43.59,43.55,43.59,42.34,2429629734.4,0.018579,0.122133
600519SS_2023-01-10T000000_SELL_COUNTDOWN_COMPLETE_PERFECT_-1_2022-12-09T000000_13,2023-01-10 00:00:00,600519.SS,1d,COUNTDOWN,SELL_COUNTDOWN_COMPLETE_PERFECT,-1,13,True,,SELL_SETUP,True,2022-11-29 00:00:00,2022-12-09 00:00:00,1556.75,1377.75,2022-12-09 00:00:00,2022-12-09 00:00:00,2022-12-12 00:00:00,2022-12-13 00:00:00,2022-12-14 00:00:00,2022-12-15 00:00:00,2022-12-16 00:00:00,2022-12-22 00:00:00,2022-12-23 00:00:00,1597.75,2023-01-03 00:00:00,2023-01-05 00:00:00,2023-01-06 00:00:00,2023-01-09 00:00:00,2023-01-10 00:00:00,2022-12-09 00:00:00,1508.75,1556.75,1703.11,1713.16,1679.16,4675393625.6,0.016766,0.08014
000858SZ_2023-01-10T000000_SELL_COUNTDOWN_PROGRESS_-1_2022-12-09T000000_9,2023-01-10 00:00:00,000858.SZ,1d,COUNTDOWN,SELL_COUNTDOWN_PROGRESS,-1,9,,,SELL_SETUP,True,2022-11-29 00:00:00,2022-12-09 00:00:00,166.69,133.12,2022-12-09 00:00:00,2022-12-09 00:00:00,2022-12-12 00:00:00,2022-12-14 00:00:00,2022-12-15 00:00:00,2022-12-23 00:00:00,2023-01-05 00:00:00,2023-01-06 00:00:00,2023-01-09 00:00:00,179.1,2023-01-10 00:00:00,,,,,2022-12-09 00:00:00,157.34,166.69,178.46,179.93,177.83,3842918847.969,0.022919,0.096933
000651SZ_2023-01-11T000000_SELL_COUNTDOWN_PROGRESS_-1_2022-12-07T000000_8,2023-01-11 00:00:00,000651.SZ,1d,COUNTDOWN,SELL_COUNTDOWN_PROGRESS,-1,8,,,SELL_SETUP,True,2022-11-25 00:00:00,2022-12-07 00:00:00,25.03,22.54,2022-12-07 00:00:00,2022-12-07 00:00:00,2022-12-09 00:00:00,2022-12-22 00:00:00,2022-12-23 00:00:00,2023-01-04 00:00:00,2023-01-05 00:00:00,2023-01-06 00:00:00,2023-01-11 00:00:00,26.11,,,,,,2023-01-04 00:00:00,24.12,25.02,26.11,26.18,25.61,915227796.4555,0.016089,0.041069
601318SS_2023-01-12T000000_SELL_COUNTDOWN_PROGRESS_-1_2023-01-09T000000_2,2023-01-12 00:00:00,601318.SS,1d,COUNTDOWN,SELL_COUNTDOWN_PROGRESS,-1,2,,,SELL_SETUP,True,2022-12-27 00:00:00,2023-01-09 00:00:00,43.59,37.67,2023-01-09 00:00:00,2023-01-09 00:00:00,2023-01-12 00:00:00,,,,,,,,,,,,,2023-01-09 00:00:00,42.34,43.59,43.55,43.75,43.07,2702332179.2,0.021878,0.114666
600036SS_2023-01-12T000000_SELL_COUNTDOWN_PROGRESS_-1_2023-01-06T000000_1,2023-01-12 00:00:00,600036.SS,1d,COUNTDOWN,SELL_COUNTDOWN_PROGRESS,-1,1,,,SELL_SETUP,True,2022-12-26 00:00:00,2023-01-06 00:00:00,32.55,29.17,2023-01-06 00:00:00,2023-01-12 00:00:00,,,,,,,,,,,,,,2023-01-12 00:00:00,32.01,32.43,32.33,32.43,32.01,1893538675.2,0.016726,0.091861
000858SZ_2023-01-13T000000_SELL_COUNTDOWN_PROGRESS_-1_2022-12-09T000000_10,2023-01-13 00:00:00,000858.SZ,1d,COUNTDOWN,SELL_COUNTDOWN_PROGRESS,-1,10,,,SELL_SETUP,True,2022-11-29 00:00:00,2022-12-09 00:00:00,166.69,133.12,2022-12-09 00:00:00,2022-12-09 00:00:00,2022-12-12 00:00:00,2022-12-14 00:00:00,2022-12-15 00:00:00,2022-12-23 00:00:00,2023-01-05 00:00:00,2023-01-06 00:00:00,2023-01-09 00:00:00,179.1,2023-01-10 00:00:00,2023-01-13 00:00:00,,,,2022-12-09 00:00:00,157.34,166.69,181.8,182.63,176.56,3766327841.3755,0.022857,0.096899
601318SS_2023-01-13T000000_SELL_COUNTDOWN_PROGRESS_-1_2023-01-09T000000_3,2023-01-13 00:00:00,601318.SS,1d,COUNTDOWN,SELL_COUNTDOWN_PROGRESS,-1,3,,,SELL_SETUP,True,2022-12-27 00:00:00,2023-01-09 00:00:00,43.59,37.67,2023-01-09 00:00:00,2023-01-09 00:00:00,2023-01-12 00:00:00,2023-01-13 00:00:00,,,,,,,,,,,,2023-01-09 00:00:00,42.34,43.59,44.99,44.99,43.69,2841133548.8,0.022675,0.137835
600036SS_2023-01-13T000000_SELL_COUNTDOWN_PROGRESS_-1_2023-01-06T000000_2,2023-01-13 00:00:00,600036.SS,1d,COUNTDOWN,SELL_COUNTDOWN_PROGRESS,-1,2,,,SELL_SETUP,True,2022-12-26 00:00:00,2023-01-06 00:00:00,32.55,29.17,2023-01-06 00:00:00,2023-01-12 00:00:00,2023-01-13 00:00:00,,,,,,,,,,,,,2023-01-12 00:00:00,32.01,32.43,32.94,32.94,32.25,1911310060.8,0.016344,0.084623
000858SZ_2023-01-16T000000_SELL_COUNTDOWN_PROGRESS_-1_2022-12-09T000000_11,2023-01-16 00:00:00,000858.SZ,1d,COUNTDOWN,SELL_COUNTDOWN_PROGRESS,-1,11,,,SELL_SETUP,True,2022-11-29 00:00:00,2022-12-09 00:00:00,166.69,133.12,2022-12-09 00:00:00,2022-12-09 00:00:00,2022-12-12 00:00:00,2022-12-14 00:00:00,2022-12-15 00:00:00,2022-12-23 00:00:00,2023-01-05 00:00:00,2023-01-06 00:00:00,2023-01-09 00:00:00,179.1,2023-01-10 00:00:00,2023-01-13 00:00:00,2023-01-16 00:00:00,,,2022-12-09 00:00:00,157.34,166.69,189.74,192.49,183.22,3972108277.156,0.023843,0.162836
601318SS_2023-01-16T000000_SELL_COUNTDOWN_PROGRESS_-1_2023-01-09T000000_4,2023-01-16 00:00:00,601318.SS,1d,COUNTDOWN,SELL_COUNTDOWN_PROGRESS,-1,4,,,SELL_SETUP,True,2022-12-27 00:00:00,2023-01-09 00:00:00,43.59,37.67,2023-01-09 00:00:00,2023-01-09 00:00:00,2023-01-12 00:00:00,2023-01-13 00:00:00,2023-01-16 00:00:00,,,,,,,,,,,2023-01-09 00:00:00,42.34,43.59,44.73,46.12,44.13,3065502771.2,0.021319,0.16454
600036SS_2023-01-16T000000_SELL_COUNTDOWN_PROGRESS_-1_2023-01-06T000000_3,2023-01-16 00:00:00,600036.SS,1d,COUNTDOWN,SELL_COUNTDOWN_PROGRESS,-1,3,,,SELL_SETUP,True,2022-12-26 00:00:00,2023-01-06 00:00:00,32.55,29.17,2023-01-06 00:00:00,2023-01-12 00:00:00,2023-01-13 00:00:00,2023-01-16 00:00:00,,,,,,,,,,,,2023-01-12 00:00:00,32.01,32.43,33.75,34.42,33.08,1977642707.2,0.015914,0.133311
000651SZ_2023-01-16T000000_SELL_SETUP_PERFECT_-1_2023-01-16T000000_9,2023-01-16 00:00:00,000651.SZ,1d,SETUP,SELL_SETUP_PERFECT,-1,9,True,,SELL_SETUP,True,2023-01-04 00:00:00,2023-01-16 00:00:00,,,,,,,,,,,,,,,,,,,,,,,,951488933.251,0.017205,0.108571
000651SZ_2023-01-16T000000_SELL_COUNTDOWN_CANCEL_-1_2022-12-07T000000_8,2023-01-16 00:00:00,000651.SZ,1d,COUNTDOWN,SELL_COUNTDOWN_CANCEL,-1,8,,same_setup,SELL_SETUP,True,2022-11-25 00:00:00,2022-12-07 00:00:00,25.03,22.54,2022-12-07 00:00:00,2022-12-07 00:00:00,2022-12-09 00:00:00,2022-12-22 00:00:00,2022-12-23 00:00:00,2023-01-04 00:00:00,2023-01-05 00:00:00,2023-01-06 00:00:00,2023-01-11 00:00:00,26.11,,,,,,2023-01-04 00:00:00,24.12,25.02,27.16,27.68,26.2,951488933.251,0.017205,0.108571
000651SZ_2023-01-16T000000_SELL_COUNTDOWN_PROGRESS_-1_2023-01-16T000000_1,2023-01-16 00:00:00,000651.SZ,1d,COUNTDOWN,SELL_COUNTDOWN_PROGRESS,-1,1,,,SELL_SETUP,True,2023-01-04 00:00:00,2023-01-16 00:00:00,27.68,24.12,2023-01-16 00:00:00,2023-01-16 00:00:00,,,,,,,,,,,,,,2023-01-16 00:00:00,26.2,27.68,27.16,27.68,26.2,951488933.251,0.017205,0.108571
600519SS_2023-01-17T000000_SELL_SETUP_PERFECT_-1_2023-01-17T000000_9,2023-01-17 00:00:00,600519.SS,1d,SETUP,SELL_SETUP_PERFECT,-1,9,True,,SELL_SETUP,True,2023-01-05 00:00:00,2023-01-17 00:00:00,,,,,,,,,,,,,,,,,,,,,,,,4662396966.4,0.015173,0.139394
600519SS_2023-01-17T000000_SELL_COUNTDOWN_PROGRESS_-1_2023-01-17T000000_1,2023-01-17 00:00:00,600519.SS,1d,COUNTDOWN,SELL_COUNTDOWN_PROGRESS,-1,1,,,SELL_SETUP,True,2023-01-05 00:00:00,2023-01-17 00:00:00,1783.66,1581.66,2023-01-17 00:00:00,2023-01-17 00:00:00,,,,,,,,,,,,,,2023-01-17 00:00:00,1743.66,1771.66,1756.66,1771.66,1743.66,4662396966.4,0.015173,0.139394
000858SZ_2023-01-17T000000_SELL_SETUP_PERFECT_-1_2023-01-17T000000_9,2023-01-17 00:00:00,000858.SZ,1d,SETUP,SELL_SETUP_PERFECT,-1,9,True,,SELL_SETUP,True,2023-01-05 00:00:00,2023-01-17 00:00:00,,,,,,,,,,,,,,,,,,,,,,,,4015619761.6085,0.021304,0.194889
000858SZ_2023-01-17T000000_SELL_COUNTDOWN_CANCEL_-1_2022-12-09T000000_11,2023-01-17 00:00:00,000858.SZ,1d,COUNTDOWN,SELL_COUNTDOWN_CANCEL,-1,11,,same_setup,SELL_SETUP,True,2022-11-29 00:00:00,2022-12-09 00:00:00,166.69,133.12,2022-12-09 00:00:00,2022-12-09 00:00:00,2022-12-12 00:00:00,2022-12-14 00:00:00,2022-12-15 00:00:00,2022-12-23 00:00:00,2023-01-05 00:00:00,2023-01-06 00:00:00,2023-01-09 00:00:00,179.1,2023-01-10 00:00:00,2023-01-13 00:00:00,2023-01-16 00:00:00,,,2022-12-09 00:00:00,157.34,166.69,186.08,191.0,184.83,4015619761.6085,0.021304,0.194889
000858SZ_2023-01-17T000000_SELL_COUNTDOWN_PROGRESS_-1_2023-01-17T000000_1,2023-01-17 00:00:00,000858.SZ,1d,COUNTDOWN,SELL_COUNTDOWN_PROGRESS,-1,1,,,SELL_SETUP,True,2023-01-05 00:00:00,2023-01-17 00:00:00,192.49,163.62,2023-01-17 00:00:00,2023-01-17 00:00:00,,,,,,,,,,,,,,2023-01-17 00:00:00,184.83,191.0,186.08,191.0,184.83,4015619761.6085,0.021304,0.194889
600036SS_2023-01-17T000000_SELL_COUNTDOWN_PROGRESS_-1_2023-01-06T000000_4,2023-01-17 00:00:00,600036.SS,1d,COUNTDOWN,SELL_COUNTDOWN_PROGRESS,-1,4,,,SELL_SETUP,True,2022-12-26 00:00:00,2023-01-06 00:00:00,32.55,29.17,2023-01-06 00:00:00,2023-01-12 00:00:00,2023-01-13 00:00:00,2023-01-16 00:00:00,2023-01-17 00:00:00,,,,,,,,,,,2023-01-12 00:00:00,32.01,32.43,33.96,34.22,33.56,1964538988.8,0.013903,0.171034
000651SZ_2023-01-17T000000_SELL_COUNTDOWN_PROGRESS_-1_2023-01-16T000000_2,2023-01-17 00:00:00,000651.SZ,1d,COUNTDOWN,SELL_COUNTDOWN_PROGRESS,-1,2,,,SELL_SETUP,True,2023-01-04 00:00:00,2023-01-16 00:00:00,27.68,24.12,2023-01-16 00:00:00,2023-01-16 00:00:00,2023-01-17 00:00:00,,,,,,,,,,,,,2023-01-16 00:00:00,26.2,27.68,27.13,27.23,26.82,958633114.2045,0.016107,0.131359
601318SS_2023-01-20T000000_SELL_COUNTDOWN_PROGRESS_-1_2023-01-09T000000_5,2023-01-20 00:00:00,601318.SS,1d,COUNTDOWN,SELL_COUNTDOWN_PROGRESS,-1,5,,,SELL_SETUP,True,2022-12-27 00:00:00,2023-01-09 00:00:00,43.59,37.67,2023-01-09 00:00:00,2023-01-09 00:00:00,2023-01-12 00:00:00,2023-01-13 00:00:00,2023-01-16 00:00:00,2023-01-20 00:00:00,,,,,,,,,,2023-01-09 00:00:00,42.34,43.59,44.74,44.88,44.14,3236845177.6,0.020482,0.168757
600036SS_2023-01-20T000000_SELL_COUNTDOWN_PROGRESS_-1_2023-01-06T000000_5,2023-01-20 00:00:00,600036.SS,1d,COUNTDOWN,SELL_COUNTDOWN_PROGRESS,-1,5,,,SELL_SETUP,True,2022-12-26 00:00:00,2023-01-06 00:00:00,32.55,29.17,2023-01-06 00:00:00,2023-01-12 00:00:00,2023-01-13 00:00:00,2023-01-16 00:00:00,2023-01-17 00:00:00,2023-01-20 00:00:00,,,,,,,,,,2023-01-12 00:00:00,32.01,32.43,34.33,34.38,33.96,1953244588.8,0.013962,0.157841
000858SZ_2023-01-30T000000_SELL_COUNTDOWN_PROGRESS_-1_2023-01-17T000000_2,2023-01-30 00:00:00,000858.SZ,1d,COUNTDOWN,SELL_COUNTDOWN_PROGRESS,-1,2,,,SELL_SETUP,True,2023-01-05 00:00:00,2023-01-17 00:00:00,192.49,163.62,2023-01-17 00:00:00,2023-01-17 00:00:00,2023-01-30 00:00:00,,,,,,,,,,,,,2023-01-17 00:00:00,184.83,191.0,200.82,203.11,197.5,4288972544.647,0.022037,0.241009
600036SS_2023-01-30T000000_SELL_SETUP_PERFECT_-1_2023-01-30T000000_9,2023-01-30 00:00:00,600036.SS,1d,SETUP,SELL_SETUP_PERFECT,-1,9,True,,SELL_SETUP,True,2023-01-11 00:00:00,2023-01-30 00:00:00,,,,,,,,,,,,,,,,,,,,,,,,2105812300.8,0.013673,0.208005
600036SS_2023-01-30T000000_SELL_COUNTDOWN_CANCEL_-1_2023-01-06T000000_5,2023-01-30 00:00:00,600036.SS,1d,COUNTDOWN,SELL_COUNTDOWN_CANCEL,-1,5,,same_setup,SELL_SETUP,True,2022-12-26 00:00:00,2023-01-06 00:00:00,32.55,29.17,2023-01-06 00:00:00,2023-01-12 00:00:00,2023-01-13 00:00:00,2023-01-16 00:00:00,2023-01-17 00:00:00,2023-01-20 00:00:00,,,,,,,,,,2023-01-12 00:00:00,32.01,32.43,35.31,35.91,35.13,2105812300.8,0.013673,0.208005
600036SS_2023-01-30T000000_SELL_COUNTDOWN_PROGRESS_-1_2023-01-30T000000_1,2023-01-30 00:00:00,600036.SS,1d,COUNTDOWN,SELL_COUNTDOWN_PROGRESS,-1,1,,,SELL_SETUP,True,2023-01-11 00:00:00,2023-01-30 00:00:00,35.91,31.42,2023-01-30 00:00:00,2023-01-30 00:00:00,,,,,,,,,,,,,,2023-01-30 00:00:00,35.13,35.91,35.31,35.91,35.13,2105812300.8,0.013673,0.208005
600036SS_2023-01-31T000000_SELL_COUNTDOWN_PROGRESS_-1_2023-01-30T000000_2,2023-01-31 00:00:00,600036.SS,1d,COUNTDOWN,SELL_COUNTDOWN_PROGRESS,-1,2,,,SELL_SETUP,True,2023-01-11 00:00:00,2023-01-30 00:00:00,35.91,31.42,2023-01-30 00:00:00,2023-01-30 00:00:00,2023-01-31 00:00:00,,,,,,,,,,,,,2023-01-31 00:00:00,34.49,35.63,34.49,35.63,34.49,2174210624.0,0.015096,0.151586
600519SS_2023-02-07T000000_BUY_SETUP_PERFECT_1_2023-02-07T000000_9,2023-02-07 00:00:00,600519.SS,1d,SETUP,BUY_SETUP_PERFECT,1,9,True,,BUY_SETUP,True,2023-01-19 00:00:00,2023-02-07 00:00:00,,,,,,,,,,,,,,,,,,,,,,,,5352379801.6,0.017082,0.045747
600519SS_2023-02-07T000000_SELL_COUNTDOWN_CANCEL_-1_2023-01-17T000000_1,2023-02-07 00:00:00,600519.SS,1d,COUNTDOWN,SELL_COUNTDOWN_CANCEL,-1,1,,opposite_setup,SELL_SETUP,True,2023-01-05 00:00:00,2023-01-17 00:00:00,1783.66,1581.66,2023-01-17 00:00:00,2023-01-17 00:00:00,,,,,,,,,,,,,,2023-01-17 00:00:00,1743.66,1771.66,1645.66,1657.46,1636.39,5352379801.6,0.017082,0.045747
000651SZ_2023-02-08T000000_BUY_SETUP_1_2023-02-08T000000_9,2023-02-08 00:00:00,000651.SZ,1d,SETUP,BUY_SETUP,1,9,False,,BUY_SETUP,False,2023-01-20 00:00:00,2023-02-08 00:00:00,,,,,,,,,,,,,,,,,,,,,,,,1021214593.483,0.014813,0.003478
000651SZ_2023-02-08T000000_SELL_COUNTDOWN_CANCEL_-1_2023-01-16T000000_2,2023-02-08 00:00:00,000651.SZ,1d,COUNTDOWN,SELL_COUNTDOWN_CANCEL,-1,2,,opposite_setup,SELL_SETUP,True,2023-01-04 00:00:00,2023-01-16 00:00:00,27.68,24.12,2023-01-16 00:00:00,2023-01-16 00:00:00,2023-01-17 00:00:00,,,,,,,,,,,,,2023-01-16 00:00:00,26.2,27.68,25.97,26.52,25.83,1021214593.483,0.014813,0.003478
000858SZ_2023-02-09T000000_SELL_COUNTDOWN_PROGRESS_-1_2023-01-17T000000_3,2023-02-09 00:00:00,000858.SZ,1d,COUNTDOWN,SELL_COUNTDOWN_PROGRESS,-1,3,,,SELL_SETUP,True,2023-01-05 00:00:00,2023-01-17 00:00:00,192.49,163.62,2023-01-17 00:00:00,2023-01-17 00:00:00,2023-01-30 00:00:00,2023-02-09 00:00:00,,,,,,,,,,,,2023-02-09 00:00:00,182.77,190.96,190.61,190.96,182.77,4786143172.485,0.02586,0.097478
601318SS_2023-02-09T000000_BUY_SETUP_1_2023-02-09T000000_9,2023-02-09 00:00:00,601318.SS,1d,SETUP,BUY_SETUP,1,9,False,,BUY_SETUP,False,2023-01-30 00:00:00,2023-02-09 00:00:00,,,,,,,,,,,,,,,,,,,,,,,,3594929497.6,0.020577,-0.00991
601318SS_2023-02-09T000000_SELL_COUNTDOWN_CANCEL_-1_2023-01-09T000000_5,2023-02-09 00:00:00,601318.SS,1d,COUNTDOWN,SELL_COUNTDOWN_CANCEL,-1,5,,opposite_setup,SELL_SETUP,True,2022-12-27 00:00:00,2023-01-09 00:00:00,43.59,37.67,2023-01-09 00:00:00,2023-01-09 00:00:00,2023-01-12 00:00:00,2023-01-13 00:00:00,2023-01-16 00:00:00,2023-01-20 00:00:00,,,,,,,,,,2023-01-09 00:00:00,42.34,43.59,41.96,42.19,41.03,3594929497.6,0.020577,-0.00991
000858SZ_2023-02-10T000000_SELL_COUNTDOWN_PROGRESS_-1_2023-01-17T000000_4,2023-02-10 00:00:00,000858.SZ,1d,COUNTDOWN,SELL_COUNTDOWN_PROGRESS,-1,4,,,SELL_SETUP,True,2023-01-05 00:00:00,2023-01-17 00:00:00,192.49,163.62,2023-01-17 00:00:00,2023-01-17 00:00:00,2023-01-30 00:00:00,2023-02-09 00:00:00,2023-02-10 00:00:00,,,,,,,,,,,2023-02-09 00:00:00,182.77,190.96,187.92,190.7,186.34,4708358400.991,0.025442,0.049246
000858SZ_2023-02-13T000000_SELL_COUNTDOWN_PROGRESS_-1_2023-01-17T000000_5,2023-02-13 00:00:00,000858.SZ,1d,COUNTDOWN,SELL_COUNTDOWN_PROGRESS,-1,5,,,SELL_SETUP,True,2023-01-05 00:00:00,2023-01-17 00:00:00,192.49,163.62,2023-01-17 00:00:00,2023-01-17 00:00:00,2023-01-30 00:00:00,2023-02-09 00:00:00,2023-02-10 00:00:00,2023-02-13 00:00:00,,,,,,,,,,2023-02-09 00:00:00,182.77,190.96,195.62,198.12,186.21,4745725544.4075,0.02676,0.096156
600036SS_2023-02-13T000000_BUY_SETUP_PERFECT_1_2023-02-13T000000_9,2023-02-13 00:00:00,600036.SS,1d,SETUP,BUY_SETUP_PERFECT,1,9,True,,BUY_SETUP,True,2023-02-01 00:00:00,2023-02-13 00:00:00,,,,,,,,,,,,,,,,,,,,,,,,2280125286.4,0.016766,-0.016809
600036SS_2023-02-13T000000_SELL_COUNTDOWN_CANCEL_-1_2023-01-30T000000_2,2023-02-13 00:00:00,600036.SS,1d,COUNTDOWN,SELL_COUNTDOWN_CANCEL,-1,2,,opposite_setup,SELL_SETUP,True,2023-01-11 00:00:00,2023-01-30 00:00:00,35.91,31.42,2023-01-30 00:00:00,2023-01-30 00:00:00,2023-01-31 00:00:00,,,,,,,,,,,,,2023-01-31 00:00:00,34.49,35.63,31.0,31.26,30.35,2280125286.4,0.016766,-0.016809
600036SS_2023-02-13T000000_BUY_COUNTDOWN_PROGRESS_1_2023-02-13T000000_1,2023-02-13 00:00:00,600036.SS,1d,COUNTDOWN,BUY_COUNTDOWN_PROGRESS,1,1,,,BUY_SETUP,True,2023-02-01 00:00:00,2023-02-13 00:00:00,34.97,34.97,2023-02-13 00:00:00,2023-02-13 00:00:00,,,,,,,,,,,,,,2023-02-13 00:00:00,30.35,31.26,31.0,31.26,30.35,2280125286.4,0.016766,-0.016809
000858SZ_2023-02-14T000000_SELL_COUNTDOWN_PROGRESS_-1_2023-01-17T000000_6,2023-02-14 00:00:00,000858.SZ,1d,COUNTDOWN,SELL_COUNTDOWN_PROGRESS,-1,6,,,SELL_SETUP,True,2023-01-05 00:00:00,2023-01-17 00:00:00,192.49,163.62,2023-01-17 00:00:00,2023-01-17 00:00:00,2023-01-30 00:00:00,2023-02-09 00:00:00,2023-02-10 00:00:00,2023-02-13 00:00:00,2023-02-14 00:00:00,,,,,,,,,2023-02-09 00:00:00,182.77,190.96,192.46,196.97,191.82,4741791708.6975,0.027069,0.085382
600036SS_2023-02-16T000000_BUY_COUNTDOWN_PROGRESS_1_2023-02-13T000000_2,2023-02-16 00:00:00,600036.SS,1d,COUNTDOWN,BUY_COUNTDOWN_PROGRESS,1,2,,,BUY_SETUP,True,2023-02-01 00:00:00,2023-02-13 00:00:00,34.97,34.97,2023-02-13 00:00:00,2023-02-13 00:00:00,2023-02-16 00:00:00,,,,,,,,,,,,,2023-02-16 00:00:00,30.3,31.13,30.55,31.13,30.3,2369746406.4,0.016298,-0.072556
000651SZ_2023-02-16T000000_BUY_COUNTDOWN_PROGRESS_1_2023-02-08T000000_1,2023-02-16 00:00:00,000651.SZ,1d,COUNTDOWN,BUY_COUNTDOWN_PROGRESS,1,1,,,BUY_SETUP,False,2023-01-20 00:00:00,2023-02-08 00:00:00,27.43,27.43,2023-02-08 00:00:00,2023-02-16 00:00:00,,,,,,,,,,,,,,2023-02-16 00:00:00,25.61,26.47,25.83,26.47,25.61,945200399.7085,0.015244,-0.011481
600519SS_2023-02-17T000000_BUY_COUNTDOWN_PROGRESS_1_2023-02-07T000000_1,2023-02-17 00:00:00,600519.SS,1d,COUNTDOWN,BUY_COUNTDOWN_PROGRESS,1,1,,,BUY_SETUP,True,2023-01-19 00:00:00,2023-02-07 00:00:00,1757.66,1757.66,2023-02-07 00:00:00,2023-02-17 00:00:00,,,,,,,,,,,,,,2023-02-17 00:00:00,1668.71,1721.66,1669.44,1721.66,1668.71,5200163699.2,0.013394,-0.052295
600036SS_2023-02-17T000000_BUY_COUNTDOWN_PROGRESS_1_2023-02-13T000000_3,2023-02-17 00:00:00,600036.SS,1d,COUNTDOWN,BUY_COUNTDOWN_PROGRESS,1,3,,,BUY_SETUP,True,2023-02-01 00:00:00,2023-02-13 00:00:00,34.97,34.97,2023-02-13 00:00:00,2023-02-13 00:00:00,2023-02-16 00:00:00,2023-02-17 00:00:00,,,,,,,,,,,,2023-02-17 00:00:00,29.96,30.66,29.99,30.66,29.96,2385005952.0,0.015136,-0.111407
000651SZ_2023-02-17T000000_BUY_COUNTDOWN_PROGRESS_1_2023-02-08T000000_2,2023-02-17 00:00:00,000651.SZ,1d,COUNTDOWN,BUY_COUNTDOWN_PROGRESS,1,2,,,BUY_SETUP,False,2023-01-20 00:00:00,2023-02-08 00:00:00,27.43,27.43,2023-02-08 00:00:00,2023-02-16 00:00:00,2023-02-17 00:00:00,,,,,,,,,,,,,2023-02-16 00:00:00,25.61,26.47,25.65,26.03,25.63,933594034.8695,0.012034,-0.055596
000651SZ_2023-02-21T000000_BUY_COUNTDOWN_CANCEL_1_2023-02-08T000000_2,2023-02-21 00:00:00,000651.SZ,1d,COUNTDOWN,BUY_COUNTDOWN_CANCEL,1,2,,tdst_break_rule_4,BUY_SETUP,False,2023-01-20 00:00:00,2023-02-08 00:00:00,27.43,27.43,2023-02-08 00:00:00,2023-02-16 00:00:00,2023-02-17 00:00:00,,,,,,,,,,,,,2023-02-16 00:00:00,25.61,26.47,27.82,27.97,27.01,997665369.1595,0.018123,0.034585
600519SS_2023-02-23T000000_BUY_COUNTDOWN_PROGRESS_1_2023-02-07T000000_2,2023-02-23 00:00:00,600519.SS,1d,COUNTDOWN,BUY_COUNTDOWN_PROGRESS,1,2,,,BUY_SETUP,True,2023-01-19 00:00:00,2023-02-07 00:00:00,1757.66,1757.66,2023-02-07 00:00:00,2023-02-17 00:00:00,2023-02-23 00:00:00,,,,,,,,,,,,,2023-02-23 00:00:00,1653.91,1697.46,1666.66,1697.46,1653.91,5072987545.6,0.015844,-0.024586
601318SS_2023-02-23T000000_BUY_COUNTDOWN_PROGRESS_1_2023-02-09T000000_1,2023-02-23 00:00:00,601318.SS,1d,COUNTDOWN,BUY_COUNTDOWN_PROGRESS,1,1,,,BUY_SETUP,False,2023-01-30 00:00:00,2023-02-09 00:00:00,46.24,46.24,2023-02-09 00:00:00,2023-02-23 00:00:00,,,,,,,,,,,,,,2023-02-23 00:00:00,41.45,42.34,41.62,42.34,41.45,2713517120.0,0.016185,-0.069736
600519SS_2023-02-24T000000_BUY_COUNTDOWN_PROGRESS_1_2023-02-07T000000_3,2023-02-24 00:00:00,600519.SS,1d,COUNTDOWN,BUY_COUNTDOWN_PROGRESS,1,3,,,BUY_SETUP,True,2023-01-19 00:00:00,2023-02-07 00:00:00,1757.66,1757.66,2023-02-07 00:00:00,2023-02-17 00:00:00,2023-02-23 00:00:00,2023-02-24 00:00:00,,,,,,,,,,,,2023-02-24 00:00:00,1630.84,1658.85,1636.66,1658.85,1630.84,5053400832.0,0.015698,-0.057582
601318SS_2023-02-24T000000_BUY_COUNTDOWN_PROGRESS_1_2023-02-09T000000_2,2023-02-24 00:00:00,601318.SS,1d,COUNTDOWN,BUY_COUNTDOWN_PROGRESS,1,2,,,BUY_SETUP,False,2023-01-30 00:00:00,2023-02-09 00:00:00,46.24,46.24,2023-02-09 00:00:00,2023-02-23 00:00:00,2023-02-24 00:00:00,,,,,,,,,,,,,2023-02-24 00:00:00,40.75,41.65,40.84,41.65,40.75,2692359475.2,0.016383,-0.074343
600036SS_2023-02-24T000000_BUY_COUNTDOWN_PROGRESS_1_2023-02-13T000000_4,2023-02-24 00:00:00,600036.SS,1d,COUNTDOWN,BUY_COUNTDOWN_PROGRESS,1,4,,,BUY_SETUP,True,2023-02-01 00:00:00,2023-02-13 00:00:00,34.97,34.97,2023-02-13 00:00:00,2023-02-13 00:00:00,2023-02-16 00:00:00,2023-02-17 00:00:00,2023-02-24 00:00:00,,,,,,,,,,,2023-02-17 00:00:00,29.96,30.66,30.74,31.53,30.68,2430904096.0,0.019839,-0.129425
601318SS_2023-02-27T000000_BUY_COUNTDOWN_PROGRESS_1_2023-02-09T000000_3,2023-02-27 00:00:00,601318.SS,1d,COUNTDOWN,BUY_COUNTDOWN_PROGRESS,1,3,,,BUY_SETUP,False,2023-01-30 00:00:00,2023-02-09 00:00:00,46.24,46.24,2023-02-09 00:00:00,2023-02-23 00:00:00,2023-02-24 00:00:00,2023-02-27 00:00:00,,,,,,,,,,,,2023-02-27 00:00:00,40.42,41.03,40.44,41.03,40.42,2579797312.0,0.01635,-0.072902
600036SS_2023-02-27T000000_BUY_COUNTDOWN_PROGRESS_1_2023-02-13T000000_5,2023-02-27 00:00:00,600036.SS,1d,COUNTDOWN,BUY_COUNTDOWN_PROGRESS,1,5,,,BUY_SETUP,True,2023-02-01 00:00:00,2023-02-13 00:00:00,34.97,34.97,2023-02-13 00:00:00,2023-02-13 00:00:00,2023-02-16 00:00:00,2023-02-17 00:00:00,2023-02-24 00:00:00,2023-02-27 00:00:00,,,,,,,,,,2023-02-17 00:00:00,29.96,30.66,30.44,30.86,30.37,2301831417.6,0.019487,-0.117425
600036SS_2023-02-28T000000_BUY_COUNTDOWN_PROGRESS_1_2023-02-13T000000_6,2023-02-28 00:00:00,600036.SS,1d,COUNTDOWN,BUY_COUNTDOWN_PROGRESS,1,6,,,BUY_SETUP,True,2023-02-01 00:00:00,2023-02-13 00:00:00,34.97,34.97,2023-02-13 00:00:00,2023-02-13 00:00:00,2023-02-16 00:00:00,2023-02-17 00:00:00,2023-02-24 00:00:00,2023-02-27 00:00:00,2023-02-28 00:00:00,,,,,,,,,2023-02-17 00:00:00,29.96,30.66,30.59,30.76,30.13,2238238329.6,0.019387,-0.095506
000858SZ_2023-03-01T000000_SELL_COUNTDOWN_PROGRESS_-1_2023-01-17T000000_7,2023-03-01 00:00:00,000858.SZ,1d,COUNTDOWN,SELL_COUNTDOWN_PROGRESS,-1,7,,,SELL_SETUP,True,2023-01-05 00:00:00,2023-01-17 00:00:00,192.49,163.62,2023-01-17 00:00:00,2023-01-17 00:00:00,2023-01-30 00:00:00,2023-02-09 00:00:00,2023-02-10 00:00:00,2023-02-13 00:00:00,2023-02-14 00:00:00,2023-03-01 00:00:00,,,,,,,,2023-02-09 00:00:00,182.77,190.96,190.6,192.07,186.12,3865328590.7745,0.021719,-0.02621
000651SZ_2023-03-02T000000_SELL_SETUP_PERFECT_-1_2023-03-02T000000_9,2023-03-02 00:00:00,000651.SZ,1d,SETUP,SELL_SETUP_PERFECT,-1,9,True,,SELL_SETUP,True,2023-02-20 00:00:00,2023-03-02 00:00:00,,,,,,,,,,,,,,,,,,,,,,,,1246122543.203,0.020524,0.110311
000651SZ_2023-03-02T000000_SELL_COUNTDOWN_PROGRESS_-1_2023-03-02T000000_1,2023-03-02 00:00:00,000651.SZ,1d,COUNTDOWN,SELL_COUNTDOWN_PROGRESS,-1,1,,,SELL_SETUP,True,2023-02-20 00:00:00,2023-03-02 00:00:00,29.58,25.65,2023-03-02 00:00:00,2023-03-02 00:00:00,,,,,,,,,,,,,,2023-03-02 00:00:00,28.8,29.58,29.29,29.58,28.8,1246122543.203,0.020524,0.110311
000651SZ_2023-03-03T000000_SELL_COUNTDOWN_PROGRESS_-1_2023-03-02T000000_2,2023-03-03 00:00:00,000651.SZ,1d,COUNTDOWN,SELL_COUNTDOWN_PROGRESS,-1,2,,,SELL_SETUP,True,2023-02-20 00:00:00,2023-03-02 00:00:00,29.58,25.65,2023-03-02 00:00:00,2023-03-02 00:00:00,2023-03-03 00:00:00,,,,,,,,,,,,,2023-03-02 00:00:00,28.8,29.58,29.65,30.21,29.48,1291219788.6295,0.018455,0.161834
600519SS_2023-03-06T000000_BUY_COUNTDOWN_PROGRESS_1_2023-02-07T000000_4,2023-03-06 00:00:00,600519.SS,1d,COUNTDOWN,BUY_COUNTDOWN_PROGRESS,1,4,,,BUY_SETUP,True,2023-01-19 00:00:00,2023-02-07 00:00:00,1757.66,1757.66,2023-02-07 00:00:00,2023-02-17 00:00:00,2023-02-23 00:00:00,2023-02-24 00:00:00,2023-03-06 00:00:00,,,,,,,,,,,2023-02-24 00:00:00,1630.84,1658.85,1655.8,1667.16,1645.43,4218009894.4,0.015309,0.006162
601318SS_2023-03-06T000000_BUY_COUNTDOWN_PROGRESS_1_2023-02-09T000000_4,2023-03-06 00:00:00,601318.SS,1d,COUNTDOWN,BUY_COUNTDOWN_PROGRESS,1,4,,,BUY_SETUP,False,2023-01-30 00:00:00,2023-02-09 00:00:00,46.24,46.24,2023-02-09 00:00:00,2023-02-23 00:00:00,2023-02-24 00:00:00,2023-02-27 00:00:00,2023-03-06 00:00:00,,,,,,,,,,,2023-02-27 00:00:00,40.42,41.03,41.22,42.81,41.09,2292039155.2,0.018673,-0.002903
600036SS_2023-03-06T000000_BUY_COUNTDOWN_PROGRESS_1_2023-02-13T000000_7,2023-03-06 00:00:00,600036.SS,1d,COUNTDOWN,BUY_COUNTDOWN_PROGRESS,1,7,,,BUY_SETUP,True,2023-02-01 00:00:00,2023-02-13 00:00:00,34.97,34.97,2023-02-13 00:00:00,2023-02-13 00:00:00,2023-02-16 00:00:00,2023-02-17 00:00:00,2023-02-24 00:00:00,2023-02-27 00:00:00,2023-02-28 00:00:00,2023-03-06 00:00:00,,,,,,,,2023-02-17 00:00:00,29.96,30.66,30.28,31.51,30.19,2037134995.2,0.021148,-0.044494
000651SZ_2023-03-06T000000_SELL_COUNTDOWN_PROGRESS_-1_2023-03-02T000000_3,2023-03-06 00:00:00,000651.SZ,1d,COUNTDOWN,SELL_COUNTDOWN_PROGRESS,-1,3,,,SELL_SETUP,True,2023-02-20 00:00:00,2023-03-02 00:00:00,29.58,25.65,2023-03-02 00:00:00,2023-03-02 00:00:00,2023-03-03 00:00:00,2023-03-06 00:00:00,,,,,,,,,,,,2023-03-02 00:00:00,28.8,29.58,29.59,30.03,29.16,1312044300.199,0.018248,0.133716
600519SS_2023-03-07T000000_BUY_COUNTDOWN_PROGRESS_1_2023-02-07T000000_5,2023-03-07 00:00:00,600519.SS,1d,COUNTDOWN,BUY_COUNTDOWN_PROGRESS,1,5,,,BUY_SETUP,True,2023-01-19 00:00:00,2023-02-07 00:00:00,1757.66,1757.66,2023-02-07 00:00:00,2023-02-17 00:00:00,2023-02-23 00:00:00,2023-02-24 00:00:00,2023-03-06 00:00:00,2023-03-07 00:00:00,,,,,,,,,,2023-02-24 00:00:00,1630.84,1658.85,1636.96,1665.26,1636.66,4204391424.0,0.015428,0.002634
601318SS_2023-03-07T000000_BUY_COUNTDOWN_PROGRESS_1_2023-02-09T000000_5,2023-03-07 00:00:00,601318.SS,1d,COUNTDOWN,BUY_COUNTDOWN_PROGRESS,1,5,,,BUY_SETUP,False,2023-01-30 00:00:00,2023-02-09 00:00:00,46.24,46.24,2023-02-09 00:00:00,2023-02-23 00:00:00,2023-02-24 00:00:00,2023-02-27 00:00:00,2023-03-06 00:00:00,2023-03-07 00:00:00,,,,,,,,,,2023-03-07 00:00:00,40.39,41.84,40.55,41.84,40.39,2326231142.4,0.019001,-0.014341
600036SS_2023-03-07T000000_BUY_COUNTDOWN_PROGRESS_1_2023-02-13T000000_8,2023-03-07 00:00:00,600036.SS,1d,COUNTDOWN,BUY_COUNTDOWN_PROGRESS,1,8,,,BUY_SETUP,True,2023-02-01 00:00:00,2023-02-13 00:00:00,34.97,34.97,2023-02-13 00:00:00,2023-02-13 00:00:00,2023-02-16 00:00:00,2023-02-17 00:00:00,2023-02-24 00:00:00,2023-02-27 00:00:00,2023-02-28 00:00:00,2023-03-06 00:00:00,2023-03-07 00:00:00,29.84,,,,,,2023-03-07 00:00:00,29.69,30.76,29.84,30.76,29.69,2091050124.8,0.021291,-0.060749
600519SS_2023-03-08T000000_BUY_COUNTDOWN_PROGRESS_1_2023-02-07T000000_6,2023-03-08 00:00:00,600519.SS,1d,COUNTDOWN,BUY_COUNTDOWN_PROGRESS,1,6,,,BUY_SETUP,True,2023-01-19 00:00:00,2023-02-07 00:00:00,1757.66,1757.66,2023-02-07 00:00:00,2023-02-17 00:00:00,2023-02-23 00:00:00,2023-02-24 00:00:00,2023-03-06 00:00:00,2023-03-07 00:00:00,2023-03-08 00:00:00,,,,,,,,,2023-03-08 00:00:00,1609.78,1634.6,1619.08,1634.6,1609.78,4257152051.2,0.014817,-0.028548
601318SS_2023-03-08T000000_BUY_COUNTDOWN_PROGRESS_1_2023-02-09T000000_6,2023-03-08 00:00:00,601318.SS,1d,COUNTDOWN,BUY_COUNTDOWN_PROGRESS,1,6,,,BUY_SETUP,False,2023-01-30 00:00:00,2023-02-09 00:00:00,46.24,46.24,2023-02-09 00:00:00,2023-02-23 00:00:00,2023-02-24 00:00:00,2023-02-27 00:00:00,2023-03-06 00:00:00,2023-03-07 00:00:00,2023-03-08 00:00:00,,,,,,,,,2023-03-08 00:00:00,39.63,40.25,39.87,40.25,39.63,2366134592.0,0.01868,-0.049809
600036SS_2023-03-08T000000_BUY_COUNTDOWN_PROGRESS_1_2023-02-13T000000_9,2023-03-08 00:00:00,600036.SS,1d,COUNTDOWN,BUY_COUNTDOWN_PROGRESS,1,9,,,BUY_SETUP,True,2023-02-01 00:00:00,2023-02-13 00:00:00,34.97,34.97,2023-02-13 00:00:00,2023-02-13 00:00:00,2023-02-16 00:00:00,2023-02-17 00:00:00,2023-02-24 00:00:00,2023-02-27 00:00:00,2023-02-28 00:00:00,2023-03-06 00:00:00,2023-03-07 00:00:00,29.84,2023-03-08 00:00:00,,,,,2023-03-08 00:00:00,29.08,29.6,29.28,29.6,29.08,2140759257.6,0.021559,-0.078376
600519SS_2023-03-09T000000_BUY_COUNTDOWN_PROGRESS_1_2023-02-07T000000_7,2023-03-09 00:00:00,600519.SS,1d,COUNTDOWN,BUY_COUNTDOWN_PROGRESS,1,7,,,BUY_SETUP,True,2023-01-19 00:00:00,2023-02-07 00:00:00,1757.66,1757.66,2023-02-07 00:00:00,2023-02-17 00:00:00,2023-02-23 00:00:00,2023-02-24 00:00:00,2023-03-06 00:00:00,2023-03-07 00:00:00,2023-03-08 00:00:00,2023-03-09 00:00:00,,,,,,,,2023-03-09 00:00:00,1588.66,1633.66,1618.68,1633.66,1588.66,4231154227.2,0.014797,-0.024104
601318SS_2023-03-09T000000_BUY_COUNTDOWN_PROGRESS_1_2023-02-09T000000_7,2023-03-09 00:00:00,601318.SS,1d,COUNTDOWN,BUY_COUNTDOWN_PROGRESS,1,7,,,BUY_SETUP,False,2023-01-30 00:00:00,2023-02-09 00:00:00,46.24,46.24,2023-02-09 00:00:00,2023-02-23 00:00:00,2023-02-24 00:00:00,2023-02-27 00:00:00,2023-03-06 00:00:00,2023-03-07 00:00:00,2023-03-08 00:00:00,2023-03-09 00:00:00,,,,,,,,2023-03-09 00:00:00,39.11,40.02,39.28,40.02,39.11,2348390016.0,0.018871,-0.063424
600036SS_2023-03-09T000000_BUY_COUNTDOWN_PROGRESS_1_2023-02-13T000000_10,2023-03-09 00:00:00,600036.SS,1d,COUNTDOWN,BUY_COUNTDOWN_PROGRESS,1,10,,,BUY_SETUP,True,2023-02-01 00:00:00,2023-02-13 00:00:00,34.97,34.97,2023-02-13 00:00:00,2023-02-13 00:00:00,2023-02-16 00:00:00,2023-02-17 00:00:00,2023-02-24 00:00:00,2023-02-27 00:00:00,2023-02-28 00:00:00,2023-03-06 00:00:00,2023-03-07 00:00:00,29.84,2023-03-08 00:00:00,2023-03-09 00:00:00,,,,2023-03-09 00:00:00,28.78,29.36,28.86,29.36,28.78,2141149830.4,0.021638,-0.082061
600519SS_2023-03-10T000000_BUY_COUNTDOWN_PROGRESS_1_2023-02-07T000000_8,2023-03-10 00:00:00,600519.SS,1d,COUNTDOWN,BUY_COUNTDOWN_PROGRESS,1,8,,,BUY_SETUP,True,2023-01-19 00:00:00,2023-02-07 00:00:00,1757.66,1757.66,2023-02-07 00:00:00,2023-02-17 00:00:00,2023-02-23 00:00:00,2023-02-24 00:00:00,2023-03-06 00:00:00,2023-03-07 00:00:00,2023-03-08 00:00:00,2023-03-09 00:00:00,2023-03-10 00:00:00,1598.66,,,,,,2023-03-09 00:00:00,1588.66,1633.66,1598.66,1629.66,1598.66,4254718220.8,0.013282,-0.062375
601318SS_2023-03-10T000000_BUY_COUNTDOWN_PROGRESS_1_2023-02-09T000000_8,2023-03-10 00:00:00,601318.SS,1d,COUNTDOWN,BUY_COUNTDOWN_PROGRESS,1,8,,,BUY_SETUP,False,2023-01-30 00:00:00,2023-02-09 00:00:00,46.24,46.24,2023-02-09 00:00:00,2023-02-23 00:00:00,2023-02-24 00:00:00,2023-02-27 00:00:00,2023-03-06 00:00:00,2023-03-07 00:00:00,2023-03-08 00:00:00,2023-03-09 00:00:00,2023-03-10 00:00:00,38.64,,,,,,2023-03-10 00:00:00,38.64,39.29,38.64,39.29,38.64,2377748832.0,0.019084,-0.077584
600036SS_2023-03-10T000000_BUY_COUNTDOWN_PROGRESS_1_2023-02-13T000000_11,2023-03-10 00:00:00,600036.SS,1d,COUNTDOWN,BUY_COUNTDOWN_PROGRESS,1,11,,,BUY_SETUP,True,2023-02-01 00:00:00,2023-02-13 00:00:00,34.97,34.97,2023-02-13 00:00:00,2023-02-13 00:00:00,2023-02-16 00:00:00,2023-02-17 00:00:00,2023-02-24 00:00:00,2023-02-27 00:00:00,2023-02-28 00:00:00,2023-03-06 00:00:00,2023-03-07 00:00:00,29.84,2023-03-08 00:00:00,2023-03-09 00:00:00,2023-03-10 00:00:00,,,2023-03-10 00:00:00,28.23,28.94,28.31,28.94,28.23,2160935628.8,0.021787,-0.086774
600036SS_2023-03-13T000000_BUY_COUNTDOWN_PROGRESS_1_2023-02-13T000000_12,2023-03-13 00:00:00,600036.SS,1d,COUNTDOWN,BUY_COUNTDOWN_PROGRESS,1,12,,,BUY_SETUP,True,2023-02-01 00:00:00,2023-02-13 00:00:00,34.97,34.97,2023-02-13 00:00:00,2023-02-13 00:00:00,2023-02-16 00:00:00,2023-02-17 00:00:00,2023-02-24 00:00:00,2023-02-27 00:00:00,2023-02-28 00:00:00,2023-03-06 00:00:00,2023-03-07 00:00:00,29.84,2023-03-08 00:00:00,2023-03-09 00:00:00,2023-03-10 00:00:00,2023-03-13 00:00:00,,2023-03-13 00:00:00,27.99,28.66,28.33,28.66,27.99,2108458444.8,0.021593,-0.094309
000651SZ_2023-03-13T000000_SELL_COUNTDOWN_PROGRESS_-1_2023-03-02T000000_4,2023-03-13 00:00:00,000651.SZ,1d,COUNTDOWN,SELL_COUNTDOWN_PROGRESS,-1,4,,,SELL_SETUP,True,2023-02-20 00:00:00,2023-03-02 00:00:00,29.58,25.65,2023-03-02 00:00:00,2023-03-02 00:00:00,2023-03-03 00:00:00,2023-03-06 00:00:00,2023-03-13 00:00:00,,,,,,,,,,,2023-03-13 00:00:00,28.21,29.8,29.79,29.8,28.21,1482173736.816,0.023707,0.122034
601318SS_2023-03-14T000000_BUY_COUNTDOWN_PROGRESS_1_2023-02-09T000000_9,2023-03-14 00:00:00,601318.SS,1d,COUNTDOWN,BUY_COUNTDOWN_PROGRESS,1,9,,,BUY_SETUP,False,2023-01-30 00:00:00,2023-02-09 00:00:00,46.24,46.24,2023-02-09 00:00:00,2023-02-23 00:00:00,2023-02-24 00:00:00,2023-02-27 00:00:00,2023-03-06 00:00:00,2023-03-07 00:00:00,2023-03-08 00:00:00,2023-03-09 00:00:00,2023-03-10 00:00:00,38.64,2023-03-14 00:00:00,,,,,2023-03-14 00:00:00,38.03,38.86,38.1,38.86,38.03,2378722867.2,0.019103,-0.08237
600036SS_2023-03-14T000000_BUY_COUNTDOWN_COMPLETE_PERFECT_1_2023-02-13T000000_13,2023-03-14 00:00:00,600036.SS,1d,COUNTDOWN,BUY_COUNTDOWN_COMPLETE_PERFECT,1,13,True,,BUY_SETUP,True,2023-02-01 00:00:00,2023-02-13 00:00:00,34.97,34.97,2023-02-13 00:00:00,2023-02-13 00:00:00,2023-02-16 00:00:00,2023-02-17 00:00:00,2023-02-24 00:00:00,2023-02-27 00:00:00,2023-02-28 00:00:00,2023-03-06 00:00:00,2023-03-07 00:00:00,29.84,2023-03-08 00:00:00,2023-03-09 00:00:00,2023-03-10 00:00:00,2023-03-13 00:00:00,2023-03-14 00:00:00,2023-03-14 00:00:00,27.62,28.21,27.86,28.21,27.62,2125064128.0,0.02118,-0.085057
000651SZ_2023-03-14T000000_SELL_COUNTDOWN_PROGRESS_-1_2023-03-02T000000_5,2023-03-14 00:00:00,000651.SZ,1d,COUNTDOWN,SELL_COUNTDOWN_PROGRESS,-1,5,,,SELL_SETUP,True,2023-02-20 00:00:00,2023-03-02 00:00:00,29.58,25.65,2023-03-02 00:00:00,2023-03-02 00:00:00,2023-03-03 00:00:00,2023-03-06 00:00:00,2023-03-13 00:00:00,2023-03-14 00:00:00,,,,,,,,,,2023-03-13 00:00:00,28.21,29.8,29.62,30.28,29.27,1562158594.7525,0.023473,0.129672
000651SZ_2023-03-15T000000_SELL_COUNTDOWN_PROGRESS_-1_2023-03-02T000000_6,2023-03-15 00:00:00,000651.SZ,1d,COUNTDOWN,SELL_COUNTDOWN_PROGRESS,-1,6,,,SELL_SETUP,True,2023-02-20 00:00:00,2023-03-02 00:00:00,29.58,25.65,2023-03-02 00:00:00,2023-03-02 00:00:00,2023-03-03 00:00:00,2023-03-06 00:00:00,2023-03-13 00:00:00,2023-03-14 00:00:00,2023-03-15 00:00:00,,,,,,,,,2023-03-13 00:00:00,28.21,29.8,30.13,30.33,29.6,1602185919.9095,0.02301,0.166473
601318SS_2023-03-16T000000_BUY_COUNTDOWN_PROGRESS_1_2023-02-09T000000_10,2023-03-16 00:00:00,601318.SS,1d,COUNTDOWN,BUY_COUNTDOWN_PROGRESS,1,10,,,BUY_SETUP,False,2023-01-30 00:00:00,2023-02-09 00:00:00,46.24,46.24,2023-02-09 00:00:00,2023-02-23 00:00:00,2023-02-24 00:00:00,2023-02-27 00:00:00,2023-03-06 00:00:00,2023-03-07 00:00:00,2023-03-08 00:00:00,2023-03-09 00:00:00,2023-03-10 00:00:00,38.64,2023-03-14 00:00:00,2023-03-16 00:00:00,,,,2023-03-16 00:00:00,37.39,38.47,37.87,38.47,37.39,2403509529.6,0.01955,-0.086149
600036SS_2023-03-16T000000_BUY_SETUP_PERFECT_1_2023-03-16T000000_9,2023-03-16 00:00:00,600036.SS,1d,SETUP,BUY_SETUP_PERFECT,1,9,True,,BUY_SETUP,True,2023-03-06 00:00:00,2023-03-16 00:00:00,,,,,,,,,,,,,,,,,,,,,,,,2047885350.4,0.021151,-0.06869
600519SS_2023-03-17T000000_BUY_COUNTDOWN_PROGRESS_1_2023-02-07T000000_9,2023-03-17 00:00:00,600519.SS,1d,COUNTDOWN,BUY_COUNTDOWN_PROGRESS,1,9,,,BUY_SETUP,True,2023-01-19 00:00:00,2023-02-07 00:00:00,1757.66,1757.66,2023-02-07 00:00:00,2023-02-17 00:00:00,2023-02-23 00:00:00,2023-02-24 00:00:00,2023-03-06 00:00:00,2023-03-07 00:00:00,2023-03-08 00:00:00,2023-03-09 00:00:00,2023-03-10 00:00:00,1598.66,2023-03-17 00:00:00,,,,,2023-03-17 00:00:00,1584.66,1624.55,1590.66,1624.55,1584.66,3952152524.8,0.00911,-0.077161
000858SZ_2023-03-17T000000_BUY_SETUP_PERFECT_1_2023-03-17T000000_9,2023-03-17 00:00:00,000858.SZ,1d,SETUP,BUY_SETUP_PERFECT,1,9,True,,BUY_SETUP,True,2023-03-07 00:00:00,2023-03-17 00:00:00,,,,,,,,,,,,,,,,,,,,,,,,2708312557.991,0.01232,-0.124637
000858SZ_2023-03-17T000000_SELL_COUNTDOWN_CANCEL_-1_2023-01-17T000000_7,2023-03-17 00:00:00,000858.SZ,1d,COUNTDOWN,SELL_COUNTDOWN_CANCEL,-1,7,,opposite_setup,SELL_SETUP,True,2023-01-05 00:00:00,2023-01-17 00:00:00,192.49,163.62,2023-01-17 00:00:00,2023-01-17 00:00:00,2023-01-30 00:00:00,2023-02-09 00:00:00,2023-02-10 00:00:00,2023-02-13 00:00:00,2023-02-14 00:00:00,2023-03-01 00:00:00,,,,,,,,2023-02-09 00:00:00,182.77,190.96,171.72,177.46,171.22,2708312557.991,0.01232,-0.124637
000858SZ_2023-03-17T000000_BUY_COUNTDOWN_PROGRESS_1_2023-03-17T000000_1,2023-03-17 00:00:00,000858.SZ,1d,COUNTDOWN,BUY_COUNTDOWN_PROGRESS,1,1,,,BUY_SETUP,True,2023-03-07 00:00:00,2023-03-17 00:00:00,187.57,187.57,2023-03-17 00:00:00,2023-03-17 00:00:00,,,,,,,,,,,,,,2023-03-17 00:00:00,171.22,177.46,171.72,177.46,171.22,2708312557.991,0.01232,-0.124637
601318SS_2023-03-17T000000_BUY_SETUP_PERFECT_1_2023-03-17T000000_9,2023-03-17 00:00:00,601318.SS,1d,SETUP,BUY_SETUP_PERFECT,1,9,True,,BUY_SETUP,True,2023-03-07 00:00:00,2023-03-17 00:00:00,,,,,,,,,,,,,,,,,,,,,,,,2520907929.6,0.019369,-0.088049
601318SS_2023-03-17T000000_BUY_COUNTDOWN_CANCEL_1_2023-02-09T000000_10,2023-03-17 00:00:00,601318.SS,1d,COUNTDOWN,BUY_COUNTDOWN_CANCEL,1,10,,same_setup,BUY_SETUP,False,2023-01-30 00:00:00,2023-02-09 00:00:00,46.24,46.24,2023-02-09 00:00:00,2023-02-23 00:00:00,2023-02-24 00:00:00,2023-02-27 00:00:00,2023-03-06 00:00:00,2023-03-07 00:00:00,2023-03-08 00:00:00,2023-03-09 00:00:00,2023-03-10 00:00:00,38.64,2023-03-14 00:00:00,2023-03-16 00:00:00,,,,2023-03-16 00:00:00,37.39,38.47,38.84,39.6,38.45,2520907929.6,0.019369,-0.088049
600036SS_2023-03-17T000000_BUY_COUNTDOWN_PROGRESS_1_2023-03-16T000000_1,2023-03-17 00:00:00,600036.SS,1d,COUNTDOWN,BUY_COUNTDOWN_PROGRESS,1,1,,,BUY_SETUP,True,2023-03-06 00:00:00,2023-03-16 00:00:00,31.51,31.51,2023-03-16 00:00:00,2023-03-17 00:00:00,,,,,,,,,,,,,,2023-03-17 00:00:00,27.3,28.65,27.64,28.65,27.3,2086010092.8,0.01511,-0.129997
600519SS_2023-03-20T000000_BUY_COUNTDOWN_PROGRESS_1_2023-02-07T000000_10,2023-03-20 00:00:00,600519.SS,1d,COUNTDOWN,BUY_COUNTDOWN_PROGRESS,1,10,,,BUY_SETUP,True,2023-01-19 00:00:00,2023-02-07 00:00:00,1757.66,1757.66,2023-02-07 00:00:00,2023-02-17 00:00:00,2023-02-23 00:00:00,2023-02-24 00:00:00,2023-03-06 00:00:00,2023-03-07 00:00:00,2023-03-08 00:00:00,2023-03-09 00:00:00,2023-03-10 00:00:00,1598.66,2023-03-17 00:00:00,2023-03-20 00:00:00,,,,2023-03-20 00:00:00,1576.66,1603.66,1578.26,1603.66,1576.66,3855606118.4,0.009145,-0.080086
000858SZ_2023-03-20T000000_BUY_COUNTDOWN_PROGRESS_1_2023-03-17T000000_2,2023-03-20 00:00:00,000858.SZ,1d,COUNTDOWN,BUY_COUNTDOWN_PROGRESS,1,2,,,BUY_SETUP,True,2023-03-07 00:00:00,2023-03-17 00:00:00,187.57,187.57,2023-03-17 00:00:00,2023-03-17 00:00:00,2023-03-20 00:00:00,,,,,,,,,,,,,2023-03-20 00:00:00,168.22,173.81,169.12,173.81,168.22,2651559186.146,0.012337,-0.125091
600036SS_2023-03-20T000000_BUY_COUNTDOWN_PROGRESS_1_2023-03-16T000000_2,2023-03-20 00:00:00,600036.SS,1d,COUNTDOWN,BUY_COUNTDOWN_PROGRESS,1,2,,,BUY_SETUP,True,2023-03-06 00:00:00,2023-03-16 00:00:00,31.51,31.51,2023-03-16 00:00:00,2023-03-17 00:00:00,2023-03-20 00:00:00,,,,,,,,,,,,,2023-03-17 00:00:00,27.3,28.65,27.4,28.19,27.3,1971054105.6,0.014773,-0.142947
601318SS_2023-03-24T000000_BUY_COUNTDOWN_PROGRESS_1_2023-03-17T000000_1,2023-03-24 00:00:00,601318.SS,1d,COUNTDOWN,BUY_COUNTDOWN_PROGRESS,1,1,,,BUY_SETUP,True,2023-03-07 00:00:00,2023-03-17 00:00:00,41.84,41.84,2023-03-17 00:00:00,2023-03-24 00:00:00,,,,,,,,,,,,,,2023-03-24 00:00:00,38.7,39.44,38.84,39.44,38.7,2564639360.0,0.019935,-0.039565
601318SS_2023-03-27T000000_BUY_COUNTDOWN_PROGRESS_1_2023-03-17T000000_2,2023-03-27 00:00:00,601318.SS,1d,COUNTDOWN,BUY_COUNTDOWN_PROGRESS,1,2,,,BUY_SETUP,True,2023-03-07 00:00:00,2023-03-17 00:00:00,41.84,41.84,2023-03-17 00:00:00,2023-03-24 00:00:00,2023-03-27 00:00:00,,,,,,,,,,,,,2023-03-27 00:00:00,38.14,38.97,38.63,38.97,38.14,2535355225.6,0.019749,-0.054114
600036SS_2023-03-27T000000_BUY_COUNTDOWN_PROGRESS_1_2023-03-16T000000_3,2023-03-27 00:00:00,600036.SS,1d,COUNTDOWN,BUY_COUNTDOWN_PROGRESS,1,3,,,BUY_SETUP,True,2023-03-06 00:00:00,2023-03-16 00:00:00,31.51,31.51,2023-03-16 00:00:00,2023-03-17 00:00:00,2023-03-20 00:00:00,2023-03-27 00:00:00,,,,,,,,,,,,2023-03-17 00:00:00,27.3,28.65,27.49,27.88,27.33,1970840224.0,0.016577,-0.10134
601318SS_2023-03-28T000000_BUY_COUNTDOWN_PROGRESS_1_2023-03-17T000000_3,2023-03-28 00:00:00,601318.SS,1d,COUNTDOWN,BUY_COUNTDOWN_PROGRESS,1,3,,,BUY_SETUP,True,2023-03-07 00:00:00,2023-03-17 00:00:00,41.84,41.84,2023-03-17 00:00:00,2023-03-24 00:00:00,2023-03-27 00:00:00,2023-03-28 00:00:00,,,,,,,,,,,,2023-03-27 00:00:00,38.14,38.97,38.52,39.02,38.32,2509231180.8,0.016429,-0.096411
601318SS_2023-03-29T000000_BUY_COUNTDOWN_PROGRESS_1_2023-03-17T000000_4,2023-03-29 00:00:00,601318.SS,1d,COUNTDOWN,BUY_COUNTDOWN_PROGRESS,1,4,,,BUY_SETUP,True,2023-03-07 00:00:00,2023-03-17 00:00:00,41.84,41.84,2023-03-17 00:00:00,2023-03-24 00:00:00,2023-03-27 00:00:00,2023-03-28 00:00:00,2023-03-29 00:00:00,,,,,,,,,,,2023-03-29 00:00:00,38.04,39.22,38.06,39.22,38.04,2423812217.6,0.016314,-0.111578
601318SS_2023-03-30T000000_BUY_COUNTDOWN_PROGRESS_1_2023-03-17T000000_5,2023-03-30 00:00:00,601318.SS,1d,COUNTDOWN,BUY_COUNTDOWN_PROGRESS,1,5,,,BUY_SETUP,True,2023-03-07 00:00:00,2023-03-17 00:00:00,41.84,41.84,2023-03-17 00:00:00,2023-03-24 00:00:00,2023-03-27 00:00:00,2023-03-28 00:00:00,2023-03-29 00:00:00,2023-03-30 00:00:00,,,,,,,,,,2023-03-30 00:00:00,37.58,38.34,38.12,38.34,37.58,2430150592.0,0.016307,-0.111836
000651SZ_2023-03-30T000000_SELL_COUNTDOWN_PROGRESS_-1_2023-03-02T000000_7,2023-03-30 00:00:00,000651.SZ,1d,COUNTDOWN,SELL_COUNTDOWN_PROGRESS,-1,7,,,SELL_SETUP,True,2023-02-20 00:00:00,2023-03-02 00:00:00,29.58,25.65,2023-03-02 00:00:00,2023-03-02 00:00:00,2023-03-03 00:00:00,2023-03-06 00:00:00,2023-03-13 00:00:00,2023-03-14 00:00:00,2023-03-15 00:00:00,2023-03-30 00:00:00,,,,,,,,2023-03-13 00:00:00,28.21,29.8,29.91,30.22,28.51,1387677373.193,0.019886,0.008769
000651SZ_2023-03-31T000000_SELL_COUNTDOWN_PROGRESS_-1_2023-03-02T000000_8,2023-03-31 00:00:00,000651.SZ,1d,COUNTDOWN,SELL_COUNTDOWN_PROGRESS,-1,8,,,SELL_SETUP,True,2023-02-20 00:00:00,2023-03-02 00:00:00,29.58,25.65,2023-03-02 00:00:00,2023-03-02 00:00:00,2023-03-03 00:00:00,2023-03-06 00:00:00,2023-03-13 00:00:00,2023-03-14 00:00:00,2023-03-15 00:00:00,2023-03-30 00:00:00,2023-03-31 00:00:00,29.43,,,,,,2023-03-13 00:00:00,28.21,29.8,29.43,29.98,29.39,1364478584.64,0.020229,-0.005407
600519SS_2023-04-04T000000_BUY_COUNTDOWN_PROGRESS_1_2023-02-07T000000_11,2023-04-04 00:00:00,600519.SS,1d,COUNTDOWN,BUY_COUNTDOWN_PROGRESS,1,11,,,BUY_SETUP,True,2023-01-19 00:00:00,2023-02-07 00:00:00,1757.66,1757.66,2023-02-07 00:00:00,2023-02-17 00:00:00,2023-02-23 00:00:00,2023-02-24 00:00:00,2023-03-06 00:00:00,2023-03-07 00:00:00,2023-03-08 00:00:00,2023-03-09 00:00:00,2023-03-10 00:00:00,1598.66,2023-03-17 00:00:00,2023-03-20 00:00:00,2023-04-04 00:00:00,,,2023-03-20 00:00:00,1576.66,1603.66,1663.25,1663.83,1635.66,3665657292.8,0.009457,0.027281
000858SZ_2023-04-04T000000_BUY_COUNTDOWN_PROGRESS_1_2023-03-17T000000_3,2023-04-04 00:00:00,000858.SZ,1d,COUNTDOWN,BUY_COUNTDOWN_PROGRESS,1,3,,,BUY_SETUP,True,2023-03-07 00:00:00,2023-03-17 00:00:00,187.57,187.57,2023-03-17 00:00:00,2023-03-17 00:00:00,2023-03-20 00:00:00,2023-04-04 00:00:00,,,,,,,,,,,,2023-03-20 00:00:00,168.22,173.81,179.37,179.88,176.17,2568326993.8855,0.015555,-0.017258
600519SS_2023-04-06T000000_BUY_COUNTDOWN_PROGRESS_1_2023-02-07T000000_12,2023-04-06 00:00:00,600519.SS,1d,COUNTDOWN,BUY_COUNTDOWN_PROGRESS,1,12,,,BUY_SETUP,True,2023-01-19 00:00:00,2023-02-07 00:00:00,1757.66,1757.66,2023-02-07 00:00:00,2023-02-17 00:00:00,2023-02-23 00:00:00,2023-02-24 00:00:00,2023-03-06 00:00:00,2023-03-07 00:00:00,2023-03-08 00:00:00,2023-03-09 00:00:00,2023-03-10 00:00:00,1598.66,2023-03-17 00:00:00,2023-03-20 00:00:00,2023-04-04 00:00:00,2023-04-06 00:00:00,,2023-03-20 00:00:00,1576.66,1603.66,1645.62,1664.56,1636.88,3597680524.8,0.00983,0.016643
000858SZ_2023-04-06T000000_BUY_COUNTDOWN_PROGRESS_1_2023-03-17T000000_4,2023-04-06 00:00:00,000858.SZ,1d,COUNTDOWN,BUY_COUNTDOWN_PROGRESS,1,4,,,BUY_SETUP,True,2023-03-07 00:00:00,2023-03-17 00:00:00,187.57,187.57,2023-03-17 00:00:00,2023-03-17 00:00:00,2023-03-20 00:00:00,2023-04-04 00:00:00,2023-04-06 00:00:00,,,,,,,,,,,2023-03-20 00:00:00,168.22,173.81,173.76,178.22,172.29,2611041907.6735,0.016945,-0.041165
601318SS_2023-04-06T000000_BUY_COUNTDOWN_PROGRESS_1_2023-03-17T000000_6,2023-04-06 00:00:00,601318.SS,1d,COUNTDOWN,BUY_COUNTDOWN_PROGRESS,1,6,,,BUY_SETUP,True,2023-03-07 00:00:00,2023-03-17 00:00:00,41.84,41.84,2023-03-17 00:00:00,2023-03-24 00:00:00,2023-03-27 00:00:00,2023-03-28 00:00:00,2023-03-29 00:00:00,2023-03-30 00:00:00,2023-04-06 00:00:00,,,,,,,,,2023-03-30 00:00:00,37.58,38.34,37.72,38.19,37.67,2315595257.6,0.013633,-0.039715
600036SS_2023-04-06T000000_BUY_COUNTDOWN_PROGRESS_1_2023-03-16T000000_4,2023-04-06 00:00:00,600036.SS,1d,COUNTDOWN,BUY_COUNTDOWN_PROGRESS,1,4,,,BUY_SETUP,True,2023-03-06 00:00:00,2023-03-16 00:00:00,31.51,31.51,2023-03-16 00:00:00,2023-03-17 00:00:00,2023-03-20 00:00:00,2023-03-27 00:00:00,2023-04-06 00:00:00,,,,,,,,,,,2023-04-06 00:00:00,27.01,27.45,27.08,27.45,27.01,1870654777.6,0.012264,-0.061677
000858SZ_2023-04-07T000000_BUY_COUNTDOWN_PROGRESS_1_2023-03-17T000000_5,2023-04-07 00:00:00,000858.SZ,1d,COUNTDOWN,BUY_COUNTDOWN_PROGRESS,1,5,,,BUY_SETUP,True,2023-03-07 00:00:00,2023-03-17 00:00:00,187.57,187.57,2023-03-17 00:00:00,2023-03-17 00:00:00,2023-03-20 00:00:00,2023-04-04 00:00:00,2023-04-06 00:00:00,2023-04-07 00:00:00,,,,,,,,,,2023-03-20 00:00:00,168.22,173.81,172.28,175.05,170.76,2551842836.939,0.016735,-0.03463
000651SZ_2023-04-07T000000_SELL_COUNTDOWN_PROGRESS_-1_2023-03-02T000000_9,2023-04-07 00:00:00,000651.SZ,1d,COUNTDOWN,SELL_COUNTDOWN_PROGRESS,-1,9,,,SELL_SETUP,True,2023-02-20 00:00:00,2023-03-02 00:00:00,29.58,25.65,2023-03-02 00:00:00,2023-03-02 00:00:00,2023-03-03 00:00:00,2023-03-06 00:00:00,2023-03-13 00:00:00,2023-03-14 00:00:00,2023-03-15 00:00:00,2023-03-30 00:00:00,2023-03-31 00:00:00,29.43,2023-04-07 00:00:00,,,,,2023-03-13 00:00:00,28.21,29.8,29.97,30.24,29.34,1317676753.827,0.018593,0.059385
600519SS_2023-04-10T000000_BUY_COUNTDOWN_COMPLETE_1_2023-02-07T000000_13,2023-04-10 00:00:00,600519.SS,1d,COUNTDOWN,BUY_COUNTDOWN_COMPLETE,1,13,False,,BUY_SETUP,True,2023-01-19 00:00:00,2023-02-07 00:00:00,1757.66,1757.66,2023-02-07 00:00:00,2023-02-17 00:00:00,2023-02-23 00:00:00,2023-02-24 00:00:00,2023-03-06 00:00:00,2023-03-07 00:00:00,2023-03-08 00:00:00,2023-03-09 00:00:00,2023-03-10 00:00:00,1598.66,2023-03-17 00:00:00,2023-03-20 00:00:00,2023-04-04 00:00:00,2023-04-06 00:00:00,2023-04-10 00:00:00,2023-03-20 00:00:00,1576.66,1603.66,1620.36,1639.54,1592.66,3547316966.4,0.009711,0.006022
000858SZ_2023-04-10T000000_BUY_COUNTDOWN_PROGRESS_1_2023-03-17T000000_6,2023-04-10 00:00:00,000858.SZ,1d,COUNTDOWN,BUY_COUNTDOWN_PROGRESS,1,6,,,BUY_SETUP,True,2023-03-07 00:00:00,2023-03-17 00:00:00,187.57,187.57,2023-03-17 00:00:00,2023-03-17 00:00:00,2023-03-20 00:00:00,2023-04-04 00:00:00,2023-04-06 00:00:00,2023-04-07 00:00:00,2023-04-10 00:00:00,,,,,,,,,2023-04-10 00:00:00,161.42,168.24,167.87,168.24,161.42,2751245554.2835,0.016805,-0.076724
000651SZ_2023-04-10T000000_SELL_COUNTDOWN_PROGRESS_-1_2023-03-02T000000_10,2023-04-10 00:00:00,000651.SZ,1d,COUNTDOWN,SELL_COUNTDOWN_PROGRESS,-1,10,,,SELL_SETUP,True,2023-02-20 00:00:00,2023-03-02 00:00:00,29.58,25.65,2023-03-02 00:00:00,2023-03-02 00:00:00,2023-03-03 00:00:00,2023-03-06 00:00:00,2023-03-13 00:00:00,2023-03-14 00:00:00,2023-03-15 00:00:00,2023-03-30 00:00:00,2023-03-31 00:00:00,29.43,2023-04-07 00:00:00,2023-04-10 00:00:00,,,,2023-03-13 00:00:00,28.21,29.8,30.43,30.45,29.7,1312648231.214,0.014797,0.021484
000858SZ_2023-04-11T000000_BUY_COUNTDOWN_PROGRESS_1_2023-03-17T000000_7,2023-04-11 00:00:00,000858.SZ,1d,COUNTDOWN,BUY_COUNTDOWN_PROGRESS,1,7,,,BUY_SETUP,True,2023-03-07 00:00:00,2023-03-17 00:00:00,187.57,187.57,2023-03-17 00:00:00,2023-03-17 00:00:00,2023-03-20 00:00:00,2023-04-04 00:00:00,2023-04-06 00:00:00,2023-04-07 00:00:00,2023-04-10 00:00:00,2023-04-11 00:00:00,,,,,,,,2023-04-10 00:00:00,161.42,168.24,163.75,167.37,163.23,2799324091.9575,0.01714,-0.082633
600036SS_2023-04-11T000000_BUY_COUNTDOWN_PROGRESS_1_2023-03-16T000000_5,2023-04-11 00:00:00,600036.SS,1d,COUNTDOWN,BUY_COUNTDOWN_PROGRESS,1,5,,,BUY_SETUP,True,2023-03-06 00:00:00,2023-03-16 00:00:00,31.51,31.51,2023-03-16 00:00:00,2023-03-17 00:00:00,2023-03-20 00:00:00,2023-03-27 00:00:00,2023-04-06 00:00:00,2023-04-11 00:00:00,,,,,,,,,,2023-04-11 00:00:00,26.91,27.62,27.01,27.62,26.91,1821610195.2,0.012334,-0.03051
000651SZ_2023-04-11T000000_SELL_COUNTDOWN_PROGRESS_-1_2023-03-02T000000_11,2023-04-11 00:00:00,000651.SZ,1d,COUNTDOWN,SELL_COUNTDOWN_PROGRESS,-1,11,,,SELL_SETUP,True,2023-02-20 00:00:00,2023-03-02 00:00:00,29.58,25.65,2023-03-02 00:00:00,2023-03-02 00:00:00,2023-03-03 00:00:00,2023-03-06 00:00:00,2023-03-13 00:00:00,2023-03-14 00:00:00,2023-03-15 00:00:00,2023-03-30 00:00:00,2023-03-31 00:00:00,29.43,2023-04-07 00:00:00,2023-04-10 00:00:00,2023-04-11 00:00:00,,,2023-03-13 00:00:00,28.21,29.8,32.08,32.08,30.56,1383030492.723,0.018822,0.083052
000858SZ_2023-04-12T000000_BUY_COUNTDOWN_PROGRESS_1_2023-03-17T000000_8,2023-04-12 00:00:00,000858.SZ,1d,COUNTDOWN,BUY_COUNTDOWN_PROGRESS,1,8,,,BUY_SETUP,True,2023-03-07 00:00:00,2023-03-17 00:00:00,187.57,187.57,2023-03-17 00:00:00,2023-03-17 00:00:00,2023-03-20 00:00:00,2023-04-04 00:00:00,2023-04-06 00:00:00,2023-04-07 00:00:00,2023-04-10 00:00:00,2023-04-11 00:00:00,2023-04-12 00:00:00,159.04,,,,,,2023-04-12 00:00:00,158.77,164.33,159.04,164.33,158.77,2940024810.6235,0.017799,-0.093996
600036SS_2023-04-12T000000_BUY_COUNTDOWN_PROGRESS_1_2023-03-16T000000_6,2023-04-12 00:00:00,600036.SS,1d,COUNTDOWN,BUY_COUNTDOWN_PROGRESS,1,6,,,BUY_SETUP,True,2023-03-06 00:00:00,2023-03-16 00:00:00,31.51,31.51,2023-03-16 00:00:00,2023-03-17 00:00:00,2023-03-20 00:00:00,2023-03-27 00:00:00,2023-04-06 00:00:00,2023-04-11 00:00:00,2023-04-12 00:00:00,,,,,,,,,2023-04-11 00:00:00,26.91,27.62,27.02,27.23,26.94,1783362240.0,0.012001,-0.040483
000651SZ_2023-04-12T000000_SELL_COUNTDOWN_PROGRESS_-1_2023-03-02T000000_12,2023-04-12 00:00:00,000651.SZ,1d,COUNTDOWN,SELL_COUNTDOWN_PROGRESS,-1,12,,,SELL_SETUP,True,2023-02-20 00:00:00,2023-03-02 00:00:00,29.58,25.65,2023-03-02 00:00:00,2023-03-02 00:00:00,2023-03-03 00:00:00,2023-03-06 00:00:00,2023-03-13 00:00:00,2023-03-14 00:00:00,2023-03-15 00:00:00,2023-03-30 00:00:00,2023-03-31 00:00:00,29.43,2023-04-07 00:00:00,2023-04-10 00:00:00,2023-04-11 00:00:00,2023-04-12 00:00:00,,2023-03-13 00:00:00,28.21,29.8,32.08,32.38,31.83,1347834717.9915,0.018596,0.06472
000858SZ_2023-04-13T000000_BUY_COUNTDOWN_PROGRESS_1_2023-03-17T000000_9,2023-04-13 00:00:00,000858.SZ,1d,COUNTDOWN,BUY_COUNTDOWN_PROGRESS,1,9,,,BUY_SETUP,True,2023-03-07 00:00:00,2023-03-17 00:00:00,187.57,187.57,2023-03-17 00:00:00,2023-03-17 00:00:00,2023-03-20 00:00:00,2023-04-04 00:00:00,2023-04-06 00:00:00,2023-04-07 00:00:00,2023-04-10 00:00:00,2023-04-11 00:00:00,2023-04-12 00:00:00,159.04,2023-04-13 00:00:00,,,,,2023-04-12 00:00:00,158.77,164.33,161.1,163.12,158.77,3001048941.2595,0.01824,-0.076367
601318SS_2023-04-13T000000_BUY_COUNTDOWN_PROGRESS_1_2023-03-17T000000_7,2023-04-13 00:00:00,601318.SS,1d,COUNTDOWN,BUY_COUNTDOWN_PROGRESS,1,7,,,BUY_SETUP,True,2023-03-07 00:00:00,2023-03-17 00:00:00,41.84,41.84,2023-03-17 00:00:00,2023-03-24 00:00:00,2023-03-27 00:00:00,2023-03-28 00:00:00,2023-03-29 00:00:00,2023-03-30 00:00:00,2023-04-06 00:00:00,2023-04-13 00:00:00,,,,,,,,2023-04-13 00:00:00,37.45,38.01,37.76,38.01,37.45,2335616569.6,0.011616,-0.002905
000651SZ_2023-04-17T000000_SELL_COUNTDOWN_COMPLETE_PERFECT_-1_2023-03-02T000000_13,2023-04-17 00:00:00,000651.SZ,1d,COUNTDOWN,SELL_COUNTDOWN_COMPLETE_PERFECT,-1,13,True,,SELL_SETUP,True,2023-02-20 00:00:00,2023-03-02 00:00:00,29.58,25.65,2023-03-02 00:00:00,2023-03-02 00:00:00,2023-03-03 00:00:00,2023-03-06 00:00:00,2023-03-13 00:00:00,2023-03-14 00:00:00,2023-03-15 00:00:00,2023-03-30 00:00:00,2023-03-31 00:00:00,29.43,2023-04-07 00:00:00,2023-04-10 00:00:00,2023-04-11 00:00:00,2023-04-12 00:00:00,2023-04-17 00:00:00,2023-03-13 00:00:00,28.21,29.8,32.94,33.02,31.38,1392320518.568,0.02328,0.106111
000858SZ_2023-04-19T000000_BUY_COUNTDOWN_PROGRESS_1_2023-03-17T000000_10,2023-04-19 00:00:00,000858.SZ,1d,COUNTDOWN,BUY_COUNTDOWN_PROGRESS,1,10,,,BUY_SETUP,True,2023-03-07 00:00:00,2023-03-17 00:00:00,187.57,187.57,2023-03-17 00:00:00,2023-03-17 00:00:00,2023-03-20 00:00:00,2023-04-04 00:00:00,2023-04-06 00:00:00,2023-04-07 00:00:00,2023-04-10 00:00:00,2023-04-11 00:00:00,2023-04-12 00:00:00,159.04,2023-04-13 00:00:00,2023-04-19 00:00:00,,,,2023-04-19 00:00:00,158.72,162.18,159.51,162.18,158.72,2945979962.2995,0.016134,-0.088462
000651SZ_2023-04-19T000000_SELL_SETUP_PERFECT_-1_2023-04-19T000000_9,2023-04-19 00:00:00,000651.SZ,1d,SETUP,SELL_SETUP_PERFECT,-1,9,True,,SELL_SETUP,True,2023-04-07 00:00:00,2023-04-19 00:00:00,,,,,,,,,,,,,,,,,,,,,,,,1471758059.5435,0.023288,0.094011
000858SZ_2023-04-20T000000_BUY_COUNTDOWN_PROGRESS_1_2023-03-17T000000_11,2023-04-20 00:00:00,000858.SZ,1d,COUNTDOWN,BUY_COUNTDOWN_PROGRESS,1,11,,,BUY_SETUP,True,2023-03-07 00:00:00,2023-03-17 00:00:00,187.57,187.57,2023-03-17 00:00:00,2023-03-17 00:00:00,2023-03-20 00:00:00,2023-04-04 00:00:00,2023-04-06 00:00:00,2023-04-07 00:00:00,2023-04-10 00:00:00,2023-04-11 00:00:00,2023-04-12 00:00:00,159.04,2023-04-13 00:00:00,2023-04-19 00:00:00,2023-04-20 00:00:00,,,2023-04-20 00:00:00,155.72,160.2,156.72,160.2,155.72,2970039553.8585,0.015589,-0.11856
600036SS_2023-04-20T000000_BUY_COUNTDOWN_PROGRESS_1_2023-03-16T000000_7,2023-04-20 00:00:00,600036.SS,1d,COUNTDOWN,BUY_COUNTDOWN_PROGRESS,1,7,,,BUY_SETUP,True,2023-03-06 00:00:00,2023-03-16 00:00:00,31.51,31.51,2023-03-16 00:00:00,2023-03-17 00:00:00,2023-03-20 00:00:00,2023-03-27 00:00:00,2023-04-06 00:00:00,2023-04-11 00:00:00,2023-04-12 00:00:00,2023-04-20 00:00:00,,,,,,,,2023-04-11 00:00:00,26.91,27.62,28.27,29.02,28.14,1978972902.4,0.013861,-0.007374
000651SZ_2023-04-20T000000_SELL_COUNTDOWN_PROGRESS_-1_2023-04-19T000000_1,2023-04-20 00:00:00,000651.SZ,1d,COUNTDOWN,SELL_COUNTDOWN_PROGRESS,-1,1,,,SELL_SETUP,True,2023-04-07 00:00:00,2023-04-19 00:00:00,33.86,29.34,2023-04-19 00:00:00,2023-04-20 00:00:00,,,,,,,,,,,,,,2023-04-20 00:00:00,33.18,34.58,34.49,34.58,33.18,1579435864.749,0.025703,0.156606
000858SZ_2023-04-21T000000_BUY_COUNTDOWN_PROGRESS_1_2023-03-17T000000_12,2023-04-21 00:00:00,000858.SZ,1d,COUNTDOWN,BUY_COUNTDOWN_PROGRESS,1,12,,,BUY_SETUP,True,2023-03-07 00:00:00,2023-03-17 00:00:00,187.57,187.57,2023-03-17 00:00:00,2023-03-17 00:00:00,2023-03-20 00:00:00,2023-04-04 00:00:00,2023-04-06 00:00:00,2023-04-07 00:00:00,2023-04-10 00:00:00,2023-04-11 00:00:00,2023-04-12 00:00:00,159.04,2023-04-13 00:00:00,2023-04-19 00:00:00,2023-04-20 00:00:00,2023-04-21 00:00:00,,2023-04-21 00:00:00,155.02,158.52,155.22,158.52,155.02,2945930535.985,0.015596,-0.119269
601318SS_2023-04-21T000000_BUY_COUNTDOWN_PROGRESS_1_2023-03-17T000000_8,2023-04-21 00:00:00,601318.SS,1d,COUNTDOWN,BUY_COUNTDOWN_PROGRESS,1,8,,,BUY_SETUP,True,2023-03-07 00:00:00,2023-03-17 00:00:00,41.84,41.84,2023-03-17 00:00:00,2023-03-24 00:00:00,2023-03-27 00:00:00,2023-03-28 00:00:00,2023-03-29 00:00:00,2023-03-30 00:00:00,2023-04-06 00:00:00,2023-04-13 00:00:00,2023-04-21 00:00:00,39.38,,,,,,2023-04-13 00:00:00,37.45,38.01,39.38,41.33,39.27,2496478278.4,0.019404,0.013903
600036SS_2023-04-21T000000_BUY_COUNTDOWN_PROGRESS_1_2023-03-16T000000_8,2023-04-21 00:00:00,600036.SS,1d,COUNTDOWN,BUY_COUNTDOWN_PROGRESS,1,8,,,BUY_SETUP,True,2023-03-06 00:00:00,2023-03-16 00:00:00,31.51,31.51,2023-03-16 00:00:00,2023-03-17 00:00:00,2023-03-20 00:00:00,2023-03-27 00:00:00,2023-04-06 00:00:00,2023-04-11 00:00:00,2023-04-12 00:00:00,2023-04-20 00:00:00,2023-04-21 00:00:00,27.78,,,,,,2023-04-11 00:00:00,26.91,27.62,27.78,28.46,27.71,1976905318.4,0.013019,0.002526
000651SZ_2023-04-21T000000_SELL_COUNTDOWN_PROGRESS_-1_2023-04-19T000000_2,2023-04-21 00:00:00,000651.SZ,1d,COUNTDOWN,SELL_COUNTDOWN_PROGRESS,-1,2,,,SELL_SETUP,True,2023-04-07 00:00:00,2023-04-19 00:00:00,33.86,29.34,2023-04-19 00:00:00,2023-04-20 00:00:00,2023-04-21 00:00:00,,,,,,,,,,,,,2023-04-20 00:00:00,33.18,34.58,33.7,35.06,33.62,1613122458.9985,0.026353,0.140826
000858SZ_2023-04-24T000000_BUY_COUNTDOWN_COMPLETE_PERFECT_1_2023-03-17T000000_13,2023-04-24 00:00:00,000858.SZ,1d,COUNTDOWN,BUY_COUNTDOWN_COMPLETE_PERFECT,1,13,True,,BUY_SETUP,True,2023-03-07 00:00:00,2023-03-17 00:00:00,187.57,187.57,2023-03-17 00:00:00,2023-03-17 00:00:00,2023-03-20 00:00:00,2023-04-04 00:00:00,2023-04-06 00:00:00,2023-04-07 00:00:00,2023-04-10 00:00:00,2023-04-11 00:00:00,2023-04-12 00:00:00,159.04,2023-04-13 00:00:00,2023-04-19 00:00:00,2023-04-20 00:00:00,2023-04-21 00:00:00,2023-04-24 00:00:00,2023-04-24 00:00:00,150.72,156.12,151.22,156.12,150.72,2995233938.5575,0.016086,-0.129068
601318SS_2023-04-24T000000_BUY_COUNTDOWN_PROGRESS_1_2023-03-17T000000_9,2023-04-24 00:00:00,601318.SS,1d,COUNTDOWN,BUY_COUNTDOWN_PROGRESS,1,9,,,BUY_SETUP,True,2023-03-07 00:00:00,2023-03-17 00:00:00,41.84,41.84,2023-03-17 00:00:00,2023-03-24 00:00:00,2023-03-27 00:00:00,2023-03-28 00:00:00,2023-03-29 00:00:00,2023-03-30 00:00:00,2023-04-06 00:00:00,2023-04-13 00:00:00,2023-04-21 00:00:00,39.38,2023-04-24 00:00:00,,,,,2023-04-13 00:00:00,37.45,38.01,39.04,40.39,38.84,2533305900.8,0.019472,0.010614
600036SS_2023-04-24T000000_BUY_COUNTDOWN_PROGRESS_1_2023-03-16T000000_9,2023-04-24 00:00:00,600036.SS,1d,COUNTDOWN,BUY_COUNTDOWN_PROGRESS,1,9,,,BUY_SETUP,True,2023-03-06 00:00:00,2023-03-16 00:00:00,31.51,31.51,2023-03-16 00:00:00,2023-03-17 00:00:00,2023-03-20 00:00:00,2023-03-27 00:00:00,2023-04-06 00:00:00,2023-04-11 00:00:00,2023-04-12 00:00:00,2023-04-20 00:00:00,2023-04-21 00:00:00,27.78,2023-04-24 00:00:00,,,,,2023-04-24 00:00:00,26.79,27.97,26.88,27.97,26.79,1983503654.4,0.014843,-0.02219
601318SS_2023-04-25T000000_BUY_COUNTDOWN_PROGRESS_1_2023-03-17T000000_10,2023-04-25 00:00:00,601318.SS,1d,COUNTDOWN,BUY_COUNTDOWN_PROGRESS,1,10,,,BUY_SETUP,True,2023-03-07 00:00:00,2023-03-17 00:00:00,41.84,41.84,2023-03-17 00:00:00,2023-03-24 00:00:00,2023-03-27 00:00:00,2023-03-28 00:00:00,2023-03-29 00:00:00,2023-03-30 00:00:00,2023-04-06 00:00:00,2023-04-13 00:00:00,2023-04-21 00:00:00,39.38,2023-04-24 00:00:00,2023-04-25 00:00:00,,,,2023-04-13 00:00:00,37.45,38.01,38.73,39.72,38.52,2593471763.2,0.019555,0.005452
600036SS_2023-04-25T000000_BUY_COUNTDOWN_PROGRESS_1_2023-03-16T000000_10,2023-04-25 00:00:00,600036.SS,1d,COUNTDOWN,BUY_COUNTDOWN_PROGRESS,1,10,,,BUY_SETUP,True,2023-03-06 00:00:00,2023-03-16 00:00:00,31.51,31.51,2023-03-16 00:00:00,2023-03-17 00:00:00,2023-03-20 00:00:00,2023-03-27 00:00:00,2023-04-06 00:00:00,2023-04-11 00:00:00,2023-04-12 00:00:00,2023-04-20 00:00:00,2023-04-21 00:00:00,27.78,2023-04-24 00:00:00,2023-04-25 00:00:00,,,,2023-04-24 00:00:00,26.79,27.97,27.31,27.42,26.79,1993148160.0,0.015234,-0.013367
601318SS_2023-04-26T000000_BUY_COUNTDOWN_PROGRESS_1_2023-03-17T000000_11,2023-04-26 00:00:00,601318.SS,1d,COUNTDOWN,BUY_COUNTDOWN_PROGRESS,1,11,,,BUY_SETUP,True,2023-03-07 00:00:00,2023-03-17 00:00:00,41.84,41.84,2023-03-17 00:00:00,2023-03-24 00:00:00,2023-03-27 00:00:00,2023-03-28 00:00:00,2023-03-29 00:00:00,2023-03-30 00:00:00,2023-04-06 00:00:00,2023-04-13 00:00:00,2023-04-21 00:00:00,39.38,2023-04-24 00:00:00,2023-04-25 00:00:00,2023-04-26 00:00:00,,,2023-04-13 00:00:00,37.45,38.01,38.43,38.89,38.3,2644473830.4,0.019437,0.009721
601318SS_2023-04-27T000000_BUY_COUNTDOWN_CANCEL_1_2023-03-17T000000_11,2023-04-27 00:00:00,601318.SS,1d,COUNTDOWN,BUY_COUNTDOWN_CANCEL,1,11,,tdst_break_rule_4,BUY_SETUP,True,2023-03-07 00:00:00,2023-03-17 00:00:00,41.84,41.84,2023-03-17 00:00:00,2023-03-24 00:00:00,2023-03-27 00:00:00,2023-03-28 00:00:00,2023-03-29 00:00:00,2023-03-30 00:00:00,2023-04-06 00:00:00,2023-04-13 00:00:00,2023-04-21 00:00:00,39.38,2023-04-24 00:00:00,2023-04-25 00:00:00,2023-04-26 00:00:00,,,2023-04-13 00:00:00,37.45,38.01,43.01,43.01,39.45,3183685254.4,0.032837,0.128279
600036SS_2023-04-27T000000_BUY_COUNTDOWN_PROGRESS_1_2023-03-16T000000_11,2023-04-27 00:00:00,600036.SS,1d,COUNTDOWN,BUY_COUNTDOWN_PROGRESS,1,11,,,BUY_SETUP,True,2023-03-06 00:00:00,2023-03-16 00:00:00,31.51,31.51,2023-03-16 00:00:00,2023-03-17 00:00:00,2023-03-20 00:00:00,2023-03-27 00:00:00,2023-04-06 00:00:00,2023-04-11 00:00:00,2023-04-12 00:00:00,2023-04-20 00:00:00,2023-04-21 00:00:00,27.78,2023-04-24 00:00:00,2023-04-25 00:00:00,2023-04-27 00:00:00,,,2023-04-27 00:00:00,25.42,26.27,25.91,26.27,25.42,2167060883.2,0.017821,-0.062251
000651SZ_2023-05-04T000000_SELL_COUNTDOWN_CANCEL_-1_2023-04-19T000000_2,2023-05-04 00:00:00,000651.SZ,1d,COUNTDOWN,SELL_COUNTDOWN_CANCEL,-1,2,,tdst_break_rule_4,SELL_SETUP,True,2023-04-07 00:00:00,2023-04-19 00:00:00,33.86,29.34,2023-04-19 00:00:00,2023-04-20 00:00:00,2023-04-21 00:00:00,,,,,,,,,,,,,2023-04-20 00:00:00,33.18,34.58,28.1,29.18,28.09,2185192796.155,0.038303,-0.061456
600036SS_2023-05-10T000000_BUY_COUNTDOWN_PROGRESS_1_2023-03-16T000000_12,2023-05-10 00:00:00,600036.SS,1d,COUNTDOWN,BUY_COUNTDOWN_PROGRESS,1,12,,,BUY_SETUP,True,2023-03-06 00:00:00,2023-03-16 00:00:00,31.51,31.51,2023-03-16 00:00:00,2023-03-17 00:00:00,2023-03-20 00:00:00,2023-03-27 00:00:00,2023-04-06 00:00:00,2023-04-11 00:00:00,2023-04-12 00:00:00,2023-04-20 00:00:00,2023-04-21 00:00:00,27.78,2023-04-24 00:00:00,2023-04-25 00:00:00,2023-04-27 00:00:00,2023-05-10 00:00:00,,2023-04-27 00:00:00,25.42,26.27,27.68,28.4,27.57,2545090521.6,0.022787,0.005814
600036SS_2023-05-11T000000_BUY_COUNTDOWN_COMPLETE_PERFECT_1_2023-03-16T000000_13,2023-05-11 00:00:00,600036.SS,1d,COUNTDOWN,BUY_COUNTDOWN_COMPLETE_PERFECT,1,13,True,,BUY_SETUP,True,2023-03-06 00:00:00,2023-03-16 00:00:00,31.51,31.51,2023-03-16 00:00:00,2023-03-17 00:00:00,2023-03-20 00:00:00,2023-03-27 00:00:00,2023-04-06 00:00:00,2023-04-11 00:00:00,2023-04-12 00:00:00,2023-04-20 00:00:00,2023-04-21 00:00:00,27.78,2023-04-24 00:00:00,2023-04-25 00:00:00,2023-04-27 00:00:00,2023-05-10 00:00:00,2023-05-11 00:00:00,2023-04-27 00:00:00,25.42,26.27,27.73,28.61,27.68,2566069574.4,0.022339,0.026657
000651SZ_2023-05-11T000000_BUY_SETUP_PERFECT_1_2023-05-11T000000_9,2023-05-11 00:00:00,000651.SZ,1d,SETUP,BUY_SETUP_PERFECT,1,9,True,,BUY_SETUP,True,2023-04-26 00:00:00,2023-05-11 00:00:00,,,,,,,,,,,,,,,,,,,,,,,,2588909821.027,0.035349,-0.168017
000651SZ_2023-05-11T000000_BUY_COUNTDOWN_PROGRESS_1_2023-05-11T000000_1,2023-05-11 00:00:00,000651.SZ,1d,COUNTDOWN,BUY_COUNTDOWN_PROGRESS,1,1,,,BUY_SETUP,True,2023-04-26 00:00:00,2023-05-11 00:00:00,33.33,33.33,2023-05-11 00:00:00,2023-05-11 00:00:00,,,,,,,,,,,,,,2023-05-11 00:00:00,26.68,27.35,26.69,27.35,26.68,2588909821.027,0.035349,-0.168017
000651SZ_2023-05-16T000000_BUY_COUNTDOWN_PROGRESS_1_2023-05-11T000000_2,2023-05-16 00:00:00,000651.SZ,1d,COUNTDOWN,BUY_COUNTDOWN_PROGRESS,1,2,,,BUY_SETUP,True,2023-04-26 00:00:00,2023-05-11 00:00:00,33.33,33.33,2023-05-11 00:00:00,2023-05-11 00:00:00,2023-05-16 00:00:00,,,,,,,,,,,,,2023-05-16 00:00:00,26.41,27.08,26.54,27.08,26.41,2512657153.2205,0.035585,-0.146075
600519SS_2023-05-18T000000_BUY_SETUP_PERFECT_1_2023-05-18T000000_9,2023-05-18 00:00:00,600519.SS,1d,SETUP,BUY_SETUP_PERFECT,1,9,True,,BUY_SETUP,True,2023-05-08 00:00:00,2023-05-18 00:00:00,,,,,,,,,,,,,,,,,,,,,,,,3826227724.8,0.008369,-0.041701
600519SS_2023-05-18T000000_BUY_COUNTDOWN_PROGRESS_1_2023-05-18T000000_1,2023-05-18 00:00:00,600519.SS,1d,COUNTDOWN,BUY_COUNTDOWN_PROGRESS,1,1,,,BUY_SETUP,True,2023-05-08 00:00:00,2023-05-18 00:00:00,1617.66,1617.66,2023-05-18 00:00:00,2023-05-18 00:00:00,,,,,,,,,,,,,,2023-05-18 00:00:00,1538.66,1554.06,1539.66,1554.06,1538.66,3826227724.8,0.008369,-0.041701
000651SZ_2023-05-24T000000_BUY_COUNTDOWN_PROGRESS_1_2023-05-11T000000_3,2023-05-24 00:00:00,000651.SZ,1d,COUNTDOWN,BUY_COUNTDOWN_PROGRESS,1,3,,,BUY_SETUP,True,2023-04-26 00:00:00,2023-05-11 00:00:00,33.33,33.33,2023-05-11 00:00:00,2023-05-11 00:00:00,2023-05-16 00:00:00,2023-05-24 00:00:00,,,,,,,,,,,,2023-05-16 00:00:00,26.41,27.08,27.17,27.88,27.08,2281937282.776,0.029332,-0.200177
600519SS_2023-05-25T000000_BUY_COUNTDOWN_PROGRESS_1_2023-05-18T000000_2,2023-05-25 00:00:00,600519.SS,1d,COUNTDOWN,BUY_COUNTDOWN_PROGRESS,1,2,,,BUY_SETUP,True,2023-05-08 00:00:00,2023-05-18 00:00:00,1617.66,1617.66,2023-05-18 00:00:00,2023-05-18 00:00:00,2023-05-25 00:00:00,,,,,,,,,,,,,2023-05-18 00:00:00,1538.66,1554.06,1549.66,1558.66,1538.66,4110029849.6,0.010207,-0.018606
000651SZ_2023-05-25T000000_BUY_COUNTDOWN_PROGRESS_1_2023-05-11T000000_4,2023-05-25 00:00:00,000651.SZ,1d,COUNTDOWN,BUY_COUNTDOWN_PROGRESS,1,4,,,BUY_SETUP,True,2023-04-26 00:00:00,2023-05-11 00:00:00,33.33,33.33,2023-05-11 00:00:00,2023-05-11 00:00:00,2023-05-16 00:00:00,2023-05-24 00:00:00,2023-05-25 00:00:00,,,,,,,,,,,2023-05-16 00:00:00,26.41,27.08,27.02,27.1,26.67,2201315636.173,0.029355,-0.193914
600519SS_2023-05-26T000000_BUY_COUNTDOWN_PROGRESS_1_2023-05-18T000000_3,2023-05-26 00:00:00,600519.SS,1d,COUNTDOWN,BUY_COUNTDOWN_PROGRESS,1,3,,,BUY_SETUP,True,2023-05-08 00:00:00,2023-05-18 00:00:00,1617.66,1617.66,2023-05-18 00:00:00,2023-05-18 00:00:00,2023-05-25 00:00:00,2023-05-26 00:00:00,,,,,,,,,,,,2023-05-26 00:00:00,1523.67,1553.66,1539.22,1553.66,1523.67,4087814937.6,0.010027,-0.033499
000651SZ_2023-05-26T000000_BUY_COUNTDOWN_PROGRESS_1_2023-05-11T000000_5,2023-05-26 00:00:00,000651.SZ,1d,COUNTDOWN,BUY_COUNTDOWN_PROGRESS,1,5,,,BUY_SETUP,True,2023-04-26 00:00:00,2023-05-11 00:00:00,33.33,33.33,2023-05-11 00:00:00,2023-05-11 00:00:00,2023-05-16 00:00:00,2023-05-24 00:00:00,2023-05-25 00:00:00,2023-05-26 00:00:00,,,,,,,,,,2023-05-16 00:00:00,26.41,27.08,27.08,27.15,26.59,2114010304.604,0.02929,-0.171359
600519SS_2023-05-29T000000_BUY_COUNTDOWN_PROGRESS_1_2023-05-18T000000_4,2023-05-29 00:00:00,600519.SS,1d,COUNTDOWN,BUY_COUNTDOWN_PROGRESS,1,4,,,BUY_SETUP,True,2023-05-08 00:00:00,2023-05-18 00:00:00,1617.66,1617.66,2023-05-18 00:00:00,2023-05-18 00:00:00,2023-05-25 00:00:00,2023-05-26 00:00:00,2023-05-29 00:00:00,,,,,,,,,,,2023-05-26 00:00:00,1523.67,1553.66,1537.66,1547.01,1526.66,3994648396.8,0.009719,-0.042899
600519SS_2023-05-30T000000_BUY_COUNTDOWN_PROGRESS_1_2023-05-18T000000_5,2023-05-30 00:00:00,600519.SS,1d,COUNTDOWN,BUY_COUNTDOWN_PROGRESS,1,5,,,BUY_SETUP,True,2023-05-08 00:00:00,2023-05-18 00:00:00,1617.66,1617.66,2023-05-18 00:00:00,2023-05-18 00:00:00,2023-05-25 00:00:00,2023-05-26 00:00:00,2023-05-29 00:00:00,2023-05-30 00:00:00,,,,,,,,,,2023-05-30 00:00:00,1507.22,1547.55,1516.95,1547.55,1507.22,3991388390.4,0.009983,-0.057315
000651SZ_2023-05-30T000000_BUY_COUNTDOWN_PROGRESS_1_2023-05-11T000000_6,2023-05-30 00:00:00,000651.SZ,1d,COUNTDOWN,BUY_COUNTDOWN_PROGRESS,1,6,,,BUY_SETUP,True,2023-04-26 00:00:00,2023-05-11 00:00:00,33.33,33.33,2023-05-11 00:00:00,2023-05-11 00:00:00,2023-05-16 00:00:00,2023-05-24 00:00:00,2023-05-25 00:00:00,2023-05-26 00:00:00,2023-05-30 00:00:00,,,,,,,,,2023-05-30 00:00:00,26.0,26.71,26.29,26.71,26.0,2058396798.7495,0.029309,-0.178951
600519SS_2023-05-31T000000_BUY_COUNTDOWN_PROGRESS_1_2023-05-18T000000_6,2023-05-31 00:00:00,600519.SS,1d,COUNTDOWN,BUY_COUNTDOWN_PROGRESS,1,6,,,BUY_SETUP,True,2023-05-08 00:00:00,2023-05-18 00:00:00,1617.66,1617.66,2023-05-18 00:00:00,2023-05-18 00:00:00,2023-05-25 00:00:00,2023-05-26 00:00:00,2023-05-29 00:00:00,2023-05-30 00:00:00,2023-05-31 00:00:00,,,,,,,,,2023-05-31 00:00:00,1475.33,1514.38,1477.56,1514.38,1475.33,4062271052.8,0.011206,-0.075693
601318SS_2023-05-31T000000_BUY_SETUP_PERFECT_1_2023-05-31T000000_9,2023-05-31 00:00:00,601318.SS,1d,SETUP,BUY_SETUP_PERFECT,1,9,True,,BUY_SETUP,True,2023-05-19 00:00:00,2023-05-31 00:00:00,,,,,,,,,,,,,,,,,,,,,,,,4250207168.0,0.021638,-0.144584
601318SS_2023-05-31T000000_BUY_COUNTDOWN_PROGRESS_1_2023-05-31T000000_1,2023-05-31 00:00:00,601318.SS,1d,COUNTDOWN,BUY_COUNTDOWN_PROGRESS,1,1,,,BUY_SETUP,True,2023-05-19 00:00:00,2023-05-31 00:00:00,44.49,44.49,2023-05-31 00:00:00,2023-05-31 00:00:00,,,,,,,,,,,,,,2023-05-31 00:00:00,39.64,40.43,39.64,40.43,39.64,4250207168.0,0.021638,-0.144584
600036SS_2023-05-31T000000_BUY_SETUP_1_2023-05-31T000000_9,2023-05-31 00:00:00,600036.SS,1d,SETUP,BUY_SETUP,1,9,False,,BUY_SETUP,False,2023-05-19 00:00:00,2023-05-31 00:00:00,,,,,,,,,,,,,,,,,,,,,,,,1795294806.4,0.016707,-0.066764
600036SS_2023-05-31T000000_BUY_COUNTDOWN_PROGRESS_1_2023-05-31T000000_1,2023-05-31 00:00:00,600036.SS,1d,COUNTDOWN,BUY_COUNTDOWN_PROGRESS,1,1,,,BUY_SETUP,False,2023-05-19 00:00:00,2023-05-31 00:00:00,27.73,27.73,2023-05-31 00:00:00,2023-05-31 00:00:00,,,,,,,,,,,,,,2023-05-31 00:00:00,25.52,26.08,25.58,26.08,25.52,1795294806.4,0.016707,-0.066764
000651SZ_2023-05-31T000000_BUY_COUNTDOWN_PROGRESS_1_2023-05-11T000000_7,2023-05-31 00:00:00,000651.SZ,1d,COUNTDOWN,BUY_COUNTDOWN_PROGRESS,1,7,,,BUY_SETUP,True,2023-04-26 00:00:00,2023-05-11 00:00:00,33.33,33.33,2023-05-11 00:00:00,2023-05-11 00:00:00,2023-05-16 00:00:00,2023-05-24 00:00:00,2023-05-25 00:00:00,2023-05-26 00:00:00,2023-05-30 00:00:00,2023-05-31 00:00:00,,,,,,,,2023-05-31 00:00:00,25.4,26.35,25.66,26.35,25.4,2005484014.9745,0.013258,-0.086833
600519SS_2023-06-01T000000_BUY_COUNTDOWN_PROGRESS_1_2023-05-18T000000_7,2023-06-01 00:00:00,600519.SS,1d,COUNTDOWN,BUY_COUNTDOWN_PROGRESS,1,7,,,BUY_SETUP,True,2023-05-08 00:00:00,2023-05-18 00:00:00,1617.66,1617.66,2023-05-18 00:00:00,2023-05-18 00:00:00,2023-05-25 00:00:00,2023-05-26 00:00:00,2023-05-29 00:00:00,2023-05-30 00:00:00,2023-05-31 00:00:00,2023-06-01 00:00:00,,,,,,,,2023-06-01 00:00:00,1466.66,1523.65,1484.58,1523.65,1466.66,4056757196.8,0.011346,-0.07136
600036SS_2023-06-01T000000_BUY_COUNTDOWN_PROGRESS_1_2023-05-31T000000_2,2023-06-01 00:00:00,600036.SS,1d,COUNTDOWN,BUY_COUNTDOWN_PROGRESS,1,2,,,BUY_SETUP,False,2023-05-19 00:00:00,2023-05-31 00:00:00,27.73,27.73,2023-05-31 00:00:00,2023-05-31 00:00:00,2023-06-01 00:00:00,,,,,,,,,,,,,2023-06-01 00:00:00,25.3,25.78,25.34,25.78,25.3,1748491408.0,0.01576,-0.094029
000651SZ_2023-06-01T000000_BUY_COUNTDOWN_PROGRESS_1_2023-05-11T000000_8,2023-06-01 00:00:00,000651.SZ,1d,COUNTDOWN,BUY_COUNTDOWN_PROGRESS,1,8,,,BUY_SETUP,True,2023-04-26 00:00:00,2023-05-11 00:00:00,33.33,33.33,2023-05-11 00:00:00,2023-05-11 00:00:00,2023-05-16 00:00:00,2023-05-24 00:00:00,2023-05-25 00:00:00,2023-05-26 00:00:00,2023-05-30 00:00:00,2023-05-31 00:00:00,2023-06-01 00:00:00,25.21,,,,,,2023-06-01 00:00:00,25.19,25.69,25.21,25.69,25.19,1697215429.3875,0.013529,-0.094143
600519SS_2023-06-07T000000_BUY_COUNTDOWN_PROGRESS_1_2023-05-18T000000_8,2023-06-07 00:00:00,600519.SS,1d,COUNTDOWN,BUY_COUNTDOWN_PROGRESS,1,8,,,BUY_SETUP,True,2023-05-08 00:00:00,2023-05-18 00:00:00,1617.66,1617.66,2023-05-18 00:00:00,2023-05-18 00:00:00,2023-05-25 00:00:00,2023-05-26 00:00:00,2023-05-29 00:00:00,2023-05-30 00:00:00,2023-05-31 00:00:00,2023-06-01 00:00:00,2023-06-07 00:00:00,1499.56,,,,,,2023-06-01 00:00:00,1466.66,1523.65,1499.56,1527.46,1498.66,3814549772.8,0.012431,-0.042261
600036SS_2023-06-13T000000_BUY_COUNTDOWN_PROGRESS_1_2023-05-31T000000_3,2023-06-13 00:00:00,600036.SS,1d,COUNTDOWN,BUY_COUNTDOWN_PROGRESS,1,3,,,BUY_SETUP,False,2023-05-19 00:00:00,2023-05-31 00:00:00,27.73,27.73,2023-05-31 00:00:00,2023-05-31 00:00:00,2023-06-01 00:00:00,2023-06-13 00:00:00,,,,,,,,,,,,2023-06-01 00:00:00,25.3,25.78,27.01,27.22,26.78,1356737392.0,0.016158,-0.027718
000651SZ_2023-06-14T000000_SELL_SETUP_PERFECT_-1_2023-06-14T000000_9,2023-06-14 00:00:00,000651.SZ,1d,SETUP,SELL_SETUP_PERFECT,-1,9,True,,SELL_SETUP,True,2023-06-02 00:00:00,2023-06-14 00:00:00,,,,,,,,,,,,,,,,,,,,,,,,1500587404.494,0.021567,0.084382
000651SZ_2023-06-14T000000_BUY_COUNTDOWN_CANCEL_1_2023-05-11T000000_8,2023-06-14 00:00:00,000651.SZ,1d,COUNTDOWN,BUY_COUNTDOWN_CANCEL,1,8,,opposite_setup,BUY_SETUP,True,2023-04-26 00:00:00,2023-05-11 00:00:00,33.33,33.33,2023-05-11 00:00:00,2023-05-11 00:00:00,2023-05-16 00:00:00,2023-05-24 00:00:00,2023-05-25 00:00:00,2023-05-26 00:00:00,2023-05-30 00:00:00,2023-05-31 00:00:00,2023-06-01 00:00:00,25.21,,,,,,2023-06-01 00:00:00,25.19,25.69,29.3,29.76,28.83,1500587404.494,0.021567,0.084382
000651SZ_2023-06-14T000000_SELL_COUNTDOWN_PROGRESS_-1_2023-06-14T000000_1,2023-06-14 00:00:00,000651.SZ,1d,COUNTDOWN,SELL_COUNTDOWN_PROGRESS,-1,1,,,SELL_SETUP,True,2023-06-02 00:00:00,2023-06-14 00:00:00,29.76,25.4,2023-06-14 00:00:00,2023-06-14 00:00:00,,,,,,,,,,,,,,2023-06-14 00:00:00,28.83,29.76,29.3,29.76,28.83,1500587404.494,0.021567,0.084382
000651SZ_2023-06-15T000000_SELL_COUNTDOWN_PROGRESS_-1_2023-06-14T000000_2,2023-06-15 00:00:00,000651.SZ,1d,COUNTDOWN,SELL_COUNTDOWN_PROGRESS,-1,2,,,SELL_SETUP,True,2023-06-02 00:00:00,2023-06-14 00:00:00,29.76,25.4,2023-06-14 00:00:00,2023-06-14 00:00:00,2023-06-15 00:00:00,,,,,,,,,,,,,2023-06-14 00:00:00,28.83,29.76,29.72,29.92,29.34,1516733333.493,0.02147,0.080727
600519SS_2023-06-16T000000_BUY_COUNTDOWN_CANCEL_1_2023-05-18T000000_8,2023-06-16 00:00:00,600519.SS,1d,COUNTDOWN,BUY_COUNTDOWN_CANCEL,1,8,,tdst_break_rule_4,BUY_SETUP,True,2023-05-08 00:00:00,2023-05-18 00:00:00,1617.66,1617.66,2023-05-18 00:00:00,2023-05-18 00:00:00,2023-05-25 00:00:00,2023-05-26 00:00:00,2023-05-29 00:00:00,2023-05-30 00:00:00,2023-05-31 00:00:00,2023-06-01 00:00:00,2023-06-07 00:00:00,1499.56,,,,,,2023-06-01 00:00:00,1466.66,1523.65,1646.35,1648.66,1598.76,4027115187.2,0.013982,0.032414
000651SZ_2023-06-16T000000_SELL_COUNTDOWN_PROGRESS_-1_2023-06-14T000000_3,2023-06-16 00:00:00,000651.SZ,1d,COUNTDOWN,SELL_COUNTDOWN_PROGRESS,-1,3,,,SELL_SETUP,True,2023-06-02 00:00:00,2023-06-14 00:00:00,29.76,25.4,2023-06-14 00:00:00,2023-06-14 00:00:00,2023-06-15 00:00:00,2023-06-16 00:00:00,,,,,,,,,,,,2023-06-14 00:00:00,28.83,29.76,29.78,29.96,29.16,1531506212.4495,0.021356,0.068149
601318SS_2023-06-19T000000_BUY_COUNTDOWN_PROGRESS_1_2023-05-31T000000_2,2023-06-19 00:00:00,601318.SS,1d,COUNTDOWN,BUY_COUNTDOWN_PROGRESS,1,2,,,BUY_SETUP,True,2023-05-19 00:00:00,2023-05-31 00:00:00,44.49,44.49,2023-05-31 00:00:00,2023-05-31 00:00:00,2023-06-19 00:00:00,,,,,,,,,,,,,2023-05-31 00:00:00,39.64,40.43,41.62,42.6,41.45,2676630790.4,0.016127,-0.021627
601318SS_2023-06-20T000000_BUY_COUNTDOWN_PROGRESS_1_2023-05-31T000000_3,2023-06-20 00:00:00,601318.SS,1d,COUNTDOWN,BUY_COUNTDOWN_PROGRESS,1,3,,,BUY_SETUP,True,2023-05-19 00:00:00,2023-05-31 00:00:00,44.49,44.49,2023-05-31 00:00:00,2023-05-31 00:00:00,2023-06-19 00:00:00,2023-06-20 00:00:00,,,,,,,,,,,,2023-05-31 00:00:00,39.64,40.43,41.01,41.87,40.92,2648242937.6,0.014593,-0.002432
600036SS_2023-06-20T000000_BUY_COUNTDOWN_PROGRESS_1_2023-05-31T000000_4,2023-06-20 00:00:00,600036.SS,1d,COUNTDOWN,BUY_COUNTDOWN_PROGRESS,1,4,,,BUY_SETUP,False,2023-05-19 00:00:00,2023-05-31 00:00:00,27.73,27.73,2023-05-31 00:00:00,2023-05-31 00:00:00,2023-06-01 00:00:00,2023-06-13 00:00:00,2023-06-20 00:00:00,,,,,,,,,,,2023-06-01 00:00:00,25.3,25.78,26.47,26.84,26.38,1351387596.8,0.014912,0.00992
601318SS_2023-06-21T000000_BUY_COUNTDOWN_PROGRESS_1_2023-05-31T000000_4,2023-06-21 00:00:00,601318.SS,1d,COUNTDOWN,BUY_COUNTDOWN_PROGRESS,1,4,,,BUY_SETUP,True,2023-05-19 00:00:00,2023-05-31 00:00:00,44.49,44.49,2023-05-31 00:00:00,2023-05-31 00:00:00,2023-06-19 00:00:00,2023-06-20 00:00:00,2023-06-21 00:00:00,,,,,,,,,,,2023-05-31 00:00:00,39.64,40.43,40.76,41.37,40.6,2562938848.0,0.014652,-0.006823
600036SS_2023-06-21T000000_BUY_COUNTDOWN_PROGRESS_1_2023-05-31T000000_5,2023-06-21 00:00:00,600036.SS,1d,COUNTDOWN,BUY_COUNTDOWN_PROGRESS,1,5,,,BUY_SETUP,False,2023-05-19 00:00:00,2023-05-31 00:00:00,27.73,27.73,2023-05-31 00:00:00,2023-05-31 00:00:00,2023-06-01 00:00:00,2023-06-13 00:00:00,2023-06-20 00:00:00,2023-06-21 00:00:00,,,,,,,,,,2023-06-01 00:00:00,25.3,25.78,26.45,26.92,26.28,1345613376.0,0.014152,0.029183
601318SS_2023-06-26T000000_BUY_COUNTDOWN_PROGRESS_1_2023-05-31T000000_5,2023-06-26 00:00:00,601318.SS,1d,COUNTDOWN,BUY_COUNTDOWN_PROGRESS,1,5,,,BUY_SETUP,True,2023-05-19 00:00:00,2023-05-31 00:00:00,44.49,44.49,2023-05-31 00:00:00,2023-05-31 00:00:00,2023-06-19 00:00:00,2023-06-20 00:00:00,2023-06-21 00:00:00,2023-06-26 00:00:00,,,,,,,,,,2023-05-31 00:00:00,39.64,40.43,40.05,40.49,39.82,2547518918.4,0.015139,-0.025073
600036SS_2023-06-26T000000_BUY_COUNTDOWN_PROGRESS_1_2023-05-31T000000_6,2023-06-26 00:00:00,600036.SS,1d,COUNTDOWN,BUY_COUNTDOWN_PROGRESS,1,6,,,BUY_SETUP,False,2023-05-19 00:00:00,2023-05-31 00:00:00,27.73,27.73,2023-05-31 00:00:00,2023-05-31 00:00:00,2023-06-01 00:00:00,2023-06-13 00:00:00,2023-06-20 00:00:00,2023-06-21 00:00:00,2023-06-26 00:00:00,,,,,,,,,2023-06-01 00:00:00,25.3,25.78,25.89,26.38,25.7,1301815379.2,0.014774,-0.004996
601318SS_2023-06-27T000000_BUY_COUNTDOWN_PROGRESS_1_2023-05-31T000000_6,2023-06-27 00:00:00,601318.SS,1d,COUNTDOWN,BUY_COUNTDOWN_PROGRESS,1,6,,,BUY_SETUP,True,2023-05-19 00:00:00,2023-05-31 00:00:00,44.49,44.49,2023-05-31 00:00:00,2023-05-31 00:00:00,2023-06-19 00:00:00,2023-06-20 00:00:00,2023-06-21 00:00:00,2023-06-26 00:00:00,2023-06-27 00:00:00,,,,,,,,,2023-05-31 00:00:00,39.64,40.43,40.42,40.75,39.87,2560835961.6,0.01517,-0.006391
600036SS_2023-06-27T000000_BUY_COUNTDOWN_PROGRESS_1_2023-05-31T000000_7,2023-06-27 00:00:00,600036.SS,1d,COUNTDOWN,BUY_COUNTDOWN_PROGRESS,1,7,,,BUY_SETUP,False,2023-05-19 00:00:00,2023-05-31 00:00:00,27.73,27.73,2023-05-31 00:00:00,2023-05-31 00:00:00,2023-06-01 00:00:00,2023-06-13 00:00:00,2023-06-20 00:00:00,2023-06-21 00:00:00,2023-06-26 00:00:00,2023-06-27 00:00:00,,,,,,,,2023-06-01 00:00:00,25.3,25.78,26.1,26.29,25.72,1310500486.4,0.014881,0.005006
000651SZ_2023-06-27T000000_SELL_COUNTDOWN_PROGRESS_-1_2023-06-14T000000_4,2023-06-27 00:00:00,000651.SZ,1d,COUNTDOWN,SELL_COUNTDOWN_PROGRESS,-1,4,,,SELL_SETUP,True,2023-06-02 00:00:00,2023-06-14 00:00:00,29.76,25.4,2023-06-14 00:00:00,2023-06-14 00:00:00,2023-06-15 00:00:00,2023-06-16 00:00:00,2023-06-27 00:00:00,,,,,,,,,,,2023-06-27 00:00:00,28.41,29.78,29.56,29.78,28.41,1644842289.4235,0.023137,0.106702
000651SZ_2023-06-28T000000_SELL_COUNTDOWN_PROGRESS_-1_2023-06-14T000000_5,2023-06-28 00:00:00,000651.SZ,1d,COUNTDOWN,SELL_COUNTDOWN_PROGRESS,-1,5,,,SELL_SETUP,True,2023-06-02 00:00:00,2023-06-14 00:00:00,29.76,25.4,2023-06-14 00:00:00,2023-06-14 00:00:00,2023-06-15 00:00:00,2023-06-16 00:00:00,2023-06-27 00:00:00,2023-06-28 00:00:00,,,,,,,,,,2023-06-27 00:00:00,28.41,29.78,29.98,30.36,29.68,1694890743.0845,0.022645,0.140358
601318SS_2023-07-06T000000_BUY_COUNTDOWN_PROGRESS_1_2023-05-31T000000_7,2023-07-06 00:00:00,601318.SS,1d,COUNTDOWN,BUY_COUNTDOWN_PROGRESS,1,7,,,BUY_SETUP,True,2023-05-19 00:00:00,2023-05-31 00:00:00,44.49,44.49,2023-05-31 00:00:00,2023-05-31 00:00:00,2023-06-19 00:00:00,2023-06-20 00:00:00,2023-06-21 00:00:00,2023-06-26 00:00:00,2023-06-27 00:00:00,2023-07-06 00:00:00,,,,,,,,2023-05-31 00:00:00,39.64,40.43,41.42,42.28,41.14,2182280236.8,0.014367,-0.005522
600036SS_2023-07-06T000000_BUY_COUNTDOWN_PROGRESS_1_2023-05-31T000000_8,2023-07-06 00:00:00,600036.SS,1d,COUNTDOWN,BUY_COUNTDOWN_PROGRESS,1,8,,,BUY_SETUP,False,2023-05-19 00:00:00,2023-05-31 00:00:00,27.73,27.73,2023-05-31 00:00:00,2023-05-31 00:00:00,2023-06-01 00:00:00,2023-06-13 00:00:00,2023-06-20 00:00:00,2023-06-21 00:00:00,2023-06-26 00:00:00,2023-06-27 00:00:00,2023-07-06 00:00:00,25.86,,,,,,2023-06-01 00:00:00,25.3,25.78,25.86,26.4,25.79,1216964918.4,0.015497,-0.027088
601318SS_2023-07-07T000000_BUY_COUNTDOWN_PROGRESS_1_2023-05-31T000000_8,2023-07-07 00:00:00,601318.SS,1d,COUNTDOWN,BUY_COUNTDOWN_PROGRESS,1,8,,,BUY_SETUP,True,2023-05-19 00:00:00,2023-05-31 00:00:00,44.49,44.49,2023-05-31 00:00:00,2023-05-31 00:00:00,2023-06-19 00:00:00,2023-06-20 00:00:00,2023-06-21 00:00:00,2023-06-26 00:00:00,2023-06-27 00:00:00,2023-07-06 00:00:00,2023-07-07 00:00:00,41.33,,,,,,2023-05-31 00:00:00,39.64,40.43,41.33,41.81,41.1,2163782214.4,0.013863,-0.023162
600036SS_2023-07-07T000000_BUY_COUNTDOWN_PROGRESS_1_2023-05-31T000000_9,2023-07-07 00:00:00,600036.SS,1d,COUNTDOWN,BUY_COUNTDOWN_PROGRESS,1,9,,,BUY_SETUP,False,2023-05-19 00:00:00,2023-05-31 00:00:00,27.73,27.73,2023-05-31 00:00:00,2023-05-31 00:00:00,2023-06-01 00:00:00,2023-06-13 00:00:00,2023-06-20 00:00:00,2023-06-21 00:00:00,2023-06-26 00:00:00,2023-06-27 00:00:00,2023-07-06 00:00:00,25.86,2023-07-07 00:00:00,,,,,2023-06-01 00:00:00,25.3,25.78,25.59,25.86,25.57,1236873846.4,0.013807,-0.064693
601318SS_2023-07-10T000000_BUY_COUNTDOWN_PROGRESS_1_2023-05-31T000000_9,2023-07-10 00:00:00,601318.SS,1d,COUNTDOWN,BUY_COUNTDOWN_PROGRESS,1,9,,,BUY_SETUP,True,2023-05-19 00:00:00,2023-05-31 00:00:00,44.49,44.49,2023-05-31 00:00:00,2023-05-31 00:00:00,2023-06-19 00:00:00,2023-06-20 00:00:00,2023-06-21 00:00:00,2023-06-26 00:00:00,2023-06-27 00:00:00,2023-07-06 00:00:00,2023-07-07 00:00:00,41.33,2023-07-10 00:00:00,,,,,2023-05-31 00:00:00,39.64,40.43,40.73,41.81,40.63,2108686976.0,0.014168,-0.033001
600036SS_2023-07-10T000000_BUY_COUNTDOWN_PROGRESS_1_2023-05-31T000000_10,2023-07-10 00:00:00,600036.SS,1d,COUNTDOWN,BUY_COUNTDOWN_PROGRESS,1,10,,,BUY_SETUP,False,2023-05-19 00:00:00,2023-05-31 00:00:00,27.73,27.73,2023-05-31 00:00:00,2023-05-31 00:00:00,2023-06-01 00:00:00,2023-06-13 00:00:00,2023-06-20 00:00:00,2023-06-21 00:00:00,2023-06-26 00:00:00,2023-06-27 00:00:00,2023-07-06 00:00:00,25.86,2023-07-07 00:00:00,2023-07-10 00:00:00,,,,2023-06-01 00:00:00,25.3,25.78,25.73,25.97,25.61,1188079417.6,0.013771,-0.047742
000651SZ_2023-07-11T000000_SELL_COUNTDOWN_PROGRESS_-1_2023-06-14T000000_6,2023-07-11 00:00:00,000651.SZ,1d,COUNTDOWN,SELL_COUNTDOWN_PROGRESS,-1,6,,,SELL_SETUP,True,2023-06-02 00:00:00,2023-06-14 00:00:00,29.76,25.4,2023-06-14 00:00:00,2023-06-14 00:00:00,2023-06-15 00:00:00,2023-06-16 00:00:00,2023-06-27 00:00:00,2023-06-28 00:00:00,2023-07-11 00:00:00,,,,,,,,,2023-06-27 00:00:00,28.41,29.78,29.77,29.88,29.26,1393474146.258,0.016539,0.035118
000651SZ_2023-07-12T000000_SELL_COUNTDOWN_PROGRESS_-1_2023-06-14T000000_7,2023-07-12 00:00:00,000651.SZ,1d,COUNTDOWN,SELL_COUNTDOWN_PROGRESS,-1,7,,,SELL_SETUP,True,2023-06-02 00:00:00,2023-06-14 00:00:00,29.76,25.4,2023-06-14 00:00:00,2023-06-14 00:00:00,2023-06-15 00:00:00,2023-06-16 00:00:00,2023-06-27 00:00:00,2023-06-28 00:00:00,2023-07-11 00:00:00,2023-07-12 00:00:00,,,,,,,,2023-06-27 00:00:00,28.41,29.78,29.9,30.23,29.58,1341890982.891,0.016538,0.04
000651SZ_2023-07-13T000000_SELL_COUNTDOWN_PROGRESS_-1_2023-06-14T000000_8,2023-07-13 00:00:00,000651.SZ,1d,COUNTDOWN,SELL_COUNTDOWN_PROGRESS,-1,8,,,SELL_SETUP,True,2023-06-02 00:00:00,2023-06-14 00:00:00,29.76,25.4,2023-06-14 00:00:00,2023-06-14 00:00:00,2023-06-15 00:00:00,2023-06-16 00:00:00,2023-06-27 00:00:00,2023-06-28 00:00:00,2023-07-11 00:00:00,2023-07-12 00:00:00,2023-07-13 00:00:00,29.9,,,,,,2023-06-27 00:00:00,28.41,29.78,29.9,30.31,29.73,1318815440.845,0.016052,0.020478
601318SS_2023-07-18T000000_BUY_COUNTDOWN_PROGRESS_1_2023-05-31T000000_10,2023-07-18 00:00:00,601318.SS,1d,COUNTDOWN,BUY_COUNTDOWN_PROGRESS,1,10,,,BUY_SETUP,True,2023-05-19 00:00:00,2023-05-31 00:00:00,44.49,44.49,2023-05-31 00:00:00,2023-05-31 00:00:00,2023-06-19 00:00:00,2023-06-20 00:00:00,2023-06-21 00:00:00,2023-06-26 00:00:00,2023-06-27 00:00:00,2023-07-06 00:00:00,2023-07-07 00:00:00,41.33,2023-07-10 00:00:00,2023-07-18 00:00:00,,,,2023-05-31 00:00:00,39.64,40.43,41.72,42.41,41.58,1932144377.6,0.015637,0.002403
600036SS_2023-07-18T000000_BUY_COUNTDOWN_PROGRESS_1_2023-05-31T000000_11,2023-07-18 00:00:00,600036.SS,1d,COUNTDOWN,BUY_COUNTDOWN_PROGRESS,1,11,,,BUY_SETUP,False,2023-05-19 00:00:00,2023-05-31 00:00:00,27.73,27.73,2023-05-31 00:00:00,2023-05-31 00:00:00,2023-06-01 00:00:00,2023-06-13 00:00:00,2023-06-20 00:00:00,2023-06-21 00:00:00,2023-06-26 00:00:00,2023-06-27 00:00:00,2023-07-06 00:00:00,25.86,2023-07-07 00:00:00,2023-07-10 00:00:00,2023-07-18 00:00:00,,,2023-06-01 00:00:00,25.3,25.78,26.48,26.79,26.41,1206304390.4,0.014539,-0.014147
601318SS_2023-07-19T000000_BUY_COUNTDOWN_PROGRESS_1_2023-05-31T000000_11,2023-07-19 00:00:00,601318.SS,1d,COUNTDOWN,BUY_COUNTDOWN_PROGRESS,1,11,,,BUY_SETUP,True,2023-05-19 00:00:00,2023-05-31 00:00:00,44.49,44.49,2023-05-31 00:00:00,2023-05-31 00:00:00,2023-06-19 00:00:00,2023-06-20 00:00:00,2023-06-21 00:00:00,2023-06-26 00:00:00,2023-06-27 00:00:00,2023-07-06 00:00:00,2023-07-07 00:00:00,41.33,2023-07-10 00:00:00,2023-07-18 00:00:00,2023-07-19 00:00:00,,,2023-05-31 00:00:00,39.64,40.43,41.89,41.98,41.42,1855350188.8,0.015253,0.021458
000651SZ_2023-07-19T000000_SELL_COUNTDOWN_PROGRESS_-1_2023-06-14T000000_9,2023-07-19 00:00:00,000651.SZ,1d,COUNTDOWN,SELL_COUNTDOWN_PROGRESS,-1,9,,,SELL_SETUP,True,2023-06-02 00:00:00,2023-06-14 00:00:00,29.76,25.4,2023-06-14 00:00:00,2023-06-14 00:00:00,2023-06-15 00:00:00,2023-06-16 00:00:00,2023-06-27 00:00:00,2023-06-28 00:00:00,2023-07-11 00:00:00,2023-07-12 00:00:00,2023-07-13 00:00:00,29.9,2023-07-19 00:00:00,,,,,2023-06-27 00:00:00,28.41,29.78,30.19,30.26,29.84,1115554895.0245,0.014028,0.039243
601318SS_2023-07-20T000000_BUY_COUNTDOWN_PROGRESS_1_2023-05-31T000000_12,2023-07-20 00:00:00,601318.SS,1d,COUNTDOWN,BUY_COUNTDOWN_PROGRESS,1,12,,,BUY_SETUP,True,2023-05-19 00:00:00,2023-05-31 00:00:00,44.49,44.49,2023-05-31 00:00:00,2023-05-31 00:00:00,2023-06-19 00:00:00,2023-06-20 00:00:00,2023-06-21 00:00:00,2023-06-26 00:00:00,2023-06-27 00:00:00,2023-07-06 00:00:00,2023-07-07 00:00:00,41.33,2023-07-10 00:00:00,2023-07-18 00:00:00,2023-07-19 00:00:00,2023-07-20 00:00:00,,2023-05-31 00:00:00,39.64,40.43,41.54,42.32,41.44,1782635379.2,0.015318,0.019136
601318SS_2023-07-21T000000_BUY_COUNTDOWN_COMPLETE_PERFECT_1_2023-05-31T000000_13,2023-07-21 00:00:00,601318.SS,1d,COUNTDOWN,BUY_COUNTDOWN_COMPLETE_PERFECT,1,13,True,,BUY_SETUP,True,2023-05-19 00:00:00,2023-05-31 00:00:00,44.49,44.49,2023-05-31 00:00:00,2023-05-31 00:00:00,2023-06-19 00:00:00,2023-06-20 00:00:00,2023-06-21 00:00:00,2023-06-26 00:00:00,2023-06-27 00:00:00,2023-07-06 00:00:00,2023-07-07 00:00:00,41.33,2023-07-10 00:00:00,2023-07-18 00:00:00,2023-07-19 00:00:00,2023-07-20 00:00:00,2023-07-21 00:00:00,2023-05-31 00:00:00,39.64,40.43,41.09,41.87,40.92,1798790009.6,0.014965,0.025968
600036SS_2023-07-24T000000_BUY_COUNTDOWN_PROGRESS_1_2023-05-31T000000_12,2023-07-24 00:00:00,600036.SS,1d,COUNTDOWN,BUY_COUNTDOWN_PROGRESS,1,12,,,BUY_SETUP,False,2023-05-19 00:00:00,2023-05-31 00:00:00,27.73,27.73,2023-05-31 00:00:00,2023-05-31 00:00:00,2023-06-01 00:00:00,2023-06-13 00:00:00,2023-06-20 00:00:00,2023-06-21 00:00:00,2023-06-26 00:00:00,2023-06-27 00:00:00,2023-07-06 00:00:00,25.86,2023-07-07 00:00:00,2023-07-10 00:00:00,2023-07-18 00:00:00,2023-07-24 00:00:00,,2023-06-01 00:00:00,25.3,25.78,26.47,26.75,26.42,1135276707.2,0.013593,0.014176
600036SS_2023-07-25T000000_BUY_COUNTDOWN_CANCEL_1_2023-05-31T000000_12,2023-07-25 00:00:00,600036.SS,1d,COUNTDOWN,BUY_COUNTDOWN_CANCEL,1,12,,tdst_break_rule_4,BUY_SETUP,False,2023-05-19 00:00:00,2023-05-31 00:00:00,27.73,27.73,2023-05-31 00:00:00,2023-05-31 00:00:00,2023-06-01 00:00:00,2023-06-13 00:00:00,2023-06-20 00:00:00,2023-06-21 00:00:00,2023-06-26 00:00:00,2023-06-27 00:00:00,2023-07-06 00:00:00,25.86,2023-07-07 00:00:00,2023-07-10 00:00:00,2023-07-18 00:00:00,2023-07-24 00:00:00,,2023-06-01 00:00:00,25.3,25.78,28.29,28.37,27.02,1286643856.0,0.020354,0.07444
000651SZ_2023-07-25T000000_SELL_COUNTDOWN_PROGRESS_-1_2023-06-14T000000_10,2023-07-25 00:00:00,000651.SZ,1d,COUNTDOWN,SELL_COUNTDOWN_PROGRESS,-1,10,,,SELL_SETUP,True,2023-06-02 00:00:00,2023-06-14 00:00:00,29.76,25.4,2023-06-14 00:00:00,2023-06-14 00:00:00,2023-06-15 00:00:00,2023-06-16 00:00:00,2023-06-27 00:00:00,2023-06-28 00:00:00,2023-07-11 00:00:00,2023-07-12 00:00:00,2023-07-13 00:00:00,29.9,2023-07-19 00:00:00,2023-07-25 00:00:00,,,,2023-06-27 00:00:00,28.41,29.78,31.38,31.56,29.67,1053738755.7235,0.020193,0.046698
000651SZ_2023-07-26T000000_SELL_COUNTDOWN_PROGRESS_-1_2023-06-14T000000_11,2023-07-26 00:00:00,000651.SZ,1d,COUNTDOWN,SELL_COUNTDOWN_PROGRESS,-1,11,,,SELL_SETUP,True,2023-06-02 00:00:00,2023-06-14 00:00:00,29.76,25.4,2023-06-14 00:00:00,2023-06-14 00:00:00,2023-06-15 00:00:00,2023-06-16 00:00:00,2023-06-27 00:00:00,2023-06-28 00:00:00,2023-07-11 00:00:00,2023-07-12 00:00:00,2023-07-13 00:00:00,29.9,2023-07-19 00:00:00,2023-07-25 00:00:00,2023-07-26 00:00:00,,,2023-06-27 00:00:00,28.41,29.78,31.54,31.72,31.19,1019776898.2125,0.01966,0.070241
600519SS_2023-08-02T000000_SELL_SETUP_-1_2023-08-02T000000_9,2023-08-02 00:00:00,600519.SS,1d,SETUP,SELL_SETUP,-1,9,False,,SELL_SETUP,False,2023-07-21 00:00:00,2023-08-02 00:00:00,,,,,,,,,,,,,,,,,,,,,,,,3916142464.0,0.013616,0.112212
600519SS_2023-08-04T000000_SELL_COUNTDOWN_PROGRESS_-1_2023-08-02T000000_1,2023-08-04 00:00:00,600519.SS,1d,COUNTDOWN,SELL_COUNTDOWN_PROGRESS,-1,1,,,SELL_SETUP,False,2023-07-21 00:00:00,2023-08-02 00:00:00,1809.57,1600.57,2023-08-02 00:00:00,2023-08-04 00:00:00,,,,,,,,,,,,,,2023-08-04 00:00:00,1756.57,1781.09,1768.04,1781.09,1756.57,4092441651.2,0.013327,0.12223
000858SZ_2023-08-14T000000_BUY_SETUP_PERFECT_1_2023-08-14T000000_9,2023-08-14 00:00:00,000858.SZ,1d,SETUP,BUY_SETUP_PERFECT,1,9,True,,BUY_SETUP,True,2023-08-02 00:00:00,2023-08-14 00:00:00,,,,,,,,,,,,,,,,,,,,,,,,3113794096.634,0.018592,0.001416
000858SZ_2023-08-14T000000_BUY_COUNTDOWN_PROGRESS_1_2023-08-14T000000_1,2023-08-14 00:00:00,000858.SZ,1d,COUNTDOWN,BUY_COUNTDOWN_PROGRESS,1,1,,,BUY_SETUP,True,2023-08-02 00:00:00,2023-08-14 00:00:00,169.5,169.5,2023-08-14 00:00:00,2023-08-14 00:00:00,,,,,,,,,,,,,,2023-08-14 00:00:00,153.0,157.33,155.62,157.33,153.0,3113794096.634,0.018592,0.001416
000858SZ_2023-08-15T000000_BUY_COUNTDOWN_PROGRESS_1_2023-08-14T000000_2,2023-08-15 00:00:00,000858.SZ,1d,COUNTDOWN,BUY_COUNTDOWN_PROGRESS,1,2,,,BUY_SETUP,True,2023-08-02 00:00:00,2023-08-14 00:00:00,169.5,169.5,2023-08-14 00:00:00,2023-08-14 00:00:00,2023-08-15 00:00:00,,,,,,,,,,,,,2023-08-15 00:00:00,152.69,155.9,153.5,155.9,152.69,3184902737.7175,0.018848,-0.011718
000651SZ_2023-08-15T000000_BUY_SETUP_PERFECT_1_2023-08-15T000000_9,2023-08-15 00:00:00,000651.SZ,1d,SETUP,BUY_SETUP_PERFECT,1,9,True,,BUY_SETUP,True,2023-08-03 00:00:00,2023-08-15 00:00:00,,,,,,,,,,,,,,,,,,,,,,,,1046610650.5505,0.019479,-0.025505
000651SZ_2023-08-15T000000_SELL_COUNTDOWN_CANCEL_-1_2023-06-14T000000_11,2023-08-15 00:00:00,000651.SZ,1d,COUNTDOWN,SELL_COUNTDOWN_CANCEL,-1,11,,opposite_setup,SELL_SETUP,True,2023-06-02 00:00:00,2023-06-14 00:00:00,29.76,25.4,2023-06-14 00:00:00,2023-06-14 00:00:00,2023-06-15 00:00:00,2023-06-16 00:00:00,2023-06-27 00:00:00,2023-06-28 00:00:00,2023-07-11 00:00:00,2023-07-12 00:00:00,2023-07-13 00:00:00,29.9,2023-07-19 00:00:00,2023-07-25 00:00:00,2023-07-26 00:00:00,,,2023-06-27 00:00:00,28.41,29.78,29.42,29.73,29.2,1046610650.5505,0.019479,-0.025505
000651SZ_2023-08-15T000000_BUY_COUNTDOWN_PROGRESS_1_2023-08-15T000000_1,2023-08-15 00:00:00,000651.SZ,1d,COUNTDOWN,BUY_COUNTDOWN_PROGRESS,1,1,,,BUY_SETUP,True,2023-08-03 00:00:00,2023-08-15 00:00:00,31.76,31.76,2023-08-15 00:00:00,2023-08-15 00:00:00,,,,,,,,,,,,,,2023-08-15 00:00:00,29.2,29.73,29.42,29.73,29.2,1046610650.5505,0.019479,-0.025505
601318SS_2023-08-16T000000_BUY_SETUP_PERFECT_1_2023-08-16T000000_9,2023-08-16 00:00:00,601318.SS,1d,SETUP,BUY_SETUP_PERFECT,1,9,True,,BUY_SETUP,True,2023-08-04 00:00:00,2023-08-16 00:00:00,,,,,,,,,,,,,,,,,,,,,,,,3339846438.4,0.024355,0.022388
600519SS_2023-08-17T000000_SELL_COUNTDOWN_PROGRESS_-1_2023-08-02T000000_2,2023-08-17 00:00:00,600519.SS,1d,COUNTDOWN,SELL_COUNTDOWN_PROGRESS,-1,2,,,SELL_SETUP,False,2023-07-21 00:00:00,2023-08-02 00:00:00,1809.57,1600.57,2023-08-02 00:00:00,2023-08-04 00:00:00,2023-08-17 00:00:00,,,,,,,,,,,,,2023-08-17 00:00:00,1676.12,1708.57,1702.62,1708.57,1676.12,4478638515.2,0.013793,0.03448
601318SS_2023-08-17T000000_BUY_COUNTDOWN_PROGRESS_1_2023-08-16T000000_1,2023-08-17 00:00:00,601318.SS,1d,COUNTDOWN,BUY_COUNTDOWN_PROGRESS,1,1,,,BUY_SETUP,True,2023-08-04 00:00:00,2023-08-16 00:00:00,47.97,47.97,2023-08-16 00:00:00,2023-08-17 00:00:00,,,,,,,,,,,,,,2023-08-17 00:00:00,41.45,42.3,42.03,42.3,41.45,3410596192.0,0.024343,0.022877
000858SZ_2023-08-18T000000_BUY_COUNTDOWN_PROGRESS_1_2023-08-14T000000_3,2023-08-18 00:00:00,000858.SZ,1d,COUNTDOWN,BUY_COUNTDOWN_PROGRESS,1,3,,,BUY_SETUP,True,2023-08-02 00:00:00,2023-08-14 00:00:00,169.5,169.5,2023-08-14 00:00:00,2023-08-14 00:00:00,2023-08-15 00:00:00,2023-08-18 00:00:00,,,,,,,,,,,,2023-08-18 00:00:00,150.5,155.68,150.53,155.68,150.5,3311130531.846,0.019692,-0.037286
601318SS_2023-08-18T000000_BUY_COUNTDOWN_PROGRESS_1_2023-08-16T000000_2,2023-08-18 00:00:00,601318.SS,1d,COUNTDOWN,BUY_COUNTDOWN_PROGRESS,1,2,,,BUY_SETUP,True,2023-08-04 00:00:00,2023-08-16 00:00:00,47.97,47.97,2023-08-16 00:00:00,2023-08-17 00:00:00,2023-08-18 00:00:00,,,,,,,,,,,,,2023-08-17 00:00:00,41.45,42.3,41.64,43.12,41.64,3458478886.4,0.02436,0.022091
000858SZ_2023-08-21T000000_BUY_COUNTDOWN_PROGRESS_1_2023-08-14T000000_4,2023-08-21 00:00:00,000858.SZ,1d,COUNTDOWN,BUY_COUNTDOWN_PROGRESS,1,4,,,BUY_SETUP,True,2023-08-02 00:00:00,2023-08-14 00:00:00,169.5,169.5,2023-08-14 00:00:00,2023-08-14 00:00:00,2023-08-15 00:00:00,2023-08-18 00:00:00,2023-08-21 00:00:00,,,,,,,,,,,2023-08-21 00:00:00,148.38,151.36,148.97,151.36,148.38,3333835988.9095,0.011921,-0.105285
601318SS_2023-08-21T000000_BUY_COUNTDOWN_PROGRESS_1_2023-08-16T000000_3,2023-08-21 00:00:00,601318.SS,1d,COUNTDOWN,BUY_COUNTDOWN_PROGRESS,1,3,,,BUY_SETUP,True,2023-08-04 00:00:00,2023-08-16 00:00:00,47.97,47.97,2023-08-16 00:00:00,2023-08-17 00:00:00,2023-08-18 00:00:00,2023-08-21 00:00:00,,,,,,,,,,,,2023-08-21 00:00:00,40.79,41.61,40.79,41.61,40.79,3532194515.2,0.018262,-0.065949
600036SS_2023-08-21T000000_BUY_SETUP_PERFECT_1_2023-08-21T000000_9,2023-08-21 00:00:00,600036.SS,1d,SETUP,BUY_SETUP_PERFECT,1,9,True,,BUY_SETUP,True,2023-08-09 00:00:00,2023-08-21 00:00:00,,,,,,,,,,,,,,,,,,,,,,,,2305319622.4,0.02006,-0.075645
600036SS_2023-08-21T000000_BUY_COUNTDOWN_PROGRESS_1_2023-08-21T000000_1,2023-08-21 00:00:00,600036.SS,1d,COUNTDOWN,BUY_COUNTDOWN_PROGRESS,1,1,,,BUY_SETUP,True,2023-08-09 00:00:00,2023-08-21 00:00:00,29.49,29.49,2023-08-21 00:00:00,2023-08-21 00:00:00,,,,,,,,,,,,,,2023-08-21 00:00:00,26.15,26.86,26.15,26.86,26.15,2305319622.4,0.02006,-0.075645
000651SZ_2023-08-21T000000_BUY_COUNTDOWN_PROGRESS_1_2023-08-15T000000_2,2023-08-21 00:00:00,000651.SZ,1d,COUNTDOWN,BUY_COUNTDOWN_PROGRESS,1,2,,,BUY_SETUP,True,2023-08-03 00:00:00,2023-08-15 00:00:00,31.76,31.76,2023-08-15 00:00:00,2023-08-15 00:00:00,2023-08-21 00:00:00,,,,,,,,,,,,,2023-08-21 00:00:00,28.29,29.27,28.29,29.27,28.29,1054896533.6855,0.011705,-0.09847
600519SS_2023-08-22T000000_BUY_SETUP_PERFECT_1_2023-08-22T000000_9,2023-08-22 00:00:00,600519.SS,1d,SETUP,BUY_SETUP_PERFECT,1,9,True,,BUY_SETUP,True,2023-08-10 00:00:00,2023-08-22 00:00:00,,,,,,,,,,,,,,,,,,,,,,,,4129022233.6,0.011949,-0.023809
600519SS_2023-08-22T000000_SELL_COUNTDOWN_CANCEL_-1_2023-08-02T000000_2,2023-08-22 00:00:00,600519.SS,1d,COUNTDOWN,SELL_COUNTDOWN_CANCEL,-1,2,,opposite_setup,SELL_SETUP,False,2023-07-21 00:00:00,2023-08-02 00:00:00,1809.57,1600.57,2023-08-02 00:00:00,2023-08-04 00:00:00,2023-08-17 00:00:00,,,,,,,,,,,,,2023-08-17 00:00:00,1676.12,1708.57,1662.57,1677.13,1645.59,4129022233.6,0.011949,-0.023809
600519SS_2023-08-22T000000_BUY_COUNTDOWN_PROGRESS_1_2023-08-22T000000_1,2023-08-22 00:00:00,600519.SS,1d,COUNTDOWN,BUY_COUNTDOWN_PROGRESS,1,1,,,BUY_SETUP,True,2023-08-10 00:00:00,2023-08-22 00:00:00,1763.57,1763.57,2023-08-22 00:00:00,2023-08-22 00:00:00,,,,,,,,,,,,,,2023-08-22 00:00:00,1645.59,1677.13,1662.57,1677.13,1645.59,4129022233.6,0.011949,-0.023809
000858SZ_2023-08-22T000000_BUY_COUNTDOWN_PROGRESS_1_2023-08-14T000000_5,2023-08-22 00:00:00,000858.SZ,1d,COUNTDOWN,BUY_COUNTDOWN_PROGRESS,1,5,,,BUY_SETUP,True,2023-08-02 00:00:00,2023-08-14 00:00:00,169.5,169.5,2023-08-14 00:00:00,2023-08-14 00:00:00,2023-08-15 00:00:00,2023-08-18 00:00:00,2023-08-21 00:00:00,2023-08-22 00:00:00,,,,,,,,,,2023-08-22 00:00:00,147.48,150.5,149.15,150.5,147.48,3067398588.81,0.011969,-0.094964
601318SS_2023-08-22T000000_BUY_COUNTDOWN_PROGRESS_1_2023-08-16T000000_4,2023-08-22 00:00:00,601318.SS,1d,COUNTDOWN,BUY_COUNTDOWN_PROGRESS,1,4,,,BUY_SETUP,True,2023-08-04 00:00:00,2023-08-16 00:00:00,47.97,47.97,2023-08-16 00:00:00,2023-08-17 00:00:00,2023-08-18 00:00:00,2023-08-21 00:00:00,2023-08-22 00:00:00,,,,,,,,,,,2023-08-22 00:00:00,40.59,41.42,41.12,41.42,40.59,3308359878.4,0.018441,-0.056448
600036SS_2023-08-22T000000_BUY_COUNTDOWN_PROGRESS_1_2023-08-21T000000_2,2023-08-22 00:00:00,600036.SS,1d,COUNTDOWN,BUY_COUNTDOWN_PROGRESS,1,2,,,BUY_SETUP,True,2023-08-09 00:00:00,2023-08-21 00:00:00,29.49,29.49,2023-08-21 00:00:00,2023-08-21 00:00:00,2023-08-22 00:00:00,,,,,,,,,,,,,2023-08-22 00:00:00,26.02,26.49,26.34,26.49,26.02,2191179443.2,0.020163,-0.071554
000651SZ_2023-08-22T000000_BUY_COUNTDOWN_PROGRESS_1_2023-08-15T000000_3,2023-08-22 00:00:00,000651.SZ,1d,COUNTDOWN,BUY_COUNTDOWN_PROGRESS,1,3,,,BUY_SETUP,True,2023-08-03 00:00:00,2023-08-15 00:00:00,31.76,31.76,2023-08-15 00:00:00,2023-08-15 00:00:00,2023-08-21 00:00:00,2023-08-22 00:00:00,,,,,,,,,,,,2023-08-22 00:00:00,28.02,28.67,28.18,28.67,28.02,966071422.3245,0.011451,-0.106531
600519SS_2023-08-23T000000_BUY_COUNTDOWN_PROGRESS_1_2023-08-22T000000_2,2023-08-23 00:00:00,600519.SS,1d,COUNTDOWN,BUY_COUNTDOWN_PROGRESS,1,2,,,BUY_SETUP,True,2023-08-10 00:00:00,2023-08-22 00:00:00,1763.57,1763.57,2023-08-22 00:00:00,2023-08-22 00:00:00,2023-08-23 00:00:00,,,,,,,,,,,,,2023-08-23 00:00:00,1644.65,1674.57,1648.57,1674.57,1644.65,4127822592.0,0.01194,-0.037388
000858SZ_2023-08-23T000000_BUY_COUNTDOWN_PROGRESS_1_2023-08-14T000000_6,2023-08-23 00:00:00,000858.SZ,1d,COUNTDOWN,BUY_COUNTDOWN_PROGRESS,1,6,,,BUY_SETUP,True,2023-08-02 00:00:00,2023-08-14 00:00:00,169.5,169.5,2023-08-14 00:00:00,2023-08-14 00:00:00,2023-08-15 00:00:00,2023-08-18 00:00:00,2023-08-21 00:00:00,2023-08-22 00:00:00,2023-08-23 00:00:00,,,,,,,,,2023-08-23 00:00:00,147.0,149.14,147.01,149.14,147.0,3030204104.1765,0.011931,-0.111507
601318SS_2023-08-23T000000_BUY_COUNTDOWN_PROGRESS_1_2023-08-16T000000_5,2023-08-23 00:00:00,601318.SS,1d,COUNTDOWN,BUY_COUNTDOWN_PROGRESS,1,5,,,BUY_SETUP,True,2023-08-04 00:00:00,2023-08-16 00:00:00,47.97,47.97,2023-08-16 00:00:00,2023-08-17 00:00:00,2023-08-18 00:00:00,2023-08-21 00:00:00,2023-08-22 00:00:00,2023-08-23 00:00:00,,,,,,,,,,2023-08-23 00:00:00,40.51,41.22,40.58,41.22,40.51,3292511443.2,0.018328,-0.077727
600036SS_2023-08-23T000000_BUY_COUNTDOWN_PROGRESS_1_2023-08-21T000000_3,2023-08-23 00:00:00,600036.SS,1d,COUNTDOWN,BUY_COUNTDOWN_PROGRESS,1,3,,,BUY_SETUP,True,2023-08-09 00:00:00,2023-08-21 00:00:00,29.49,29.49,2023-08-21 00:00:00,2023-08-21 00:00:00,2023-08-22 00:00:00,2023-08-23 00:00:00,,,,,,,,,,,,2023-08-23 00:00:00,25.87,26.46,25.87,26.46,25.87,2194663814.4,0.020088,-0.097978
000651SZ_2023-08-23T000000_BUY_COUNTDOWN_PROGRESS_1_2023-08-15T000000_4,2023-08-23 00:00:00,000651.SZ,1d,COUNTDOWN,BUY_COUNTDOWN_PROGRESS,1,4,,,BUY_SETUP,True,2023-08-03 00:00:00,2023-08-15 00:00:00,31.76,31.76,2023-08-15 00:00:00,2023-08-15 00:00:00,2023-08-21 00:00:00,2023-08-22 00:00:00,2023-08-23 00:00:00,,,,,,,,,,,2023-08-23 00:00:00,27.87,28.5,27.91,28.5,27.87,940887248.2215,0.010909,-0.095886
000858SZ_2023-08-28T000000_BUY_COUNTDOWN_PROGRESS_1_2023-08-14T000000_7,2023-08-28 00:00:00,000858.SZ,1d,COUNTDOWN,BUY_COUNTDOWN_PROGRESS,1,7,,,BUY_SETUP,True,2023-08-02 00:00:00,2023-08-14 00:00:00,169.5,169.5,2023-08-14 00:00:00,2023-08-14 00:00:00,2023-08-15 00:00:00,2023-08-18 00:00:00,2023-08-21 00:00:00,2023-08-22 00:00:00,2023-08-23 00:00:00,2023-08-28 00:00:00,,,,,,,,2023-08-28 00:00:00,144.01,155.99,144.49,155.99,144.01,2956382659.1385,0.012661,-0.134168
000858SZ_2023-08-29T000000_BUY_COUNTDOWN_PROGRESS_1_2023-08-14T000000_8,2023-08-29 00:00:00,000858.SZ,1d,COUNTDOWN,BUY_COUNTDOWN_PROGRESS,1,8,,,BUY_SETUP,True,2023-08-02 00:00:00,2023-08-14 00:00:00,169.5,169.5,2023-08-14 00:00:00,2023-08-14 00:00:00,2023-08-15 00:00:00,2023-08-18 00:00:00,2023-08-21 00:00:00,2023-08-22 00:00:00,2023-08-23 00:00:00,2023-08-28 00:00:00,2023-08-29 00:00:00,146.4,,,,,,2023-08-29 00:00:00,142.33,147.1,146.4,147.1,142.33,2968207064.8115,0.01343,-0.11262
600036SS_2023-08-30T000000_BUY_COUNTDOWN_PROGRESS_1_2023-08-21T000000_4,2023-08-30 00:00:00,600036.SS,1d,COUNTDOWN,BUY_COUNTDOWN_PROGRESS,1,4,,,BUY_SETUP,True,2023-08-09 00:00:00,2023-08-21 00:00:00,29.49,29.49,2023-08-21 00:00:00,2023-08-21 00:00:00,2023-08-22 00:00:00,2023-08-23 00:00:00,2023-08-30 00:00:00,,,,,,,,,,,2023-08-23 00:00:00,25.87,26.46,26.68,27.21,26.57,2018873433.6,0.015165,-0.101684
600036SS_2023-08-31T000000_BUY_COUNTDOWN_PROGRESS_1_2023-08-21T000000_5,2023-08-31 00:00:00,600036.SS,1d,COUNTDOWN,BUY_COUNTDOWN_PROGRESS,1,5,,,BUY_SETUP,True,2023-08-09 00:00:00,2023-08-21 00:00:00,29.49,29.49,2023-08-21 00:00:00,2023-08-21 00:00:00,2023-08-22 00:00:00,2023-08-23 00:00:00,2023-08-30 00:00:00,2023-08-31 00:00:00,,,,,,,,,,2023-08-23 00:00:00,25.87,26.46,26.57,27.1,26.51,2011104915.2,0.014894,-0.111371
600519SS_2023-09-05T000000_SELL_SETUP_PERFECT_-1_2023-09-05T000000_9,2023-09-05 00:00:00,600519.SS,1d,SETUP,SELL_SETUP_PERFECT,-1,9,True,,SELL_SETUP,True,2023-08-24 00:00:00,2023-09-05 00:00:00,,,,,,,,,,,,,,,,,,,,,,,,3829731008.0,0.011008,-0.017894
600519SS_2023-09-05T000000_BUY_COUNTDOWN_CANCEL_1_2023-08-22T000000_2,2023-09-05 00:00:00,600519.SS,1d,COUNTDOWN,BUY_COUNTDOWN_CANCEL,1,2,,opposite_setup,BUY_SETUP,True,2023-08-10 00:00:00,2023-08-22 00:00:00,1763.57,1763.57,2023-08-22 00:00:00,2023-08-22 00:00:00,2023-08-23 00:00:00,,,,,,,,,,,,,2023-08-23 00:00:00,1644.65,1674.57,1733.27,1742.57,1731.37,3829731008.0,0.011008,-0.017894
601318SS_2023-09-06T000000_SELL_SETUP_-1_2023-09-06T000000_9,2023-09-06 00:00:00,601318.SS,1d,SETUP,SELL_SETUP,-1,9,False,,SELL_SETUP,False,2023-08-25 00:00:00,2023-09-06 00:00:00,,,,,,,,,,,,,,,,,,,,,,,,2940681977.6,0.019704,-0.007256
601318SS_2023-09-06T000000_BUY_COUNTDOWN_CANCEL_1_2023-08-16T000000_5,2023-09-06 00:00:00,601318.SS,1d,COUNTDOWN,BUY_COUNTDOWN_CANCEL,1,5,,opposite_setup,BUY_SETUP,True,2023-08-04 00:00:00,2023-08-16 00:00:00,47.97,47.97,2023-08-16 00:00:00,2023-08-17 00:00:00,2023-08-18 00:00:00,2023-08-21 00:00:00,2023-08-22 00:00:00,2023-08-23 00:00:00,,,,,,,,,,2023-08-23 00:00:00,40.51,41.22,45.15,45.31,44.0,2940681977.6,0.019704,-0.007256
000651SZ_2023-09-06T000000_SELL_SETUP_-1_2023-09-06T000000_9,2023-09-06 00:00:00,000651.SZ,1d,SETUP,SELL_SETUP,-1,9,False,,SELL_SETUP,False,2023-08-25 00:00:00,2023-09-06 00:00:00,,,,,,,,,,,,,,,,,,,,,,,,1066835728.2525,0.015149,0.005954
000651SZ_2023-09-06T000000_BUY_COUNTDOWN_CANCEL_1_2023-08-15T000000_4,2023-09-06 00:00:00,000651.SZ,1d,COUNTDOWN,BUY_COUNTDOWN_CANCEL,1,4,,opposite_setup,BUY_SETUP,True,2023-08-03 00:00:00,2023-08-15 00:00:00,31.76,31.76,2023-08-15 00:00:00,2023-08-15 00:00:00,2023-08-21 00:00:00,2023-08-22 00:00:00,2023-08-23 00:00:00,,,,,,,,,,,2023-08-23 00:00:00,27.87,28.5,30.41,30.58,30.13,1066835728.2525,0.015149,0.005954
000858SZ_2023-09-07T000000_BUY_COUNTDOWN_PROGRESS_1_2023-08-14T000000_9,2023-09-07 00:00:00,000858.SZ,1d,COUNTDOWN,BUY_COUNTDOWN_PROGRESS,1,9,,,BUY_SETUP,True,2023-08-02 00:00:00,2023-08-14 00:00:00,169.5,169.5,2023-08-14 00:00:00,2023-08-14 00:00:00,2023-08-15 00:00:00,2023-08-18 00:00:00,2023-08-21 00:00:00,2023-08-22 00:00:00,2023-08-23 00:00:00,2023-08-28 00:00:00,2023-08-29 00:00:00,146.4,2023-09-07 00:00:00,,,,,2023-08-29 00:00:00,142.33,147.1,150.1,152.17,149.9,3440128634.007,0.020272,-0.058107
000858SZ_2023-09-08T000000_BUY_COUNTDOWN_PROGRESS_1_2023-08-14T000000_10,2023-09-08 00:00:00,000858.SZ,1d,COUNTDOWN,BUY_COUNTDOWN_PROGRESS,1,10,,,BUY_SETUP,True,2023-08-02 00:00:00,2023-08-14 00:00:00,169.5,169.5,2023-08-14 00:00:00,2023-08-14 00:00:00,2023-08-15 00:00:00,2023-08-18 00:00:00,2023-08-21 00:00:00,2023-08-22 00:00:00,2023-08-23 00:00:00,2023-08-28 00:00:00,2023-08-29 00:00:00,146.4,2023-09-07 00:00:00,2023-09-08 00:00:00,,,,2023-08-29 00:00:00,142.33,147.1,148.92,149.7,147.5,3395383037.4995,0.019732,-0.043054
600036SS_2023-09-11T000000_BUY_COUNTDOWN_PROGRESS_1_2023-08-21T000000_6,2023-09-11 00:00:00,600036.SS,1d,COUNTDOWN,BUY_COUNTDOWN_PROGRESS,1,6,,,BUY_SETUP,True,2023-08-09 00:00:00,2023-08-21 00:00:00,29.49,29.49,2023-08-21 00:00:00,2023-08-21 00:00:00,2023-08-22 00:00:00,2023-08-23 00:00:00,2023-08-30 00:00:00,2023-08-31 00:00:00,2023-09-11 00:00:00,,,,,,,,,2023-08-23 00:00:00,25.87,26.46,27.93,28.31,27.93,2072775641.6,0.017908,0.020088
600036SS_2023-09-12T000000_BUY_COUNTDOWN_PROGRESS_1_2023-08-21T000000_7,2023-09-12 00:00:00,600036.SS,1d,COUNTDOWN,BUY_COUNTDOWN_PROGRESS,1,7,,,BUY_SETUP,True,2023-08-09 00:00:00,2023-08-21 00:00:00,29.49,29.49,2023-08-21 00:00:00,2023-08-21 00:00:00,2023-08-22 00:00:00,2023-08-23 00:00:00,2023-08-30 00:00:00,2023-08-31 00:00:00,2023-09-11 00:00:00,2023-09-12 00:00:00,,,,,,,,2023-08-23 00:00:00,25.87,26.46,27.9,28.07,27.84,2024113286.4,0.017548,0.033716
000651SZ_2023-09-12T000000_SELL_COUNTDOWN_PROGRESS_-1_2023-09-06T000000_1,2023-09-12 00:00:00,000651.SZ,1d,COUNTDOWN,SELL_COUNTDOWN_PROGRESS,-1,1,,,SELL_SETUP,False,2023-08-25 00:00:00,2023-09-06 00:00:00,31.01,27.93,2023-09-06 00:00:00,2023-09-12 00:00:00,,,,,,,,,,,,,,2023-09-12 00:00:00,29.71,30.43,30.23,30.43,29.71,992680934.1185,0.015102,0.024746
600036SS_2023-09-13T000000_BUY_COUNTDOWN_PROGRESS_1_2023-08-21T000000_8,2023-09-13 00:00:00,600036.SS,1d,COUNTDOWN,BUY_COUNTDOWN_PROGRESS,1,8,,,BUY_SETUP,True,2023-08-09 00:00:00,2023-08-21 00:00:00,29.49,29.49,2023-08-21 00:00:00,2023-08-21 00:00:00,2023-08-22 00:00:00,2023-08-23 00:00:00,2023-08-30 00:00:00,2023-08-31 00:00:00,2023-09-11 00:00:00,2023-09-12 00:00:00,2023-09-13 00:00:00,27.77,,,,,,2023-08-23 00:00:00,25.87,26.46,27.77,28.1,27.68,1980269193.6,0.017502,0.035808
000858SZ_2023-09-14T000000_BUY_COUNTDOWN_PROGRESS_1_2023-08-14T000000_11,2023-09-14 00:00:00,000858.SZ,1d,COUNTDOWN,BUY_COUNTDOWN_PROGRESS,1,11,,,BUY_SETUP,True,2023-08-02 00:00:00,2023-08-14 00:00:00,169.5,169.5,2023-08-14 00:00:00,2023-08-14 00:00:00,2023-08-15 00:00:00,2023-08-18 00:00:00,2023-08-21 00:00:00,2023-08-22 00:00:00,2023-08-23 00:00:00,2023-08-28 00:00:00,2023-08-29 00:00:00,146.4,2023-09-07 00:00:00,2023-09-08 00:00:00,2023-09-14 00:00:00,,,2023-08-29 00:00:00,142.33,147.1,149.0,151.23,148.03,3259001044.7,0.018716,-0.010164
000858SZ_2023-09-15T000000_BUY_COUNTDOWN_PROGRESS_1_2023-08-14T000000_12,2023-09-15 00:00:00,000858.SZ,1d,COUNTDOWN,BUY_COUNTDOWN_PROGRESS,1,12,,,BUY_SETUP,True,2023-08-02 00:00:00,2023-08-14 00:00:00,169.5,169.5,2023-08-14 00:00:00,2023-08-14 00:00:00,2023-08-15 00:00:00,2023-08-18 00:00:00,2023-08-21 00:00:00,2023-08-22 00:00:00,2023-08-23 00:00:00,2023-08-28 00:00:00,2023-08-29 00:00:00,146.4,2023-09-07 00:00:00,2023-09-08 00:00:00,2023-09-14 00:00:00,2023-09-15 00:00:00,,2023-08-29 00:00:00,142.33,147.1,146.71,150.04,146.3,3171058989.811,0.01889,-0.015171
600519SS_2023-09-18T000000_SELL_COUNTDOWN_PROGRESS_-1_2023-09-05T000000_1,2023-09-18 00:00:00,600519.SS,1d,COUNTDOWN,SELL_COUNTDOWN_PROGRESS,-1,1,,,SELL_SETUP,True,2023-08-24 00:00:00,2023-09-05 00:00:00,1773.15,1649.57,2023-09-05 00:00:00,2023-09-18 00:00:00,,,,,,,,,,,,,,2023-09-18 00:00:00,1647.57,1704.07,1703.77,1704.07,1647.57,3797457881.6,0.011642,0.024781
600519SS_2023-09-19T000000_SELL_COUNTDOWN_PROGRESS_-1_2023-09-05T000000_2,2023-09-19 00:00:00,600519.SS,1d,COUNTDOWN,SELL_COUNTDOWN_PROGRESS,-1,2,,,SELL_SETUP,True,2023-08-24 00:00:00,2023-09-05 00:00:00,1773.15,1649.57,2023-09-05 00:00:00,2023-09-18 00:00:00,2023-09-19 00:00:00,,,,,,,,,,,,,2023-09-18 00:00:00,1647.57,1704.07,1701.51,1703.57,1682.57,3695694259.2,0.011434,0.032113
000651SZ_2023-09-20T000000_SELL_COUNTDOWN_PROGRESS_-1_2023-09-06T000000_2,2023-09-20 00:00:00,000651.SZ,1d,COUNTDOWN,SELL_COUNTDOWN_PROGRESS,-1,2,,,SELL_SETUP,False,2023-08-25 00:00:00,2023-09-06 00:00:00,31.01,27.93,2023-09-06 00:00:00,2023-09-12 00:00:00,2023-09-20 00:00:00,,,,,,,,,,,,,2023-09-20 00:00:00,29.48,30.43,30.28,30.43,29.48,945495950.665,0.012425,0.064323
000858SZ_2023-09-21T000000_BUY_COUNTDOWN_COMPLETE_PERFECT_1_2023-08-14T000000_13,2023-09-21 00:00:00,000858.SZ,1d,COUNTDOWN,BUY_COUNTDOWN_COMPLETE_PERFECT,1,13,True,,BUY_SETUP,True,2023-08-02 00:00:00,2023-08-14 00:00:00,169.5,169.5,2023-08-14 00:00:00,2023-08-14 00:00:00,2023-08-15 00:00:00,2023-08-18 00:00:00,2023-08-21 00:00:00,2023-08-22 00:00:00,2023-08-23 00:00:00,2023-08-28 00:00:00,2023-08-29 00:00:00,146.4,2023-09-07 00:00:00,2023-09-08 00:00:00,2023-09-14 00:00:00,2023-09-15 00:00:00,2023-09-21 00:00:00,2023-08-29 00:00:00,142.33,147.1,144.66,146.5,144.52,3045127766.296,0.019427,-0.026186
600036SS_2023-09-21T000000_BUY_COUNTDOWN_PROGRESS_1_2023-08-21T000000_9,2023-09-21 00:00:00,600036.SS,1d,COUNTDOWN,BUY_COUNTDOWN_PROGRESS,1,9,,,BUY_SETUP,True,2023-08-09 00:00:00,2023-08-21 00:00:00,29.49,29.49,2023-08-21 00:00:00,2023-08-21 00:00:00,2023-08-22 00:00:00,2023-08-23 00:00:00,2023-08-30 00:00:00,2023-08-31 00:00:00,2023-09-11 00:00:00,2023-09-12 00:00:00,2023-09-13 00:00:00,27.77,2023-09-21 00:00:00,,,,,2023-08-23 00:00:00,25.87,26.46,27.39,27.83,27.39,1779387737.6,0.01563,0.030474
000651SZ_2023-09-21T000000_SELL_COUNTDOWN_PROGRESS_-1_2023-09-06T000000_3,2023-09-21 00:00:00,000651.SZ,1d,COUNTDOWN,SELL_COUNTDOWN_PROGRESS,-1,3,,,SELL_SETUP,False,2023-08-25 00:00:00,2023-09-06 00:00:00,31.01,27.93,2023-09-06 00:00:00,2023-09-12 00:00:00,2023-09-20 00:00:00,2023-09-21 00:00:00,,,,,,,,,,,,2023-09-20 00:00:00,29.48,30.43,29.82,30.23,29.79,936187447.524,0.013006,0.052594
600519SS_2023-09-22T000000_SELL_COUNTDOWN_PROGRESS_-1_2023-09-05T000000_3,2023-09-22 00:00:00,600519.SS,1d,COUNTDOWN,SELL_COUNTDOWN_PROGRESS,-1,3,,,SELL_SETUP,True,2023-08-24 00:00:00,2023-09-05 00:00:00,1773.15,1649.57,2023-09-05 00:00:00,2023-09-18 00:00:00,2023-09-19 00:00:00,2023-09-22 00:00:00,,,,,,,,,,,,2023-09-18 00:00:00,1647.57,1704.07,1723.57,1724.53,1666.98,3715594790.4,0.012487,0.008207
601318SS_2023-09-22T000000_SELL_COUNTDOWN_PROGRESS_-1_2023-09-06T000000_1,2023-09-22 00:00:00,601318.SS,1d,COUNTDOWN,SELL_COUNTDOWN_PROGRESS,-1,1,,,SELL_SETUP,False,2023-08-25 00:00:00,2023-09-06 00:00:00,46.02,40.37,2023-09-06 00:00:00,2023-09-22 00:00:00,,,,,,,,,,,,,,2023-09-22 00:00:00,42.49,44.45,44.45,44.45,42.49,2606211744.0,0.017434,0.052569
600519SS_2023-09-25T000000_SELL_COUNTDOWN_PROGRESS_-1_2023-09-05T000000_4,2023-09-25 00:00:00,600519.SS,1d,COUNTDOWN,SELL_COUNTDOWN_PROGRESS,-1,4,,,SELL_SETUP,True,2023-08-24 00:00:00,2023-09-05 00:00:00,1773.15,1649.57,2023-09-05 00:00:00,2023-09-18 00:00:00,2023-09-19 00:00:00,2023-09-22 00:00:00,2023-09-25 00:00:00,,,,,,,,,,,2023-09-18 00:00:00,1647.57,1704.07,1706.95,1722.57,1701.16,3462222412.8,0.01249,-0.01098
601318SS_2023-09-25T000000_SELL_COUNTDOWN_PROGRESS_-1_2023-09-06T000000_2,2023-09-25 00:00:00,601318.SS,1d,COUNTDOWN,SELL_COUNTDOWN_PROGRESS,-1,2,,,SELL_SETUP,False,2023-08-25 00:00:00,2023-09-06 00:00:00,46.02,40.37,2023-09-06 00:00:00,2023-09-22 00:00:00,2023-09-25 00:00:00,,,,,,,,,,,,,2023-09-22 00:00:00,42.49,44.45,43.18,44.22,43.15,2463342905.6,0.018667,0.011715
000651SZ_2023-09-25T000000_SELL_COUNTDOWN_PROGRESS_-1_2023-09-06T000000_4,2023-09-25 00:00:00,000651.SZ,1d,COUNTDOWN,SELL_COUNTDOWN_PROGRESS,-1,4,,,SELL_SETUP,False,2023-08-25 00:00:00,2023-09-06 00:00:00,31.01,27.93,2023-09-06 00:00:00,2023-09-12 00:00:00,2023-09-20 00:00:00,2023-09-21 00:00:00,2023-09-25 00:00:00,,,,,,,,,,,2023-09-20 00:00:00,29.48,30.43,30.33,30.6,30.18,887108211.065,0.013386,0.065332
000858SZ_2023-09-27T000000_BUY_SETUP_PERFECT_1_2023-09-27T000000_9,2023-09-27 00:00:00,000858.SZ,1d,SETUP,BUY_SETUP_PERFECT,1,9,True,,BUY_SETUP,True,2023-09-15 00:00:00,2023-09-27 00:00:00,,,,,,,,,,,,,,,,,,,,,,,,2555266342.2065,0.018515,0.004758
000858SZ_2023-09-27T000000_BUY_COUNTDOWN_PROGRESS_1_2023-09-27T000000_1,2023-09-27 00:00:00,000858.SZ,1d,COUNTDOWN,BUY_COUNTDOWN_PROGRESS,1,1,,,BUY_SETUP,True,2023-09-15 00:00:00,2023-09-27 00:00:00,150.04,150.04,2023-09-27 00:00:00,2023-09-27 00:00:00,,,,,,,,,,,,,,2023-09-27 00:00:00,143.0,145.65,143.59,145.65,143.0,2555266342.2065,0.018515,0.004758
600036SS_2023-09-27T000000_BUY_COUNTDOWN_PROGRESS_1_2023-08-21T000000_10,2023-09-27 00:00:00,600036.SS,1d,COUNTDOWN,BUY_COUNTDOWN_PROGRESS,1,10,,,BUY_SETUP,True,2023-08-09 00:00:00,2023-08-21 00:00:00,29.49,29.49,2023-08-21 00:00:00,2023-08-21 00:00:00,2023-08-22 00:00:00,2023-08-23 00:00:00,2023-08-30 00:00:00,2023-08-31 00:00:00,2023-09-11 00:00:00,2023-09-12 00:00:00,2023-09-13 00:00:00,27.77,2023-09-21 00:00:00,2023-09-27 00:00:00,,,,2023-08-23 00:00:00,25.87,26.46,27.84,28.11,27.77,1534099360.0,0.016296,0.047798
000858SZ_2023-09-28T000000_BUY_COUNTDOWN_PROGRESS_1_2023-09-27T000000_2,2023-09-28 00:00:00,000858.SZ,1d,COUNTDOWN,BUY_COUNTDOWN_PROGRESS,1,2,,,BUY_SETUP,True,2023-09-15 00:00:00,2023-09-27 00:00:00,150.04,150.04,2023-09-27 00:00:00,2023-09-27 00:00:00,2023-09-28 00:00:00,,,,,,,,,,,,,2023-09-28 00:00:00,142.68,144.38,143.1,144.38,142.68,2479725599.7375,0.017447,-0.024806
000858SZ_2023-10-09T000000_BUY_COUNTDOWN_PROGRESS_1_2023-09-27T000000_3,2023-10-09 00:00:00,000858.SZ,1d,COUNTDOWN,BUY_COUNTDOWN_PROGRESS,1,3,,,BUY_SETUP,True,2023-09-15 00:00:00,2023-09-27 00:00:00,150.04,150.04,2023-09-27 00:00:00,2023-09-27 00:00:00,2023-09-28 00:00:00,2023-10-09 00:00:00,,,,,,,,,,,,2023-10-09 00:00:00,138.8,143.09,141.27,143.09,138.8,2412910228.6495,0.011295,-0.088169
600036SS_2023-10-09T000000_BUY_COUNTDOWN_PROGRESS_1_2023-08-21T000000_11,2023-10-09 00:00:00,600036.SS,1d,COUNTDOWN,BUY_COUNTDOWN_PROGRESS,1,11,,,BUY_SETUP,True,2023-08-09 00:00:00,2023-08-21 00:00:00,29.49,29.49,2023-08-21 00:00:00,2023-08-21 00:00:00,2023-08-22 00:00:00,2023-08-23 00:00:00,2023-08-30 00:00:00,2023-08-31 00:00:00,2023-09-11 00:00:00,2023-09-12 00:00:00,2023-09-13 00:00:00,27.77,2023-09-21 00:00:00,2023-09-27 00:00:00,2023-10-09 00:00:00,,,2023-08-23 00:00:00,25.87,26.46,27.6,27.72,27.4,1464671718.4,0.011412,-0.033275
600519SS_2023-10-10T000000_SELL_COUNTDOWN_CANCEL_-1_2023-09-05T000000_4,2023-10-10 00:00:00,600519.SS,1d,COUNTDOWN,SELL_COUNTDOWN_CANCEL,-1,4,,tdst_break_rule_4,SELL_SETUP,True,2023-08-24 00:00:00,2023-09-05 00:00:00,1773.15,1649.57,2023-09-05 00:00:00,2023-09-18 00:00:00,2023-09-19 00:00:00,2023-09-22 00:00:00,2023-09-25 00:00:00,,,,,,,,,,,2023-09-18 00:00:00,1647.57,1704.07,1644.57,1673.55,1642.57,3491638758.4,0.012692,-0.051175
000858SZ_2023-10-10T000000_BUY_COUNTDOWN_PROGRESS_1_2023-09-27T000000_4,2023-10-10 00:00:00,000858.SZ,1d,COUNTDOWN,BUY_COUNTDOWN_PROGRESS,1,4,,,BUY_SETUP,True,2023-09-15 00:00:00,2023-09-27 00:00:00,150.04,150.04,2023-09-27 00:00:00,2023-09-27 00:00:00,2023-09-28 00:00:00,2023-10-09 00:00:00,2023-10-10 00:00:00,,,,,,,,,,,2023-10-09 00:00:00,138.8,143.09,140.41,143.58,140.06,2125647412.242,0.011079,-0.080605
600036SS_2023-10-10T000000_BUY_COUNTDOWN_PROGRESS_1_2023-08-21T000000_12,2023-10-10 00:00:00,600036.SS,1d,COUNTDOWN,BUY_COUNTDOWN_PROGRESS,1,12,,,BUY_SETUP,True,2023-08-09 00:00:00,2023-08-21 00:00:00,29.49,29.49,2023-08-21 00:00:00,2023-08-21 00:00:00,2023-08-22 00:00:00,2023-08-23 00:00:00,2023-08-30 00:00:00,2023-08-31 00:00:00,2023-09-11 00:00:00,2023-09-12 00:00:00,2023-09-13 00:00:00,27.77,2023-09-21 00:00:00,2023-09-27 00:00:00,2023-10-09 00:00:00,2023-10-10 00:00:00,,2023-08-23 00:00:00,25.87,26.46,27.61,28.15,27.61,1337281766.4,0.010997,-0.018486
601318SS_2023-10-13T000000_SELL_COUNTDOWN_PROGRESS_-1_2023-09-06T000000_3,2023-10-13 00:00:00,601318.SS,1d,COUNTDOWN,SELL_COUNTDOWN_PROGRESS,-1,3,,,SELL_SETUP,False,2023-08-25 00:00:00,2023-09-06 00:00:00,46.02,40.37,2023-09-06 00:00:00,2023-09-22 00:00:00,2023-09-25 00:00:00,2023-10-13 00:00:00,,,,,,,,,,,,2023-10-13 00:00:00,41.79,42.4,42.09,42.4,41.79,1913456972.8,0.014144,-0.048599
000858SZ_2023-10-16T000000_BUY_COUNTDOWN_PROGRESS_1_2023-09-27T000000_5,2023-10-16 00:00:00,000858.SZ,1d,COUNTDOWN,BUY_COUNTDOWN_PROGRESS,1,5,,,BUY_SETUP,True,2023-09-15 00:00:00,2023-09-27 00:00:00,150.04,150.04,2023-09-27 00:00:00,2023-09-27 00:00:00,2023-09-28 00:00:00,2023-10-09 00:00:00,2023-10-10 00:00:00,2023-10-16 00:00:00,,,,,,,,,,2023-10-16 00:00:00,136.71,140.4,137.14,140.4,136.71,2085177376.286,0.011755,-0.093888
600036SS_2023-10-16T000000_BUY_COUNTDOWN_COMPLETE_PERFECT_1_2023-08-21T000000_13,2023-10-16 00:00:00,600036.SS,1d,COUNTDOWN,BUY_COUNTDOWN_COMPLETE_PERFECT,1,13,True,,BUY_SETUP,True,2023-08-09 00:00:00,2023-08-21 00:00:00,29.49,29.49,2023-08-21 00:00:00,2023-08-21 00:00:00,2023-08-22 00:00:00,2023-08-23 00:00:00,2023-08-30 00:00:00,2023-08-31 00:00:00,2023-09-11 00:00:00,2023-09-12 00:00:00,2023-09-13 00:00:00,27.77,2023-09-21 00:00:00,2023-09-27 00:00:00,2023-10-09 00:00:00,2023-10-10 00:00:00,2023-10-16 00:00:00,2023-08-23 00:00:00,25.87,26.46,27.33,27.68,27.26,1340459100.8,0.012541,-0.021482
000858SZ_2023-10-17T000000_BUY_COUNTDOWN_PROGRESS_1_2023-09-27T000000_6,2023-10-17 00:00:00,000858.SZ,1d,COUNTDOWN,BUY_COUNTDOWN_PROGRESS,1,6,,,BUY_SETUP,True,2023-09-15 00:00:00,2023-09-27 00:00:00,150.04,150.04,2023-09-27 00:00:00,2023-09-27 00:00:00,2023-09-28 00:00:00,2023-10-09 00:00:00,2023-10-10 00:00:00,2023-10-16 00:00:00,2023-10-17 00:00:00,,,,,,,,,2023-10-17 00:00:00,135.56,138.24,137.41,138.24,135.56,2034395143.1525,0.011818,-0.083811
600519SS_2023-10-18T000000_BUY_SETUP_PERFECT_1_2023-10-18T000000_9,2023-10-18 00:00:00,600519.SS,1d,SETUP,BUY_SETUP_PERFECT,1,9,True,,BUY_SETUP,True,2023-09-28 00:00:00,2023-10-18 00:00:00,,,,,,,,,,,,,,,,,,,,,,,,3750687142.4,0.013373,-0.054241
000858SZ_2023-10-18T000000_BUY_COUNTDOWN_PROGRESS_1_2023-09-27T000000_7,2023-10-18 00:00:00,000858.SZ,1d,COUNTDOWN,BUY_COUNTDOWN_PROGRESS,1,7,,,BUY_SETUP,True,2023-09-15 00:00:00,2023-09-27 00:00:00,150.04,150.04,2023-09-27 00:00:00,2023-09-27 00:00:00,2023-09-28 00:00:00,2023-10-09 00:00:00,2023-10-10 00:00:00,2023-10-16 00:00:00,2023-10-17 00:00:00,2023-10-18 00:00:00,,,,,,,,2023-10-17 00:00:00,135.56,138.24,136.24,138.32,136.18,2037216781.025,0.011652,-0.095652
000651SZ_2023-10-18T000000_BUY_SETUP_PERFECT_1_2023-10-18T000000_9,2023-10-18 00:00:00,000651.SZ,1d,SETUP,BUY_SETUP_PERFECT,1,9,True,,BUY_SETUP,True,2023-09-28 00:00:00,2023-10-18 00:00:00,,,,,,,,,,,,,,,,,,,,,,,,720550469.45,0.013554,-0.062771
000651SZ_2023-10-18T000000_SELL_COUNTDOWN_CANCEL_-1_2023-09-06T000000_4,2023-10-18 00:00:00,000651.SZ,1d,COUNTDOWN,SELL_COUNTDOWN_CANCEL,-1,4,,opposite_setup,SELL_SETUP,False,2023-08-25 00:00:00,2023-09-06 00:00:00,31.01,27.93,2023-09-06 00:00:00,2023-09-12 00:00:00,2023-09-20 00:00:00,2023-09-21 00:00:00,2023-09-25 00:00:00,,,,,,,,,,,2023-09-20 00:00:00,29.48,30.43,28.07,28.38,27.99,720550469.45,0.013554,-0.062771
000651SZ_2023-10-18T000000_BUY_COUNTDOWN_PROGRESS_1_2023-10-18T000000_1,2023-10-18 00:00:00,000651.SZ,1d,COUNTDOWN,BUY_COUNTDOWN_PROGRESS,1,1,,,BUY_SETUP,True,2023-09-28 00:00:00,2023-10-18 00:00:00,30.53,30.53,2023-10-18 00:00:00,2023-10-18 00:00:00,,,,,,,,,,,,,,2023-10-18 00:00:00,27.99,28.38,28.07,28.38,27.99,720550469.45,0.013554,-0.062771
600519SS_2023-10-19T000000_BUY_COUNTDOWN_PROGRESS_1_2023-10-18T000000_1,2023-10-19 00:00:00,600519.SS,1d,COUNTDOWN,BUY_COUNTDOWN_PROGRESS,1,1,,,BUY_SETUP,True,2023-09-28 00:00:00,2023-10-18 00:00:00,1699.55,1699.55,2023-10-18 00:00:00,2023-10-19 00:00:00,,,,,,,,,,,,,,2023-10-19 00:00:00,1500.6,1574.6,1504.57,1574.6,1500.6,4181004032.0,0.018639,-0.111436
000858SZ_2023-10-19T000000_BUY_COUNTDOWN_PROGRESS_1_2023-09-27T000000_8,2023-10-19 00:00:00,000858.SZ,1d,COUNTDOWN,BUY_COUNTDOWN_PROGRESS,1,8,,,BUY_SETUP,True,2023-09-15 00:00:00,2023-09-27 00:00:00,150.04,150.04,2023-09-27 00:00:00,2023-09-27 00:00:00,2023-09-28 00:00:00,2023-10-09 00:00:00,2023-10-10 00:00:00,2023-10-16 00:00:00,2023-10-17 00:00:00,2023-10-18 00:00:00,2023-10-19 00:00:00,131.25,,,,,,2023-10-19 00:00:00,130.96,135.0,131.25,135.0,130.96,2087779944.876,0.01357,-0.119128
601318SS_2023-10-19T000000_SELL_COUNTDOWN_CANCEL_-1_2023-09-06T000000_3,2023-10-19 00:00:00,601318.SS,1d,COUNTDOWN,SELL_COUNTDOWN_CANCEL,-1,3,,tdst_break_rule_4,SELL_SETUP,False,2023-08-25 00:00:00,2023-09-06 00:00:00,46.02,40.37,2023-09-06 00:00:00,2023-09-22 00:00:00,2023-09-25 00:00:00,2023-10-13 00:00:00,,,,,,,,,,,,2023-10-13 00:00:00,41.79,42.4,40.17,41.28,40.13,1902851820.8,0.015525,-0.072501
000651SZ_2023-10-19T000000_BUY_COUNTDOWN_PROGRESS_1_2023-10-18T000000_2,2023-10-19 00:00:00,000651.SZ,1d,COUNTDOWN,BUY_COUNTDOWN_PROGRESS,1,2,,,BUY_SETUP,True,2023-09-28 00:00:00,2023-10-18 00:00:00,30.53,30.53,2023-10-18 00:00:00,2023-10-18 00:00:00,2023-10-19 00:00:00,,,,,,,,,,,,,2023-10-19 00:00:00,27.37,27.99,27.39,27.99,27.37,747511186.832,0.014295,-0.085781
600519SS_2023-10-20T000000_BUY_COUNTDOWN_PROGRESS_1_2023-10-18T000000_2,2023-10-20 00:00:00,600519.SS,1d,COUNTDOWN,BUY_COUNTDOWN_PROGRESS,1,2,,,BUY_SETUP,True,2023-09-28 00:00:00,2023-10-18 00:00:00,1699.55,1699.55,2023-10-18 00:00:00,2023-10-19 00:00:00,2023-10-20 00:00:00,,,,,,,,,,,,,2023-10-20 00:00:00,1490.82,1529.57,1519.57,1529.57,1490.82,4393051187.2,0.01858,-0.082695
000858SZ_2023-10-20T000000_BUY_COUNTDOWN_PROGRESS_1_2023-09-27T000000_9,2023-10-20 00:00:00,000858.SZ,1d,COUNTDOWN,BUY_COUNTDOWN_PROGRESS,1,9,,,BUY_SETUP,True,2023-09-15 00:00:00,2023-09-27 00:00:00,150.04,150.04,2023-09-27 00:00:00,2023-09-27 00:00:00,2023-09-28 00:00:00,2023-10-09 00:00:00,2023-10-10 00:00:00,2023-10-16 00:00:00,2023-10-17 00:00:00,2023-10-18 00:00:00,2023-10-19 00:00:00,131.25,2023-10-20 00:00:00,,,,,2023-10-20 00:00:00,129.57,132.93,130.7,132.93,129.57,2078019435.8805,0.013417,-0.109127
000651SZ_2023-10-20T000000_BUY_COUNTDOWN_PROGRESS_1_2023-10-18T000000_3,2023-10-20 00:00:00,000651.SZ,1d,COUNTDOWN,BUY_COUNTDOWN_PROGRESS,1,3,,,BUY_SETUP,True,2023-09-28 00:00:00,2023-10-18 00:00:00,30.53,30.53,2023-10-18 00:00:00,2023-10-18 00:00:00,2023-10-19 00:00:00,2023-10-20 00:00:00,,,,,,,,,,,,2023-10-20 00:00:00,27.16,27.56,27.26,27.56,27.16,755319977.285,0.014224,-0.080297
000858SZ_2023-10-23T000000_BUY_COUNTDOWN_PROGRESS_1_2023-09-27T000000_10,2023-10-23 00:00:00,000858.SZ,1d,COUNTDOWN,BUY_COUNTDOWN_PROGRESS,1,10,,,BUY_SETUP,True,2023-09-15 00:00:00,2023-09-27 00:00:00,150.04,150.04,2023-09-27 00:00:00,2023-09-27 00:00:00,2023-09-28 00:00:00,2023-10-09 00:00:00,2023-10-10 00:00:00,2023-10-16 00:00:00,2023-10-17 00:00:00,2023-10-18 00:00:00,2023-10-19 00:00:00,131.25,2023-10-20 00:00:00,2023-10-23 00:00:00,,,,2023-10-23 00:00:00,129.4,132.81,130.75,132.81,129.4,2022049672.525,0.011937,-0.12717
000651SZ_2023-10-23T000000_BUY_COUNTDOWN_PROGRESS_1_2023-10-18T000000_4,2023-10-23 00:00:00,000651.SZ,1d,COUNTDOWN,BUY_COUNTDOWN_PROGRESS,1,4,,,BUY_SETUP,True,2023-09-28 00:00:00,2023-10-18 00:00:00,30.53,30.53,2023-10-18 00:00:00,2023-10-18 00:00:00,2023-10-19 00:00:00,2023-10-20 00:00:00,2023-10-23 00:00:00,,,,,,,,,,,2023-10-23 00:00:00,26.79,27.48,27.13,27.48,26.79,738695167.3125,0.013998,-0.090513
000858SZ_2023-11-03T000000_BUY_COUNTDOWN_PROGRESS_1_2023-09-27T000000_11,2023-11-03 00:00:00,000858.SZ,1d,COUNTDOWN,BUY_COUNTDOWN_PROGRESS,1,11,,,BUY_SETUP,True,2023-09-15 00:00:00,2023-09-27 00:00:00,150.04,150.04,2023-09-27 00:00:00,2023-09-27 00:00:00,2023-09-28 00:00:00,2023-10-09 00:00:00,2023-10-10 00:00:00,2023-10-16 00:00:00,2023-10-17 00:00:00,2023-10-18 00:00:00,2023-10-19 00:00:00,131.25,2023-10-20 00:00:00,2023-10-23 00:00:00,2023-11-03 00:00:00,,,2023-10-23 00:00:00,129.4,132.81,146.67,147.0,144.66,2620210214.239,0.01812,0.038225
600519SS_2023-11-06T000000_SELL_SETUP_-1_2023-11-06T000000_9,2023-11-06 00:00:00,600519.SS,1d,SETUP,SELL_SETUP,-1,9,False,,SELL_SETUP,False,2023-10-25 00:00:00,2023-11-06 00:00:00,,,,,,,,,,,,,,,,,,,,,,,,5379791257.6,0.02201,0.025539
600519SS_2023-11-06T000000_BUY_COUNTDOWN_CANCEL_1_2023-10-18T000000_2,2023-11-06 00:00:00,600519.SS,1d,COUNTDOWN,BUY_COUNTDOWN_CANCEL,1,2,,opposite_setup,BUY_SETUP,True,2023-09-28 00:00:00,2023-10-18 00:00:00,1699.55,1699.55,2023-10-18 00:00:00,2023-10-19 00:00:00,2023-10-20 00:00:00,,,,,,,,,,,,,2023-10-20 00:00:00,1490.82,1529.57,1686.57,1698.36,1675.69,5379791257.6,0.02201,0.025539
600519SS_2023-11-06T000000_SELL_COUNTDOWN_PROGRESS_-1_2023-11-06T000000_1,2023-11-06 00:00:00,600519.SS,1d,COUNTDOWN,SELL_COUNTDOWN_PROGRESS,-1,1,,,SELL_SETUP,False,2023-10-25 00:00:00,2023-11-06 00:00:00,1724.57,1535.17,2023-11-06 00:00:00,2023-11-06 00:00:00,,,,,,,,,,,,,,2023-11-06 00:00:00,1675.69,1698.36,1686.57,1698.36,1675.69,5379791257.6,0.02201,0.025539
000858SZ_2023-11-06T000000_SELL_SETUP_-1_2023-11-06T000000_9,2023-11-06 00:00:00,000858.SZ,1d,SETUP,SELL_SETUP,-1,9,False,,SELL_SETUP,False,2023-10-25 00:00:00,2023-11-06 00:00:00,,,,,,,,,,,,,,,,,,,,,,,,2611557522.076,0.018018,0.045794
000858SZ_2023-11-06T000000_BUY_COUNTDOWN_CANCEL_1_2023-09-27T000000_11,2023-11-06 00:00:00,000858.SZ,1d,COUNTDOWN,BUY_COUNTDOWN_CANCEL,1,11,,opposite_setup,BUY_SETUP,True,2023-09-15 00:00:00,2023-09-27 00:00:00,150.04,150.04,2023-09-27 00:00:00,2023-09-27 00:00:00,2023-09-28 00:00:00,2023-10-09 00:00:00,2023-10-10 00:00:00,2023-10-16 00:00:00,2023-10-17 00:00:00,2023-10-18 00:00:00,2023-10-19 00:00:00,131.25,2023-10-20 00:00:00,2023-10-23 00:00:00,2023-11-03 00:00:00,,,2023-10-23 00:00:00,129.4,132.81,146.84,147.87,145.5,2611557522.076,0.018018,0.045794
000651SZ_2023-11-07T000000_BUY_COUNTDOWN_PROGRESS_1_2023-10-18T000000_5,2023-11-07 00:00:00,000651.SZ,1d,COUNTDOWN,BUY_COUNTDOWN_PROGRESS,1,5,,,BUY_SETUP,True,2023-09-28 00:00:00,2023-10-18 00:00:00,30.53,30.53,2023-10-18 00:00:00,2023-10-18 00:00:00,2023-10-19 00:00:00,2023-10-20 00:00:00,2023-10-23 00:00:00,2023-11-07 00:00:00,,,,,,,,,,2023-10-23 00:00:00,26.79,27.48,27.47,27.7,27.34,862851908.0655,0.010774,-0.044522
000651SZ_2023-11-08T000000_BUY_COUNTDOWN_PROGRESS_1_2023-10-18T000000_6,2023-11-08 00:00:00,000651.SZ,1d,COUNTDOWN,BUY_COUNTDOWN_PROGRESS,1,6,,,BUY_SETUP,True,2023-09-28 00:00:00,2023-10-18 00:00:00,30.53,30.53,2023-10-18 00:00:00,2023-10-18 00:00:00,2023-10-19 00:00:00,2023-10-20 00:00:00,2023-10-23 00:00:00,2023-11-07 00:00:00,2023-11-08 00:00:00,,,,,,,,,2023-10-23 00:00:00,26.79,27.48,27.35,27.56,27.18,874280041.522,0.010704,-0.051664
000651SZ_2023-11-10T000000_BUY_COUNTDOWN_PROGRESS_1_2023-10-18T000000_7,2023-11-10 00:00:00,000651.SZ,1d,COUNTDOWN,BUY_COUNTDOWN_PROGRESS,1,7,,,BUY_SETUP,True,2023-09-28 00:00:00,2023-10-18 00:00:00,30.53,30.53,2023-10-18 00:00:00,2023-10-18 00:00:00,2023-10-19 00:00:00,2023-10-20 00:00:00,2023-10-23 00:00:00,2023-11-07 00:00:00,2023-11-08 00:00:00,2023-11-10 00:00:00,,,,,,,,2023-10-23 00:00:00,26.79,27.48,27.16,27.38,27.05,862288765.4365,0.010497,-0.038924
000651SZ_2023-11-13T000000_BUY_COUNTDOWN_PROGRESS_1_2023-10-18T000000_8,2023-11-13 00:00:00,000651.SZ,1d,COUNTDOWN,BUY_COUNTDOWN_PROGRESS,1,8,,,BUY_SETUP,True,2023-09-28 00:00:00,2023-10-18 00:00:00,30.53,30.53,2023-10-18 00:00:00,2023-10-18 00:00:00,2023-10-19 00:00:00,2023-10-20 00:00:00,2023-10-23 00:00:00,2023-11-07 00:00:00,2023-11-08 00:00:00,2023-11-10 00:00:00,2023-11-13 00:00:00,26.25,,,,,,2023-11-13 00:00:00,26.0,27.16,26.25,27.16,26.0,925335583.518,0.012368,-0.077977
000651SZ_2023-11-14T000000_BUY_COUNTDOWN_PROGRESS_1_2023-10-18T000000_9,2023-11-14 00:00:00,000651.SZ,1d,COUNTDOWN,BUY_COUNTDOWN_PROGRESS,1,9,,,BUY_SETUP,True,2023-09-28 00:00:00,2023-10-18 00:00:00,30.53,30.53,2023-10-18 00:00:00,2023-10-18 00:00:00,2023-10-19 00:00:00,2023-10-20 00:00:00,2023-10-23 00:00:00,2023-11-07 00:00:00,2023-11-08 00:00:00,2023-11-10 00:00:00,2023-11-13 00:00:00,26.25,2023-11-14 00:00:00,,,,,2023-11-14 00:00:00,25.88,26.52,26.46,26.52,25.88,946078469.7265,0.012422,-0.057357
000858SZ_2023-11-15T000000_SELL_COUNTDOWN_PROGRESS_-1_2023-11-06T000000_1,2023-11-15 00:00:00,000858.SZ,1d,COUNTDOWN,SELL_COUNTDOWN_PROGRESS,-1,1,,,SELL_SETUP,False,2023-10-25 00:00:00,2023-11-06 00:00:00,154.28,133.95,2023-11-06 00:00:00,2023-11-15 00:00:00,,,,,,,,,,,,,,2023-11-15 00:00:00,143.7,145.14,144.25,145.14,143.7,2543443460.463,0.014211,0.099048
000651SZ_2023-11-17T000000_BUY_SETUP_1_2023-11-17T000000_9,2023-11-17 00:00:00,000651.SZ,1d,SETUP,BUY_SETUP,1,9,False,,BUY_SETUP,False,2023-11-07 00:00:00,2023-11-17 00:00:00,,,,,,,,,,,,,,,,,,,,,,,,936817914.054,0.011512,-0.035017
000651SZ_2023-11-17T000000_BUY_COUNTDOWN_CANCEL_1_2023-10-18T000000_9,2023-11-17 00:00:00,000651.SZ,1d,COUNTDOWN,BUY_COUNTDOWN_CANCEL,1,9,,same_setup,BUY_SETUP,True,2023-09-28 00:00:00,2023-10-18 00:00:00,30.53,30.53,2023-10-18 00:00:00,2023-10-18 00:00:00,2023-10-19 00:00:00,2023-10-20 00:00:00,2023-10-23 00:00:00,2023-11-07 00:00:00,2023-11-08 00:00:00,2023-11-10 00:00:00,2023-11-13 00:00:00,26.25,2023-11-14 00:00:00,,,,,2023-11-14 00:00:00,25.88,26.52,26.18,26.25,25.94,936817914.054,0.011512,-0.035017
000651SZ_2023-11-17T000000_BUY_COUNTDOWN_PROGRESS_1_2023-11-17T000000_1,2023-11-17 00:00:00,000651.SZ,1d,COUNTDOWN,BUY_COUNTDOWN_PROGRESS,1,1,,,BUY_SETUP,False,2023-11-07 00:00:00,2023-11-17 00:00:00,27.7,27.7,2023-11-17 00:00:00,2023-11-17 00:00:00,,,,,,,,,,,,,,2023-11-17 00:00:00,25.94,26.25,26.18,26.25,25.94,936817914.054,0.011512,-0.035017
600519SS_2023-11-21T000000_SELL_COUNTDOWN_PROGRESS_-1_2023-11-06T000000_2,2023-11-21 00:00:00,600519.SS,1d,COUNTDOWN,SELL_COUNTDOWN_PROGRESS,-1,2,,,SELL_SETUP,False,2023-10-25 00:00:00,2023-11-06 00:00:00,1724.57,1535.17,2023-11-06 00:00:00,2023-11-06 00:00:00,2023-11-21 00:00:00,,,,,,,,,,,,,2023-11-21 00:00:00,1644.67,1672.57,1664.57,1672.57,1644.67,4476236441.6,0.015748,0.072484
600519SS_2023-11-22T000000_SELL_COUNTDOWN_PROGRESS_-1_2023-11-06T000000_3,2023-11-22 00:00:00,600519.SS,1d,COUNTDOWN,SELL_COUNTDOWN_PROGRESS,-1,3,,,SELL_SETUP,False,2023-10-25 00:00:00,2023-11-06 00:00:00,1724.57,1535.17,2023-11-06 00:00:00,2023-11-06 00:00:00,2023-11-21 00:00:00,2023-11-22 00:00:00,,,,,,,,,,,,2023-11-21 00:00:00,1644.67,1672.57,1656.08,1668.92,1655.11,4285638592.0,0.015793,0.070649
600519SS_2023-11-29T000000_SELL_COUNTDOWN_PROGRESS_-1_2023-11-06T000000_4,2023-11-29 00:00:00,600519.SS,1d,COUNTDOWN,SELL_COUNTDOWN_PROGRESS,-1,4,,,SELL_SETUP,False,2023-10-25 00:00:00,2023-11-06 00:00:00,1724.57,1535.17,2023-11-06 00:00:00,2023-11-06 00:00:00,2023-11-21 00:00:00,2023-11-22 00:00:00,2023-11-29 00:00:00,,,,,,,,,,,2023-11-29 00:00:00,1632.57,1650.57,1649.28,1650.57,1632.57,3246483059.2,0.008241,-0.002896
600519SS_2023-11-30T000000_SELL_COUNTDOWN_PROGRESS_-1_2023-11-06T000000_5,2023-11-30 00:00:00,600519.SS,1d,COUNTDOWN,SELL_COUNTDOWN_PROGRESS,-1,5,,,SELL_SETUP,False,2023-10-25 00:00:00,2023-11-06 00:00:00,1724.57,1535.17,2023-11-06 00:00:00,2023-11-06 00:00:00,2023-11-21 00:00:00,2023-11-22 00:00:00,2023-11-29 00:00:00,2023-11-30 00:00:00,,,,,,,,,,2023-11-29 00:00:00,1632.57,1650.57,1666.07,1669.33,1645.65,3188254195.2,0.007325,-0.01171
000858SZ_2023-11-30T000000_BUY_SETUP_PERFECT_1_2023-11-30T000000_9,2023-11-30 00:00:00,000858.SZ,1d,SETUP,BUY_SETUP_PERFECT,1,9,True,,BUY_SETUP,True,2023-11-20 00:00:00,2023-11-30 00:00:00,,,,,,,,,,,,,,,,,,,,,,,,1749079461.5035,0.008717,-0.071726
000858SZ_2023-11-30T000000_SELL_COUNTDOWN_CANCEL_-1_2023-11-06T000000_1,2023-11-30 00:00:00,000858.SZ,1d,COUNTDOWN,SELL_COUNTDOWN_CANCEL,-1,1,,opposite_setup,SELL_SETUP,False,2023-10-25 00:00:00,2023-11-06 00:00:00,154.28,133.95,2023-11-06 00:00:00,2023-11-15 00:00:00,,,,,,,,,,,,,,2023-11-15 00:00:00,143.7,145.14,136.15,136.39,135.01,1749079461.5035,0.008717,-0.071726
600036SS_2023-12-01T000000_BUY_SETUP_PERFECT_1_2023-12-01T000000_9,2023-12-01 00:00:00,600036.SS,1d,SETUP,BUY_SETUP_PERFECT,1,9,True,,BUY_SETUP,True,2023-11-21 00:00:00,2023-12-01 00:00:00,,,,,,,,,,,,,,,,,,,,,,,,1434457705.6,0.011203,-0.110092
600036SS_2023-12-01T000000_BUY_COUNTDOWN_PROGRESS_1_2023-12-01T000000_1,2023-12-01 00:00:00,600036.SS,1d,COUNTDOWN,BUY_COUNTDOWN_PROGRESS,1,1,,,BUY_SETUP,True,2023-11-21 00:00:00,2023-12-01 00:00:00,25.89,25.89,2023-12-01 00:00:00,2023-12-01 00:00:00,,,,,,,,,,,,,,2023-12-01 00:00:00,23.09,23.76,23.28,23.76,23.09,1434457705.6,0.011203,-0.110092
000651SZ_2023-12-01T000000_BUY_COUNTDOWN_PROGRESS_1_2023-11-17T000000_2,2023-12-01 00:00:00,000651.SZ,1d,COUNTDOWN,BUY_COUNTDOWN_PROGRESS,1,2,,,BUY_SETUP,False,2023-11-07 00:00:00,2023-11-17 00:00:00,27.7,27.7,2023-11-17 00:00:00,2023-11-17 00:00:00,2023-12-01 00:00:00,,,,,,,,,,,,,2023-12-01 00:00:00,25.91,26.68,26.18,26.68,25.91,867099727.8735,0.010047,-0.056916
000858SZ_2023-12-04T000000_BUY_COUNTDOWN_PROGRESS_1_2023-11-30T000000_1,2023-12-04 00:00:00,000858.SZ,1d,COUNTDOWN,BUY_COUNTDOWN_PROGRESS,1,1,,,BUY_SETUP,True,2023-11-20 00:00:00,2023-11-30 00:00:00,143.64,143.64,2023-11-30 00:00:00,2023-12-04 00:00:00,,,,,,,,,,,,,,2023-12-04 00:00:00,132.59,134.67,132.85,134.67,132.59,1706542874.393,0.009003,-0.091996
600036SS_2023-12-04T000000_BUY_COUNTDOWN_PROGRESS_1_2023-12-01T000000_2,2023-12-04 00:00:00,600036.SS,1d,COUNTDOWN,BUY_COUNTDOWN_PROGRESS,1,2,,,BUY_SETUP,True,2023-11-21 00:00:00,2023-12-01 00:00:00,25.89,25.89,2023-12-01 00:00:00,2023-12-01 00:00:00,2023-12-04 00:00:00,,,,,,,,,,,,,2023-12-04 00:00:00,23.04,23.48,23.1,23.48,23.04,1432052124.8,0.011092,-0.105345
000858SZ_2023-12-05T000000_BUY_COUNTDOWN_PROGRESS_1_2023-11-30T000000_2,2023-12-05 00:00:00,000858.SZ,1d,COUNTDOWN,BUY_COUNTDOWN_PROGRESS,1,2,,,BUY_SETUP,True,2023-11-20 00:00:00,2023-11-30 00:00:00,143.64,143.64,2023-11-30 00:00:00,2023-12-04 00:00:00,2023-12-05 00:00:00,,,,,,,,,,,,,2023-12-05 00:00:00,129.24,132.83,129.67,132.83,129.24,1729649723.3095,0.009942,-0.109593
600036SS_2023-12-05T000000_BUY_COUNTDOWN_PROGRESS_1_2023-12-01T000000_3,2023-12-05 00:00:00,600036.SS,1d,COUNTDOWN,BUY_COUNTDOWN_PROGRESS,1,3,,,BUY_SETUP,True,2023-11-21 00:00:00,2023-12-01 00:00:00,25.89,25.89,2023-12-01 00:00:00,2023-12-01 00:00:00,2023-12-04 00:00:00,2023-12-05 00:00:00,,,,,,,,,,,,2023-12-05 00:00:00,22.52,23.09,22.53,23.09,22.52,1438443248.0,0.011867,-0.120609
000858SZ_2023-12-06T000000_BUY_COUNTDOWN_PROGRESS_1_2023-11-30T000000_3,2023-12-06 00:00:00,000858.SZ,1d,COUNTDOWN,BUY_COUNTDOWN_PROGRESS,1,3,,,BUY_SETUP,True,2023-11-20 00:00:00,2023-11-30 00:00:00,143.64,143.64,2023-11-30 00:00:00,2023-12-04 00:00:00,2023-12-05 00:00:00,2023-12-06 00:00:00,,,,,,,,,,,,2023-12-06 00:00:00,128.66,132.2,131.1,132.2,128.66,1733549684.728,0.010593,-0.099279
601318SS_2023-12-06T000000_BUY_SETUP_PERFECT_1_2023-12-06T000000_9,2023-12-06 00:00:00,601318.SS,1d,SETUP,BUY_SETUP_PERFECT,1,9,True,,BUY_SETUP,True,2023-11-24 00:00:00,2023-12-06 00:00:00,,,,,,,,,,,,,,,,,,,,,,,,2217562576.0,0.012684,-0.09786
601318SS_2023-12-06T000000_BUY_COUNTDOWN_PROGRESS_1_2023-12-06T000000_1,2023-12-06 00:00:00,601318.SS,1d,COUNTDOWN,BUY_COUNTDOWN_PROGRESS,1,1,,,BUY_SETUP,True,2023-11-24 00:00:00,2023-12-06 00:00:00,38.07,38.07,2023-12-06 00:00:00,2023-12-06 00:00:00,,,,,,,,,,,,,,2023-12-06 00:00:00,34.33,34.79,34.57,34.79,34.33,2217562576.0,0.012684,-0.09786
600036SS_2023-12-06T000000_BUY_COUNTDOWN_PROGRESS_1_2023-12-01T000000_4,2023-12-06 00:00:00,600036.SS,1d,COUNTDOWN,BUY_COUNTDOWN_PROGRESS,1,4,,,BUY_SETUP,True,2023-11-21 00:00:00,2023-12-01 00:00:00,25.89,25.89,2023-12-01 00:00:00,2023-12-01 00:00:00,2023-12-04 00:00:00,2023-12-05 00:00:00,2023-12-06 00:00:00,,,,,,,,,,,2023-12-06 00:00:00,22.47,22.98,22.78,22.98,22.47,1455182537.6,0.012368,-0.112928
601318SS_2023-12-07T000000_BUY_COUNTDOWN_PROGRESS_1_2023-12-06T000000_2,2023-12-07 00:00:00,601318.SS,1d,COUNTDOWN,BUY_COUNTDOWN_PROGRESS,1,2,,,BUY_SETUP,True,2023-11-24 00:00:00,2023-12-06 00:00:00,38.07,38.07,2023-12-06 00:00:00,2023-12-06 00:00:00,2023-12-07 00:00:00,,,,,,,,,,,,,2023-12-07 00:00:00,33.92,34.76,34.38,34.76,33.92,1988958377.6,0.011875,-0.080503
601318SS_2023-12-08T000000_BUY_COUNTDOWN_PROGRESS_1_2023-12-06T000000_3,2023-12-08 00:00:00,601318.SS,1d,COUNTDOWN,BUY_COUNTDOWN_PROGRESS,1,3,,,BUY_SETUP,True,2023-11-24 00:00:00,2023-12-06 00:00:00,38.07,38.07,2023-12-06 00:00:00,2023-12-06 00:00:00,2023-12-07 00:00:00,2023-12-08 00:00:00,,,,,,,,,,,,2023-12-07 00:00:00,33.92,34.76,34.23,34.67,34.23,1841244662.4,0.011807,-0.085493
000858SZ_2023-12-11T000000_BUY_COUNTDOWN_PROGRESS_1_2023-11-30T000000_4,2023-12-11 00:00:00,000858.SZ,1d,COUNTDOWN,BUY_COUNTDOWN_PROGRESS,1,4,,,BUY_SETUP,True,2023-11-20 00:00:00,2023-11-30 00:00:00,143.64,143.64,2023-11-30 00:00:00,2023-12-04 00:00:00,2023-12-05 00:00:00,2023-12-06 00:00:00,2023-12-11 00:00:00,,,,,,,,,,,2023-12-11 00:00:00,123.56,127.0,126.2,127.0,123.56,1927498109.4105,0.011479,-0.116865
600519SS_2023-12-12T000000_SELL_COUNTDOWN_PROGRESS_-1_2023-11-06T000000_6,2023-12-12 00:00:00,600519.SS,1d,COUNTDOWN,SELL_COUNTDOWN_PROGRESS,-1,6,,,SELL_SETUP,False,2023-10-25 00:00:00,2023-11-06 00:00:00,1724.57,1535.17,2023-11-06 00:00:00,2023-11-06 00:00:00,2023-11-21 00:00:00,2023-11-22 00:00:00,2023-11-29 00:00:00,2023-11-30 00:00:00,2023-12-12 00:00:00,,,,,,,,,2023-12-12 00:00:00,1558.57,1584.56,1584.56,1584.56,1558.57,3681435174.4,0.009535,-0.038203
000858SZ_2023-12-12T000000_BUY_COUNTDOWN_PROGRESS_1_2023-11-30T000000_5,2023-12-12 00:00:00,000858.SZ,1d,COUNTDOWN,BUY_COUNTDOWN_PROGRESS,1,5,,,BUY_SETUP,True,2023-11-20 00:00:00,2023-11-30 00:00:00,143.64,143.64,2023-11-30 00:00:00,2023-12-04 00:00:00,2023-12-05 00:00:00,2023-12-06 00:00:00,2023-12-11 00:00:00,2023-12-12 00:00:00,,,,,,,,,,2023-12-11 00:00:00,123.56,127.0,126.3,126.68,124.73,1939415237.8605,0.011,-0.124437
600519SS_2023-12-13T000000_SELL_COUNTDOWN_CANCEL_-1_2023-11-06T000000_6,2023-12-13 00:00:00,600519.SS,1d,COUNTDOWN,SELL_COUNTDOWN_CANCEL,-1,6,,tdst_break_rule_4,SELL_SETUP,False,2023-10-25 00:00:00,2023-11-06 00:00:00,1724.57,1535.17,2023-11-06 00:00:00,2023-11-06 00:00:00,2023-11-21 00:00:00,2023-11-22 00:00:00,2023-11-29 00:00:00,2023-11-30 00:00:00,2023-12-12 00:00:00,,,,,,,,,2023-12-12 00:00:00,1558.57,1584.56,1534.57,1580.29,1531.65,3841914035.2,0.011555,-0.061207
000858SZ_2023-12-13T000000_BUY_COUNTDOWN_PROGRESS_1_2023-11-30T000000_6,2023-12-13 00:00:00,000858.SZ,1d,COUNTDOWN,BUY_COUNTDOWN_PROGRESS,1,6,,,BUY_SETUP,True,2023-11-20 00:00:00,2023-11-30 00:00:00,143.64,143.64,2023-11-30 00:00:00,2023-12-04 00:00:00,2023-12-05 00:00:00,2023-12-06 00:00:00,2023-12-11 00:00:00,2023-12-12 00:00:00,2023-12-13 00:00:00,,,,,,,,,2023-12-13 00:00:00,120.58,125.68,120.78,125.68,120.58,2075026115.3455,0.013723,-0.157564
000858SZ_2023-12-14T000000_BUY_COUNTDOWN_PROGRESS_1_2023-11-30T000000_7,2023-12-14 00:00:00,000858.SZ,1d,COUNTDOWN,BUY_COUNTDOWN_PROGRESS,1,7,,,BUY_SETUP,True,2023-11-20 00:00:00,2023-11-30 00:00:00,143.64,143.64,2023-11-30 00:00:00,2023-12-04 00:00:00,2023-12-05 00:00:00,2023-12-06 00:00:00,2023-12-11 00:00:00,2023-12-12 00:00:00,2023-12-13 00:00:00,2023-12-14 00:00:00,,,,,,,,2023-12-14 00:00:00,119.65,122.98,119.65,122.98,119.65,2163528404.474,0.013723,-0.157394
601318SS_2023-12-14T000000_BUY_COUNTDOWN_PROGRESS_1_2023-12-06T000000_4,2023-12-14 00:00:00,601318.SS,1d,COUNTDOWN,BUY_COUNTDOWN_PROGRESS,1,4,,,BUY_SETUP,True,2023-11-24 00:00:00,2023-12-06 00:00:00,38.07,38.07,2023-12-06 00:00:00,2023-12-06 00:00:00,2023-12-07 00:00:00,2023-12-08 00:00:00,2023-12-14 00:00:00,,,,,,,,,,,2023-12-14 00:00:00,33.73,34.51,33.74,34.51,33.73,1702474697.6,0.011862,-0.10504
600036SS_2023-12-14T000000_BUY_COUNTDOWN_PROGRESS_1_2023-12-01T000000_5,2023-12-14 00:00:00,600036.SS,1d,COUNTDOWN,BUY_COUNTDOWN_PROGRESS,1,5,,,BUY_SETUP,True,2023-11-21 00:00:00,2023-12-01 00:00:00,25.89,25.89,2023-12-01 00:00:00,2023-12-01 00:00:00,2023-12-04 00:00:00,2023-12-05 00:00:00,2023-12-06 00:00:00,2023-12-14 00:00:00,,,,,,,,,,2023-12-14 00:00:00,22.05,22.66,22.05,22.66,22.05,1507528691.2,0.013212,-0.130178
601318SS_2023-12-15T000000_BUY_COUNTDOWN_PROGRESS_1_2023-12-06T000000_5,2023-12-15 00:00:00,601318.SS,1d,COUNTDOWN,BUY_COUNTDOWN_PROGRESS,1,5,,,BUY_SETUP,True,2023-11-24 00:00:00,2023-12-06 00:00:00,38.07,38.07,2023-12-06 00:00:00,2023-12-06 00:00:00,2023-12-07 00:00:00,2023-12-08 00:00:00,2023-12-14 00:00:00,2023-12-15 00:00:00,,,,,,,,,,2023-12-14 00:00:00,33.73,34.51,33.83,34.6,33.77,1715601436.8,0.011676,-0.108564
601318SS_2023-12-18T000000_BUY_COUNTDOWN_PROGRESS_1_2023-12-06T000000_6,2023-12-18 00:00:00,601318.SS,1d,COUNTDOWN,BUY_COUNTDOWN_PROGRESS,1,6,,,BUY_SETUP,True,2023-11-24 00:00:00,2023-12-06 00:00:00,38.07,38.07,2023-12-06 00:00:00,2023-12-06 00:00:00,2023-12-07 00:00:00,2023-12-08 00:00:00,2023-12-14 00:00:00,2023-12-15 00:00:00,2023-12-18 00:00:00,,,,,,,,,2023-12-18 00:00:00,33.35,33.89,33.65,33.89,33.35,1709752688.0,0.01143,-0.11703
601318SS_2023-12-19T000000_BUY_COUNTDOWN_PROGRESS_1_2023-12-06T000000_7,2023-12-19 00:00:00,601318.SS,1d,COUNTDOWN,BUY_COUNTDOWN_PROGRESS,1,7,,,BUY_SETUP,True,2023-11-24 00:00:00,2023-12-06 00:00:00,38.07,38.07,2023-12-06 00:00:00,2023-12-06 00:00:00,2023-12-07 00:00:00,2023-12-08 00:00:00,2023-12-14 00:00:00,2023-12-15 00:00:00,2023-12-18 00:00:00,2023-12-19 00:00:00,,,,,,,,2023-12-18 00:00:00,33.35,33.89,33.75,34.02,33.44,1680408246.4,0.011603,-0.106434
000651SZ_2023-12-20T000000_BUY_COUNTDOWN_PROGRESS_1_2023-11-17T000000_3,2023-12-20 00:00:00,000651.SZ,1d,COUNTDOWN,BUY_COUNTDOWN_PROGRESS,1,3,,,BUY_SETUP,False,2023-11-07 00:00:00,2023-11-17 00:00:00,27.7,27.7,2023-11-17 00:00:00,2023-11-17 00:00:00,2023-12-01 00:00:00,2023-12-20 00:00:00,,,,,,,,,,,,2023-12-20 00:00:00,24.46,26.48,24.48,26.48,24.46,932893231.0555,0.021436,-0.081081
000651SZ_2023-12-21T000000_BUY_COUNTDOWN_PROGRESS_1_2023-11-17T000000_4,2023-12-21 00:00:00,000651.SZ,1d,COUNTDOWN,BUY_COUNTDOWN_PROGRESS,1,4,,,BUY_SETUP,False,2023-11-07 00:00:00,2023-11-17 00:00:00,27.7,27.7,2023-11-17 00:00:00,2023-11-17 00:00:00,2023-12-01 00:00:00,2023-12-20 00:00:00,2023-12-21 00:00:00,,,,,,,,,,,2023-12-20 00:00:00,24.46,26.48,25.17,25.54,24.74,1040466040.007,0.022606,-0.056597
600036SS_2023-12-26T000000_BUY_COUNTDOWN_PROGRESS_1_2023-12-01T000000_6,2023-12-26 00:00:00,600036.SS,1d,COUNTDOWN,BUY_COUNTDOWN_PROGRESS,1,6,,,BUY_SETUP,True,2023-11-21 00:00:00,2023-12-01 00:00:00,25.89,25.89,2023-12-01 00:00:00,2023-12-01 00:00:00,2023-12-04 00:00:00,2023-12-05 00:00:00,2023-12-06 00:00:00,2023-12-14 00:00:00,2023-12-26 00:00:00,,,,,,,,,2023-12-14 00:00:00,22.05,22.66,22.29,22.51,22.18,1646894201.6,0.014775,-0.064232
600036SS_2023-12-27T000000_BUY_COUNTDOWN_PROGRESS_1_2023-12-01T000000_7,2023-12-27 00:00:00,600036.SS,1d,COUNTDOWN,BUY_COUNTDOWN_PROGRESS,1,7,,,BUY_SETUP,True,2023-11-21 00:00:00,2023-12-01 00:00:00,25.89,25.89,2023-12-01 00:00:00,2023-12-01 00:00:00,2023-12-04 00:00:00,2023-12-05 00:00:00,2023-12-06 00:00:00,2023-12-14 00:00:00,2023-12-26 00:00:00,2023-12-27 00:00:00,,,,,,,,2023-12-14 00:00:00,22.05,22.66,22.32,22.39,22.07,1613293024.0,0.014799,-0.062579
000858SZ_2024-01-03T000000_BUY_COUNTDOWN_PROGRESS_1_2023-11-30T000000_8,2024-01-03 00:00:00,000858.SZ,1d,COUNTDOWN,BUY_COUNTDOWN_PROGRESS,1,8,,,BUY_SETUP,True,2023-11-20 00:00:00,2023-11-30 00:00:00,143.64,143.64,2023-11-30 00:00:00,2023-12-04 00:00:00,2023-12-05 00:00:00,2023-12-06 00:00:00,2023-12-11 00:00:00,2023-12-12 00:00:00,2023-12-13 00:00:00,2023-12-14 00:00:00,2024-01-03 00:00:00,121.88,,,,,,2023-12-14 00:00:00,119.65,122.98,121.88,123.67,120.75,2415580714.3185,0.01957,-0.070328
601318SS_2024-01-03T000000_SELL_SETUP_-1_2024-01-03T000000_9,2024-01-03 00:00:00,601318.SS,1d,SETUP,SELL_SETUP,-1,9,False,,SELL_SETUP,False,2023-12-21 00:00:00,2024-01-03 00:00:00,,,,,,,,,,,,,,,,,,,,,,,,1518432476.8,0.012896,-0.00376
601318SS_2024-01-03T000000_BUY_COUNTDOWN_CANCEL_1_2023-12-06T000000_7,2024-01-03 00:00:00,601318.SS,1d,COUNTDOWN,BUY_COUNTDOWN_CANCEL,1,7,,opposite_setup,BUY_SETUP,True,2023-11-24 00:00:00,2023-12-06 00:00:00,38.07,38.07,2023-12-06 00:00:00,2023-12-06 00:00:00,2023-12-07 00:00:00,2023-12-08 00:00:00,2023-12-14 00:00:00,2023-12-15 00:00:00,2023-12-18 00:00:00,2023-12-19 00:00:00,,,,,,,,2023-12-18 00:00:00,33.35,33.89,34.44,34.7,34.23,1518432476.8,0.012896,-0.00376
600036SS_2024-01-03T000000_BUY_COUNTDOWN_PROGRESS_1_2023-12-01T000000_8,2024-01-03 00:00:00,600036.SS,1d,COUNTDOWN,BUY_COUNTDOWN_PROGRESS,1,8,,,BUY_SETUP,True,2023-11-21 00:00:00,2023-12-01 00:00:00,25.89,25.89,2023-12-01 00:00:00,2023-12-01 00:00:00,2023-12-04 00:00:00,2023-12-05 00:00:00,2023-12-06 00:00:00,2023-12-14 00:00:00,2023-12-26 00:00:00,2023-12-27 00:00:00,2024-01-03 00:00:00,22.79,,,,,,2023-12-14 00:00:00,22.05,22.66,22.79,22.86,22.54,1618943948.8,0.014991,0.000439
000651SZ_2024-01-03T000000_BUY_COUNTDOWN_PROGRESS_1_2023-11-17T000000_5,2024-01-03 00:00:00,000651.SZ,1d,COUNTDOWN,BUY_COUNTDOWN_PROGRESS,1,5,,,BUY_SETUP,False,2023-11-07 00:00:00,2023-11-17 00:00:00,27.7,27.7,2023-11-17 00:00:00,2023-11-17 00:00:00,2023-12-01 00:00:00,2023-12-20 00:00:00,2023-12-21 00:00:00,2024-01-03 00:00:00,,,,,,,,,,2023-12-20 00:00:00,24.46,26.48,25.48,25.76,25.38,1159415487.3375,0.023013,-0.023755
000858SZ_2024-01-04T000000_BUY_COUNTDOWN_PROGRESS_1_2023-11-30T000000_9,2024-01-04 00:00:00,000858.SZ,1d,COUNTDOWN,BUY_COUNTDOWN_PROGRESS,1,9,,,BUY_SETUP,True,2023-11-20 00:00:00,2023-11-30 00:00:00,143.64,143.64,2023-11-30 00:00:00,2023-12-04 00:00:00,2023-12-05 00:00:00,2023-12-06 00:00:00,2023-12-11 00:00:00,2023-12-12 00:00:00,2023-12-13 00:00:00,2023-12-14 00:00:00,2024-01-03 00:00:00,121.88,2024-01-04 00:00:00,,,,,2024-01-04 00:00:00,119.01,121.9,119.32,121.9,119.01,2430041176.0595,0.019872,-0.078752
000651SZ_2024-01-04T000000_BUY_COUNTDOWN_PROGRESS_1_2023-11-17T000000_6,2024-01-04 00:00:00,000651.SZ,1d,COUNTDOWN,BUY_COUNTDOWN_PROGRESS,1,6,,,BUY_SETUP,False,2023-11-07 00:00:00,2023-11-17 00:00:00,27.7,27.7,2023-11-17 00:00:00,2023-11-17 00:00:00,2023-12-01 00:00:00,2023-12-20 00:00:00,2023-12-21 00:00:00,2024-01-03 00:00:00,2024-01-04 00:00:00,,,,,,,,,2023-12-20 00:00:00,24.46,26.48,25.63,25.69,25.13,1177551939.93,0.022755,-0.03283
000858SZ_2024-01-05T000000_BUY_COUNTDOWN_PROGRESS_1_2023-11-30T000000_10,2024-01-05 00:00:00,000858.SZ,1d,COUNTDOWN,BUY_COUNTDOWN_PROGRESS,1,10,,,BUY_SETUP,True,2023-11-20 00:00:00,2023-11-30 00:00:00,143.64,143.64,2023-11-30 00:00:00,2023-12-04 00:00:00,2023-12-05 00:00:00,2023-12-06 00:00:00,2023-12-11 00:00:00,2023-12-12 00:00:00,2023-12-13 00:00:00,2023-12-14 00:00:00,2024-01-03 00:00:00,121.88,2024-01-04 00:00:00,2024-01-05 00:00:00,,,,2024-01-05 00:00:00,117.78,120.3,118.24,120.3,117.78,2425544772.7955,0.019824,-0.089972
000858SZ_2024-01-08T000000_BUY_COUNTDOWN_PROGRESS_1_2023-11-30T000000_11,2024-01-08 00:00:00,000858.SZ,1d,COUNTDOWN,BUY_COUNTDOWN_PROGRESS,1,11,,,BUY_SETUP,True,2023-11-20 00:00:00,2023-11-30 00:00:00,143.64,143.64,2023-11-30 00:00:00,2023-12-04 00:00:00,2023-12-05 00:00:00,2023-12-06 00:00:00,2023-12-11 00:00:00,2023-12-12 00:00:00,2023-12-13 00:00:00,2023-12-14 00:00:00,2024-01-03 00:00:00,121.88,2024-01-04 00:00:00,2024-01-05 00:00:00,2024-01-08 00:00:00,,,2024-01-08 00:00:00,115.0,118.14,115.1,118.14,115.0,2457080374.8275,0.019693,-0.087956
000858SZ_2024-01-09T000000_BUY_COUNTDOWN_PROGRESS_1_2023-11-30T000000_12,2024-01-09 00:00:00,000858.SZ,1d,COUNTDOWN,BUY_COUNTDOWN_PROGRESS,1,12,,,BUY_SETUP,True,2023-11-20 00:00:00,2023-11-30 00:00:00,143.64,143.64,2023-11-30 00:00:00,2023-12-04 00:00:00,2023-12-05 00:00:00,2023-12-06 00:00:00,2023-12-11 00:00:00,2023-12-12 00:00:00,2023-12-13 00:00:00,2023-12-14 00:00:00,2024-01-03 00:00:00,121.88,2024-01-04 00:00:00,2024-01-05 00:00:00,2024-01-08 00:00:00,2024-01-09 00:00:00,,2024-01-09 00:00:00,114.41,116.38,114.81,116.38,114.41,2345883689.7115,0.019658,-0.090974
601318SS_2024-01-10T000000_SELL_COUNTDOWN_CANCEL_-1_2024-01-03T000000_0,2024-01-10 00:00:00,601318.SS,1d,COUNTDOWN,SELL_COUNTDOWN_CANCEL,-1,0,,tdst_break_rule_4,SELL_SETUP,False,2023-12-21 00:00:00,2024-01-03 00:00:00,35.48,33.17,2024-01-03 00:00:00,,,,,,,,,,,,,,,,,,32.86,33.49,32.86,1523492860.8,0.012469,-0.031536
600519SS_2024-01-16T000000_BUY_SETUP_PERFECT_1_2024-01-16T000000_9,2024-01-16 00:00:00,600519.SS,1d,SETUP,BUY_SETUP_PERFECT,1,9,True,,BUY_SETUP,True,2024-01-04 00:00:00,2024-01-16 00:00:00,,,,,,,,,,,,,,,,,,,,,,,,3659124876.8,0.011875,-0.010622
000651SZ_2024-01-16T000000_BUY_COUNTDOWN_CANCEL_1_2023-11-17T000000_6,2024-01-16 00:00:00,000651.SZ,1d,COUNTDOWN,BUY_COUNTDOWN_CANCEL,1,6,,tdst_break_rule_4,BUY_SETUP,False,2023-11-07 00:00:00,2023-11-17 00:00:00,27.7,27.7,2023-11-17 00:00:00,2023-11-17 00:00:00,2023-12-01 00:00:00,2023-12-20 00:00:00,2023-12-21 00:00:00,2024-01-03 00:00:00,2024-01-04 00:00:00,,,,,,,,,2023-12-20 00:00:00,24.46,26.48,27.79,27.92,27.29,1355874046.1305,0.024755,0.035781
600519SS_2024-01-17T000000_BUY_COUNTDOWN_PROGRESS_1_2024-01-16T000000_1,2024-01-17 00:00:00,600519.SS,1d,COUNTDOWN,BUY_COUNTDOWN_PROGRESS,1,1,,,BUY_SETUP,True,2024-01-04 00:00:00,2024-01-16 00:00:00,1586.68,1586.68,2024-01-16 00:00:00,2024-01-17 00:00:00,,,,,,,,,,,,,,2024-01-17 00:00:00,1470.68,1529.16,1470.68,1529.16,1470.68,3886408780.8,0.014894,-0.04716
000858SZ_2024-01-17T000000_BUY_COUNTDOWN_COMPLETE_PERFECT_1_2023-11-30T000000_13,2024-01-17 00:00:00,000858.SZ,1d,COUNTDOWN,BUY_COUNTDOWN_COMPLETE_PERFECT,1,13,True,,BUY_SETUP,True,2023-11-20 00:00:00,2023-11-30 00:00:00,143.64,143.64,2023-11-30 00:00:00,2023-12-04 00:00:00,2023-12-05 00:00:00,2023-12-06 00:00:00,2023-12-11 00:00:00,2023-12-12 00:00:00,2023-12-13 00:00:00,2023-12-14 00:00:00,2024-01-03 00:00:00,121.88,2024-01-04 00:00:00,2024-01-05 00:00:00,2024-01-08 00:00:00,2024-01-09 00:00:00,2024-01-17 00:00:00,2024-01-17 00:00:00,112.14,114.8,112.14,114.8,112.14,2129280157.6305,0.018337,-0.058675
600036SS_2024-01-17T000000_SELL_SETUP_PERFECT_-1_2024-01-17T000000_9,2024-01-17 00:00:00,600036.SS,1d,SETUP,SELL_SETUP_PERFECT,-1,9,True,,SELL_SETUP,True,2024-01-05 00:00:00,2024-01-17 00:00:00,,,,,,,,,,,,,,,,,,,,,,,,1886036345.6,0.012282,0.096467
600036SS_2024-01-17T000000_BUY_COUNTDOWN_CANCEL_1_2023-12-01T000000_8,2024-01-17 00:00:00,600036.SS,1d,COUNTDOWN,BUY_COUNTDOWN_CANCEL,1,8,,opposite_setup,BUY_SETUP,True,2023-11-21 00:00:00,2023-12-01 00:00:00,25.89,25.89,2023-12-01 00:00:00,2023-12-01 00:00:00,2023-12-04 00:00:00,2023-12-05 00:00:00,2023-12-06 00:00:00,2023-12-14 00:00:00,2023-12-26 00:00:00,2023-12-27 00:00:00,2024-01-03 00:00:00,22.79,,,,,,2023-12-14 00:00:00,22.05,22.66,24.21,24.6,24.05,1886036345.6,0.012282,0.096467
600036SS_2024-01-17T000000_SELL_COUNTDOWN_PROGRESS_-1_2024-01-17T000000_1,2024-01-17 00:00:00,600036.SS,1d,COUNTDOWN,SELL_COUNTDOWN_PROGRESS,-1,1,,,SELL_SETUP,True,2024-01-05 00:00:00,2024-01-17 00:00:00,24.6,22.64,2024-01-17 00:00:00,2024-01-17 00:00:00,,,,,,,,,,,,,,2024-01-17 00:00:00,24.05,24.6,24.21,24.6,24.05,1886036345.6,0.012282,0.096467
000651SZ_2024-01-17T000000_SELL_SETUP_PERFECT_-1_2024-01-17T000000_9,2024-01-17 00:00:00,000651.SZ,1d,SETUP,SELL_SETUP_PERFECT,-1,9,True,,SELL_SETUP,True,2024-01-05 00:00:00,2024-01-17 00:00:00,,,,,,,,,,,,,,,,,,,,,,,,1372302837.1325,0.013841,0.117239
600519SS_2024-01-18T000000_BUY_COUNTDOWN_PROGRESS_1_2024-01-16T000000_2,2024-01-18 00:00:00,600519.SS,1d,COUNTDOWN,BUY_COUNTDOWN_PROGRESS,1,2,,,BUY_SETUP,True,2024-01-04 00:00:00,2024-01-16 00:00:00,1586.68,1586.68,2024-01-16 00:00:00,2024-01-17 00:00:00,2024-01-18 00:00:00,,,,,,,,,,,,,2024-01-18 00:00:00,1449.23,1506.48,1504.55,1506.48,1449.23,4173919590.4,0.015588,-0.037815
600036SS_2024-01-18T000000_SELL_COUNTDOWN_PROGRESS_-1_2024-01-17T000000_2,2024-01-18 00:00:00,600036.SS,1d,COUNTDOWN,SELL_COUNTDOWN_PROGRESS,-1,2,,,SELL_SETUP,True,2024-01-05 00:00:00,2024-01-17 00:00:00,24.6,22.64,2024-01-17 00:00:00,2024-01-17 00:00:00,2024-01-18 00:00:00,,,,,,,,,,,,,2024-01-18 00:00:00,23.62,24.7,24.6,24.7,23.62,2001812870.4,0.011195,0.08227
600036SS_2024-01-19T000000_SELL_COUNTDOWN_PROGRESS_-1_2024-01-17T000000_3,2024-01-19 00:00:00,600036.SS,1d,COUNTDOWN,SELL_COUNTDOWN_PROGRESS,-1,3,,,SELL_SETUP,True,2024-01-05 00:00:00,2024-01-17 00:00:00,24.6,22.64,2024-01-17 00:00:00,2024-01-17 00:00:00,2024-01-18 00:00:00,2024-01-19 00:00:00,,,,,,,,,,,,2024-01-18 00:00:00,23.62,24.7,24.75,24.92,24.16,2040973408.0,0.011012,0.093681
600036SS_2024-01-22T000000_SELL_COUNTDOWN_PROGRESS_-1_2024-01-17T000000_4,2024-01-22 00:00:00,600036.SS,1d,COUNTDOWN,SELL_COUNTDOWN_PROGRESS,-1,4,,,SELL_SETUP,True,2024-01-05 00:00:00,2024-01-17 00:00:00,24.6,22.64,2024-01-17 00:00:00,2024-01-17 00:00:00,2024-01-18 00:00:00,2024-01-19 00:00:00,2024-01-22 00:00:00,,,,,,,,,,,2024-01-18 00:00:00,23.62,24.7,25.27,25.52,24.72,2189469414.4,0.011394,0.120621
600036SS_2024-01-23T000000_SELL_COUNTDOWN_PROGRESS_-1_2024-01-17T000000_5,2024-01-23 00:00:00,600036.SS,1d,COUNTDOWN,SELL_COUNTDOWN_PROGRESS,-1,5,,,SELL_SETUP,True,2024-01-05 00:00:00,2024-01-17 00:00:00,24.6,22.64,2024-01-17 00:00:00,2024-01-17 00:00:00,2024-01-18 00:00:00,2024-01-19 00:00:00,2024-01-22 00:00:00,2024-01-23 00:00:00,,,,,,,,,,2024-01-18 00:00:00,23.62,24.7,25.01,25.37,24.82,2264846707.2,0.011296,0.122028
600036SS_2024-01-25T000000_SELL_COUNTDOWN_PROGRESS_-1_2024-01-17T000000_6,2024-01-25 00:00:00,600036.SS,1d,COUNTDOWN,SELL_COUNTDOWN_PROGRESS,-1,6,,,SELL_SETUP,True,2024-01-05 00:00:00,2024-01-17 00:00:00,24.6,22.64,2024-01-17 00:00:00,2024-01-17 00:00:00,2024-01-18 00:00:00,2024-01-19 00:00:00,2024-01-22 00:00:00,2024-01-23 00:00:00,2024-01-25 00:00:00,,,,,,,,,2024-01-18 00:00:00,23.62,24.7,25.92,26.02,25.2,2493958246.4,0.01141,0.126467
000651SZ_2024-01-25T000000_SELL_COUNTDOWN_PROGRESS_-1_2024-01-17T000000_1,2024-01-25 00:00:00,000651.SZ,1d,COUNTDOWN,SELL_COUNTDOWN_PROGRESS,-1,1,,,SELL_SETUP,True,2024-01-05 00:00:00,2024-01-17 00:00:00,27.92,25.3,2024-01-17 00:00:00,2024-01-25 00:00:00,,,,,,,,,,,,,,2024-01-25 00:00:00,27.09,27.49,27.34,27.49,27.09,1154285776.268,0.014001,0.051943
600036SS_2024-01-26T000000_SELL_COUNTDOWN_PROGRESS_-1_2024-01-17T000000_7,2024-01-26 00:00:00,600036.SS,1d,COUNTDOWN,SELL_COUNTDOWN_PROGRESS,-1,7,,,SELL_SETUP,True,2024-01-05 00:00:00,2024-01-17 00:00:00,24.6,22.64,2024-01-17 00:00:00,2024-01-17 00:00:00,2024-01-18 00:00:00,2024-01-19 00:00:00,2024-01-22 00:00:00,2024-01-23 00:00:00,2024-01-25 00:00:00,2024-01-26 00:00:00,,,,,,,,2024-01-18 00:00:00,23.62,24.7,26.14,26.37,25.68,2502937612.8,0.010945,0.144483
600036SS_2024-01-29T000000_SELL_COUNTDOWN_PROGRESS_-1_2024-01-17T000000_8,2024-01-29 00:00:00,600036.SS,1d,COUNTDOWN,SELL_COUNTDOWN_PROGRESS,-1,8,,,SELL_SETUP,True,2024-01-05 00:00:00,2024-01-17 00:00:00,24.6,22.64,2024-01-17 00:00:00,2024-01-17 00:00:00,2024-01-18 00:00:00,2024-01-19 00:00:00,2024-01-22 00:00:00,2024-01-23 00:00:00,2024-01-25 00:00:00,2024-01-26 00:00:00,2024-01-29 00:00:00,26.37,,,,,,2024-01-18 00:00:00,23.62,24.7,26.37,26.62,26.19,2543166323.2,0.01012,0.166814
000651SZ_2024-01-29T000000_SELL_COUNTDOWN_PROGRESS_-1_2024-01-17T000000_2,2024-01-29 00:00:00,000651.SZ,1d,COUNTDOWN,SELL_COUNTDOWN_PROGRESS,-1,2,,,SELL_SETUP,True,2024-01-05 00:00:00,2024-01-17 00:00:00,27.92,25.3,2024-01-17 00:00:00,2024-01-25 00:00:00,2024-01-29 00:00:00,,,,,,,,,,,,,2024-01-25 00:00:00,27.09,27.49,28.74,28.93,28.09,1251706164.199,0.017386,0.117853
600519SS_2024-01-30T000000_BUY_COUNTDOWN_PROGRESS_1_2024-01-16T000000_3,2024-01-30 00:00:00,600519.SS,1d,COUNTDOWN,BUY_COUNTDOWN_PROGRESS,1,3,,,BUY_SETUP,True,2024-01-04 00:00:00,2024-01-16 00:00:00,1586.68,1586.68,2024-01-16 00:00:00,2024-01-17 00:00:00,2024-01-18 00:00:00,2024-01-30 00:00:00,,,,,,,,,,,,2024-01-18 00:00:00,1449.23,1506.48,1506.68,1543.66,1503.68,4851324691.2,0.014,-0.051018
601318SS_2024-01-30T000000_SELL_SETUP_PERFECT_-1_2024-01-30T000000_9,2024-01-30 00:00:00,601318.SS,1d,SETUP,SELL_SETUP_PERFECT,-1,9,True,,SELL_SETUP,True,2024-01-18 00:00:00,2024-01-30 00:00:00,,,,,,,,,,,,,,,,,,,,,,,,2274222707.2,0.015809,0.022938
600036SS_2024-01-30T000000_SELL_SETUP_PERFECT_-1_2024-01-30T000000_9,2024-01-30 00:00:00,600036.SS,1d,SETUP,SELL_SETUP_PERFECT,-1,9,True,,SELL_SETUP,True,2024-01-18 00:00:00,2024-01-30 00:00:00,,,,,,,,,,,,,,,,,,,,,,,,2583961177.6,0.011197,0.141729
600036SS_2024-01-30T000000_SELL_COUNTDOWN_CANCEL_-1_2024-01-17T000000_8,2024-01-30 00:00:00,600036.SS,1d,COUNTDOWN,SELL_COUNTDOWN_CANCEL,-1,8,,same_setup,SELL_SETUP,True,2024-01-05 00:00:00,2024-01-17 00:00:00,24.6,22.64,2024-01-17 00:00:00,2024-01-17 00:00:00,2024-01-18 00:00:00,2024-01-19 00:00:00,2024-01-22 00:00:00,2024-01-23 00:00:00,2024-01-25 00:00:00,2024-01-26 00:00:00,2024-01-29 00:00:00,26.37,,,,,,2024-01-18 00:00:00,23.62,24.7,26.02,26.52,25.8,2583961177.6,0.011197,0.141729
000651SZ_2024-01-30T000000_SELL_COUNTDOWN_PROGRESS_-1_2024-01-17T000000_3,2024-01-30 00:00:00,000651.SZ,1d,COUNTDOWN,SELL_COUNTDOWN_PROGRESS,-1,3,,,SELL_SETUP,True,2024-01-05 00:00:00,2024-01-17 00:00:00,27.92,25.3,2024-01-17 00:00:00,2024-01-25 00:00:00,2024-01-29 00:00:00,2024-01-30 00:00:00,,,,,,,,,,,,2024-01-25 00:00:00,27.09,27.49,28.83,29.25,28.35,1315839402.262,0.017044,0.131476
600519SS_2024-01-31T000000_BUY_COUNTDOWN_PROGRESS_1_2024-01-16T000000_4,2024-01-31 00:00:00,600519.SS,1d,COUNTDOWN,BUY_COUNTDOWN_PROGRESS,1,4,,,BUY_SETUP,True,2024-01-04 00:00:00,2024-01-16 00:00:00,1586.68,1586.68,2024-01-16 00:00:00,2024-01-17 00:00:00,2024-01-18 00:00:00,2024-01-30 00:00:00,2024-01-31 00:00:00,,,,,,,,,,,2024-01-18 00:00:00,1449.23,1506.48,1498.59,1513.65,1491.81,4919259897.6,0.013678,-0.041013
000651SZ_2024-01-31T000000_SELL_COUNTDOWN_PROGRESS_-1_2024-01-17T000000_4,2024-01-31 00:00:00,000651.SZ,1d,COUNTDOWN,SELL_COUNTDOWN_PROGRESS,-1,4,,,SELL_SETUP,True,2024-01-05 00:00:00,2024-01-17 00:00:00,27.92,25.3,2024-01-17 00:00:00,2024-01-25 00:00:00,2024-01-29 00:00:00,2024-01-30 00:00:00,2024-01-31 00:00:00,,,,,,,,,,,2024-01-25 00:00:00,27.09,27.49,28.93,29.35,28.59,1376673304.025,0.017058,0.128755
600519SS_2024-02-02T000000_BUY_COUNTDOWN_PROGRESS_1_2024-01-16T000000_5,2024-02-02 00:00:00,600519.SS,1d,COUNTDOWN,BUY_COUNTDOWN_PROGRESS,1,5,,,BUY_SETUP,True,2024-01-04 00:00:00,2024-01-16 00:00:00,1586.68,1586.68,2024-01-16 00:00:00,2024-01-17 00:00:00,2024-01-18 00:00:00,2024-01-30 00:00:00,2024-01-31 00:00:00,2024-02-02 00:00:00,,,,,,,,,,2024-01-18 00:00:00,1449.23,1506.48,1489.68,1521.46,1474.68,5100853100.8,0.013616,-0.03121
601318SS_2024-02-05T000000_SELL_COUNTDOWN_PROGRESS_-1_2024-01-30T000000_1,2024-02-05 00:00:00,601318.SS,1d,COUNTDOWN,SELL_COUNTDOWN_PROGRESS,-1,1,,,SELL_SETUP,True,2024-01-18 00:00:00,2024-01-30 00:00:00,36.73,32.68,2024-01-30 00:00:00,2024-02-05 00:00:00,,,,,,,,,,,,,,2024-02-05 00:00:00,34.72,36.03,35.72,36.03,34.72,2427294419.2,0.01539,0.068821
000651SZ_2024-02-05T000000_SELL_SETUP_PERFECT_-1_2024-02-05T000000_9,2024-02-05 00:00:00,000651.SZ,1d,SETUP,SELL_SETUP_PERFECT,-1,9,True,,SELL_SETUP,True,2024-01-24 00:00:00,2024-02-05 00:00:00,,,,,,,,,,,,,,,,,,,,,,,,1411405291.4745,0.014793,0.095326
000651SZ_2024-02-05T000000_SELL_COUNTDOWN_CANCEL_-1_2024-01-17T000000_4,2024-02-05 00:00:00,000651.SZ,1d,COUNTDOWN,SELL_COUNTDOWN_CANCEL,-1,4,,same_setup,SELL_SETUP,True,2024-01-05 00:00:00,2024-01-17 00:00:00,27.92,25.3,2024-01-17 00:00:00,2024-01-25 00:00:00,2024-01-29 00:00:00,2024-01-30 00:00:00,2024-01-31 00:00:00,,,,,,,,,,,2024-01-25 00:00:00,27.09,27.49,29.76,29.84,28.81,1411405291.4745,0.014793,0.095326
000651SZ_2024-02-05T000000_SELL_COUNTDOWN_PROGRESS_-1_2024-02-05T000000_1,2024-02-05 00:00:00,000651.SZ,1d,COUNTDOWN,SELL_COUNTDOWN_PROGRESS,-1,1,,,SELL_SETUP,True,2024-01-24 00:00:00,2024-02-05 00:00:00,29.84,26.64,2024-02-05 00:00:00,2024-02-05 00:00:00,,,,,,,,,,,,,,2024-02-05 00:00:00,28.81,29.84,29.76,29.84,28.81,1411405291.4745,0.014793,0.095326
601318SS_2024-02-06T000000_SELL_COUNTDOWN_PROGRESS_-1_2024-01-30T000000_2,2024-02-06 00:00:00,601318.SS,1d,COUNTDOWN,SELL_COUNTDOWN_PROGRESS,-1,2,,,SELL_SETUP,True,2024-01-18 00:00:00,2024-01-30 00:00:00,36.73,32.68,2024-01-30 00:00:00,2024-02-05 00:00:00,2024-02-06 00:00:00,,,,,,,,,,,,,2024-02-05 00:00:00,34.72,36.03,36.6,36.72,35.41,2525195840.0,0.01528,0.113816
600036SS_2024-02-06T000000_SELL_COUNTDOWN_PROGRESS_-1_2024-01-30T000000_1,2024-02-06 00:00:00,600036.SS,1d,COUNTDOWN,SELL_COUNTDOWN_PROGRESS,-1,1,,,SELL_SETUP,True,2024-01-18 00:00:00,2024-01-30 00:00:00,26.62,23.62,2024-01-30 00:00:00,2024-02-06 00:00:00,,,,,,,,,,,,,,2024-02-06 00:00:00,25.62,26.37,26.35,26.37,25.62,2805689856.0,0.012771,0.142176
000651SZ_2024-02-06T000000_SELL_COUNTDOWN_PROGRESS_-1_2024-02-05T000000_2,2024-02-06 00:00:00,000651.SZ,1d,COUNTDOWN,SELL_COUNTDOWN_PROGRESS,-1,2,,,SELL_SETUP,True,2024-01-24 00:00:00,2024-02-05 00:00:00,29.84,26.64,2024-02-05 00:00:00,2024-02-05 00:00:00,2024-02-06 00:00:00,,,,,,,,,,,,,2024-02-05 00:00:00,28.81,29.84,29.58,30.48,29.23,1477970321.4435,0.014985,0.081536
600519SS_2024-02-07T000000_BUY_COUNTDOWN_CANCEL_1_2024-01-16T000000_5,2024-02-07 00:00:00,600519.SS,1d,COUNTDOWN,BUY_COUNTDOWN_CANCEL,1,5,,tdst_break_rule_4,BUY_SETUP,True,2024-01-04 00:00:00,2024-01-16 00:00:00,1586.68,1586.68,2024-01-16 00:00:00,2024-01-17 00:00:00,2024-01-18 00:00:00,2024-01-30 00:00:00,2024-01-31 00:00:00,2024-02-02 00:00:00,,,,,,,,,,2024-01-18 00:00:00,1449.23,1506.48,1604.67,1608.27,1555.29,5858506630.4,0.016833,0.041824
601318SS_2024-02-07T000000_SELL_COUNTDOWN_PROGRESS_-1_2024-01-30T000000_3,2024-02-07 00:00:00,601318.SS,1d,COUNTDOWN,SELL_COUNTDOWN_PROGRESS,-1,3,,,SELL_SETUP,True,2024-01-18 00:00:00,2024-01-30 00:00:00,36.73,32.68,2024-01-30 00:00:00,2024-02-05 00:00:00,2024-02-06 00:00:00,2024-02-07 00:00:00,,,,,,,,,,,,2024-02-05 00:00:00,34.72,36.03,37.42,37.44,36.39,2632991251.2,0.015472,0.118016
600036SS_2024-02-07T000000_SELL_COUNTDOWN_PROGRESS_-1_2024-01-30T000000_2,2024-02-07 00:00:00,600036.SS,1d,COUNTDOWN,SELL_COUNTDOWN_PROGRESS,-1,2,,,SELL_SETUP,True,2024-01-18 00:00:00,2024-01-30 00:00:00,26.62,23.62,2024-01-30 00:00:00,2024-02-06 00:00:00,2024-02-07 00:00:00,,,,,,,,,,,,,2024-02-06 00:00:00,25.62,26.37,26.33,26.5,25.83,2914714675.2,0.012766,0.125214
000651SZ_2024-02-07T000000_SELL_COUNTDOWN_PROGRESS_-1_2024-02-05T000000_3,2024-02-07 00:00:00,000651.SZ,1d,COUNTDOWN,SELL_COUNTDOWN_PROGRESS,-1,3,,,SELL_SETUP,True,2024-01-24 00:00:00,2024-02-05 00:00:00,29.84,26.64,2024-02-05 00:00:00,2024-02-05 00:00:00,2024-02-06 00:00:00,2024-02-07 00:00:00,,,,,,,,,,,,2024-02-05 00:00:00,28.81,29.84,30.48,30.56,29.15,1555993318.4505,0.015964,0.117712
601318SS_2024-02-08T000000_SELL_COUNTDOWN_PROGRESS_-1_2024-01-30T000000_4,2024-02-08 00:00:00,601318.SS,1d,COUNTDOWN,SELL_COUNTDOWN_PROGRESS,-1,4,,,SELL_SETUP,True,2024-01-18 00:00:00,2024-01-30 00:00:00,36.73,32.68,2024-01-30 00:00:00,2024-02-05 00:00:00,2024-02-06 00:00:00,2024-02-07 00:00:00,2024-02-08 00:00:00,,,,,,,,,,,2024-02-05 00:00:00,34.72,36.03,37.82,37.99,37.19,2723802604.8,0.014904,0.143635
600036SS_2024-02-08T000000_SELL_COUNTDOWN_PROGRESS_-1_2024-01-30T000000_3,2024-02-08 00:00:00,600036.SS,1d,COUNTDOWN,SELL_COUNTDOWN_PROGRESS,-1,3,,,SELL_SETUP,True,2024-01-18 00:00:00,2024-01-30 00:00:00,26.62,23.62,2024-01-30 00:00:00,2024-02-06 00:00:00,2024-02-07 00:00:00,2024-02-08 00:00:00,,,,,,,,,,,,2024-02-06 00:00:00,25.62,26.37,26.42,26.47,26.04,2946990982.4,0.012782,0.121392
601318SS_2024-02-19T000000_SELL_COUNTDOWN_PROGRESS_-1_2024-01-30T000000_5,2024-02-19 00:00:00,601318.SS,1d,COUNTDOWN,SELL_COUNTDOWN_PROGRESS,-1,5,,,SELL_SETUP,True,2024-01-18 00:00:00,2024-01-30 00:00:00,36.73,32.68,2024-01-30 00:00:00,2024-02-05 00:00:00,2024-02-06 00:00:00,2024-02-07 00:00:00,2024-02-08 00:00:00,2024-02-19 00:00:00,,,,,,,,,,2024-02-05 00:00:00,34.72,36.03,37.77,38.12,37.56,2782125382.4,0.015013,0.137308
600036SS_2024-02-19T000000_SELL_COUNTDOWN_PROGRESS_-1_2024-01-30T000000_4,2024-02-19 00:00:00,600036.SS,1d,COUNTDOWN,SELL_COUNTDOWN_PROGRESS,-1,4,,,SELL_SETUP,True,2024-01-18 00:00:00,2024-01-30 00:00:00,26.62,23.62,2024-01-30 00:00:00,2024-02-06 00:00:00,2024-02-07 00:00:00,2024-02-08 00:00:00,2024-02-19 00:00:00,,,,,,,,,,,2024-02-06 00:00:00,25.62,26.37,26.64,27.01,26.43,3002899193.6,0.012764,0.119798
000651SZ_2024-02-19T000000_SELL_COUNTDOWN_PROGRESS_-1_2024-02-05T000000_4,2024-02-19 00:00:00,000651.SZ,1d,COUNTDOWN,SELL_COUNTDOWN_PROGRESS,-1,4,,,SELL_SETUP,True,2024-01-24 00:00:00,2024-02-05 00:00:00,29.84,26.64,2024-02-05 00:00:00,2024-02-05 00:00:00,2024-02-06 00:00:00,2024-02-07 00:00:00,2024-02-19 00:00:00,,,,,,,,,,,2024-02-05 00:00:00,28.81,29.84,30.66,30.68,29.84,1665427486.5345,0.017873,0.114099
000651SZ_2024-02-20T000000_SELL_COUNTDOWN_PROGRESS_-1_2024-02-05T000000_5,2024-02-20 00:00:00,000651.SZ,1d,COUNTDOWN,SELL_COUNTDOWN_PROGRESS,-1,5,,,SELL_SETUP,True,2024-01-24 00:00:00,2024-02-05 00:00:00,29.84,26.64,2024-02-05 00:00:00,2024-02-05 00:00:00,2024-02-06 00:00:00,2024-02-07 00:00:00,2024-02-19 00:00:00,2024-02-20 00:00:00,,,,,,,,,,2024-02-05 00:00:00,28.81,29.84,31.64,31.68,30.62,1712228539.474,0.018792,0.138539
601318SS_2024-02-21T000000_SELL_COUNTDOWN_PROGRESS_-1_2024-01-30T000000_6,2024-02-21 00:00:00,601318.SS,1d,COUNTDOWN,SELL_COUNTDOWN_PROGRESS,-1,6,,,SELL_SETUP,True,2024-01-18 00:00:00,2024-01-30 00:00:00,36.73,32.68,2024-01-30 00:00:00,2024-02-05 00:00:00,2024-02-06 00:00:00,2024-02-07 00:00:00,2024-02-08 00:00:00,2024-02-19 00:00:00,2024-02-21 00:00:00,,,,,,,,,2024-02-05 00:00:00,34.72,36.03,38.63,39.34,37.06,2955997644.8,0.0152,0.168835
600036SS_2024-02-21T000000_SELL_COUNTDOWN_PROGRESS_-1_2024-01-30T000000_5,2024-02-21 00:00:00,600036.SS,1d,COUNTDOWN,SELL_COUNTDOWN_PROGRESS,-1,5,,,SELL_SETUP,True,2024-01-18 00:00:00,2024-01-30 00:00:00,26.62,23.62,2024-01-30 00:00:00,2024-02-06 00:00:00,2024-02-07 00:00:00,2024-02-08 00:00:00,2024-02-19 00:00:00,2024-02-21 00:00:00,,,,,,,,,,2024-02-06 00:00:00,25.62,26.37,28.02,28.41,26.37,3155760640.0,0.017937,0.157373
000651SZ_2024-02-21T000000_SELL_COUNTDOWN_PROGRESS_-1_2024-02-05T000000_6,2024-02-21 00:00:00,000651.SZ,1d,COUNTDOWN,SELL_COUNTDOWN_PROGRESS,-1,6,,,SELL_SETUP,True,2024-01-24 00:00:00,2024-02-05 00:00:00,29.84,26.64,2024-02-05 00:00:00,2024-02-05 00:00:00,2024-02-06 00:00:00,2024-02-07 00:00:00,2024-02-19 00:00:00,2024-02-20 00:00:00,2024-02-21 00:00:00,,,,,,,,,2024-02-05 00:00:00,28.81,29.84,31.55,32.03,31.29,1753700284.4445,0.018174,0.153565
601318SS_2024-02-22T000000_SELL_COUNTDOWN_PROGRESS_-1_2024-01-30T000000_7,2024-02-22 00:00:00,601318.SS,1d,COUNTDOWN,SELL_COUNTDOWN_PROGRESS,-1,7,,,SELL_SETUP,True,2024-01-18 00:00:00,2024-01-30 00:00:00,36.73,32.68,2024-01-30 00:00:00,2024-02-05 00:00:00,2024-02-06 00:00:00,2024-02-07 00:00:00,2024-02-08 00:00:00,2024-02-19 00:00:00,2024-02-21 00:00:00,2024-02-22 00:00:00,,,,,,,,2024-02-05 00:00:00,34.72,36.03,38.74,38.78,38.25,2961211328.0,0.01438,0.138407
600036SS_2024-02-22T000000_SELL_COUNTDOWN_PROGRESS_-1_2024-01-30T000000_6,2024-02-22 00:00:00,600036.SS,1d,COUNTDOWN,SELL_COUNTDOWN_PROGRESS,-1,6,,,SELL_SETUP,True,2024-01-18 00:00:00,2024-01-30 00:00:00,26.62,23.62,2024-01-30 00:00:00,2024-02-06 00:00:00,2024-02-07 00:00:00,2024-02-08 00:00:00,2024-02-19 00:00:00,2024-02-21 00:00:00,2024-02-22 00:00:00,,,,,,,,,2024-02-06 00:00:00,25.62,26.37,27.82,27.97,27.41,3086637171.2,0.018126,0.130894
000651SZ_2024-02-22T000000_SELL_COUNTDOWN_PROGRESS_-1_2024-02-05T000000_7,2024-02-22 00:00:00,000651.SZ,1d,COUNTDOWN,SELL_COUNTDOWN_PROGRESS,-1,7,,,SELL_SETUP,True,2024-01-24 00:00:00,2024-02-05 00:00:00,29.84,26.64,2024-02-05 00:00:00,2024-02-05 00:00:00,2024-02-06 00:00:00,2024-02-07 00:00:00,2024-02-19 00:00:00,2024-02-20 00:00:00,2024-02-21 00:00:00,2024-02-22 00:00:00,,,,,,,,2024-02-05 00:00:00,28.81,29.84,31.96,31.98,31.28,1770516015.3555,0.018087,0.169839
601318SS_2024-02-23T000000_SELL_SETUP_PERFECT_-1_2024-02-23T000000_9,2024-02-23 00:00:00,601318.SS,1d,SETUP,SELL_SETUP_PERFECT,-1,9,True,,SELL_SETUP,True,2024-02-05 00:00:00,2024-02-23 00:00:00,,,,,,,,,,,,,,,,,,,,,,,,2938950425.6,0.01439,0.142231
601318SS_2024-02-23T000000_SELL_COUNTDOWN_CANCEL_-1_2024-01-30T000000_7,2024-02-23 00:00:00,601318.SS,1d,COUNTDOWN,SELL_COUNTDOWN_CANCEL,-1,7,,same_setup,SELL_SETUP,True,2024-01-18 00:00:00,2024-01-30 00:00:00,36.73,32.68,2024-01-30 00:00:00,2024-02-05 00:00:00,2024-02-06 00:00:00,2024-02-07 00:00:00,2024-02-08 00:00:00,2024-02-19 00:00:00,2024-02-21 00:00:00,2024-02-22 00:00:00,,,,,,,,2024-02-05 00:00:00,34.72,36.03,39.11,39.49,38.64,2938950425.6,0.01439,0.142231
000858SZ_2024-02-26T000000_SELL_SETUP_PERFECT_-1_2024-02-26T000000_9,2024-02-26 00:00:00,000858.SZ,1d,SETUP,SELL_SETUP_PERFECT,-1,9,True,,SELL_SETUP,True,2024-02-06 00:00:00,2024-02-26 00:00:00,,,,,,,,,,,,,,,,,,,,,,,,2995680583.4075,0.022717,0.11193
600036SS_2024-02-26T000000_SELL_SETUP_PERFECT_-1_2024-02-26T000000_9,2024-02-26 00:00:00,600036.SS,1d,SETUP,SELL_SETUP_PERFECT,-1,9,True,,SELL_SETUP,True,2024-02-06 00:00:00,2024-02-26 00:00:00,,,,,,,,,,,,,,,,,,,,,,,,2969331673.6,0.019093,0.079145
600036SS_2024-02-26T000000_SELL_COUNTDOWN_CANCEL_-1_2024-01-30T000000_6,2024-02-26 00:00:00,600036.SS,1d,COUNTDOWN,SELL_COUNTDOWN_CANCEL,-1,6,,same_setup,SELL_SETUP,True,2024-01-18 00:00:00,2024-01-30 00:00:00,26.62,23.62,2024-01-30 00:00:00,2024-02-06 00:00:00,2024-02-07 00:00:00,2024-02-08 00:00:00,2024-02-19 00:00:00,2024-02-21 00:00:00,2024-02-22 00:00:00,,,,,,,,,2024-02-06 00:00:00,25.62,26.37,27.27,28.08,27.1,2969331673.6,0.019093,0.079145
000651SZ_2024-02-26T000000_SELL_SETUP_PERFECT_-1_2024-02-26T000000_9,2024-02-26 00:00:00,000651.SZ,1d,SETUP,SELL_SETUP_PERFECT,-1,9,True,,SELL_SETUP,True,2024-02-06 00:00:00,2024-02-26 00:00:00,,,,,,,,,,,,,,,,,,,,,,,,1822762896.9565,0.01714,0.22039
000651SZ_2024-02-26T000000_SELL_COUNTDOWN_CANCEL_-1_2024-02-05T000000_7,2024-02-26 00:00:00,000651.SZ,1d,COUNTDOWN,SELL_COUNTDOWN_CANCEL,-1,7,,same_setup,SELL_SETUP,True,2024-01-24 00:00:00,2024-02-05 00:00:00,29.84,26.64,2024-02-05 00:00:00,2024-02-05 00:00:00,2024-02-06 00:00:00,2024-02-07 00:00:00,2024-02-19 00:00:00,2024-02-20 00:00:00,2024-02-21 00:00:00,2024-02-22 00:00:00,,,,,,,,2024-02-05 00:00:00,28.81,29.84,32.56,33.02,32.29,1822762896.9565,0.01714,0.22039
000651SZ_2024-02-26T000000_SELL_COUNTDOWN_PROGRESS_-1_2024-02-26T000000_1,2024-02-26 00:00:00,000651.SZ,1d,COUNTDOWN,SELL_COUNTDOWN_PROGRESS,-1,1,,,SELL_SETUP,True,2024-02-06 00:00:00,2024-02-26 00:00:00,33.02,29.15,2024-02-26 00:00:00,2024-02-26 00:00:00,,,,,,,,,,,,,,2024-02-26 00:00:00,32.29,33.02,32.56,33.02,32.29,1822762896.9565,0.01714,0.22039
000651SZ_2024-02-27T000000_SELL_COUNTDOWN_PROGRESS_-1_2024-02-26T000000_2,2024-02-27 00:00:00,000651.SZ,1d,COUNTDOWN,SELL_COUNTDOWN_PROGRESS,-1,2,,,SELL_SETUP,True,2024-02-06 00:00:00,2024-02-26 00:00:00,33.02,29.15,2024-02-26 00:00:00,2024-02-26 00:00:00,2024-02-27 00:00:00,,,,,,,,,,,,,2024-02-27 00:00:00,32.2,32.68,32.56,32.68,32.2,1828208217.415,0.017073,0.222681
000858SZ_2024-02-29T000000_SELL_COUNTDOWN_PROGRESS_-1_2024-02-26T000000_1,2024-02-29 00:00:00,000858.SZ,1d,COUNTDOWN,SELL_COUNTDOWN_PROGRESS,-1,1,,,SELL_SETUP,True,2024-02-06 00:00:00,2024-02-26 00:00:00,130.38,112.7,2024-02-26 00:00:00,2024-02-29 00:00:00,,,,,,,,,,,,,,2024-02-29 00:00:00,125.7,129.33,129.25,129.33,125.7,3017526379.739,0.022586,0.094319
000651SZ_2024-02-29T000000_SELL_COUNTDOWN_PROGRESS_-1_2024-02-26T000000_3,2024-02-29 00:00:00,000651.SZ,1d,COUNTDOWN,SELL_COUNTDOWN_PROGRESS,-1,3,,,SELL_SETUP,True,2024-02-06 00:00:00,2024-02-26 00:00:00,33.02,29.15,2024-02-26 00:00:00,2024-02-26 00:00:00,2024-02-27 00:00:00,2024-02-29 00:00:00,,,,,,,,,,,,2024-02-27 00:00:00,32.2,32.68,32.73,32.87,32.38,1852295729.7075,0.01678,0.197147
000858SZ_2024-03-01T000000_SELL_COUNTDOWN_PROGRESS_-1_2024-02-26T000000_2,2024-03-01 00:00:00,000858.SZ,1d,COUNTDOWN,SELL_COUNTDOWN_PROGRESS,-1,2,,,SELL_SETUP,True,2024-02-06 00:00:00,2024-02-26 00:00:00,130.38,112.7,2024-02-26 00:00:00,2024-02-29 00:00:00,2024-03-01 00:00:00,,,,,,,,,,,,,2024-02-29 00:00:00,125.7,129.33,129.59,130.78,127.88,2953274326.095,0.022551,0.09822
000651SZ_2024-03-01T000000_SELL_COUNTDOWN_PROGRESS_-1_2024-02-26T000000_4,2024-03-01 00:00:00,000651.SZ,1d,COUNTDOWN,SELL_COUNTDOWN_PROGRESS,-1,4,,,SELL_SETUP,True,2024-02-06 00:00:00,2024-02-26 00:00:00,33.02,29.15,2024-02-26 00:00:00,2024-02-26 00:00:00,2024-02-27 00:00:00,2024-02-29 00:00:00,2024-03-01 00:00:00,,,,,,,,,,,2024-02-27 00:00:00,32.2,32.68,33.69,33.7,32.62,1892570175.1655,0.017166,0.23226
000651SZ_2024-03-04T000000_SELL_COUNTDOWN_PROGRESS_-1_2024-02-26T000000_5,2024-03-04 00:00:00,000651.SZ,1d,COUNTDOWN,SELL_COUNTDOWN_PROGRESS,-1,5,,,SELL_SETUP,True,2024-02-06 00:00:00,2024-02-26 00:00:00,33.02,29.15,2024-02-26 00:00:00,2024-02-26 00:00:00,2024-02-27 00:00:00,2024-02-29 00:00:00,2024-03-01 00:00:00,2024-03-04 00:00:00,,,,,,,,,,2024-02-27 00:00:00,32.2,32.68,33.75,34.68,33.52,1928642351.196,0.014433,0.174322
600036SS_2024-03-05T000000_SELL_COUNTDOWN_PROGRESS_-1_2024-02-26T000000_1,2024-03-05 00:00:00,600036.SS,1d,COUNTDOWN,SELL_COUNTDOWN_PROGRESS,-1,1,,,SELL_SETUP,True,2024-02-06 00:00:00,2024-02-26 00:00:00,28.42,25.62,2024-02-26 00:00:00,2024-03-05 00:00:00,,,,,,,,,,,,,,2024-03-05 00:00:00,26.33,27.23,27.2,27.23,26.33,2559014060.8,0.018595,0.04535
000651SZ_2024-03-05T000000_SELL_COUNTDOWN_PROGRESS_-1_2024-02-26T000000_6,2024-03-05 00:00:00,000651.SZ,1d,COUNTDOWN,SELL_COUNTDOWN_PROGRESS,-1,6,,,SELL_SETUP,True,2024-02-06 00:00:00,2024-02-26 00:00:00,33.02,29.15,2024-02-26 00:00:00,2024-02-26 00:00:00,2024-02-27 00:00:00,2024-02-29 00:00:00,2024-03-01 00:00:00,2024-03-04 00:00:00,2024-03-05 00:00:00,,,,,,,,,2024-02-27 00:00:00,32.2,32.68,33.88,33.94,33.22,1867375330.8345,0.01442,0.175165
600036SS_2024-03-06T000000_SELL_COUNTDOWN_PROGRESS_-1_2024-02-26T000000_2,2024-03-06 00:00:00,600036.SS,1d,COUNTDOWN,SELL_COUNTDOWN_PROGRESS,-1,2,,,SELL_SETUP,True,2024-02-06 00:00:00,2024-02-26 00:00:00,28.42,25.62,2024-02-26 00:00:00,2024-03-05 00:00:00,2024-03-06 00:00:00,,,,,,,,,,,,,2024-03-05 00:00:00,26.33,27.23,26.89,27.28,26.89,2525947187.2,0.018605,0.045084
601318SS_2024-03-07T000000_SELL_COUNTDOWN_PROGRESS_-1_2024-02-23T000000_1,2024-03-07 00:00:00,601318.SS,1d,COUNTDOWN,SELL_COUNTDOWN_PROGRESS,-1,1,,,SELL_SETUP,True,2024-02-05 00:00:00,2024-02-23 00:00:00,39.49,34.72,2024-02-23 00:00:00,2024-03-07 00:00:00,,,,,,,,,,,,,,2024-03-07 00:00:00,37.77,38.5,38.1,38.5,37.77,2630510598.4,0.015035,0.078098
000651SZ_2024-03-07T000000_SELL_COUNTDOWN_PROGRESS_-1_2024-02-26T000000_7,2024-03-07 00:00:00,000651.SZ,1d,COUNTDOWN,SELL_COUNTDOWN_PROGRESS,-1,7,,,SELL_SETUP,True,2024-02-06 00:00:00,2024-02-26 00:00:00,33.02,29.15,2024-02-26 00:00:00,2024-02-26 00:00:00,2024-02-27 00:00:00,2024-02-29 00:00:00,2024-03-01 00:00:00,2024-03-04 00:00:00,2024-03-05 00:00:00,2024-03-07 00:00:00,,,,,,,,2024-02-27 00:00:00,32.2,32.68,34.63,34.85,33.99,1808022323.619,0.014911,0.195787
000651SZ_2024-03-08T000000_SELL_SETUP_PERFECT_-1_2024-03-08T000000_9,2024-03-08 00:00:00,000651.SZ,1d,SETUP,SELL_SETUP_PERFECT,-1,9,True,,SELL_SETUP,True,2024-02-27 00:00:00,2024-03-08 00:00:00,,,,,,,,,,,,,,,,,,,,,,,,1791763638.4525,0.015038,0.183402
000651SZ_2024-03-08T000000_SELL_COUNTDOWN_CANCEL_-1_2024-02-26T000000_7,2024-03-08 00:00:00,000651.SZ,1d,COUNTDOWN,SELL_COUNTDOWN_CANCEL,-1,7,,same_setup,SELL_SETUP,True,2024-02-06 00:00:00,2024-02-26 00:00:00,33.02,29.15,2024-02-26 00:00:00,2024-02-26 00:00:00,2024-02-27 00:00:00,2024-02-29 00:00:00,2024-03-01 00:00:00,2024-03-04 00:00:00,2024-03-05 00:00:00,2024-03-07 00:00:00,,,,,,,,2024-02-27 00:00:00,32.2,32.68,34.65,34.84,34.25,1791763638.4525,0.015038,0.183402
000651SZ_2024-03-08T000000_SELL_COUNTDOWN_PROGRESS_-1_2024-03-08T000000_1,2024-03-08 00:00:00,000651.SZ,1d,COUNTDOWN,SELL_COUNTDOWN_PROGRESS,-1,1,,,SELL_SETUP,True,2024-02-27 00:00:00,2024-03-08 00:00:00,34.85,32.2,2024-03-08 00:00:00,2024-03-08 00:00:00,,,,,,,,,,,,,,2024-03-08 00:00:00,34.25,34.84,34.65,34.84,34.25,1791763638.4525,0.015038,0.183402
000858SZ_2024-03-11T000000_SELL_COUNTDOWN_PROGRESS_-1_2024-02-26T000000_3,2024-03-11 00:00:00,000858.SZ,1d,COUNTDOWN,SELL_COUNTDOWN_PROGRESS,-1,3,,,SELL_SETUP,True,2024-02-06 00:00:00,2024-02-26 00:00:00,130.38,112.7,2024-02-26 00:00:00,2024-02-29 00:00:00,2024-03-01 00:00:00,2024-03-11 00:00:00,,,,,,,,,,,,2024-03-11 00:00:00,125.02,128.29,128.16,128.29,125.02,2910385612.9865,0.020665,0.128467
000858SZ_2024-03-12T000000_SELL_COUNTDOWN_PROGRESS_-1_2024-02-26T000000_4,2024-03-12 00:00:00,000858.SZ,1d,COUNTDOWN,SELL_COUNTDOWN_PROGRESS,-1,4,,,SELL_SETUP,True,2024-02-06 00:00:00,2024-02-26 00:00:00,130.38,112.7,2024-02-26 00:00:00,2024-02-29 00:00:00,2024-03-01 00:00:00,2024-03-11 00:00:00,2024-03-12 00:00:00,,,,,,,,,,,2024-03-11 00:00:00,125.02,128.29,135.31,136.3,128.17,3047600532.1995,0.020571,0.127677
601318SS_2024-03-12T000000_SELL_COUNTDOWN_PROGRESS_-1_2024-02-23T000000_2,2024-03-12 00:00:00,601318.SS,1d,COUNTDOWN,SELL_COUNTDOWN_PROGRESS,-1,2,,,SELL_SETUP,True,2024-02-05 00:00:00,2024-02-23 00:00:00,39.49,34.72,2024-02-23 00:00:00,2024-03-07 00:00:00,2024-03-12 00:00:00,,,,,,,,,,,,,2024-03-07 00:00:00,37.77,38.5,38.85,38.92,37.92,2551842144.0,0.014264,0.061475
000858SZ_2024-03-13T000000_SELL_COUNTDOWN_PROGRESS_-1_2024-02-26T000000_5,2024-03-13 00:00:00,000858.SZ,1d,COUNTDOWN,SELL_COUNTDOWN_PROGRESS,-1,5,,,SELL_SETUP,True,2024-02-06 00:00:00,2024-02-26 00:00:00,130.38,112.7,2024-02-26 00:00:00,2024-02-29 00:00:00,2024-03-01 00:00:00,2024-03-11 00:00:00,2024-03-12 00:00:00,2024-03-13 00:00:00,,,,,,,,,,2024-03-11 00:00:00,125.02,128.29,134.76,136.18,134.14,2968122831.3215,0.020706,0.114917
000858SZ_2024-03-14T000000_SELL_COUNTDOWN_PROGRESS_-1_2024-02-26T000000_6,2024-03-14 00:00:00,000858.SZ,1d,COUNTDOWN,SELL_COUNTDOWN_PROGRESS,-1,6,,,SELL_SETUP,True,2024-02-06 00:00:00,2024-02-26 00:00:00,130.38,112.7,2024-02-26 00:00:00,2024-02-29 00:00:00,2024-03-01 00:00:00,2024-03-11 00:00:00,2024-03-12 00:00:00,2024-03-13 00:00:00,2024-03-14 00:00:00,,,,,,,,,2024-03-11 00:00:00,125.02,128.29,136.56,138.0,134.06,2940011743.827,0.020672,0.132432
000858SZ_2024-03-15T000000_SELL_COUNTDOWN_PROGRESS_-1_2024-02-26T000000_7,2024-03-15 00:00:00,000858.SZ,1d,COUNTDOWN,SELL_COUNTDOWN_PROGRESS,-1,7,,,SELL_SETUP,True,2024-02-06 00:00:00,2024-02-26 00:00:00,130.38,112.7,2024-02-26 00:00:00,2024-02-29 00:00:00,2024-03-01 00:00:00,2024-03-11 00:00:00,2024-03-12 00:00:00,2024-03-13 00:00:00,2024-03-14 00:00:00,2024-03-15 00:00:00,,,,,,,,2024-03-11 00:00:00,125.02,128.29,139.49,141.78,135.8,2958648584.005,0.02068,0.132684
000858SZ_2024-03-18T000000_SELL_COUNTDOWN_PROGRESS_-1_2024-02-26T000000_8,2024-03-18 00:00:00,000858.SZ,1d,COUNTDOWN,SELL_COUNTDOWN_PROGRESS,-1,8,,,SELL_SETUP,True,2024-02-06 00:00:00,2024-02-26 00:00:00,130.38,112.7,2024-02-26 00:00:00,2024-02-29 00:00:00,2024-03-01 00:00:00,2024-03-11 00:00:00,2024-03-12 00:00:00,2024-03-13 00:00:00,2024-03-14 00:00:00,2024-03-15 00:00:00,2024-03-18 00:00:00,140.5,,,,,,2024-03-11 00:00:00,125.02,128.29,140.5,141.66,137.71,2906482775.8365,0.020071,0.157522
000651SZ_2024-03-18T000000_SELL_COUNTDOWN_CANCEL_-1_2024-03-08T000000_1,2024-03-18 00:00:00,000651.SZ,1d,COUNTDOWN,SELL_COUNTDOWN_CANCEL,-1,1,,tdst_break_rule_4,SELL_SETUP,True,2024-02-27 00:00:00,2024-03-08 00:00:00,34.85,32.2,2024-03-08 00:00:00,2024-03-08 00:00:00,,,,,,,,,,,,,,2024-03-08 00:00:00,34.25,34.84,31.98,32.57,31.7,1694767451.0315,0.015506,0.010746
000858SZ_2024-03-19T000000_SELL_COUNTDOWN_PROGRESS_-1_2024-02-26T000000_9,2024-03-19 00:00:00,000858.SZ,1d,COUNTDOWN,SELL_COUNTDOWN_PROGRESS,-1,9,,,SELL_SETUP,True,2024-02-06 00:00:00,2024-02-26 00:00:00,130.38,112.7,2024-02-26 00:00:00,2024-02-29 00:00:00,2024-03-01 00:00:00,2024-03-11 00:00:00,2024-03-12 00:00:00,2024-03-13 00:00:00,2024-03-14 00:00:00,2024-03-15 00:00:00,2024-03-18 00:00:00,140.5,2024-03-19 00:00:00,,,,,2024-03-11 00:00:00,125.02,128.29,144.37,145.97,140.54,3030817151.4845,0.017489,0.127714
000858SZ_2024-03-20T000000_SELL_COUNTDOWN_PROGRESS_-1_2024-02-26T000000_10,2024-03-20 00:00:00,000858.SZ,1d,COUNTDOWN,SELL_COUNTDOWN_PROGRESS,-1,10,,,SELL_SETUP,True,2024-02-06 00:00:00,2024-02-26 00:00:00,130.38,112.7,2024-02-26 00:00:00,2024-02-29 00:00:00,2024-03-01 00:00:00,2024-03-11 00:00:00,2024-03-12 00:00:00,2024-03-13 00:00:00,2024-03-14 00:00:00,2024-03-15 00:00:00,2024-03-18 00:00:00,140.5,2024-03-19 00:00:00,2024-03-20 00:00:00,,,,2024-03-11 00:00:00,125.02,128.29,143.95,145.26,142.49,2832966552.546,0.017569,0.123731
600036SS_2024-03-21T000000_SELL_COUNTDOWN_PROGRESS_-1_2024-02-26T000000_3,2024-03-21 00:00:00,600036.SS,1d,COUNTDOWN,SELL_COUNTDOWN_PROGRESS,-1,3,,,SELL_SETUP,True,2024-02-06 00:00:00,2024-02-26 00:00:00,28.42,25.62,2024-02-26 00:00:00,2024-03-05 00:00:00,2024-03-06 00:00:00,2024-03-21 00:00:00,,,,,,,,,,,,2024-03-21 00:00:00,26.07,26.78,26.57,26.78,26.07,1838980416.0,0.012615,-0.050054
600036SS_2024-03-22T000000_SELL_COUNTDOWN_PROGRESS_-1_2024-02-26T000000_4,2024-03-22 00:00:00,600036.SS,1d,COUNTDOWN,SELL_COUNTDOWN_PROGRESS,-1,4,,,SELL_SETUP,True,2024-02-06 00:00:00,2024-02-26 00:00:00,28.42,25.62,2024-02-26 00:00:00,2024-03-05 00:00:00,2024-03-06 00:00:00,2024-03-21 00:00:00,2024-03-22 00:00:00,,,,,,,,,,,2024-03-22 00:00:00,25.92,26.57,26.22,26.57,25.92,1819171859.2,0.011756,-0.038504
000651SZ_2024-03-22T000000_BUY_SETUP_1_2024-03-22T000000_9,2024-03-22 00:00:00,000651.SZ,1d,SETUP,BUY_SETUP,1,9,False,,BUY_SETUP,False,2024-03-12 00:00:00,2024-03-22 00:00:00,,,,,,,,,,,,,,,,,,,,,,,,1617392006.413,0.014395,-0.022727
601318SS_2024-03-25T000000_BUY_SETUP_PERFECT_1_2024-03-25T000000_9,2024-03-25 00:00:00,601318.SS,1d,SETUP,BUY_SETUP_PERFECT,1,9,True,,BUY_SETUP,True,2024-03-13 00:00:00,2024-03-25 00:00:00,,,,,,,,,,,,,,,,,,,,,,,,2148085235.2,0.014457,-0.070231
601318SS_2024-03-25T000000_SELL_COUNTDOWN_CANCEL_-1_2024-02-23T000000_2,2024-03-25 00:00:00,601318.SS,1d,COUNTDOWN,SELL_COUNTDOWN_CANCEL,-1,2,,opposite_setup,SELL_SETUP,True,2024-02-05 00:00:00,2024-02-23 00:00:00,39.49,34.72,2024-02-23 00:00:00,2024-03-07 00:00:00,2024-03-12 00:00:00,,,,,,,,,,,,,2024-03-07 00:00:00,37.77,38.5,35.48,35.92,35.39,2148085235.2,0.014457,-0.070231
601318SS_2024-03-25T000000_BUY_COUNTDOWN_PROGRESS_1_2024-03-25T000000_1,2024-03-25 00:00:00,601318.SS,1d,COUNTDOWN,BUY_COUNTDOWN_PROGRESS,1,1,,,BUY_SETUP,True,2024-03-13 00:00:00,2024-03-25 00:00:00,38.8,38.8,2024-03-25 00:00:00,2024-03-25 00:00:00,,,,,,,,,,,,,,2024-03-25 00:00:00,35.39,35.92,35.48,35.92,35.39,2148085235.2,0.014457,-0.070231
600036SS_2024-03-26T000000_SELL_COUNTDOWN_PROGRESS_-1_2024-02-26T000000_5,2024-03-26 00:00:00,600036.SS,1d,COUNTDOWN,SELL_COUNTDOWN_PROGRESS,-1,5,,,SELL_SETUP,True,2024-02-06 00:00:00,2024-02-26 00:00:00,28.42,25.62,2024-02-26 00:00:00,2024-03-05 00:00:00,2024-03-06 00:00:00,2024-03-21 00:00:00,2024-03-22 00:00:00,2024-03-26 00:00:00,,,,,,,,,,2024-03-22 00:00:00,25.92,26.57,27.42,27.68,26.75,1900183731.2,0.014982,0.014053
600036SS_2024-03-27T000000_SELL_COUNTDOWN_PROGRESS_-1_2024-02-26T000000_6,2024-03-27 00:00:00,600036.SS,1d,COUNTDOWN,SELL_COUNTDOWN_PROGRESS,-1,6,,,SELL_SETUP,True,2024-02-06 00:00:00,2024-02-26 00:00:00,28.42,25.62,2024-02-26 00:00:00,2024-03-05 00:00:00,2024-03-06 00:00:00,2024-03-21 00:00:00,2024-03-22 00:00:00,2024-03-26 00:00:00,2024-03-27 00:00:00,,,,,,,,,2024-03-22 00:00:00,25.92,26.57,27.32,27.67,27.23,1917849036.8,0.015016,0.009608
000858SZ_2024-04-01T000000_SELL_COUNTDOWN_PROGRESS_-1_2024-02-26T000000_11,2024-04-01 00:00:00,000858.SZ,1d,COUNTDOWN,SELL_COUNTDOWN_PROGRESS,-1,11,,,SELL_SETUP,True,2024-02-06 00:00:00,2024-02-26 00:00:00,130.38,112.7,2024-02-26 00:00:00,2024-02-29 00:00:00,2024-03-01 00:00:00,2024-03-11 00:00:00,2024-03-12 00:00:00,2024-03-13 00:00:00,2024-03-14 00:00:00,2024-03-15 00:00:00,2024-03-18 00:00:00,140.5,2024-03-19 00:00:00,2024-03-20 00:00:00,2024-04-01 00:00:00,,,2024-03-11 00:00:00,125.02,128.29,144.28,145.56,141.5,2819983609.865,0.019321,0.122016
600036SS_2024-04-01T000000_SELL_COUNTDOWN_PROGRESS_-1_2024-02-26T000000_7,2024-04-01 00:00:00,600036.SS,1d,COUNTDOWN,SELL_COUNTDOWN_PROGRESS,-1,7,,,SELL_SETUP,True,2024-02-06 00:00:00,2024-02-26 00:00:00,28.42,25.62,2024-02-26 00:00:00,2024-03-05 00:00:00,2024-03-06 00:00:00,2024-03-21 00:00:00,2024-03-22 00:00:00,2024-03-26 00:00:00,2024-03-27 00:00:00,2024-04-01 00:00:00,,,,,,,,2024-03-22 00:00:00,25.92,26.57,27.66,27.87,27.2,1964940128.0,0.013916,0.016912
000858SZ_2024-04-02T000000_SELL_COUNTDOWN_PROGRESS_-1_2024-02-26T000000_12,2024-04-02 00:00:00,000858.SZ,1d,COUNTDOWN,SELL_COUNTDOWN_PROGRESS,-1,12,,,SELL_SETUP,True,2024-02-06 00:00:00,2024-02-26 00:00:00,130.38,112.7,2024-02-26 00:00:00,2024-02-29 00:00:00,2024-03-01 00:00:00,2024-03-11 00:00:00,2024-03-12 00:00:00,2024-03-13 00:00:00,2024-03-14 00:00:00,2024-03-15 00:00:00,2024-03-18 00:00:00,140.5,2024-03-19 00:00:00,2024-03-20 00:00:00,2024-04-01 00:00:00,2024-04-02 00:00:00,,2024-03-11 00:00:00,125.02,128.29,142.5,144.18,141.86,2796340024.5495,0.018867,0.130414
600036SS_2024-04-02T000000_SELL_SETUP_PERFECT_-1_2024-04-02T000000_9,2024-04-02 00:00:00,600036.SS,1d,SETUP,SELL_SETUP_PERFECT,-1,9,True,,SELL_SETUP,True,2024-03-21 00:00:00,2024-04-02 00:00:00,,,,,,,,,,,,,,,,,,,,,,,,1910091475.2,0.013651,0.025288
600036SS_2024-04-02T000000_SELL_COUNTDOWN_CANCEL_-1_2024-02-26T000000_7,2024-04-02 00:00:00,600036.SS,1d,COUNTDOWN,SELL_COUNTDOWN_CANCEL,-1,7,,same_setup,SELL_SETUP,True,2024-02-06 00:00:00,2024-02-26 00:00:00,28.42,25.62,2024-02-26 00:00:00,2024-03-05 00:00:00,2024-03-06 00:00:00,2024-03-21 00:00:00,2024-03-22 00:00:00,2024-03-26 00:00:00,2024-03-27 00:00:00,2024-04-01 00:00:00,,,,,,,,2024-03-22 00:00:00,25.92,26.57,27.57,27.94,27.46,1910091475.2,0.013651,0.025288
601318SS_2024-04-03T000000_BUY_COUNTDOWN_PROGRESS_1_2024-03-25T000000_2,2024-04-03 00:00:00,601318.SS,1d,COUNTDOWN,BUY_COUNTDOWN_PROGRESS,1,2,,,BUY_SETUP,True,2024-03-13 00:00:00,2024-03-25 00:00:00,38.8,38.8,2024-03-25 00:00:00,2024-03-25 00:00:00,2024-04-03 00:00:00,,,,,,,,,,,,,2024-03-25 00:00:00,35.39,35.92,35.54,36.09,35.54,1992620025.6,0.013902,-0.067192
601318SS_2024-04-08T000000_BUY_COUNTDOWN_PROGRESS_1_2024-03-25T000000_3,2024-04-08 00:00:00,601318.SS,1d,COUNTDOWN,BUY_COUNTDOWN_PROGRESS,1,3,,,BUY_SETUP,True,2024-03-13 00:00:00,2024-03-25 00:00:00,38.8,38.8,2024-03-25 00:00:00,2024-03-25 00:00:00,2024-04-03 00:00:00,2024-04-08 00:00:00,,,,,,,,,,,,2024-04-08 00:00:00,34.92,35.47,35.26,35.47,34.92,1940380992.0,0.013933,-0.070148
000651SZ_2024-04-08T000000_BUY_COUNTDOWN_PROGRESS_1_2024-03-22T000000_1,2024-04-08 00:00:00,000651.SZ,1d,COUNTDOWN,BUY_COUNTDOWN_PROGRESS,1,1,,,BUY_SETUP,False,2024-03-12 00:00:00,2024-03-22 00:00:00,34.14,34.14,2024-03-22 00:00:00,2024-04-08 00:00:00,,,,,,,,,,,,,,2024-04-08 00:00:00,33.08,34.04,33.25,34.04,33.08,1505314126.2295,0.01492,-0.040404
601318SS_2024-04-09T000000_BUY_COUNTDOWN_PROGRESS_1_2024-03-25T000000_4,2024-04-09 00:00:00,601318.SS,1d,COUNTDOWN,BUY_COUNTDOWN_PROGRESS,1,4,,,BUY_SETUP,True,2024-03-13 00:00:00,2024-03-25 00:00:00,38.8,38.8,2024-03-25 00:00:00,2024-03-25 00:00:00,2024-04-03 00:00:00,2024-04-08 00:00:00,2024-04-09 00:00:00,,,,,,,,,,,2024-04-08 00:00:00,34.92,35.47,35.15,35.52,35.14,1919757158.4,0.013688,-0.079843
000651SZ_2024-04-09T000000_BUY_COUNTDOWN_PROGRESS_1_2024-03-22T000000_2,2024-04-09 00:00:00,000651.SZ,1d,COUNTDOWN,BUY_COUNTDOWN_PROGRESS,1,2,,,BUY_SETUP,False,2024-03-12 00:00:00,2024-03-22 00:00:00,34.14,34.14,2024-03-22 00:00:00,2024-04-08 00:00:00,2024-04-09 00:00:00,,,,,,,,,,,,,2024-04-09 00:00:00,31.73,33.28,31.78,33.28,31.73,1564961358.2295,0.017482,-0.0694
601318SS_2024-04-10T000000_BUY_COUNTDOWN_PROGRESS_1_2024-03-25T000000_5,2024-04-10 00:00:00,601318.SS,1d,COUNTDOWN,BUY_COUNTDOWN_PROGRESS,1,5,,,BUY_SETUP,True,2024-03-13 00:00:00,2024-03-25 00:00:00,38.8,38.8,2024-03-25 00:00:00,2024-03-25 00:00:00,2024-04-03 00:00:00,2024-04-08 00:00:00,2024-04-09 00:00:00,2024-04-10 00:00:00,,,,,,,,,,2024-04-10 00:00:00,34.14,35.11,34.24,35.11,34.14,1957818694.4,0.013527,-0.118662
000651SZ_2024-04-10T000000_BUY_COUNTDOWN_PROGRESS_1_2024-03-22T000000_3,2024-04-10 00:00:00,000651.SZ,1d,COUNTDOWN,BUY_COUNTDOWN_PROGRESS,1,3,,,BUY_SETUP,False,2024-03-12 00:00:00,2024-03-22 00:00:00,34.14,34.14,2024-03-22 00:00:00,2024-04-08 00:00:00,2024-04-09 00:00:00,2024-04-10 00:00:00,,,,,,,,,,,,2024-04-10 00:00:00,31.48,32.33,31.6,32.33,31.48,1546364113.8285,0.015816,-0.04068
601318SS_2024-04-11T000000_BUY_COUNTDOWN_PROGRESS_1_2024-03-25T000000_6,2024-04-11 00:00:00,601318.SS,1d,COUNTDOWN,BUY_COUNTDOWN_PROGRESS,1,6,,,BUY_SETUP,True,2024-03-13 00:00:00,2024-03-25 00:00:00,38.8,38.8,2024-03-25 00:00:00,2024-03-25 00:00:00,2024-04-03 00:00:00,2024-04-08 00:00:00,2024-04-09 00:00:00,2024-04-10 00:00:00,2024-04-11 00:00:00,,,,,,,,,2024-04-11 00:00:00,33.65,34.18,33.99,34.18,33.65,1896431097.6,0.012314,-0.09769
000651SZ_2024-04-11T000000_BUY_COUNTDOWN_PROGRESS_1_2024-03-22T000000_4,2024-04-11 00:00:00,000651.SZ,1d,COUNTDOWN,BUY_COUNTDOWN_PROGRESS,1,4,,,BUY_SETUP,False,2024-03-12 00:00:00,2024-03-22 00:00:00,34.14,34.14,2024-03-22 00:00:00,2024-04-08 00:00:00,2024-04-09 00:00:00,2024-04-10 00:00:00,2024-04-11 00:00:00,,,,,,,,,,,2024-04-11 00:00:00,31.13,31.68,31.58,31.68,31.13,1436899322.9545,0.015687,-0.047648
601318SS_2024-04-12T000000_BUY_COUNTDOWN_PROGRESS_1_2024-03-25T000000_7,2024-04-12 00:00:00,601318.SS,1d,COUNTDOWN,BUY_COUNTDOWN_PROGRESS,1,7,,,BUY_SETUP,True,2024-03-13 00:00:00,2024-03-25 00:00:00,38.8,38.8,2024-03-25 00:00:00,2024-03-25 00:00:00,2024-04-03 00:00:00,2024-04-08 00:00:00,2024-04-09 00:00:00,2024-04-10 00:00:00,2024-04-11 00:00:00,2024-04-12 00:00:00,,,,,,,,2024-04-12 00:00:00,32.71,34.03,32.82,34.03,32.71,1921200032.0,0.01392,-0.124567
000858SZ_2024-04-15T000000_SELL_COUNTDOWN_COMPLETE_-1_2024-02-26T000000_13,2024-04-15 00:00:00,000858.SZ,1d,COUNTDOWN,SELL_COUNTDOWN_COMPLETE,-1,13,False,,SELL_SETUP,True,2024-02-06 00:00:00,2024-02-26 00:00:00,130.38,112.7,2024-02-26 00:00:00,2024-02-29 00:00:00,2024-03-01 00:00:00,2024-03-11 00:00:00,2024-03-12 00:00:00,2024-03-13 00:00:00,2024-03-14 00:00:00,2024-03-15 00:00:00,2024-03-18 00:00:00,140.5,2024-03-19 00:00:00,2024-03-20 00:00:00,2024-04-01 00:00:00,2024-04-02 00:00:00,2024-04-15 00:00:00,2024-03-11 00:00:00,125.02,128.29,134.32,134.98,127.06,2634430897.213,0.022646,-0.037064
601318SS_2024-04-15T000000_BUY_COUNTDOWN_PROGRESS_1_2024-03-25T000000_8,2024-04-15 00:00:00,601318.SS,1d,COUNTDOWN,BUY_COUNTDOWN_PROGRESS,1,8,,,BUY_SETUP,True,2024-03-13 00:00:00,2024-03-25 00:00:00,38.8,38.8,2024-03-25 00:00:00,2024-03-25 00:00:00,2024-04-03 00:00:00,2024-04-08 00:00:00,2024-04-09 00:00:00,2024-04-10 00:00:00,2024-04-11 00:00:00,2024-04-12 00:00:00,2024-04-15 00:00:00,33.4,,,,,,2024-04-12 00:00:00,32.71,34.03,33.4,33.54,32.72,1992102547.2,0.014886,-0.109808
600036SS_2024-04-15T000000_SELL_COUNTDOWN_PROGRESS_-1_2024-04-02T000000_1,2024-04-15 00:00:00,600036.SS,1d,COUNTDOWN,SELL_COUNTDOWN_PROGRESS,-1,1,,,SELL_SETUP,True,2024-03-21 00:00:00,2024-04-02 00:00:00,27.94,25.92,2024-04-02 00:00:00,2024-04-15 00:00:00,,,,,,,,,,,,,,2024-04-15 00:00:00,27.11,28.02,27.85,28.02,27.11,1858266201.6,0.013516,0.062977
600036SS_2024-04-16T000000_SELL_COUNTDOWN_PROGRESS_-1_2024-04-02T000000_2,2024-04-16 00:00:00,600036.SS,1d,COUNTDOWN,SELL_COUNTDOWN_PROGRESS,-1,2,,,SELL_SETUP,True,2024-03-21 00:00:00,2024-04-02 00:00:00,27.94,25.92,2024-04-02 00:00:00,2024-04-15 00:00:00,2024-04-16 00:00:00,,,,,,,,,,,,,2024-04-15 00:00:00,27.11,28.02,27.77,27.99,27.47,1898660185.6,0.013537,0.06195
600036SS_2024-04-17T000000_SELL_COUNTDOWN_PROGRESS_-1_2024-04-02T000000_3,2024-04-17 00:00:00,600036.SS,1d,COUNTDOWN,SELL_COUNTDOWN_PROGRESS,-1,3,,,SELL_SETUP,True,2024-03-21 00:00:00,2024-04-02 00:00:00,27.94,25.92,2024-04-02 00:00:00,2024-04-15 00:00:00,2024-04-16 00:00:00,2024-04-17 00:00:00,,,,,,,,,,,,2024-04-15 00:00:00,27.11,28.02,28.32,28.51,27.49,1983378419.2,0.013471,0.096824
600036SS_2024-04-18T000000_SELL_COUNTDOWN_PROGRESS_-1_2024-04-02T000000_4,2024-04-18 00:00:00,600036.SS,1d,COUNTDOWN,SELL_COUNTDOWN_PROGRESS,-1,4,,,SELL_SETUP,True,2024-03-21 00:00:00,2024-04-02 00:00:00,27.94,25.92,2024-04-02 00:00:00,2024-04-15 00:00:00,2024-04-16 00:00:00,2024-04-17 00:00:00,2024-04-18 00:00:00,,,,,,,,,,,2024-04-15 00:00:00,27.11,28.02,28.67,29.12,28.21,2068637856.0,0.013392,0.094275
600036SS_2024-04-19T000000_SELL_COUNTDOWN_PROGRESS_-1_2024-04-02T000000_5,2024-04-19 00:00:00,600036.SS,1d,COUNTDOWN,SELL_COUNTDOWN_PROGRESS,-1,5,,,SELL_SETUP,True,2024-03-21 00:00:00,2024-04-02 00:00:00,27.94,25.92,2024-04-02 00:00:00,2024-04-15 00:00:00,2024-04-16 00:00:00,2024-04-17 00:00:00,2024-04-18 00:00:00,2024-04-19 00:00:00,,,,,,,,,,2024-04-15 00:00:00,27.11,28.02,28.64,28.86,28.44,2082312198.4,0.013266,0.077907
000651SZ_2024-04-23T000000_BUY_COUNTDOWN_PROGRESS_1_2024-03-22T000000_5,2024-04-23 00:00:00,000651.SZ,1d,COUNTDOWN,BUY_COUNTDOWN_PROGRESS,1,5,,,BUY_SETUP,False,2024-03-12 00:00:00,2024-03-22 00:00:00,34.14,34.14,2024-03-22 00:00:00,2024-04-08 00:00:00,2024-04-09 00:00:00,2024-04-10 00:00:00,2024-04-11 00:00:00,2024-04-23 00:00:00,,,,,,,,,,2024-04-11 00:00:00,31.13,31.68,32.83,33.23,32.35,1440462395.7225,0.01756,0.031093
000651SZ_2024-04-24T000000_BUY_COUNTDOWN_PROGRESS_1_2024-03-22T000000_6,2024-04-24 00:00:00,000651.SZ,1d,COUNTDOWN,BUY_COUNTDOWN_PROGRESS,1,6,,,BUY_SETUP,False,2024-03-12 00:00:00,2024-03-22 00:00:00,34.14,34.14,2024-03-22 00:00:00,2024-04-08 00:00:00,2024-04-09 00:00:00,2024-04-10 00:00:00,2024-04-11 00:00:00,2024-04-23 00:00:00,2024-04-24 00:00:00,,,,,,,,,2024-04-11 00:00:00,31.13,31.68,32.55,32.88,32.18,1421566280.7145,0.017695,0.024229
600036SS_2024-04-25T000000_SELL_COUNTDOWN_PROGRESS_-1_2024-04-02T000000_6,2024-04-25 00:00:00,600036.SS,1d,COUNTDOWN,SELL_COUNTDOWN_PROGRESS,-1,6,,,SELL_SETUP,True,2024-03-21 00:00:00,2024-04-02 00:00:00,27.94,25.92,2024-04-02 00:00:00,2024-04-15 00:00:00,2024-04-16 00:00:00,2024-04-17 00:00:00,2024-04-18 00:00:00,2024-04-19 00:00:00,2024-04-25 00:00:00,,,,,,,,,2024-04-15 00:00:00,27.11,28.02,29.42,29.42,28.4,2036176697.6,0.012017,0.076867
600036SS_2024-04-26T000000_SELL_COUNTDOWN_PROGRESS_-1_2024-04-02T000000_7,2024-04-26 00:00:00,600036.SS,1d,COUNTDOWN,SELL_COUNTDOWN_PROGRESS,-1,7,,,SELL_SETUP,True,2024-03-21 00:00:00,2024-04-02 00:00:00,27.94,25.92,2024-04-02 00:00:00,2024-04-15 00:00:00,2024-04-16 00:00:00,2024-04-17 00:00:00,2024-04-18 00:00:00,2024-04-19 00:00:00,2024-04-25 00:00:00,2024-04-26 00:00:00,,,,,,,,2024-04-15 00:00:00,27.11,28.02,29.5,29.89,29.24,2073780140.8,0.01186,0.084559
600036SS_2024-04-29T000000_SELL_COUNTDOWN_PROGRESS_-1_2024-04-02T000000_8,2024-04-29 00:00:00,600036.SS,1d,COUNTDOWN,SELL_COUNTDOWN_PROGRESS,-1,8,,,SELL_SETUP,True,2024-03-21 00:00:00,2024-04-02 00:00:00,27.94,25.92,2024-04-02 00:00:00,2024-04-15 00:00:00,2024-04-16 00:00:00,2024-04-17 00:00:00,2024-04-18 00:00:00,2024-04-19 00:00:00,2024-04-25 00:00:00,2024-04-26 00:00:00,2024-04-29 00:00:00,29.9,,,,,,2024-04-15 00:00:00,27.11,28.02,29.9,30.18,29.22,2104394707.2,0.011999,0.098457
000651SZ_2024-04-29T000000_BUY_COUNTDOWN_CANCEL_1_2024-03-22T000000_6,2024-04-29 00:00:00,000651.SZ,1d,COUNTDOWN,BUY_COUNTDOWN_CANCEL,1,6,,tdst_break_rule_4,BUY_SETUP,False,2024-03-12 00:00:00,2024-03-22 00:00:00,34.14,34.14,2024-03-22 00:00:00,2024-04-08 00:00:00,2024-04-09 00:00:00,2024-04-10 00:00:00,2024-04-11 00:00:00,2024-04-23 00:00:00,2024-04-24 00:00:00,,,,,,,,,2024-04-11 00:00:00,31.13,31.68,34.19,34.64,32.78,1374539251.7215,0.018529,0.036375
600519SS_2024-05-07T000000_SELL_SETUP_PERFECT_-1_2024-05-07T000000_9,2024-05-07 00:00:00,600519.SS,1d,SETUP,SELL_SETUP_PERFECT,-1,9,True,,SELL_SETUP,True,2024-04-22 00:00:00,2024-05-07 00:00:00,,,,,,,,,,,,,,,,,,,,,,,,5089097100.8,0.014,0.034119
600519SS_2024-05-07T000000_SELL_COUNTDOWN_PROGRESS_-1_2024-05-07T000000_1,2024-05-07 00:00:00,600519.SS,1d,COUNTDOWN,SELL_COUNTDOWN_PROGRESS,-1,1,,,SELL_SETUP,True,2024-04-22 00:00:00,2024-05-07 00:00:00,1671.48,1538.68,2024-05-07 00:00:00,2024-05-07 00:00:00,,,,,,,,,,,,,,2024-05-07 00:00:00,1650.36,1671.48,1663.68,1671.48,1650.36,5089097100.8,0.014,0.034119
600036SS_2024-05-07T000000_SELL_COUNTDOWN_PROGRESS_-1_2024-04-02T000000_9,2024-05-07 00:00:00,600036.SS,1d,COUNTDOWN,SELL_COUNTDOWN_PROGRESS,-1,9,,,SELL_SETUP,True,2024-03-21 00:00:00,2024-04-02 00:00:00,27.94,25.92,2024-04-02 00:00:00,2024-04-15 00:00:00,2024-04-16 00:00:00,2024-04-17 00:00:00,2024-04-18 00:00:00,2024-04-19 00:00:00,2024-04-25 00:00:00,2024-04-26 00:00:00,2024-04-29 00:00:00,29.9,2024-05-07 00:00:00,,,,,2024-04-15 00:00:00,27.11,28.02,29.89,29.97,29.65,2247188428.8,0.012738,0.096881
000858SZ_2024-05-08T000000_SELL_SETUP_-1_2024-05-08T000000_9,2024-05-08 00:00:00,000858.SZ,1d,SETUP,SELL_SETUP,-1,9,False,,SELL_SETUP,False,2024-04-23 00:00:00,2024-05-08 00:00:00,,,,,,,,,,,,,,,,,,,,,,,,2522051183.203,0.018874,0.057413
601318SS_2024-05-08T000000_BUY_COUNTDOWN_PROGRESS_1_2024-03-25T000000_9,2024-05-08 00:00:00,601318.SS,1d,COUNTDOWN,BUY_COUNTDOWN_PROGRESS,1,9,,,BUY_SETUP,True,2024-03-13 00:00:00,2024-03-25 00:00:00,38.8,38.8,2024-03-25 00:00:00,2024-03-25 00:00:00,2024-04-03 00:00:00,2024-04-08 00:00:00,2024-04-09 00:00:00,2024-04-10 00:00:00,2024-04-11 00:00:00,2024-04-12 00:00:00,2024-04-15 00:00:00,33.4,2024-05-08 00:00:00,,,,,2024-04-12 00:00:00,32.71,34.03,36.99,37.74,36.92,2411268537.6,0.01749,0.049064
600036SS_2024-05-10T000000_SELL_COUNTDOWN_PROGRESS_-1_2024-04-02T000000_10,2024-05-10 00:00:00,600036.SS,1d,COUNTDOWN,SELL_COUNTDOWN_PROGRESS,-1,10,,,SELL_SETUP,True,2024-03-21 00:00:00,2024-04-02 00:00:00,27.94,25.92,2024-04-02 00:00:00,2024-04-15 00:00:00,2024-04-16 00:00:00,2024-04-17 00:00:00,2024-04-18 00:00:00,2024-04-19 00:00:00,2024-04-25 00:00:00,2024-04-26 00:00:00,2024-04-29 00:00:00,29.9,2024-05-07 00:00:00,2024-05-10 00:00:00,,,,2024-04-15 00:00:00,27.11,28.02,30.64,30.87,29.82,2354289843.2,0.013932,0.113777
600036SS_2024-05-13T000000_SELL_COUNTDOWN_PROGRESS_-1_2024-04-02T000000_11,2024-05-13 00:00:00,600036.SS,1d,COUNTDOWN,SELL_COUNTDOWN_PROGRESS,-1,11,,,SELL_SETUP,True,2024-03-21 00:00:00,2024-04-02 00:00:00,27.94,25.92,2024-04-02 00:00:00,2024-04-15 00:00:00,2024-04-16 00:00:00,2024-04-17 00:00:00,2024-04-18 00:00:00,2024-04-19 00:00:00,2024-04-25 00:00:00,2024-04-26 00:00:00,2024-04-29 00:00:00,29.9,2024-05-07 00:00:00,2024-05-10 00:00:00,2024-05-13 00:00:00,,,2024-04-15 00:00:00,27.11,28.02,30.93,31.09,30.35,2406085401.6,0.013623,0.132138
601318SS_2024-05-14T000000_BUY_COUNTDOWN_PROGRESS_1_2024-03-25T000000_10,2024-05-14 00:00:00,601318.SS,1d,COUNTDOWN,BUY_COUNTDOWN_PROGRESS,1,10,,,BUY_SETUP,True,2024-03-13 00:00:00,2024-03-25 00:00:00,38.8,38.8,2024-03-25 00:00:00,2024-03-25 00:00:00,2024-04-03 00:00:00,2024-04-08 00:00:00,2024-04-09 00:00:00,2024-04-10 00:00:00,2024-04-11 00:00:00,2024-04-12 00:00:00,2024-04-15 00:00:00,33.4,2024-05-08 00:00:00,2024-05-14 00:00:00,,,,2024-04-12 00:00:00,32.71,34.03,37.35,37.84,37.19,2468062438.4,0.013795,0.138026
601318SS_2024-05-15T000000_BUY_COUNTDOWN_PROGRESS_1_2024-03-25T000000_11,2024-05-15 00:00:00,601318.SS,1d,COUNTDOWN,BUY_COUNTDOWN_PROGRESS,1,11,,,BUY_SETUP,True,2024-03-13 00:00:00,2024-03-25 00:00:00,38.8,38.8,2024-03-25 00:00:00,2024-03-25 00:00:00,2024-04-03 00:00:00,2024-04-08 00:00:00,2024-04-09 00:00:00,2024-04-10 00:00:00,2024-04-11 00:00:00,2024-04-12 00:00:00,2024-04-15 00:00:00,33.4,2024-05-08 00:00:00,2024-05-14 00:00:00,2024-05-15 00:00:00,,,2024-04-12 00:00:00,32.71,34.03,36.88,37.34,36.7,2376550732.8,0.014203,0.104192
000858SZ_2024-05-16T000000_SELL_COUNTDOWN_PROGRESS_-1_2024-05-08T000000_1,2024-05-16 00:00:00,000858.SZ,1d,COUNTDOWN,SELL_COUNTDOWN_PROGRESS,-1,1,,,SELL_SETUP,False,2024-04-23 00:00:00,2024-05-08 00:00:00,145.33,130.97,2024-05-08 00:00:00,2024-05-16 00:00:00,,,,,,,,,,,,,,2024-05-16 00:00:00,137.71,142.08,141.05,142.08,137.71,2266524566.3905,0.013692,0.068804
600036SS_2024-05-16T000000_SELL_COUNTDOWN_PROGRESS_-1_2024-04-02T000000_12,2024-05-16 00:00:00,600036.SS,1d,COUNTDOWN,SELL_COUNTDOWN_PROGRESS,-1,12,,,SELL_SETUP,True,2024-03-21 00:00:00,2024-04-02 00:00:00,27.94,25.92,2024-04-02 00:00:00,2024-04-15 00:00:00,2024-04-16 00:00:00,2024-04-17 00:00:00,2024-04-18 00:00:00,2024-04-19 00:00:00,2024-04-25 00:00:00,2024-04-26 00:00:00,2024-04-29 00:00:00,29.9,2024-05-07 00:00:00,2024-05-10 00:00:00,2024-05-13 00:00:00,2024-05-16 00:00:00,,2024-04-15 00:00:00,27.11,28.02,31.27,31.47,30.02,2605315084.8,0.01602,0.126035
600519SS_2024-05-17T000000_SELL_COUNTDOWN_PROGRESS_-1_2024-05-07T000000_2,2024-05-17 00:00:00,600519.SS,1d,COUNTDOWN,SELL_COUNTDOWN_PROGRESS,-1,2,,,SELL_SETUP,True,2024-04-22 00:00:00,2024-05-07 00:00:00,1671.48,1538.68,2024-05-07 00:00:00,2024-05-07 00:00:00,2024-05-17 00:00:00,,,,,,,,,,,,,2024-05-17 00:00:00,1593.68,1610.26,1608.68,1610.26,1593.68,4669759577.6,0.011718,0.030756
000858SZ_2024-05-17T000000_SELL_COUNTDOWN_PROGRESS_-1_2024-05-08T000000_2,2024-05-17 00:00:00,000858.SZ,1d,COUNTDOWN,SELL_COUNTDOWN_PROGRESS,-1,2,,,SELL_SETUP,False,2024-04-23 00:00:00,2024-05-08 00:00:00,145.33,130.97,2024-05-08 00:00:00,2024-05-16 00:00:00,2024-05-17 00:00:00,,,,,,,,,,,,,2024-05-16 00:00:00,137.71,142.08,143.41,143.43,140.21,2293217347.948,0.013998,0.083976
601318SS_2024-05-17T000000_BUY_COUNTDOWN_CANCEL_1_2024-03-25T000000_11,2024-05-17 00:00:00,601318.SS,1d,COUNTDOWN,BUY_COUNTDOWN_CANCEL,1,11,,tdst_break_rule_4,BUY_SETUP,True,2024-03-13 00:00:00,2024-03-25 00:00:00,38.8,38.8,2024-03-25 00:00:00,2024-03-25 00:00:00,2024-04-03 00:00:00,2024-04-08 00:00:00,2024-04-09 00:00:00,2024-04-10 00:00:00,2024-04-11 00:00:00,2024-04-12 00:00:00,2024-04-15 00:00:00,33.4,2024-05-08 00:00:00,2024-05-14 00:00:00,2024-05-15 00:00:00,,,2024-04-12 00:00:00,32.71,34.03,40.24,40.24,38.49,2727643276.8,0.018713,0.183878
600036SS_2024-05-17T000000_SELL_COUNTDOWN_COMPLETE_PERFECT_-1_2024-04-02T000000_13,2024-05-17 00:00:00,600036.SS,1d,COUNTDOWN,SELL_COUNTDOWN_COMPLETE_PERFECT,-1,13,True,,SELL_SETUP,True,2024-03-21 00:00:00,2024-04-02 00:00:00,27.94,25.92,2024-04-02 00:00:00,2024-04-15 00:00:00,2024-04-16 00:00:00,2024-04-17 00:00:00,2024-04-18 00:00:00,2024-04-19 00:00:00,2024-04-25 00:00:00,2024-04-26 00:00:00,2024-04-29 00:00:00,29.9,2024-05-07 00:00:00,2024-05-10 00:00:00,2024-05-13 00:00:00,2024-05-16 00:00:00,2024-05-17 00:00:00,2024-04-15 00:00:00,27.11,28.02,31.87,31.92,31.08,2650983500.8,0.015993,0.125353
000858SZ_2024-05-20T000000_SELL_COUNTDOWN_PROGRESS_-1_2024-05-08T000000_3,2024-05-20 00:00:00,000858.SZ,1d,COUNTDOWN,SELL_COUNTDOWN_PROGRESS,-1,3,,,SELL_SETUP,False,2024-04-23 00:00:00,2024-05-08 00:00:00,145.33,130.97,2024-05-08 00:00:00,2024-05-16 00:00:00,2024-05-17 00:00:00,2024-05-20 00:00:00,,,,,,,,,,,,2024-05-16 00:00:00,137.71,142.08,144.3,146.8,143.4,2347422644.542,0.01391,0.093347
000858SZ_2024-05-21T000000_SELL_COUNTDOWN_PROGRESS_-1_2024-05-08T000000_4,2024-05-21 00:00:00,000858.SZ,1d,COUNTDOWN,SELL_COUNTDOWN_PROGRESS,-1,4,,,SELL_SETUP,False,2024-04-23 00:00:00,2024-05-08 00:00:00,145.33,130.97,2024-05-08 00:00:00,2024-05-16 00:00:00,2024-05-17 00:00:00,2024-05-20 00:00:00,2024-05-21 00:00:00,,,,,,,,,,,2024-05-16 00:00:00,137.71,142.08,143.54,144.18,142.09,2305489971.3525,0.013277,0.105004
600036SS_2024-05-21T000000_SELL_SETUP_PERFECT_-1_2024-05-21T000000_9,2024-05-21 00:00:00,600036.SS,1d,SETUP,SELL_SETUP_PERFECT,-1,9,True,,SELL_SETUP,True,2024-05-09 00:00:00,2024-05-21 00:00:00,,,,,,,,,,,,,,,,,,,,,,,,2572645203.2,0.016674,0.09148
600036SS_2024-05-29T000000_SELL_COUNTDOWN_CANCEL_-1_2024-05-21T000000_0,2024-05-29 00:00:00,600036.SS,1d,COUNTDOWN,SELL_COUNTDOWN_CANCEL,-1,0,,tdst_break_rule_4,SELL_SETUP,True,2024-05-09 00:00:00,2024-05-21 00:00:00,32.02,29.62,2024-05-21 00:00:00,,,,,,,,,,,,,,,,,,29.59,30.08,29.48,2603482886.4,0.017264,-0.010368
600519SS_2024-06-03T000000_BUY_SETUP_PERFECT_1_2024-06-03T000000_9,2024-06-03 00:00:00,600519.SS,1d,SETUP,BUY_SETUP_PERFECT,1,9,True,,BUY_SETUP,True,2024-05-22 00:00:00,2024-06-03 00:00:00,,,,,,,,,,,,,,,,,,,,,,,,4089546521.6,0.006333,-0.078507
600519SS_2024-06-03T000000_SELL_COUNTDOWN_CANCEL_-1_2024-05-07T000000_2,2024-06-03 00:00:00,600519.SS,1d,COUNTDOWN,SELL_COUNTDOWN_CANCEL,-1,2,,opposite_setup,SELL_SETUP,True,2024-04-22 00:00:00,2024-05-07 00:00:00,1671.48,1538.68,2024-05-07 00:00:00,2024-05-07 00:00:00,2024-05-17 00:00:00,,,,,,,,,,,,,2024-05-17 00:00:00,1593.68,1610.26,1533.07,1544.6,1528.79,4089546521.6,0.006333,-0.078507
600519SS_2024-06-03T000000_BUY_COUNTDOWN_PROGRESS_1_2024-06-03T000000_1,2024-06-03 00:00:00,600519.SS,1d,COUNTDOWN,BUY_COUNTDOWN_PROGRESS,1,1,,,BUY_SETUP,True,2024-05-22 00:00:00,2024-06-03 00:00:00,1603.64,1603.64,2024-06-03 00:00:00,2024-06-03 00:00:00,,,,,,,,,,,,,,2024-06-03 00:00:00,1528.79,1544.6,1533.07,1544.6,1528.79,4089546521.6,0.006333,-0.078507
000858SZ_2024-06-04T000000_BUY_SETUP_PERFECT_1_2024-06-04T000000_9,2024-06-04 00:00:00,000858.SZ,1d,SETUP,BUY_SETUP_PERFECT,1,9,True,,BUY_SETUP,True,2024-05-23 00:00:00,2024-06-04 00:00:00,,,,,,,,,,,,,,,,,,,,,,,,1837064183.9125,0.011542,-0.050845
000858SZ_2024-06-04T000000_SELL_COUNTDOWN_CANCEL_-1_2024-05-08T000000_4,2024-06-04 00:00:00,000858.SZ,1d,COUNTDOWN,SELL_COUNTDOWN_CANCEL,-1,4,,opposite_setup,SELL_SETUP,False,2024-04-23 00:00:00,2024-05-08 00:00:00,145.33,130.97,2024-05-08 00:00:00,2024-05-16 00:00:00,2024-05-17 00:00:00,2024-05-20 00:00:00,2024-05-21 00:00:00,,,,,,,,,,,2024-05-16 00:00:00,137.71,142.08,134.78,135.1,132.5,1837064183.9125,0.011542,-0.050845
601318SS_2024-06-04T000000_BUY_SETUP_PERFECT_1_2024-06-04T000000_9,2024-06-04 00:00:00,601318.SS,1d,SETUP,BUY_SETUP_PERFECT,1,9,True,,BUY_SETUP,True,2024-05-23 00:00:00,2024-06-04 00:00:00,,,,,,,,,,,,,,,,,,,,,,,,2766216780.8,0.017576,0.035685
000858SZ_2024-06-06T000000_BUY_COUNTDOWN_PROGRESS_1_2024-06-04T000000_1,2024-06-06 00:00:00,000858.SZ,1d,COUNTDOWN,BUY_COUNTDOWN_PROGRESS,1,1,,,BUY_SETUP,True,2024-05-23 00:00:00,2024-06-04 00:00:00,142.97,142.97,2024-06-04 00:00:00,2024-06-06 00:00:00,,,,,,,,,,,,,,2024-06-06 00:00:00,131.06,133.62,131.9,133.62,131.06,1844865862.701,0.011873,-0.067383
601318SS_2024-06-06T000000_BUY_COUNTDOWN_PROGRESS_1_2024-06-04T000000_1,2024-06-06 00:00:00,601318.SS,1d,COUNTDOWN,BUY_COUNTDOWN_PROGRESS,1,1,,,BUY_SETUP,True,2024-05-23 00:00:00,2024-06-04 00:00:00,40.21,40.21,2024-06-04 00:00:00,2024-06-06 00:00:00,,,,,,,,,,,,,,2024-06-06 00:00:00,37.41,38.37,37.49,38.37,37.41,2777907462.4,0.017588,-0.012642
600519SS_2024-06-07T000000_BUY_COUNTDOWN_PROGRESS_1_2024-06-03T000000_2,2024-06-07 00:00:00,600519.SS,1d,COUNTDOWN,BUY_COUNTDOWN_PROGRESS,1,2,,,BUY_SETUP,True,2024-05-22 00:00:00,2024-06-03 00:00:00,1603.64,1603.64,2024-06-03 00:00:00,2024-06-03 00:00:00,2024-06-07 00:00:00,,,,,,,,,,,,,2024-06-07 00:00:00,1512.69,1539.86,1512.86,1539.86,1512.69,4125269017.6,0.006078,-0.054273
000858SZ_2024-06-07T000000_BUY_COUNTDOWN_PROGRESS_1_2024-06-04T000000_2,2024-06-07 00:00:00,000858.SZ,1d,COUNTDOWN,BUY_COUNTDOWN_PROGRESS,1,2,,,BUY_SETUP,True,2024-05-23 00:00:00,2024-06-04 00:00:00,142.97,142.97,2024-06-04 00:00:00,2024-06-06 00:00:00,2024-06-07 00:00:00,,,,,,,,,,,,,2024-06-07 00:00:00,128.9,132.55,129.34,132.55,128.9,1879244920.288,0.011539,-0.063432
601318SS_2024-06-07T000000_BUY_COUNTDOWN_PROGRESS_1_2024-06-04T000000_2,2024-06-07 00:00:00,601318.SS,1d,COUNTDOWN,BUY_COUNTDOWN_PROGRESS,1,2,,,BUY_SETUP,True,2024-05-23 00:00:00,2024-06-04 00:00:00,40.21,40.21,2024-06-04 00:00:00,2024-06-06 00:00:00,2024-06-07 00:00:00,,,,,,,,,,,,,2024-06-07 00:00:00,37.04,37.82,37.16,37.82,37.04,2721639686.4,0.01762,-0.014062
600519SS_2024-06-11T000000_BUY_COUNTDOWN_PROGRESS_1_2024-06-03T000000_3,2024-06-11 00:00:00,600519.SS,1d,COUNTDOWN,BUY_COUNTDOWN_PROGRESS,1,3,,,BUY_SETUP,True,2024-05-22 00:00:00,2024-06-03 00:00:00,1603.64,1603.64,2024-06-03 00:00:00,2024-06-03 00:00:00,2024-06-07 00:00:00,2024-06-11 00:00:00,,,,,,,,,,,,2024-06-11 00:00:00,1460.68,1498.68,1462.68,1498.68,1460.68,4358027110.4,0.009083,-0.083339
000858SZ_2024-06-11T000000_BUY_COUNTDOWN_PROGRESS_1_2024-06-04T000000_3,2024-06-11 00:00:00,000858.SZ,1d,COUNTDOWN,BUY_COUNTDOWN_PROGRESS,1,3,,,BUY_SETUP,True,2024-05-23 00:00:00,2024-06-04 00:00:00,142.97,142.97,2024-06-04 00:00:00,2024-06-06 00:00:00,2024-06-07 00:00:00,2024-06-11 00:00:00,,,,,,,,,,,,2024-06-11 00:00:00,125.0,128.4,125.48,128.4,125.0,1892459368.228,0.012879,-0.092959
601318SS_2024-06-11T000000_BUY_COUNTDOWN_PROGRESS_1_2024-06-04T000000_3,2024-06-11 00:00:00,601318.SS,1d,COUNTDOWN,BUY_COUNTDOWN_PROGRESS,1,3,,,BUY_SETUP,True,2024-05-23 00:00:00,2024-06-04 00:00:00,40.21,40.21,2024-06-04 00:00:00,2024-06-06 00:00:00,2024-06-07 00:00:00,2024-06-11 00:00:00,,,,,,,,,,,,2024-06-11 00:00:00,36.64,37.23,36.87,37.23,36.64,2705104249.6,0.017592,-0.012851
600519SS_2024-06-12T000000_BUY_COUNTDOWN_PROGRESS_1_2024-06-03T000000_4,2024-06-12 00:00:00,600519.SS,1d,COUNTDOWN,BUY_COUNTDOWN_PROGRESS,1,4,,,BUY_SETUP,True,2024-05-22 00:00:00,2024-06-03 00:00:00,1603.64,1603.64,2024-06-03 00:00:00,2024-06-03 00:00:00,2024-06-07 00:00:00,2024-06-11 00:00:00,2024-06-12 00:00:00,,,,,,,,,,,2024-06-11 00:00:00,1460.68,1498.68,1465.36,1483.68,1463.68,4438367308.8,0.009167,-0.080518
000858SZ_2024-06-12T000000_BUY_COUNTDOWN_PROGRESS_1_2024-06-04T000000_4,2024-06-12 00:00:00,000858.SZ,1d,COUNTDOWN,BUY_COUNTDOWN_PROGRESS,1,4,,,BUY_SETUP,True,2024-05-23 00:00:00,2024-06-04 00:00:00,142.97,142.97,2024-06-04 00:00:00,2024-06-06 00:00:00,2024-06-07 00:00:00,2024-06-11 00:00:00,2024-06-12 00:00:00,,,,,,,,,,,2024-06-12 00:00:00,124.55,126.83,124.9,126.83,124.55,1913648822.395,0.01282,-0.097348
601318SS_2024-06-12T000000_BUY_COUNTDOWN_PROGRESS_1_2024-06-04T000000_4,2024-06-12 00:00:00,601318.SS,1d,COUNTDOWN,BUY_COUNTDOWN_PROGRESS,1,4,,,BUY_SETUP,True,2024-05-23 00:00:00,2024-06-04 00:00:00,40.21,40.21,2024-06-04 00:00:00,2024-06-06 00:00:00,2024-06-07 00:00:00,2024-06-11 00:00:00,2024-06-12 00:00:00,,,,,,,,,,,2024-06-12 00:00:00,36.4,36.94,36.44,36.94,36.4,2703774195.2,0.01756,-0.011931
600519SS_2024-06-13T000000_BUY_COUNTDOWN_PROGRESS_1_2024-06-03T000000_5,2024-06-13 00:00:00,600519.SS,1d,COUNTDOWN,BUY_COUNTDOWN_PROGRESS,1,5,,,BUY_SETUP,True,2024-05-22 00:00:00,2024-06-03 00:00:00,1603.64,1603.64,2024-06-03 00:00:00,2024-06-03 00:00:00,2024-06-07 00:00:00,2024-06-11 00:00:00,2024-06-12 00:00:00,2024-06-13 00:00:00,,,,,,,,,,2024-06-13 00:00:00,1446.83,1470.57,1448.69,1470.57,1446.83,4587254118.4,0.00913,-0.093538
000858SZ_2024-06-13T000000_BUY_COUNTDOWN_PROGRESS_1_2024-06-04T000000_5,2024-06-13 00:00:00,000858.SZ,1d,COUNTDOWN,BUY_COUNTDOWN_PROGRESS,1,5,,,BUY_SETUP,True,2024-05-23 00:00:00,2024-06-04 00:00:00,142.97,142.97,2024-06-04 00:00:00,2024-06-06 00:00:00,2024-06-07 00:00:00,2024-06-11 00:00:00,2024-06-12 00:00:00,2024-06-13 00:00:00,,,,,,,,,,2024-06-13 00:00:00,121.44,125.1,121.56,125.1,121.44,2019385491.4775,0.012275,-0.138178
601318SS_2024-06-13T000000_BUY_COUNTDOWN_PROGRESS_1_2024-06-04T000000_5,2024-06-13 00:00:00,601318.SS,1d,COUNTDOWN,BUY_COUNTDOWN_PROGRESS,1,5,,,BUY_SETUP,True,2024-05-23 00:00:00,2024-06-04 00:00:00,40.21,40.21,2024-06-04 00:00:00,2024-06-06 00:00:00,2024-06-07 00:00:00,2024-06-11 00:00:00,2024-06-12 00:00:00,2024-06-13 00:00:00,,,,,,,,,,2024-06-13 00:00:00,36.23,36.7,36.34,36.7,36.23,2686301875.2,0.015709,-0.045944
600519SS_2024-06-14T000000_BUY_COUNTDOWN_PROGRESS_1_2024-06-03T000000_6,2024-06-14 00:00:00,600519.SS,1d,COUNTDOWN,BUY_COUNTDOWN_PROGRESS,1,6,,,BUY_SETUP,True,2024-05-22 00:00:00,2024-06-03 00:00:00,1603.64,1603.64,2024-06-03 00:00:00,2024-06-03 00:00:00,2024-06-07 00:00:00,2024-06-11 00:00:00,2024-06-12 00:00:00,2024-06-13 00:00:00,2024-06-14 00:00:00,,,,,,,,,2024-06-14 00:00:00,1414.14,1457.64,1448.68,1457.64,1414.14,4793698227.2,0.008799,-0.09946
000858SZ_2024-06-14T000000_BUY_COUNTDOWN_PROGRESS_1_2024-06-04T000000_6,2024-06-14 00:00:00,000858.SZ,1d,COUNTDOWN,BUY_COUNTDOWN_PROGRESS,1,6,,,BUY_SETUP,True,2024-05-23 00:00:00,2024-06-04 00:00:00,142.97,142.97,2024-06-04 00:00:00,2024-06-06 00:00:00,2024-06-07 00:00:00,2024-06-11 00:00:00,2024-06-12 00:00:00,2024-06-13 00:00:00,2024-06-14 00:00:00,,,,,,,,,2024-06-14 00:00:00,119.09,122.7,122.68,122.7,119.09,2097501805.495,0.011582,-0.144551
600519SS_2024-06-17T000000_BUY_COUNTDOWN_PROGRESS_1_2024-06-03T000000_7,2024-06-17 00:00:00,600519.SS,1d,COUNTDOWN,BUY_COUNTDOWN_PROGRESS,1,7,,,BUY_SETUP,True,2024-05-22 00:00:00,2024-06-03 00:00:00,1603.64,1603.64,2024-06-03 00:00:00,2024-06-03 00:00:00,2024-06-07 00:00:00,2024-06-11 00:00:00,2024-06-12 00:00:00,2024-06-13 00:00:00,2024-06-14 00:00:00,2024-06-17 00:00:00,,,,,,,,2024-06-17 00:00:00,1404.69,1442.45,1435.18,1442.45,1404.69,4916896358.4,0.008829,-0.104512
000858SZ_2024-06-20T000000_BUY_COUNTDOWN_PROGRESS_1_2024-06-04T000000_7,2024-06-20 00:00:00,000858.SZ,1d,COUNTDOWN,BUY_COUNTDOWN_PROGRESS,1,7,,,BUY_SETUP,True,2024-05-23 00:00:00,2024-06-04 00:00:00,142.97,142.97,2024-06-04 00:00:00,2024-06-06 00:00:00,2024-06-07 00:00:00,2024-06-11 00:00:00,2024-06-12 00:00:00,2024-06-13 00:00:00,2024-06-14 00:00:00,2024-06-20 00:00:00,,,,,,,,2024-06-14 00:00:00,119.09,122.7,119.2,122.07,119.18,2143823132.045,0.01177,-0.152205
601318SS_2024-06-20T000000_BUY_COUNTDOWN_PROGRESS_1_2024-06-04T000000_6,2024-06-20 00:00:00,601318.SS,1d,COUNTDOWN,BUY_COUNTDOWN_PROGRESS,1,6,,,BUY_SETUP,True,2024-05-23 00:00:00,2024-06-04 00:00:00,40.21,40.21,2024-06-04 00:00:00,2024-06-06 00:00:00,2024-06-07 00:00:00,2024-06-11 00:00:00,2024-06-12 00:00:00,2024-06-13 00:00:00,2024-06-20 00:00:00,,,,,,,,,2024-06-13 00:00:00,36.23,36.7,36.55,37.11,36.55,1883137350.4,0.008899,-0.08212
000651SZ_2024-06-20T000000_BUY_SETUP_PERFECT_1_2024-06-20T000000_9,2024-06-20 00:00:00,000651.SZ,1d,SETUP,BUY_SETUP_PERFECT,1,9,True,,BUY_SETUP,True,2024-06-07 00:00:00,2024-06-20 00:00:00,,,,,,,,,,,,,,,,,,,,,,,,1166902434.1085,0.013411,-0.041547
000651SZ_2024-06-20T000000_BUY_COUNTDOWN_PROGRESS_1_2024-06-20T000000_1,2024-06-20 00:00:00,000651.SZ,1d,COUNTDOWN,BUY_COUNTDOWN_PROGRESS,1,1,,,BUY_SETUP,True,2024-06-07 00:00:00,2024-06-20 00:00:00,35.3,35.3,2024-06-20 00:00:00,2024-06-20 00:00:00,,,,,,,,,,,,,,2024-06-20 00:00:00,33.24,33.84,33.45,33.84,33.24,1166902434.1085,0.013411,-0.041547
600519SS_2024-06-21T000000_BUY_COUNTDOWN_PROGRESS_1_2024-06-03T000000_8,2024-06-21 00:00:00,600519.SS,1d,COUNTDOWN,BUY_COUNTDOWN_PROGRESS,1,8,,,BUY_SETUP,True,2024-05-22 00:00:00,2024-06-03 00:00:00,1603.64,1603.64,2024-06-03 00:00:00,2024-06-03 00:00:00,2024-06-07 00:00:00,2024-06-11 00:00:00,2024-06-12 00:00:00,2024-06-13 00:00:00,2024-06-14 00:00:00,2024-06-17 00:00:00,2024-06-21 00:00:00,1395.56,,,,,,2024-06-21 00:00:00,1394.78,1429.54,1395.56,1429.54,1394.78,5306778867.2,0.010073,-0.111538
000858SZ_2024-06-21T000000_BUY_COUNTDOWN_PROGRESS_1_2024-06-04T000000_8,2024-06-21 00:00:00,000858.SZ,1d,COUNTDOWN,BUY_COUNTDOWN_PROGRESS,1,8,,,BUY_SETUP,True,2024-05-23 00:00:00,2024-06-04 00:00:00,142.97,142.97,2024-06-04 00:00:00,2024-06-06 00:00:00,2024-06-07 00:00:00,2024-06-11 00:00:00,2024-06-12 00:00:00,2024-06-13 00:00:00,2024-06-14 00:00:00,2024-06-20 00:00:00,2024-06-21 00:00:00,117.2,,,,,,2024-06-21 00:00:00,115.8,119.86,117.2,119.86,115.8,2213683823.9935,0.011745,-0.151647
600519SS_2024-06-24T000000_BUY_COUNTDOWN_PROGRESS_1_2024-06-03T000000_9,2024-06-24 00:00:00,600519.SS,1d,COUNTDOWN,BUY_COUNTDOWN_PROGRESS,1,9,,,BUY_SETUP,True,2024-05-22 00:00:00,2024-06-03 00:00:00,1603.64,1603.64,2024-06-03 00:00:00,2024-06-03 00:00:00,2024-06-07 00:00:00,2024-06-11 00:00:00,2024-06-12 00:00:00,2024-06-13 00:00:00,2024-06-14 00:00:00,2024-06-17 00:00:00,2024-06-21 00:00:00,1395.56,2024-06-24 00:00:00,,,,,2024-06-24 00:00:00,1338.57,1413.55,1401.11,1413.55,1338.57,5602680793.6,0.01032,-0.104035
000858SZ_2024-06-24T000000_BUY_COUNTDOWN_PROGRESS_1_2024-06-04T000000_9,2024-06-24 00:00:00,000858.SZ,1d,COUNTDOWN,BUY_COUNTDOWN_PROGRESS,1,9,,,BUY_SETUP,True,2024-05-23 00:00:00,2024-06-04 00:00:00,142.97,142.97,2024-06-04 00:00:00,2024-06-06 00:00:00,2024-06-07 00:00:00,2024-06-11 00:00:00,2024-06-12 00:00:00,2024-06-13 00:00:00,2024-06-14 00:00:00,2024-06-20 00:00:00,2024-06-21 00:00:00,117.2,2024-06-24 00:00:00,,,,,2024-06-24 00:00:00,112.6,119.67,118.03,119.67,112.6,2283803613.35,0.011984,-0.14829
000858SZ_2024-06-27T000000_BUY_COUNTDOWN_PROGRESS_1_2024-06-04T000000_10,2024-06-27 00:00:00,000858.SZ,1d,COUNTDOWN,BUY_COUNTDOWN_PROGRESS,1,10,,,BUY_SETUP,True,2024-05-23 00:00:00,2024-06-04 00:00:00,142.97,142.97,2024-06-04 00:00:00,2024-06-06 00:00:00,2024-06-07 00:00:00,2024-06-11 00:00:00,2024-06-12 00:00:00,2024-06-13 00:00:00,2024-06-14 00:00:00,2024-06-20 00:00:00,2024-06-21 00:00:00,117.2,2024-06-24 00:00:00,2024-06-27 00:00:00,,,,2024-06-24 00:00:00,112.6,119.67,116.65,118.37,115.72,2324039684.296,0.011981,-0.124644
601318SS_2024-06-27T000000_BUY_COUNTDOWN_PROGRESS_1_2024-06-04T000000_7,2024-06-27 00:00:00,601318.SS,1d,COUNTDOWN,BUY_COUNTDOWN_PROGRESS,1,7,,,BUY_SETUP,True,2024-05-23 00:00:00,2024-06-04 00:00:00,40.21,40.21,2024-06-04 00:00:00,2024-06-06 00:00:00,2024-06-07 00:00:00,2024-06-11 00:00:00,2024-06-12 00:00:00,2024-06-13 00:00:00,2024-06-20 00:00:00,2024-06-27 00:00:00,,,,,,,,2024-06-13 00:00:00,36.23,36.7,36.46,36.68,36.29,1725135910.4,0.00784,-0.0453
000651SZ_2024-06-27T000000_BUY_COUNTDOWN_PROGRESS_1_2024-06-20T000000_2,2024-06-27 00:00:00,000651.SZ,1d,COUNTDOWN,BUY_COUNTDOWN_PROGRESS,1,2,,,BUY_SETUP,True,2024-06-07 00:00:00,2024-06-20 00:00:00,35.3,35.3,2024-06-20 00:00:00,2024-06-20 00:00:00,2024-06-27 00:00:00,,,,,,,,,,,,,2024-06-27 00:00:00,32.59,33.59,33.16,33.59,32.59,1147803573.3165,0.013247,-0.046578
600519SS_2024-06-28T000000_BUY_COUNTDOWN_PROGRESS_1_2024-06-03T000000_10,2024-06-28 00:00:00,600519.SS,1d,COUNTDOWN,BUY_COUNTDOWN_PROGRESS,1,10,,,BUY_SETUP,True,2024-05-22 00:00:00,2024-06-03 00:00:00,1603.64,1603.64,2024-06-03 00:00:00,2024-06-03 00:00:00,2024-06-07 00:00:00,2024-06-11 00:00:00,2024-06-12 00:00:00,2024-06-13 00:00:00,2024-06-14 00:00:00,2024-06-17 00:00:00,2024-06-21 00:00:00,1395.56,2024-06-24 00:00:00,2024-06-28 00:00:00,,,,2024-06-24 00:00:00,1338.57,1413.55,1391.95,1419.05,1388.56,5827762163.2,0.010576,-0.097385
000858SZ_2024-06-28T000000_BUY_COUNTDOWN_PROGRESS_1_2024-06-04T000000_11,2024-06-28 00:00:00,000858.SZ,1d,COUNTDOWN,BUY_COUNTDOWN_PROGRESS,1,11,,,BUY_SETUP,True,2024-05-23 00:00:00,2024-06-04 00:00:00,142.97,142.97,2024-06-04 00:00:00,2024-06-06 00:00:00,2024-06-07 00:00:00,2024-06-11 00:00:00,2024-06-12 00:00:00,2024-06-13 00:00:00,2024-06-14 00:00:00,2024-06-20 00:00:00,2024-06-21 00:00:00,117.2,2024-06-24 00:00:00,2024-06-27 00:00:00,2024-06-28 00:00:00,,,2024-06-24 00:00:00,112.6,119.67,115.04,117.49,114.56,2306841596.707,0.011821,-0.139566
000651SZ_2024-06-28T000000_BUY_COUNTDOWN_PROGRESS_1_2024-06-20T000000_3,2024-06-28 00:00:00,000651.SZ,1d,COUNTDOWN,BUY_COUNTDOWN_PROGRESS,1,3,,,BUY_SETUP,True,2024-06-07 00:00:00,2024-06-20 00:00:00,35.3,35.3,2024-06-20 00:00:00,2024-06-20 00:00:00,2024-06-27 00:00:00,2024-06-28 00:00:00,,,,,,,,,,,,2024-06-27 00:00:00,32.59,33.59,32.9,33.38,32.73,1161091914.914,0.01314,-0.043048
600519SS_2024-07-01T000000_BUY_COUNTDOWN_PROGRESS_1_2024-06-03T000000_11,2024-07-01 00:00:00,600519.SS,1d,COUNTDOWN,BUY_COUNTDOWN_PROGRESS,1,11,,,BUY_SETUP,True,2024-05-22 00:00:00,2024-06-03 00:00:00,1603.64,1603.64,2024-06-03 00:00:00,2024-06-03 00:00:00,2024-06-07 00:00:00,2024-06-11 00:00:00,2024-06-12 00:00:00,2024-06-13 00:00:00,2024-06-14 00:00:00,2024-06-17 00:00:00,2024-06-21 00:00:00,1395.56,2024-06-24 00:00:00,2024-06-28 00:00:00,2024-07-01 00:00:00,,,2024-06-24 00:00:00,1338.57,1413.55,1364.94,1397.55,1352.56,5878713868.8,0.011035,-0.109669
000858SZ_2024-07-01T000000_BUY_COUNTDOWN_PROGRESS_1_2024-06-04T000000_12,2024-07-01 00:00:00,000858.SZ,1d,COUNTDOWN,BUY_COUNTDOWN_PROGRESS,1,12,,,BUY_SETUP,True,2024-05-23 00:00:00,2024-06-04 00:00:00,142.97,142.97,2024-06-04 00:00:00,2024-06-06 00:00:00,2024-06-07 00:00:00,2024-06-11 00:00:00,2024-06-12 00:00:00,2024-06-13 00:00:00,2024-06-14 00:00:00,2024-06-20 00:00:00,2024-06-21 00:00:00,117.2,2024-06-24 00:00:00,2024-06-27 00:00:00,2024-06-28 00:00:00,2024-07-01 00:00:00,,2024-06-24 00:00:00,112.6,119.67,115.3,116.16,113.0,2308342767.991,0.012025,-0.132952
000651SZ_2024-07-01T000000_BUY_COUNTDOWN_PROGRESS_1_2024-06-20T000000_4,2024-07-01 00:00:00,000651.SZ,1d,COUNTDOWN,BUY_COUNTDOWN_PROGRESS,1,4,,,BUY_SETUP,True,2024-06-07 00:00:00,2024-06-20 00:00:00,35.3,35.3,2024-06-20 00:00:00,2024-06-20 00:00:00,2024-06-27 00:00:00,2024-06-28 00:00:00,2024-07-01 00:00:00,,,,,,,,,,,2024-07-01 00:00:00,32.43,33.18,32.58,33.18,32.43,1159521136.6855,0.011833,-0.073379
000651SZ_2024-07-02T000000_BUY_COUNTDOWN_PROGRESS_1_2024-06-20T000000_5,2024-07-02 00:00:00,000651.SZ,1d,COUNTDOWN,BUY_COUNTDOWN_PROGRESS,1,5,,,BUY_SETUP,True,2024-06-07 00:00:00,2024-06-20 00:00:00,35.3,35.3,2024-06-20 00:00:00,2024-06-20 00:00:00,2024-06-27 00:00:00,2024-06-28 00:00:00,2024-07-01 00:00:00,2024-07-02 00:00:00,,,,,,,,,,2024-07-02 00:00:00,31.73,32.57,31.94,32.57,31.73,1171115415.3725,0.012215,-0.094158
000651SZ_2024-07-03T000000_BUY_COUNTDOWN_PROGRESS_1_2024-06-20T000000_6,2024-07-03 00:00:00,000651.SZ,1d,COUNTDOWN,BUY_COUNTDOWN_PROGRESS,1,6,,,BUY_SETUP,True,2024-06-07 00:00:00,2024-06-20 00:00:00,35.3,35.3,2024-06-20 00:00:00,2024-06-20 00:00:00,2024-06-27 00:00:00,2024-06-28 00:00:00,2024-07-01 00:00:00,2024-07-02 00:00:00,2024-07-03 00:00:00,,,,,,,,,2024-07-03 00:00:00,31.7,32.14,31.81,32.14,31.7,1167924032.0205,0.011749,-0.080104
600036SS_2024-07-04T000000_SELL_SETUP_-1_2024-07-04T000000_9,2024-07-04 00:00:00,600036.SS,1d,SETUP,SELL_SETUP,-1,9,False,,SELL_SETUP,False,2024-06-24 00:00:00,2024-07-04 00:00:00,,,,,,,,,,,,,,,,,,,,,,,,2058157420.8,0.014034,0.024466
000651SZ_2024-07-04T000000_BUY_COUNTDOWN_PROGRESS_1_2024-06-20T000000_7,2024-07-04 00:00:00,000651.SZ,1d,COUNTDOWN,BUY_COUNTDOWN_PROGRESS,1,7,,,BUY_SETUP,True,2024-06-07 00:00:00,2024-06-20 00:00:00,35.3,35.3,2024-06-20 00:00:00,2024-06-20 00:00:00,2024-06-27 00:00:00,2024-06-28 00:00:00,2024-07-01 00:00:00,2024-07-02 00:00:00,2024-07-03 00:00:00,2024-07-04 00:00:00,,,,,,,,2024-07-04 00:00:00,31.5,32.38,31.7,32.38,31.5,1185431134.5945,0.010559,-0.099176
600519SS_2024-07-05T000000_BUY_COUNTDOWN_PROGRESS_1_2024-06-03T000000_12,2024-07-05 00:00:00,600519.SS,1d,COUNTDOWN,BUY_COUNTDOWN_PROGRESS,1,12,,,BUY_SETUP,True,2024-05-22 00:00:00,2024-06-03 00:00:00,1603.64,1603.64,2024-06-03 00:00:00,2024-06-03 00:00:00,2024-06-07 00:00:00,2024-06-11 00:00:00,2024-06-12 00:00:00,2024-06-13 00:00:00,2024-06-14 00:00:00,2024-06-17 00:00:00,2024-06-21 00:00:00,1395.56,2024-06-24 00:00:00,2024-06-28 00:00:00,2024-07-01 00:00:00,2024-07-05 00:00:00,,2024-06-24 00:00:00,1338.57,1413.55,1377.56,1417.74,1374.56,6176581708.8,0.015049,-0.089433
000858SZ_2024-07-05T000000_BUY_COUNTDOWN_COMPLETE_PERFECT_1_2024-06-04T000000_13,2024-07-05 00:00:00,000858.SZ,1d,COUNTDOWN,BUY_COUNTDOWN_COMPLETE_PERFECT,1,13,True,,BUY_SETUP,True,2024-05-23 00:00:00,2024-06-04 00:00:00,142.97,142.97,2024-06-04 00:00:00,2024-06-06 00:00:00,2024-06-07 00:00:00,2024-06-11 00:00:00,2024-06-12 00:00:00,2024-06-13 00:00:00,2024-06-14 00:00:00,2024-06-20 00:00:00,2024-06-21 00:00:00,117.2,2024-06-24 00:00:00,2024-06-27 00:00:00,2024-06-28 00:00:00,2024-07-01 00:00:00,2024-07-05 00:00:00,2024-06-24 00:00:00,112.6,119.67,115.95,118.97,115.14,2356110425.9875,0.01335,-0.103526
601318SS_2024-07-05T000000_BUY_COUNTDOWN_PROGRESS_1_2024-06-04T000000_8,2024-07-05 00:00:00,601318.SS,1d,COUNTDOWN,BUY_COUNTDOWN_PROGRESS,1,8,,,BUY_SETUP,True,2024-05-23 00:00:00,2024-06-04 00:00:00,40.21,40.21,2024-06-04 00:00:00,2024-06-06 00:00:00,2024-06-07 00:00:00,2024-06-11 00:00:00,2024-06-12 00:00:00,2024-06-13 00:00:00,2024-06-20 00:00:00,2024-06-27 00:00:00,2024-07-05 00:00:00,36.16,,,,,,2024-07-05 00:00:00,36.02,37.3,36.16,37.3,36.02,1699826496.0,0.009547,-0.026911
000651SZ_2024-07-05T000000_BUY_COUNTDOWN_PROGRESS_1_2024-06-20T000000_8,2024-07-05 00:00:00,000651.SZ,1d,COUNTDOWN,BUY_COUNTDOWN_PROGRESS,1,8,,,BUY_SETUP,True,2024-06-07 00:00:00,2024-06-20 00:00:00,35.3,35.3,2024-06-20 00:00:00,2024-06-20 00:00:00,2024-06-27 00:00:00,2024-06-28 00:00:00,2024-07-01 00:00:00,2024-07-02 00:00:00,2024-07-03 00:00:00,2024-07-04 00:00:00,2024-07-05 00:00:00,31.38,,,,,,2024-07-05 00:00:00,30.88,31.92,31.38,31.92,30.88,1175672273.764,0.010516,-0.097757
600519SS_2024-07-08T000000_BUY_COUNTDOWN_COMPLETE_PERFECT_1_2024-06-03T000000_13,2024-07-08 00:00:00,600519.SS,1d,COUNTDOWN,BUY_COUNTDOWN_COMPLETE_PERFECT,1,13,True,,BUY_SETUP,True,2024-05-22 00:00:00,2024-06-03 00:00:00,1603.64,1603.64,2024-06-03 00:00:00,2024-06-03 00:00:00,2024-06-07 00:00:00,2024-06-11 00:00:00,2024-06-12 00:00:00,2024-06-13 00:00:00,2024-06-14 00:00:00,2024-06-17 00:00:00,2024-06-21 00:00:00,1395.56,2024-06-24 00:00:00,2024-06-28 00:00:00,2024-07-01 00:00:00,2024-07-05 00:00:00,2024-07-08 00:00:00,2024-06-24 00:00:00,1338.57,1413.55,1344.56,1382.33,1343.7,6186823244.8,0.014255,-0.080756
601318SS_2024-07-08T000000_BUY_COUNTDOWN_PROGRESS_1_2024-06-04T000000_9,2024-07-08 00:00:00,601318.SS,1d,COUNTDOWN,BUY_COUNTDOWN_PROGRESS,1,9,,,BUY_SETUP,True,2024-05-23 00:00:00,2024-06-04 00:00:00,40.21,40.21,2024-06-04 00:00:00,2024-06-06 00:00:00,2024-06-07 00:00:00,2024-06-11 00:00:00,2024-06-12 00:00:00,2024-06-13 00:00:00,2024-06-20 00:00:00,2024-06-27 00:00:00,2024-07-05 00:00:00,36.16,2024-07-08 00:00:00,,,,,2024-07-08 00:00:00,35.72,36.4,35.88,36.4,35.72,1680207046.4,0.009545,-0.026851
600036SS_2024-07-10T000000_SELL_COUNTDOWN_PROGRESS_-1_2024-07-04T000000_1,2024-07-10 00:00:00,600036.SS,1d,COUNTDOWN,SELL_COUNTDOWN_PROGRESS,-1,1,,,SELL_SETUP,False,2024-06-24 00:00:00,2024-07-04 00:00:00,30.27,28.51,2024-07-04 00:00:00,2024-07-10 00:00:00,,,,,,,,,,,,,,2024-07-10 00:00:00,29.47,30.02,29.7,30.02,29.47,2117955052.8,0.014522,0.06681
600036SS_2024-07-11T000000_SELL_COUNTDOWN_PROGRESS_-1_2024-07-04T000000_2,2024-07-11 00:00:00,600036.SS,1d,COUNTDOWN,SELL_COUNTDOWN_PROGRESS,-1,2,,,SELL_SETUP,False,2024-06-24 00:00:00,2024-07-04 00:00:00,30.27,28.51,2024-07-04 00:00:00,2024-07-10 00:00:00,2024-07-11 00:00:00,,,,,,,,,,,,,2024-07-10 00:00:00,29.47,30.02,29.89,30.12,29.78,2148140019.2,0.012447,0.036767
600036SS_2024-07-12T000000_SELL_COUNTDOWN_PROGRESS_-1_2024-07-04T000000_3,2024-07-12 00:00:00,600036.SS,1d,COUNTDOWN,SELL_COUNTDOWN_PROGRESS,-1,3,,,SELL_SETUP,False,2024-06-24 00:00:00,2024-07-04 00:00:00,30.27,28.51,2024-07-04 00:00:00,2024-07-10 00:00:00,2024-07-11 00:00:00,2024-07-12 00:00:00,,,,,,,,,,,,2024-07-10 00:00:00,29.47,30.02,30.99,31.07,30.0,2141881356.8,0.014602,0.077913
600036SS_2024-07-15T000000_SELL_COUNTDOWN_PROGRESS_-1_2024-07-04T000000_4,2024-07-15 00:00:00,600036.SS,1d,COUNTDOWN,SELL_COUNTDOWN_PROGRESS,-1,4,,,SELL_SETUP,False,2024-06-24 00:00:00,2024-07-04 00:00:00,30.27,28.51,2024-07-04 00:00:00,2024-07-10 00:00:00,2024-07-11 00:00:00,2024-07-12 00:00:00,2024-07-15 00:00:00,,,,,,,,,,,2024-07-10 00:00:00,29.47,30.02,30.77,31.04,30.71,2145222387.2,0.014781,0.071006
601318SS_2024-07-16T000000_BUY_COUNTDOWN_PROGRESS_1_2024-06-04T000000_10,2024-07-16 00:00:00,601318.SS,1d,COUNTDOWN,BUY_COUNTDOWN_PROGRESS,1,10,,,BUY_SETUP,True,2024-05-23 00:00:00,2024-06-04 00:00:00,40.21,40.21,2024-06-04 00:00:00,2024-06-06 00:00:00,2024-06-07 00:00:00,2024-06-11 00:00:00,2024-06-12 00:00:00,2024-06-13 00:00:00,2024-06-20 00:00:00,2024-06-27 00:00:00,2024-07-05 00:00:00,36.16,2024-07-08 00:00:00,2024-07-16 00:00:00,,,,2024-07-08 00:00:00,35.72,36.4,36.23,37.15,35.72,1764093907.2,0.013303,-0.021868
601318SS_2024-07-17T000000_BUY_COUNTDOWN_PROGRESS_1_2024-06-04T000000_11,2024-07-17 00:00:00,601318.SS,1d,COUNTDOWN,BUY_COUNTDOWN_PROGRESS,1,11,,,BUY_SETUP,True,2024-05-23 00:00:00,2024-06-04 00:00:00,40.21,40.21,2024-06-04 00:00:00,2024-06-06 00:00:00,2024-06-07 00:00:00,2024-06-11 00:00:00,2024-06-12 00:00:00,2024-06-13 00:00:00,2024-06-20 00:00:00,2024-06-27 00:00:00,2024-07-05 00:00:00,36.16,2024-07-08 00:00:00,2024-07-16 00:00:00,2024-07-17 00:00:00,,,2024-07-08 00:00:00,35.72,36.4,37.33,37.46,36.29,1841430918.4,0.014695,0.021341
600036SS_2024-07-17T000000_SELL_COUNTDOWN_PROGRESS_-1_2024-07-04T000000_5,2024-07-17 00:00:00,600036.SS,1d,COUNTDOWN,SELL_COUNTDOWN_PROGRESS,-1,5,,,SELL_SETUP,False,2024-06-24 00:00:00,2024-07-04 00:00:00,30.27,28.51,2024-07-04 00:00:00,2024-07-10 00:00:00,2024-07-11 00:00:00,2024-07-12 00:00:00,2024-07-15 00:00:00,2024-07-17 00:00:00,,,,,,,,,,2024-07-10 00:00:00,29.47,30.02,31.06,31.18,30.64,2143446451.2,0.014481,0.069928
000651SZ_2024-07-17T000000_BUY_COUNTDOWN_PROGRESS_1_2024-06-20T000000_9,2024-07-17 00:00:00,000651.SZ,1d,COUNTDOWN,BUY_COUNTDOWN_PROGRESS,1,9,,,BUY_SETUP,True,2024-06-07 00:00:00,2024-06-20 00:00:00,35.3,35.3,2024-06-20 00:00:00,2024-06-20 00:00:00,2024-06-27 00:00:00,2024-06-28 00:00:00,2024-07-01 00:00:00,2024-07-02 00:00:00,2024-07-03 00:00:00,2024-07-04 00:00:00,2024-07-05 00:00:00,31.38,2024-07-17 00:00:00,,,,,2024-07-05 00:00:00,30.88,31.92,32.09,32.22,31.48,1157227490.358,0.011394,-0.040658
600036SS_2024-07-18T000000_SELL_COUNTDOWN_PROGRESS_-1_2024-07-04T000000_6,2024-07-18 00:00:00,600036.SS,1d,COUNTDOWN,SELL_COUNTDOWN_PROGRESS,-1,6,,,SELL_SETUP,False,2024-06-24 00:00:00,2024-07-04 00:00:00,30.27,28.51,2024-07-04 00:00:00,2024-07-10 00:00:00,2024-07-11 00:00:00,2024-07-12 00:00:00,2024-07-15 00:00:00,2024-07-17 00:00:00,2024-07-18 00:00:00,,,,,,,,,2024-07-10 00:00:00,29.47,30.02,31.08,31.24,30.75,2178457804.8,0.014107,0.082173
600036SS_2024-07-19T000000_SELL_COUNTDOWN_PROGRESS_-1_2024-07-04T000000_7,2024-07-19 00:00:00,600036.SS,1d,COUNTDOWN,SELL_COUNTDOWN_PROGRESS,-1,7,,,SELL_SETUP,False,2024-06-24 00:00:00,2024-07-04 00:00:00,30.27,28.51,2024-07-04 00:00:00,2024-07-10 00:00:00,2024-07-11 00:00:00,2024-07-12 00:00:00,2024-07-15 00:00:00,2024-07-17 00:00:00,2024-07-18 00:00:00,2024-07-19 00:00:00,,,,,,,,2024-07-10 00:00:00,29.47,30.02,31.24,31.29,30.58,2227625286.4,0.013963,0.073909
000651SZ_2024-07-23T000000_BUY_COUNTDOWN_PROGRESS_1_2024-06-20T000000_10,2024-07-23 00:00:00,000651.SZ,1d,COUNTDOWN,BUY_COUNTDOWN_PROGRESS,1,10,,,BUY_SETUP,True,2024-06-07 00:00:00,2024-06-20 00:00:00,35.3,35.3,2024-06-20 00:00:00,2024-06-20 00:00:00,2024-06-27 00:00:00,2024-06-28 00:00:00,2024-07-01 00:00:00,2024-07-02 00:00:00,2024-07-03 00:00:00,2024-07-04 00:00:00,2024-07-05 00:00:00,31.38,2024-07-17 00:00:00,2024-07-23 00:00:00,,,,2024-07-05 00:00:00,30.88,31.92,31.78,32.59,31.78,1170269291.1555,0.013587,-0.053885
601318SS_2024-07-24T000000_BUY_COUNTDOWN_PROGRESS_1_2024-06-04T000000_12,2024-07-24 00:00:00,601318.SS,1d,COUNTDOWN,BUY_COUNTDOWN_PROGRESS,1,12,,,BUY_SETUP,True,2024-05-23 00:00:00,2024-06-04 00:00:00,40.21,40.21,2024-06-04 00:00:00,2024-06-06 00:00:00,2024-06-07 00:00:00,2024-06-11 00:00:00,2024-06-12 00:00:00,2024-06-13 00:00:00,2024-06-20 00:00:00,2024-06-27 00:00:00,2024-07-05 00:00:00,36.16,2024-07-08 00:00:00,2024-07-16 00:00:00,2024-07-17 00:00:00,2024-07-24 00:00:00,,2024-07-08 00:00:00,35.72,36.4,37.6,38.07,37.39,1972340435.2,0.015102,0.031267
000651SZ_2024-07-24T000000_BUY_COUNTDOWN_PROGRESS_1_2024-06-20T000000_11,2024-07-24 00:00:00,000651.SZ,1d,COUNTDOWN,BUY_COUNTDOWN_PROGRESS,1,11,,,BUY_SETUP,True,2024-06-07 00:00:00,2024-06-20 00:00:00,35.3,35.3,2024-06-20 00:00:00,2024-06-20 00:00:00,2024-06-27 00:00:00,2024-06-28 00:00:00,2024-07-01 00:00:00,2024-07-02 00:00:00,2024-07-03 00:00:00,2024-07-04 00:00:00,2024-07-05 00:00:00,31.38,2024-07-17 00:00:00,2024-07-23 00:00:00,2024-07-24 00:00:00,,,2024-07-24 00:00:00,30.68,31.78,30.84,31.78,30.68,1188751237.2265,0.014706,-0.069964
601318SS_2024-07-25T000000_BUY_COUNTDOWN_COMPLETE_1_2024-06-04T000000_13,2024-07-25 00:00:00,601318.SS,1d,COUNTDOWN,BUY_COUNTDOWN_COMPLETE,1,13,False,,BUY_SETUP,True,2024-05-23 00:00:00,2024-06-04 00:00:00,40.21,40.21,2024-06-04 00:00:00,2024-06-06 00:00:00,2024-06-07 00:00:00,2024-06-11 00:00:00,2024-06-12 00:00:00,2024-06-13 00:00:00,2024-06-20 00:00:00,2024-06-27 00:00:00,2024-07-05 00:00:00,36.16,2024-07-08 00:00:00,2024-07-16 00:00:00,2024-07-17 00:00:00,2024-07-24 00:00:00,2024-07-25 00:00:00,2024-07-08 00:00:00,35.72,36.4,37.61,37.86,37.27,1989812512.0,0.015085,0.033242
000651SZ_2024-07-25T000000_BUY_COUNTDOWN_PROGRESS_1_2024-06-20T000000_12,2024-07-25 00:00:00,000651.SZ,1d,COUNTDOWN,BUY_COUNTDOWN_PROGRESS,1,12,,,BUY_SETUP,True,2024-06-07 00:00:00,2024-06-20 00:00:00,35.3,35.3,2024-06-20 00:00:00,2024-06-20 00:00:00,2024-06-27 00:00:00,2024-06-28 00:00:00,2024-07-01 00:00:00,2024-07-02 00:00:00,2024-07-03 00:00:00,2024-07-04 00:00:00,2024-07-05 00:00:00,31.38,2024-07-17 00:00:00,2024-07-23 00:00:00,2024-07-24 00:00:00,2024-07-25 00:00:00,,2024-07-25 00:00:00,30.42,31.25,31.07,31.25,30.42,1164815798.1245,0.014876,-0.055623
600036SS_2024-07-31T000000_SELL_COUNTDOWN_PROGRESS_-1_2024-07-04T000000_8,2024-07-31 00:00:00,600036.SS,1d,COUNTDOWN,SELL_COUNTDOWN_PROGRESS,-1,8,,,SELL_SETUP,False,2024-06-24 00:00:00,2024-07-04 00:00:00,30.27,28.51,2024-07-04 00:00:00,2024-07-10 00:00:00,2024-07-11 00:00:00,2024-07-12 00:00:00,2024-07-15 00:00:00,2024-07-17 00:00:00,2024-07-18 00:00:00,2024-07-19 00:00:00,2024-07-31 00:00:00,29.72,,,,,,2024-07-31 00:00:00,29.24,29.99,29.72,29.99,29.24,2141793638.4,0.014586,-0.000336
600036SS_2024-08-01T000000_SELL_COUNTDOWN_PROGRESS_-1_2024-07-04T000000_9,2024-08-01 00:00:00,600036.SS,1d,COUNTDOWN,SELL_COUNTDOWN_PROGRESS,-1,9,,,SELL_SETUP,False,2024-06-24 00:00:00,2024-07-04 00:00:00,30.27,28.51,2024-07-04 00:00:00,2024-07-10 00:00:00,2024-07-11 00:00:00,2024-07-12 00:00:00,2024-07-15 00:00:00,2024-07-17 00:00:00,2024-07-18 00:00:00,2024-07-19 00:00:00,2024-07-31 00:00:00,29.72,2024-08-01 00:00:00,,,,,2024-07-31 00:00:00,29.24,29.99,29.7,29.84,29.26,2087218144.0,0.013017,0.027682
600519SS_2024-08-02T000000_BUY_SETUP_1_2024-08-02T000000_9,2024-08-02 00:00:00,600519.SS,1d,SETUP,BUY_SETUP,1,9,False,,BUY_SETUP,False,2024-07-23 00:00:00,2024-08-02 00:00:00,,,,,,,,,,,,,,,,,,,,,,,,4440920192.0,0.016292,-0.025696
000651SZ_2024-08-07T000000_BUY_COUNTDOWN_COMPLETE_1_2024-06-20T000000_13,2024-08-07 00:00:00,000651.SZ,1d,COUNTDOWN,BUY_COUNTDOWN_COMPLETE,1,13,False,,BUY_SETUP,True,2024-06-07 00:00:00,2024-06-20 00:00:00,35.3,35.3,2024-06-20 00:00:00,2024-06-20 00:00:00,2024-06-27 00:00:00,2024-06-28 00:00:00,2024-07-01 00:00:00,2024-07-02 00:00:00,2024-07-03 00:00:00,2024-07-04 00:00:00,2024-07-05 00:00:00,31.38,2024-07-17 00:00:00,2024-07-23 00:00:00,2024-07-24 00:00:00,2024-07-25 00:00:00,2024-08-07 00:00:00,2024-07-25 00:00:00,30.42,31.25,34.15,34.38,33.74,1440467527.108,0.023964,0.055315
600036SS_2024-08-09T000000_SELL_COUNTDOWN_PROGRESS_-1_2024-07-04T000000_10,2024-08-09 00:00:00,600036.SS,1d,COUNTDOWN,SELL_COUNTDOWN_PROGRESS,-1,10,,,SELL_SETUP,False,2024-06-24 00:00:00,2024-07-04 00:00:00,30.27,28.51,2024-07-04 00:00:00,2024-07-10 00:00:00,2024-07-11 00:00:00,2024-07-12 00:00:00,2024-07-15 00:00:00,2024-07-17 00:00:00,2024-07-18 00:00:00,2024-07-19 00:00:00,2024-07-31 00:00:00,29.72,2024-08-01 00:00:00,2024-08-09 00:00:00,,,,2024-08-09 00:00:00,28.8,29.57,29.32,29.57,28.8,1757874214.4,0.010655,-0.047124
600036SS_2024-08-12T000000_SELL_COUNTDOWN_PROGRESS_-1_2024-07-04T000000_11,2024-08-12 00:00:00,600036.SS,1d,COUNTDOWN,SELL_COUNTDOWN_PROGRESS,-1,11,,,SELL_SETUP,False,2024-06-24 00:00:00,2024-07-04 00:00:00,30.27,28.51,2024-07-04 00:00:00,2024-07-10 00:00:00,2024-07-11 00:00:00,2024-07-12 00:00:00,2024-07-15 00:00:00,2024-07-17 00:00:00,2024-07-18 00:00:00,2024-07-19 00:00:00,2024-07-31 00:00:00,29.72,2024-08-01 00:00:00,2024-08-09 00:00:00,2024-08-12 00:00:00,,,2024-08-09 00:00:00,28.8,29.57,29.11,29.33,28.92,1728752406.4,0.010683,-0.054256
600519SS_2024-08-13T000000_BUY_COUNTDOWN_PROGRESS_1_2024-08-02T000000_1,2024-08-13 00:00:00,600519.SS,1d,COUNTDOWN,BUY_COUNTDOWN_PROGRESS,1,1,,,BUY_SETUP,False,2024-07-23 00:00:00,2024-08-02 00:00:00,1425.56,1425.56,2024-08-02 00:00:00,2024-08-13 00:00:00,,,,,,,,,,,,,,2024-08-13 00:00:00,1336.57,1359.56,1347.57,1359.56,1336.57,4286371558.4,0.01557,-0.054973
600519SS_2024-08-14T000000_BUY_COUNTDOWN_PROGRESS_1_2024-08-02T000000_2,2024-08-14 00:00:00,600519.SS,1d,COUNTDOWN,BUY_COUNTDOWN_PROGRESS,1,2,,,BUY_SETUP,False,2024-07-23 00:00:00,2024-08-02 00:00:00,1425.56,1425.56,2024-08-02 00:00:00,2024-08-13 00:00:00,2024-08-14 00:00:00,,,,,,,,,,,,,2024-08-13 00:00:00,1336.57,1359.56,1337.86,1349.46,1336.58,4125506393.6,0.0156,-0.059216
600036SS_2024-08-15T000000_SELL_COUNTDOWN_PROGRESS_-1_2024-07-04T000000_12,2024-08-15 00:00:00,600036.SS,1d,COUNTDOWN,SELL_COUNTDOWN_PROGRESS,-1,12,,,SELL_SETUP,False,2024-06-24 00:00:00,2024-07-04 00:00:00,30.27,28.51,2024-07-04 00:00:00,2024-07-10 00:00:00,2024-07-11 00:00:00,2024-07-12 00:00:00,2024-07-15 00:00:00,2024-07-17 00:00:00,2024-07-18 00:00:00,2024-07-19 00:00:00,2024-07-31 00:00:00,29.72,2024-08-01 00:00:00,2024-08-09 00:00:00,2024-08-12 00:00:00,2024-08-15 00:00:00,,2024-08-15 00:00:00,28.64,29.91,29.75,29.91,28.64,1662551699.2,0.012809,-0.047695
600036SS_2024-08-16T000000_SELL_COUNTDOWN_COMPLETE_PERFECT_-1_2024-07-04T000000_13,2024-08-16 00:00:00,600036.SS,1d,COUNTDOWN,SELL_COUNTDOWN_COMPLETE_PERFECT,-1,13,True,,SELL_SETUP,False,2024-06-24 00:00:00,2024-07-04 00:00:00,30.27,28.51,2024-07-04 00:00:00,2024-07-10 00:00:00,2024-07-11 00:00:00,2024-07-12 00:00:00,2024-07-15 00:00:00,2024-07-17 00:00:00,2024-07-18 00:00:00,2024-07-19 00:00:00,2024-07-31 00:00:00,29.72,2024-08-01 00:00:00,2024-08-09 00:00:00,2024-08-12 00:00:00,2024-08-15 00:00:00,2024-08-16 00:00:00,2024-08-15 00:00:00,28.64,29.91,30.14,30.24,29.71,1594286969.6,0.0116,-0.006264
600519SS_2024-08-21T000000_BUY_COUNTDOWN_PROGRESS_1_2024-08-02T000000_3,2024-08-21 00:00:00,600519.SS,1d,COUNTDOWN,BUY_COUNTDOWN_PROGRESS,1,3,,,BUY_SETUP,False,2024-07-23 00:00:00,2024-08-02 00:00:00,1425.56,1425.56,2024-08-02 00:00:00,2024-08-13 00:00:00,2024-08-14 00:00:00,2024-08-21 00:00:00,,,,,,,,,,,,2024-08-13 00:00:00,1336.57,1359.56,1342.14,1352.54,1340.25,3664750822.4,0.012777,-0.009527
600519SS_2024-08-22T000000_BUY_COUNTDOWN_PROGRESS_1_2024-08-02T000000_4,2024-08-22 00:00:00,600519.SS,1d,COUNTDOWN,BUY_COUNTDOWN_PROGRESS,1,4,,,BUY_SETUP,False,2024-07-23 00:00:00,2024-08-02 00:00:00,1425.56,1425.56,2024-08-02 00:00:00,2024-08-13 00:00:00,2024-08-14 00:00:00,2024-08-21 00:00:00,2024-08-22 00:00:00,,,,,,,,,,,2024-08-22 00:00:00,1324.57,1344.56,1334.61,1344.56,1324.57,3599589888.0,0.012766,-0.009014
600519SS_2024-08-23T000000_BUY_COUNTDOWN_PROGRESS_1_2024-08-02T000000_5,2024-08-23 00:00:00,600519.SS,1d,COUNTDOWN,BUY_COUNTDOWN_PROGRESS,1,5,,,BUY_SETUP,False,2024-07-23 00:00:00,2024-08-02 00:00:00,1425.56,1425.56,2024-08-02 00:00:00,2024-08-13 00:00:00,2024-08-14 00:00:00,2024-08-21 00:00:00,2024-08-22 00:00:00,2024-08-23 00:00:00,,,,,,,,,,2024-08-22 00:00:00,1324.57,1344.56,1339.55,1348.06,1330.68,3478168422.4,0.012097,0.012831
000858SZ_2024-08-23T000000_BUY_SETUP_PERFECT_1_2024-08-23T000000_9,2024-08-23 00:00:00,000858.SZ,1d,SETUP,BUY_SETUP_PERFECT,1,9,True,,BUY_SETUP,True,2024-08-13 00:00:00,2024-08-23 00:00:00,,,,,,,,,,,,,,,,,,,,,,,,1807114844.811,0.012505,-0.025827
000858SZ_2024-08-23T000000_BUY_COUNTDOWN_PROGRESS_1_2024-08-23T000000_1,2024-08-23 00:00:00,000858.SZ,1d,COUNTDOWN,BUY_COUNTDOWN_PROGRESS,1,1,,,BUY_SETUP,True,2024-08-13 00:00:00,2024-08-23 00:00:00,119.63,119.63,2024-08-23 00:00:00,2024-08-23 00:00:00,,,,,,,,,,,,,,2024-08-23 00:00:00,112.19,113.77,112.78,113.77,112.19,1807114844.811,0.012505,-0.025827
000858SZ_2024-08-26T000000_BUY_COUNTDOWN_PROGRESS_1_2024-08-23T000000_2,2024-08-26 00:00:00,000858.SZ,1d,COUNTDOWN,BUY_COUNTDOWN_PROGRESS,1,2,,,BUY_SETUP,True,2024-08-13 00:00:00,2024-08-23 00:00:00,119.63,119.63,2024-08-23 00:00:00,2024-08-23 00:00:00,2024-08-26 00:00:00,,,,,,,,,,,,,2024-08-26 00:00:00,109.71,113.54,109.79,113.54,109.71,1841325832.184,0.013678,-0.044972
600519SS_2024-08-27T000000_BUY_COUNTDOWN_PROGRESS_1_2024-08-02T000000_6,2024-08-27 00:00:00,600519.SS,1d,COUNTDOWN,BUY_COUNTDOWN_PROGRESS,1,6,,,BUY_SETUP,False,2024-07-23 00:00:00,2024-08-02 00:00:00,1425.56,1425.56,2024-08-02 00:00:00,2024-08-13 00:00:00,2024-08-14 00:00:00,2024-08-21 00:00:00,2024-08-22 00:00:00,2024-08-23 00:00:00,2024-08-27 00:00:00,,,,,,,,,2024-08-22 00:00:00,1324.57,1344.56,1328.63,1337.56,1325.67,3112281651.2,0.009279,-0.012788
000858SZ_2024-08-27T000000_BUY_COUNTDOWN_PROGRESS_1_2024-08-23T000000_3,2024-08-27 00:00:00,000858.SZ,1d,COUNTDOWN,BUY_COUNTDOWN_PROGRESS,1,3,,,BUY_SETUP,True,2024-08-13 00:00:00,2024-08-23 00:00:00,119.63,119.63,2024-08-23 00:00:00,2024-08-23 00:00:00,2024-08-26 00:00:00,2024-08-27 00:00:00,,,,,,,,,,,,2024-08-27 00:00:00,107.22,109.87,109.37,109.87,107.22,1805981894.529,0.011189,-0.07728
601318SS_2024-08-27T000000_SELL_SETUP_PERFECT_-1_2024-08-27T000000_9,2024-08-27 00:00:00,601318.SS,1d,SETUP,SELL_SETUP_PERFECT,-1,9,True,,SELL_SETUP,True,2024-08-15 00:00:00,2024-08-27 00:00:00,,,,,,,,,,,,,,,,,,,,,,,,1543711728.0,0.014362,0.015093
600036SS_2024-08-27T000000_SELL_SETUP_PERFECT_-1_2024-08-27T000000_9,2024-08-27 00:00:00,600036.SS,1d,SETUP,SELL_SETUP_PERFECT,-1,9,True,,SELL_SETUP,True,2024-08-15 00:00:00,2024-08-27 00:00:00,,,,,,,,,,,,,,,,,,,,,,,,1406774707.2,0.011037,0.032638
000651SZ_2024-08-27T000000_SELL_SETUP_PERFECT_-1_2024-08-27T000000_9,2024-08-27 00:00:00,000651.SZ,1d,SETUP,SELL_SETUP_PERFECT,-1,9,True,,SELL_SETUP,True,2024-08-15 00:00:00,2024-08-27 00:00:00,,,,,,,,,,,,,,,,,,,,,,,,1211985495.7095,0.009716,0.051929
600519SS_2024-08-28T000000_BUY_COUNTDOWN_PROGRESS_1_2024-08-02T000000_7,2024-08-28 00:00:00,600519.SS,1d,COUNTDOWN,BUY_COUNTDOWN_PROGRESS,1,7,,,BUY_SETUP,False,2024-07-23 00:00:00,2024-08-02 00:00:00,1425.56,1425.56,2024-08-02 00:00:00,2024-08-13 00:00:00,2024-08-14 00:00:00,2024-08-21 00:00:00,2024-08-22 00:00:00,2024-08-23 00:00:00,2024-08-27 00:00:00,2024-08-28 00:00:00,,,,,,,,2024-08-28 00:00:00,1299.56,1330.56,1313.56,1330.56,1299.56,3026775449.6,0.007577,0.002167
000858SZ_2024-08-28T000000_BUY_COUNTDOWN_PROGRESS_1_2024-08-23T000000_4,2024-08-28 00:00:00,000858.SZ,1d,COUNTDOWN,BUY_COUNTDOWN_PROGRESS,1,4,,,BUY_SETUP,True,2024-08-13 00:00:00,2024-08-23 00:00:00,119.63,119.63,2024-08-23 00:00:00,2024-08-23 00:00:00,2024-08-26 00:00:00,2024-08-27 00:00:00,2024-08-28 00:00:00,,,,,,,,,,,2024-08-28 00:00:00,104.59,108.67,105.67,108.67,104.59,1782711248.9995,0.012259,-0.086453
601318SS_2024-08-30T000000_SELL_COUNTDOWN_PROGRESS_-1_2024-08-27T000000_1,2024-08-30 00:00:00,601318.SS,1d,COUNTDOWN,SELL_COUNTDOWN_PROGRESS,-1,1,,,SELL_SETUP,True,2024-08-15 00:00:00,2024-08-27 00:00:00,40.17,36.75,2024-08-27 00:00:00,2024-08-30 00:00:00,,,,,,,,,,,,,,2024-08-30 00:00:00,39.24,41.06,40.56,41.06,39.24,1701320323.2,0.01614,0.052686
000651SZ_2024-08-30T000000_SELL_COUNTDOWN_PROGRESS_-1_2024-08-27T000000_1,2024-08-30 00:00:00,000651.SZ,1d,COUNTDOWN,SELL_COUNTDOWN_PROGRESS,-1,1,,,SELL_SETUP,True,2024-08-15 00:00:00,2024-08-27 00:00:00,35.98,33.53,2024-08-27 00:00:00,2024-08-30 00:00:00,,,,,,,,,,,,,,2024-08-30 00:00:00,34.37,36.39,35.71,36.39,34.37,1202373758.9305,0.011184,0.026444
000651SZ_2024-09-02T000000_SELL_COUNTDOWN_PROGRESS_-1_2024-08-27T000000_2,2024-09-02 00:00:00,000651.SZ,1d,COUNTDOWN,SELL_COUNTDOWN_PROGRESS,-1,2,,,SELL_SETUP,True,2024-08-15 00:00:00,2024-08-27 00:00:00,35.98,33.53,2024-08-27 00:00:00,2024-08-30 00:00:00,2024-09-02 00:00:00,,,,,,,,,,,,,2024-08-30 00:00:00,34.37,36.39,36.06,36.59,35.62,1161844014.546,0.010835,0.049476
600036SS_2024-09-03T000000_SELL_COUNTDOWN_CANCEL_-1_2024-08-27T000000_0,2024-09-03 00:00:00,600036.SS,1d,COUNTDOWN,SELL_COUNTDOWN_CANCEL,-1,0,,tdst_break_rule_4,SELL_SETUP,True,2024-08-15 00:00:00,2024-08-27 00:00:00,30.93,28.64,2024-08-27 00:00:00,,,,,,,,,,,,,,,,,,28.61,29.07,28.39,1509697907.2,0.013314,0.0014
000651SZ_2024-09-03T000000_SELL_COUNTDOWN_PROGRESS_-1_2024-08-27T000000_3,2024-09-03 00:00:00,000651.SZ,1d,COUNTDOWN,SELL_COUNTDOWN_PROGRESS,-1,3,,,SELL_SETUP,True,2024-08-15 00:00:00,2024-08-27 00:00:00,35.98,33.53,2024-08-27 00:00:00,2024-08-30 00:00:00,2024-09-02 00:00:00,2024-09-03 00:00:00,,,,,,,,,,,,2024-08-30 00:00:00,34.37,36.39,36.64,36.84,36.02,1149753377.424,0.011027,0.072914
600519SS_2024-09-06T000000_BUY_COUNTDOWN_PROGRESS_1_2024-08-02T000000_8,2024-09-06 00:00:00,600519.SS,1d,COUNTDOWN,BUY_COUNTDOWN_PROGRESS,1,8,,,BUY_SETUP,False,2024-07-23 00:00:00,2024-08-02 00:00:00,1425.56,1425.56,2024-08-02 00:00:00,2024-08-13 00:00:00,2024-08-14 00:00:00,2024-08-21 00:00:00,2024-08-22 00:00:00,2024-08-23 00:00:00,2024-08-27 00:00:00,2024-08-28 00:00:00,2024-09-06 00:00:00,1322.56,,,,,,2024-08-28 00:00:00,1299.56,1330.56,1322.56,1330.56,1322.56,2759747270.4,0.012093,-0.028001
000858SZ_2024-09-06T000000_BUY_COUNTDOWN_PROGRESS_1_2024-08-23T000000_5,2024-09-06 00:00:00,000858.SZ,1d,COUNTDOWN,BUY_COUNTDOWN_PROGRESS,1,5,,,BUY_SETUP,True,2024-08-13 00:00:00,2024-08-23 00:00:00,119.63,119.63,2024-08-23 00:00:00,2024-08-23 00:00:00,2024-08-26 00:00:00,2024-08-27 00:00:00,2024-08-28 00:00:00,2024-09-06 00:00:00,,,,,,,,,,2024-08-28 00:00:00,104.59,108.67,109.2,111.17,109.17,1760708933.4815,0.020023,-0.085274
600519SS_2024-09-09T000000_BUY_COUNTDOWN_PROGRESS_1_2024-08-02T000000_9,2024-09-09 00:00:00,600519.SS,1d,COUNTDOWN,BUY_COUNTDOWN_PROGRESS,1,9,,,BUY_SETUP,False,2024-07-23 00:00:00,2024-08-02 00:00:00,1425.56,1425.56,2024-08-02 00:00:00,2024-08-13 00:00:00,2024-08-14 00:00:00,2024-08-21 00:00:00,2024-08-22 00:00:00,2024-08-23 00:00:00,2024-08-27 00:00:00,2024-08-28 00:00:00,2024-09-06 00:00:00,1322.56,2024-09-09 00:00:00,,,,,2024-09-09 00:00:00,1294.64,1318.27,1299.56,1318.27,1294.64,2859422944.0,0.012488,-0.035627
000858SZ_2024-09-09T000000_BUY_COUNTDOWN_PROGRESS_1_2024-08-23T000000_6,2024-09-09 00:00:00,000858.SZ,1d,COUNTDOWN,BUY_COUNTDOWN_PROGRESS,1,6,,,BUY_SETUP,True,2024-08-13 00:00:00,2024-08-23 00:00:00,119.63,119.63,2024-08-23 00:00:00,2024-08-23 00:00:00,2024-08-26 00:00:00,2024-08-27 00:00:00,2024-08-28 00:00:00,2024-09-06 00:00:00,2024-09-09 00:00:00,,,,,,,,,2024-08-28 00:00:00,104.59,108.67,107.89,109.16,107.19,1778793574.717,0.019866,-0.079986
600519SS_2024-09-10T000000_BUY_COUNTDOWN_PROGRESS_1_2024-08-02T000000_10,2024-09-10 00:00:00,600519.SS,1d,COUNTDOWN,BUY_COUNTDOWN_PROGRESS,1,10,,,BUY_SETUP,False,2024-07-23 00:00:00,2024-08-02 00:00:00,1425.56,1425.56,2024-08-02 00:00:00,2024-08-13 00:00:00,2024-08-14 00:00:00,2024-08-21 00:00:00,2024-08-22 00:00:00,2024-08-23 00:00:00,2024-08-27 00:00:00,2024-08-28 00:00:00,2024-09-06 00:00:00,1322.56,2024-09-09 00:00:00,2024-09-10 00:00:00,,,,2024-09-10 00:00:00,1294.58,1317.56,1302.56,1317.56,1294.58,2880435833.6,0.012454,-0.026385
000858SZ_2024-09-10T000000_BUY_COUNTDOWN_PROGRESS_1_2024-08-23T000000_7,2024-09-10 00:00:00,000858.SZ,1d,COUNTDOWN,BUY_COUNTDOWN_PROGRESS,1,7,,,BUY_SETUP,True,2024-08-13 00:00:00,2024-08-23 00:00:00,119.63,119.63,2024-08-23 00:00:00,2024-08-23 00:00:00,2024-08-26 00:00:00,2024-08-27 00:00:00,2024-08-28 00:00:00,2024-09-06 00:00:00,2024-09-09 00:00:00,2024-09-10 00:00:00,,,,,,,,2024-08-28 00:00:00,104.59,108.67,108.1,109.93,107.57,1762291763.6815,0.019846,-0.068103
600036SS_2024-09-10T000000_BUY_SETUP_PERFECT_1_2024-09-10T000000_9,2024-09-10 00:00:00,600036.SS,1d,SETUP,BUY_SETUP_PERFECT,1,9,True,,BUY_SETUP,True,2024-08-29 00:00:00,2024-09-10 00:00:00,,,,,,,,,,,,,,,,,,,,,,,,1619318297.6,0.01479,-0.057886
600036SS_2024-09-10T000000_BUY_COUNTDOWN_PROGRESS_1_2024-09-10T000000_1,2024-09-10 00:00:00,600036.SS,1d,COUNTDOWN,BUY_COUNTDOWN_PROGRESS,1,1,,,BUY_SETUP,True,2024-08-29 00:00:00,2024-09-10 00:00:00,30.76,30.76,2024-09-10 00:00:00,2024-09-10 00:00:00,,,,,,,,,,,,,,2024-09-10 00:00:00,26.93,27.42,27.18,27.42,26.93,1619318297.6,0.01479,-0.057886
600519SS_2024-09-12T000000_BUY_COUNTDOWN_PROGRESS_1_2024-08-02T000000_11,2024-09-12 00:00:00,600519.SS,1d,COUNTDOWN,BUY_COUNTDOWN_PROGRESS,1,11,,,BUY_SETUP,False,2024-07-23 00:00:00,2024-08-02 00:00:00,1425.56,1425.56,2024-08-02 00:00:00,2024-08-13 00:00:00,2024-08-14 00:00:00,2024-08-21 00:00:00,2024-08-22 00:00:00,2024-08-23 00:00:00,2024-08-27 00:00:00,2024-08-28 00:00:00,2024-09-06 00:00:00,1322.56,2024-09-09 00:00:00,2024-09-10 00:00:00,2024-09-12 00:00:00,,,2024-09-12 00:00:00,1259.47,1309.56,1259.62,1309.56,1259.47,3090500870.4,0.014118,-0.070912
000858SZ_2024-09-12T000000_BUY_COUNTDOWN_PROGRESS_1_2024-08-23T000000_8,2024-09-12 00:00:00,000858.SZ,1d,COUNTDOWN,BUY_COUNTDOWN_PROGRESS,1,8,,,BUY_SETUP,True,2024-08-13 00:00:00,2024-08-23 00:00:00,119.63,119.63,2024-08-23 00:00:00,2024-08-23 00:00:00,2024-08-26 00:00:00,2024-08-27 00:00:00,2024-08-28 00:00:00,2024-09-06 00:00:00,2024-09-09 00:00:00,2024-09-10 00:00:00,2024-09-12 00:00:00,105.03,,,,,,2024-08-28 00:00:00,104.59,108.67,105.03,108.05,105.03,1775128653.013,0.020225,-0.099846
600519SS_2024-09-13T000000_BUY_COUNTDOWN_PROGRESS_1_2024-08-02T000000_12,2024-09-13 00:00:00,600519.SS,1d,COUNTDOWN,BUY_COUNTDOWN_PROGRESS,1,12,,,BUY_SETUP,False,2024-07-23 00:00:00,2024-08-02 00:00:00,1425.56,1425.56,2024-08-02 00:00:00,2024-08-13 00:00:00,2024-08-14 00:00:00,2024-08-21 00:00:00,2024-08-22 00:00:00,2024-08-23 00:00:00,2024-08-27 00:00:00,2024-08-28 00:00:00,2024-09-06 00:00:00,1322.56,2024-09-09 00:00:00,2024-09-10 00:00:00,2024-09-12 00:00:00,2024-09-13 00:00:00,,2024-09-13 00:00:00,1221.86,1256.56,1228.69,1256.56,1221.86,3339478419.2,0.014863,-0.089859
000858SZ_2024-09-13T000000_BUY_COUNTDOWN_PROGRESS_1_2024-08-23T000000_9,2024-09-13 00:00:00,000858.SZ,1d,COUNTDOWN,BUY_COUNTDOWN_PROGRESS,1,9,,,BUY_SETUP,True,2024-08-13 00:00:00,2024-08-23 00:00:00,119.63,119.63,2024-08-23 00:00:00,2024-08-23 00:00:00,2024-08-26 00:00:00,2024-08-27 00:00:00,2024-08-28 00:00:00,2024-09-06 00:00:00,2024-09-09 00:00:00,2024-09-10 00:00:00,2024-09-12 00:00:00,105.03,2024-09-13 00:00:00,,,,,2024-09-13 00:00:00,100.87,104.97,100.87,104.97,100.87,1886780309.9645,0.021624,-0.127573
600519SS_2024-09-18T000000_BUY_COUNTDOWN_COMPLETE_PERFECT_1_2024-08-02T000000_13,2024-09-18 00:00:00,600519.SS,1d,COUNTDOWN,BUY_COUNTDOWN_COMPLETE_PERFECT,1,13,True,,BUY_SETUP,False,2024-07-23 00:00:00,2024-08-02 00:00:00,1425.56,1425.56,2024-08-02 00:00:00,2024-08-13 00:00:00,2024-08-14 00:00:00,2024-08-21 00:00:00,2024-08-22 00:00:00,2024-08-23 00:00:00,2024-08-27 00:00:00,2024-08-28 00:00:00,2024-09-06 00:00:00,1322.56,2024-09-09 00:00:00,2024-09-10 00:00:00,2024-09-12 00:00:00,2024-09-13 00:00:00,2024-09-18 00:00:00,2024-09-18 00:00:00,1191.22,1224.57,1191.46,1224.57,1191.22,3487170489.6,0.015888,-0.115655
000858SZ_2024-09-18T000000_BUY_COUNTDOWN_PROGRESS_1_2024-08-23T000000_10,2024-09-18 00:00:00,000858.SZ,1d,COUNTDOWN,BUY_COUNTDOWN_PROGRESS,1,10,,,BUY_SETUP,True,2024-08-13 00:00:00,2024-08-23 00:00:00,119.63,119.63,2024-08-23 00:00:00,2024-08-23 00:00:00,2024-08-26 00:00:00,2024-08-27 00:00:00,2024-08-28 00:00:00,2024-09-06 00:00:00,2024-09-09 00:00:00,2024-09-10 00:00:00,2024-09-12 00:00:00,105.03,2024-09-13 00:00:00,2024-09-18 00:00:00,,,,2024-09-18 00:00:00,98.88,101.24,99.36,101.24,98.88,1895956488.645,0.021699,-0.134646
601318SS_2024-09-18T000000_SELL_COUNTDOWN_PROGRESS_-1_2024-08-27T000000_2,2024-09-18 00:00:00,601318.SS,1d,COUNTDOWN,SELL_COUNTDOWN_PROGRESS,-1,2,,,SELL_SETUP,True,2024-08-15 00:00:00,2024-08-27 00:00:00,40.17,36.75,2024-08-27 00:00:00,2024-08-30 00:00:00,2024-09-18 00:00:00,,,,,,,,,,,,,2024-08-30 00:00:00,39.24,41.06,40.23,40.32,39.46,1911597427.2,0.015988,0.046294
000651SZ_2024-09-18T000000_SELL_COUNTDOWN_PROGRESS_-1_2024-08-27T000000_4,2024-09-18 00:00:00,000651.SZ,1d,COUNTDOWN,SELL_COUNTDOWN_PROGRESS,-1,4,,,SELL_SETUP,True,2024-08-15 00:00:00,2024-08-27 00:00:00,35.98,33.53,2024-08-27 00:00:00,2024-08-30 00:00:00,2024-09-02 00:00:00,2024-09-03 00:00:00,2024-09-18 00:00:00,,,,,,,,,,,2024-08-30 00:00:00,34.37,36.39,36.53,36.58,35.2,1209601315.1175,0.015705,0.054561
000858SZ_2024-09-19T000000_BUY_SETUP_PERFECT_1_2024-09-19T000000_9,2024-09-19 00:00:00,000858.SZ,1d,SETUP,BUY_SETUP_PERFECT,1,9,True,,BUY_SETUP,True,2024-09-05 00:00:00,2024-09-19 00:00:00,,,,,,,,,,,,,,,,,,,,,,,,2003938013.3025,0.023431,-0.099236
000858SZ_2024-09-19T000000_BUY_COUNTDOWN_CANCEL_1_2024-08-23T000000_10,2024-09-19 00:00:00,000858.SZ,1d,COUNTDOWN,BUY_COUNTDOWN_CANCEL,1,10,,same_setup,BUY_SETUP,True,2024-08-13 00:00:00,2024-08-23 00:00:00,119.63,119.63,2024-08-23 00:00:00,2024-08-23 00:00:00,2024-08-26 00:00:00,2024-08-27 00:00:00,2024-08-28 00:00:00,2024-09-06 00:00:00,2024-09-09 00:00:00,2024-09-10 00:00:00,2024-09-12 00:00:00,105.03,2024-09-13 00:00:00,2024-09-18 00:00:00,,,,2024-09-18 00:00:00,98.88,101.24,102.57,104.53,98.0,2003938013.3025,0.023431,-0.099236
601318SS_2024-09-19T000000_SELL_COUNTDOWN_PROGRESS_-1_2024-08-27T000000_3,2024-09-19 00:00:00,601318.SS,1d,COUNTDOWN,SELL_COUNTDOWN_PROGRESS,-1,3,,,SELL_SETUP,True,2024-08-15 00:00:00,2024-08-27 00:00:00,40.17,36.75,2024-08-27 00:00:00,2024-08-30 00:00:00,2024-09-18 00:00:00,2024-09-19 00:00:00,,,,,,,,,,,,2024-08-30 00:00:00,39.24,41.06,40.56,40.63,39.85,1952369881.6,0.016035,0.053506
000651SZ_2024-09-19T000000_SELL_COUNTDOWN_PROGRESS_-1_2024-08-27T000000_5,2024-09-19 00:00:00,000651.SZ,1d,COUNTDOWN,SELL_COUNTDOWN_PROGRESS,-1,5,,,SELL_SETUP,True,2024-08-15 00:00:00,2024-08-27 00:00:00,35.98,33.53,2024-08-27 00:00:00,2024-08-30 00:00:00,2024-09-02 00:00:00,2024-09-03 00:00:00,2024-09-18 00:00:00,2024-09-19 00:00:00,,,,,,,,,,2024-08-30 00:00:00,34.37,36.39,36.66,36.72,35.62,1227265626.7235,0.015626,0.062301
601318SS_2024-09-20T000000_SELL_COUNTDOWN_PROGRESS_-1_2024-08-27T000000_4,2024-09-20 00:00:00,601318.SS,1d,COUNTDOWN,SELL_COUNTDOWN_PROGRESS,-1,4,,,SELL_SETUP,True,2024-08-15 00:00:00,2024-08-27 00:00:00,40.17,36.75,2024-08-27 00:00:00,2024-08-30 00:00:00,2024-09-18 00:00:00,2024-09-19 00:00:00,2024-09-20 00:00:00,,,,,,,,,,,2024-08-30 00:00:00,39.24,41.06,40.68,40.82,40.27,2020259859.2,0.015874,0.063808
000651SZ_2024-09-20T000000_SELL_COUNTDOWN_PROGRESS_-1_2024-08-27T000000_6,2024-09-20 00:00:00,000651.SZ,1d,COUNTDOWN,SELL_COUNTDOWN_PROGRESS,-1,6,,,SELL_SETUP,True,2024-08-15 00:00:00,2024-08-27 00:00:00,35.98,33.53,2024-08-27 00:00:00,2024-08-30 00:00:00,2024-09-02 00:00:00,2024-09-03 00:00:00,2024-09-18 00:00:00,2024-09-19 00:00:00,2024-09-20 00:00:00,,,,,,,,,2024-08-30 00:00:00,34.37,36.39,37.08,37.21,36.53,1254135192.041,0.015596,0.061248
600519SS_2024-09-23T000000_BUY_SETUP_1_2024-09-23T000000_9,2024-09-23 00:00:00,600519.SS,1d,SETUP,BUY_SETUP,1,9,False,,BUY_SETUP,False,2024-09-09 00:00:00,2024-09-23 00:00:00,,,,,,,,,,,,,,,,,,,,,,,,4033751020.8,0.015872,-0.114553
000651SZ_2024-09-23T000000_SELL_COUNTDOWN_PROGRESS_-1_2024-08-27T000000_7,2024-09-23 00:00:00,000651.SZ,1d,COUNTDOWN,SELL_COUNTDOWN_PROGRESS,-1,7,,,SELL_SETUP,True,2024-08-15 00:00:00,2024-08-27 00:00:00,35.98,33.53,2024-08-27 00:00:00,2024-08-30 00:00:00,2024-09-02 00:00:00,2024-09-03 00:00:00,2024-09-18 00:00:00,2024-09-19 00:00:00,2024-09-20 00:00:00,2024-09-23 00:00:00,,,,,,,,2024-08-30 00:00:00,34.37,36.39,37.44,37.64,36.95,1242629258.1965,0.015029,0.048152
000858SZ_2024-09-24T000000_BUY_COUNTDOWN_CANCEL_1_2024-09-19T000000_0,2024-09-24 00:00:00,000858.SZ,1d,COUNTDOWN,BUY_COUNTDOWN_CANCEL,1,0,,tdst_break_rule_4,BUY_SETUP,True,2024-09-05 00:00:00,2024-09-19 00:00:00,111.55,111.55,2024-09-19 00:00:00,,,,,,,,,,,,,,,,,,112.03,112.07,105.18,2279614252.2045,0.029504,0.020403
601318SS_2024-09-24T000000_SELL_COUNTDOWN_PROGRESS_-1_2024-08-27T000000_5,2024-09-24 00:00:00,601318.SS,1d,COUNTDOWN,SELL_COUNTDOWN_PROGRESS,-1,5,,,SELL_SETUP,True,2024-08-15 00:00:00,2024-08-27 00:00:00,40.17,36.75,2024-08-27 00:00:00,2024-08-30 00:00:00,2024-09-18 00:00:00,2024-09-19 00:00:00,2024-09-20 00:00:00,2024-09-24 00:00:00,,,,,,,,,,2024-08-30 00:00:00,39.24,41.06,43.03,43.03,41.0,2083930598.4,0.018292,0.078987
000651SZ_2024-09-24T000000_SELL_COUNTDOWN_PROGRESS_-1_2024-08-27T000000_8,2024-09-24 00:00:00,000651.SZ,1d,COUNTDOWN,SELL_COUNTDOWN_PROGRESS,-1,8,,,SELL_SETUP,True,2024-08-15 00:00:00,2024-08-27 00:00:00,35.98,33.53,2024-08-27 00:00:00,2024-08-30 00:00:00,2024-09-02 00:00:00,2024-09-03 00:00:00,2024-09-18 00:00:00,2024-09-19 00:00:00,2024-09-20 00:00:00,2024-09-23 00:00:00,2024-09-24 00:00:00,37.49,,,,,,2024-08-30 00:00:00,34.37,36.39,37.49,37.86,36.61,1255255857.6765,0.015026,0.048671
600519SS_2024-09-25T000000_BUY_COUNTDOWN_CANCEL_1_2024-09-23T000000_0,2024-09-25 00:00:00,600519.SS,1d,COUNTDOWN,BUY_COUNTDOWN_CANCEL,1,0,,tdst_break_rule_4,BUY_SETUP,False,2024-09-09 00:00:00,2024-09-23 00:00:00,1318.27,1318.27,2024-09-23 00:00:00,,,,,,,,,,,,,,,,,,1323.56,1351.56,1321.27,5000915641.6,0.027787,-0.003816
601318SS_2024-09-25T000000_SELL_COUNTDOWN_PROGRESS_-1_2024-08-27T000000_6,2024-09-25 00:00:00,601318.SS,1d,COUNTDOWN,SELL_COUNTDOWN_PROGRESS,-1,6,,,SELL_SETUP,True,2024-08-15 00:00:00,2024-08-27 00:00:00,40.17,36.75,2024-08-27 00:00:00,2024-08-30 00:00:00,2024-09-18 00:00:00,2024-09-19 00:00:00,2024-09-20 00:00:00,2024-09-24 00:00:00,2024-09-25 00:00:00,,,,,,,,,2024-08-30 00:00:00,39.24,41.06,43.89,44.73,43.78,2310698726.4,0.018482,0.106099
600036SS_2024-09-25T000000_BUY_COUNTDOWN_CANCEL_1_2024-09-10T000000_1,2024-09-25 00:00:00,600036.SS,1d,COUNTDOWN,BUY_COUNTDOWN_CANCEL,1,1,,tdst_break_rule_4,BUY_SETUP,True,2024-08-29 00:00:00,2024-09-10 00:00:00,30.76,30.76,2024-09-10 00:00:00,2024-09-10 00:00:00,,,,,,,,,,,,,,2024-09-10 00:00:00,26.93,27.42,31.14,31.48,30.69,1981424326.4,0.021393,0.014663
000651SZ_2024-09-25T000000_SELL_COUNTDOWN_PROGRESS_-1_2024-08-27T000000_9,2024-09-25 00:00:00,000651.SZ,1d,COUNTDOWN,SELL_COUNTDOWN_PROGRESS,-1,9,,,SELL_SETUP,True,2024-08-15 00:00:00,2024-08-27 00:00:00,35.98,33.53,2024-08-27 00:00:00,2024-08-30 00:00:00,2024-09-02 00:00:00,2024-09-03 00:00:00,2024-09-18 00:00:00,2024-09-19 00:00:00,2024-09-20 00:00:00,2024-09-23 00:00:00,2024-09-24 00:00:00,37.49,2024-09-25 00:00:00,,,,,2024-08-30 00:00:00,34.37,36.39,38.49,39.09,37.96,1320328978.1545,0.015699,0.085755
601318SS_2024-09-26T000000_SELL_COUNTDOWN_PROGRESS_-1_2024-08-27T000000_7,2024-09-26 00:00:00,601318.SS,1d,COUNTDOWN,SELL_COUNTDOWN_PROGRESS,-1,7,,,SELL_SETUP,True,2024-08-15 00:00:00,2024-08-27 00:00:00,40.17,36.75,2024-08-27 00:00:00,2024-08-30 00:00:00,2024-09-18 00:00:00,2024-09-19 00:00:00,2024-09-20 00:00:00,2024-09-24 00:00:00,2024-09-25 00:00:00,2024-09-26 00:00:00,,,,,,,,2024-08-30 00:00:00,39.24,41.06,46.95,46.97,43.73,2638500217.6,0.023336,0.182024
000651SZ_2024-09-26T000000_SELL_COUNTDOWN_PROGRESS_-1_2024-08-27T000000_10,2024-09-26 00:00:00,000651.SZ,1d,COUNTDOWN,SELL_COUNTDOWN_PROGRESS,-1,10,,,SELL_SETUP,True,2024-08-15 00:00:00,2024-08-27 00:00:00,35.98,33.53,2024-08-27 00:00:00,2024-08-30 00:00:00,2024-09-02 00:00:00,2024-09-03 00:00:00,2024-09-18 00:00:00,2024-09-19 00:00:00,2024-09-20 00:00:00,2024-09-23 00:00:00,2024-09-24 00:00:00,37.49,2024-09-25 00:00:00,2024-09-26 00:00:00,,,,2024-08-30 00:00:00,34.37,36.39,40.39,40.41,38.46,1385428920.9375,0.0177,0.160299
601318SS_2024-09-27T000000_SELL_SETUP_PERFECT_-1_2024-09-27T000000_9,2024-09-27 00:00:00,601318.SS,1d,SETUP,SELL_SETUP_PERFECT,-1,9,True,,SELL_SETUP,True,2024-09-13 00:00:00,2024-09-27 00:00:00,,,,,,,,,,,,,,,,,,,,,,,,2923209804.8,0.023157,0.237037
601318SS_2024-09-27T000000_SELL_COUNTDOWN_CANCEL_-1_2024-08-27T000000_7,2024-09-27 00:00:00,601318.SS,1d,COUNTDOWN,SELL_COUNTDOWN_CANCEL,-1,7,,same_setup,SELL_SETUP,True,2024-08-15 00:00:00,2024-08-27 00:00:00,40.17,36.75,2024-08-27 00:00:00,2024-08-30 00:00:00,2024-09-18 00:00:00,2024-09-19 00:00:00,2024-09-20 00:00:00,2024-09-24 00:00:00,2024-09-25 00:00:00,2024-09-26 00:00:00,,,,,,,,2024-08-30 00:00:00,39.24,41.06,48.43,48.69,47.23,2923209804.8,0.023157,0.237037
601318SS_2024-09-27T000000_SELL_COUNTDOWN_PROGRESS_-1_2024-09-27T000000_1,2024-09-27 00:00:00,601318.SS,1d,COUNTDOWN,SELL_COUNTDOWN_PROGRESS,-1,1,,,SELL_SETUP,True,2024-09-13 00:00:00,2024-09-27 00:00:00,48.69,39.03,2024-09-27 00:00:00,2024-09-27 00:00:00,,,,,,,,,,,,,,2024-09-27 00:00:00,47.23,48.69,48.43,48.69,47.23,2923209804.8,0.023157,0.237037
600036SS_2024-09-27T000000_SELL_SETUP_PERFECT_-1_2024-09-27T000000_9,2024-09-27 00:00:00,600036.SS,1d,SETUP,SELL_SETUP_PERFECT,-1,9,True,,SELL_SETUP,True,2024-09-13 00:00:00,2024-09-27 00:00:00,,,,,,,,,,,,,,,,,,,,,,,,2282198009.6,0.022122,0.090241
600036SS_2024-09-27T000000_SELL_COUNTDOWN_PROGRESS_-1_2024-09-27T000000_1,2024-09-27 00:00:00,600036.SS,1d,COUNTDOWN,SELL_COUNTDOWN_PROGRESS,-1,1,,,SELL_SETUP,True,2024-09-13 00:00:00,2024-09-27 00:00:00,33.49,26.99,2024-09-27 00:00:00,2024-09-27 00:00:00,,,,,,,,,,,,,,2024-09-27 00:00:00,31.9,33.49,32.62,33.49,31.9,2282198009.6,0.022122,0.090241
000651SZ_2024-09-27T000000_SELL_SETUP_PERFECT_-1_2024-09-27T000000_9,2024-09-27 00:00:00,000651.SZ,1d,SETUP,SELL_SETUP_PERFECT,-1,9,True,,SELL_SETUP,True,2024-09-13 00:00:00,2024-09-27 00:00:00,,,,,,,,,,,,,,,,,,,,,,,,1509370779.854,0.017695,0.16054
000651SZ_2024-09-27T000000_SELL_COUNTDOWN_CANCEL_-1_2024-08-27T000000_10,2024-09-27 00:00:00,000651.SZ,1d,COUNTDOWN,SELL_COUNTDOWN_CANCEL,-1,10,,same_setup,SELL_SETUP,True,2024-08-15 00:00:00,2024-08-27 00:00:00,35.98,33.53,2024-08-27 00:00:00,2024-08-30 00:00:00,2024-09-02 00:00:00,2024-09-03 00:00:00,2024-09-18 00:00:00,2024-09-19 00:00:00,2024-09-20 00:00:00,2024-09-23 00:00:00,2024-09-24 00:00:00,37.49,2024-09-25 00:00:00,2024-09-26 00:00:00,,,,2024-08-30 00:00:00,34.37,36.39,40.41,41.51,39.56,1509370779.854,0.017695,0.16054
000651SZ_2024-09-27T000000_SELL_COUNTDOWN_PROGRESS_-1_2024-09-27T000000_1,2024-09-27 00:00:00,000651.SZ,1d,COUNTDOWN,SELL_COUNTDOWN_PROGRESS,-1,1,,,SELL_SETUP,True,2024-09-13 00:00:00,2024-09-27 00:00:00,41.51,34.62,2024-09-27 00:00:00,2024-09-27 00:00:00,,,,,,,,,,,,,,2024-09-27 00:00:00,39.56,41.51,40.41,41.51,39.56,1509370779.854,0.017695,0.16054
601318SS_2024-09-30T000000_SELL_COUNTDOWN_PROGRESS_-1_2024-09-27T000000_2,2024-09-30 00:00:00,601318.SS,1d,COUNTDOWN,SELL_COUNTDOWN_PROGRESS,-1,2,,,SELL_SETUP,True,2024-09-13 00:00:00,2024-09-27 00:00:00,48.69,39.03,2024-09-27 00:00:00,2024-09-27 00:00:00,2024-09-30 00:00:00,,,,,,,,,,,,,2024-09-27 00:00:00,47.23,48.69,53.62,53.62,50.93,3557623110.4,0.031179,0.321992
600036SS_2024-09-30T000000_SELL_COUNTDOWN_PROGRESS_-1_2024-09-27T000000_2,2024-09-30 00:00:00,600036.SS,1d,COUNTDOWN,SELL_COUNTDOWN_PROGRESS,-1,2,,,SELL_SETUP,True,2024-09-13 00:00:00,2024-09-27 00:00:00,33.49,26.99,2024-09-27 00:00:00,2024-09-27 00:00:00,2024-09-30 00:00:00,,,,,,,,,,,,,2024-09-27 00:00:00,31.9,33.49,34.6,34.99,32.91,2668768870.4,0.024142,0.187371
000651SZ_2024-09-30T000000_SELL_COUNTDOWN_PROGRESS_-1_2024-09-27T000000_2,2024-09-30 00:00:00,000651.SZ,1d,COUNTDOWN,SELL_COUNTDOWN_PROGRESS,-1,2,,,SELL_SETUP,True,2024-09-13 00:00:00,2024-09-27 00:00:00,41.51,34.62,2024-09-27 00:00:00,2024-09-27 00:00:00,2024-09-30 00:00:00,,,,,,,,,,,,,2024-09-27 00:00:00,39.56,41.51,43.95,44.13,41.51,1780612370.0605,0.024892,0.230748
601318SS_2024-10-08T000000_SELL_COUNTDOWN_PROGRESS_-1_2024-09-27T000000_3,2024-10-08 00:00:00,601318.SS,1d,COUNTDOWN,SELL_COUNTDOWN_PROGRESS,-1,3,,,SELL_SETUP,True,2024-09-13 00:00:00,2024-09-27 00:00:00,48.69,39.03,2024-09-27 00:00:00,2024-09-27 00:00:00,2024-09-30 00:00:00,2024-10-08 00:00:00,,,,,,,,,,,,2024-09-27 00:00:00,47.23,48.69,58.26,59.33,55.63,4538118470.4,0.034136,0.457229
600036SS_2024-10-08T000000_SELL_COUNTDOWN_PROGRESS_-1_2024-09-27T000000_3,2024-10-08 00:00:00,600036.SS,1d,COUNTDOWN,SELL_COUNTDOWN_PROGRESS,-1,3,,,SELL_SETUP,True,2024-09-13 00:00:00,2024-09-27 00:00:00,33.49,26.99,2024-09-27 00:00:00,2024-09-27 00:00:00,2024-09-30 00:00:00,2024-10-08 00:00:00,,,,,,,,,,,,2024-09-27 00:00:00,31.9,33.49,36.99,38.36,35.81,3087833100.8,0.027187,0.279046
000651SZ_2024-10-08T000000_SELL_COUNTDOWN_PROGRESS_-1_2024-09-27T000000_3,2024-10-08 00:00:00,000651.SZ,1d,COUNTDOWN,SELL_COUNTDOWN_PROGRESS,-1,3,,,SELL_SETUP,True,2024-09-13 00:00:00,2024-09-27 00:00:00,41.51,34.62,2024-09-27 00:00:00,2024-09-27 00:00:00,2024-09-30 00:00:00,2024-10-08 00:00:00,,,,,,,,,,,,2024-09-27 00:00:00,39.56,41.51,47.51,48.74,45.22,2019768186.687,0.029347,0.317526
000858SZ_2024-10-10T000000_SELL_SETUP_-1_2024-10-10T000000_9,2024-10-10 00:00:00,000858.SZ,1d,SETUP,SELL_SETUP,-1,9,False,,SELL_SETUP,False,2024-09-23 00:00:00,2024-10-10 00:00:00,,,,,,,,,,,,,,,,,,,,,,,,5646113879.4265,0.052568,0.296714
601318SS_2024-10-18T000000_SELL_COUNTDOWN_PROGRESS_-1_2024-09-27T000000_4,2024-10-18 00:00:00,601318.SS,1d,COUNTDOWN,SELL_COUNTDOWN_PROGRESS,-1,4,,,SELL_SETUP,True,2024-09-13 00:00:00,2024-09-27 00:00:00,48.69,39.03,2024-09-27 00:00:00,2024-09-27 00:00:00,2024-09-30 00:00:00,2024-10-08 00:00:00,2024-10-18 00:00:00,,,,,,,,,,,2024-09-27 00:00:00,47.23,48.69,54.63,55.8,52.2,7254311302.4,0.044824,0.396116
000858SZ_2024-10-21T000000_SELL_COUNTDOWN_PROGRESS_-1_2024-10-10T000000_1,2024-10-21 00:00:00,000858.SZ,1d,COUNTDOWN,SELL_COUNTDOWN_PROGRESS,-1,1,,,SELL_SETUP,False,2024-09-23 00:00:00,2024-10-10 00:00:00,170.43,102.07,2024-10-10 00:00:00,2024-10-21 00:00:00,,,,,,,,,,,,,,2024-10-21 00:00:00,132.77,137.17,134.68,137.17,132.77,6878212165.8735,0.053001,0.335184
000858SZ_2024-10-23T000000_SELL_COUNTDOWN_PROGRESS_-1_2024-10-10T000000_2,2024-10-23 00:00:00,000858.SZ,1d,COUNTDOWN,SELL_COUNTDOWN_PROGRESS,-1,2,,,SELL_SETUP,False,2024-09-23 00:00:00,2024-10-10 00:00:00,170.43,102.07,2024-10-10 00:00:00,2024-10-21 00:00:00,2024-10-23 00:00:00,,,,,,,,,,,,,2024-10-21 00:00:00,132.77,137.17,140.2,141.2,135.67,7095041188.378,0.052382,0.366871
601318SS_2024-10-23T000000_SELL_COUNTDOWN_PROGRESS_-1_2024-09-27T000000_5,2024-10-23 00:00:00,601318.SS,1d,COUNTDOWN,SELL_COUNTDOWN_PROGRESS,-1,5,,,SELL_SETUP,True,2024-09-13 00:00:00,2024-09-27 00:00:00,48.69,39.03,2024-09-27 00:00:00,2024-09-27 00:00:00,2024-09-30 00:00:00,2024-10-08 00:00:00,2024-10-18 00:00:00,2024-10-23 00:00:00,,,,,,,,,,2024-09-27 00:00:00,47.23,48.69,55.76,56.75,54.35,7836026387.2,0.045164,0.374753
600036SS_2024-10-23T000000_SELL_COUNTDOWN_PROGRESS_-1_2024-09-27T000000_4,2024-10-23 00:00:00,600036.SS,1d,COUNTDOWN,SELL_COUNTDOWN_PROGRESS,-1,4,,,SELL_SETUP,True,2024-09-13 00:00:00,2024-09-27 00:00:00,33.49,26.99,2024-09-27 00:00:00,2024-09-27 00:00:00,2024-09-30 00:00:00,2024-10-08 00:00:00,2024-10-23 00:00:00,,,,,,,,,,,2024-09-27 00:00:00,31.9,33.49,36.65,36.93,36.01,4418438713.6,0.035001,0.317871
000651SZ_2024-10-23T000000_SELL_COUNTDOWN_PROGRESS_-1_2024-09-27T000000_4,2024-10-23 00:00:00,000651.SZ,1d,COUNTDOWN,SELL_COUNTDOWN_PROGRESS,-1,4,,,SELL_SETUP,True,2024-09-13 00:00:00,2024-09-27 00:00:00,41.51,34.62,2024-09-27 00:00:00,2024-09-27 00:00:00,2024-09-30 00:00:00,2024-10-08 00:00:00,2024-10-23 00:00:00,,,,,,,,,,,2024-09-27 00:00:00,39.56,41.51,43.94,44.44,43.59,2801101725.82,0.037366,0.198582
000858SZ_2024-10-24T000000_SELL_COUNTDOWN_PROGRESS_-1_2024-10-10T000000_3,2024-10-24 00:00:00,000858.SZ,1d,COUNTDOWN,SELL_COUNTDOWN_PROGRESS,-1,3,,,SELL_SETUP,False,2024-09-23 00:00:00,2024-10-10 00:00:00,170.43,102.07,2024-10-10 00:00:00,2024-10-21 00:00:00,2024-10-23 00:00:00,2024-10-24 00:00:00,,,,,,,,,,,,2024-10-21 00:00:00,132.77,137.17,138.13,140.17,137.78,7056605575.176,0.052628,0.35488
000858SZ_2024-10-28T000000_SELL_COUNTDOWN_PROGRESS_-1_2024-10-10T000000_4,2024-10-28 00:00:00,000858.SZ,1d,COUNTDOWN,SELL_COUNTDOWN_PROGRESS,-1,4,,,SELL_SETUP,False,2024-09-23 00:00:00,2024-10-10 00:00:00,170.43,102.07,2024-10-10 00:00:00,2024-10-21 00:00:00,2024-10-23 00:00:00,2024-10-24 00:00:00,2024-10-28 00:00:00,,,,,,,,,,,2024-10-21 00:00:00,132.77,137.17,145.64,145.67,138.34,7312607172.8785,0.051057,0.300009
000858SZ_2024-10-29T000000_SELL_COUNTDOWN_PROGRESS_-1_2024-10-10T000000_5,2024-10-29 00:00:00,000858.SZ,1d,COUNTDOWN,SELL_COUNTDOWN_PROGRESS,-1,5,,,SELL_SETUP,False,2024-09-23 00:00:00,2024-10-10 00:00:00,170.43,102.07,2024-10-10 00:00:00,2024-10-21 00:00:00,2024-10-23 00:00:00,2024-10-24 00:00:00,2024-10-28 00:00:00,2024-10-29 00:00:00,,,,,,,,,,2024-10-21 00:00:00,132.77,137.17,142.47,148.55,142.07,7266721392.428,0.051719,0.252263
601318SS_2024-11-04T000000_SELL_COUNTDOWN_PROGRESS_-1_2024-09-27T000000_6,2024-11-04 00:00:00,601318.SS,1d,COUNTDOWN,SELL_COUNTDOWN_PROGRESS,-1,6,,,SELL_SETUP,True,2024-09-13 00:00:00,2024-09-27 00:00:00,48.69,39.03,2024-09-27 00:00:00,2024-09-27 00:00:00,2024-09-30 00:00:00,2024-10-08 00:00:00,2024-10-18 00:00:00,2024-10-23 00:00:00,2024-11-04 00:00:00,,,,,,,,,2024-09-27 00:00:00,47.23,48.69,54.42,54.42,53.38,6900155750.4,0.030047,-0.065911
600036SS_2024-11-04T000000_SELL_COUNTDOWN_PROGRESS_-1_2024-09-27T000000_5,2024-11-04 00:00:00,600036.SS,1d,COUNTDOWN,SELL_COUNTDOWN_PROGRESS,-1,5,,,SELL_SETUP,True,2024-09-13 00:00:00,2024-09-27 00:00:00,33.49,26.99,2024-09-27 00:00:00,2024-09-27 00:00:00,2024-09-30 00:00:00,2024-10-08 00:00:00,2024-10-23 00:00:00,2024-11-04 00:00:00,,,,,,,,,,2024-09-27 00:00:00,31.9,33.49,35.74,35.74,34.4,3704697785.6,0.027358,-0.033793
000858SZ_2024-11-05T000000_SELL_COUNTDOWN_PROGRESS_-1_2024-10-10T000000_6,2024-11-05 00:00:00,000858.SZ,1d,COUNTDOWN,SELL_COUNTDOWN_PROGRESS,-1,6,,,SELL_SETUP,False,2024-09-23 00:00:00,2024-10-10 00:00:00,170.43,102.07,2024-10-10 00:00:00,2024-10-21 00:00:00,2024-10-23 00:00:00,2024-10-24 00:00:00,2024-10-28 00:00:00,2024-10-29 00:00:00,2024-11-05 00:00:00,,,,,,,,,2024-10-21 00:00:00,132.77,137.17,144.47,144.66,138.47,4976355218.347,0.023141,0.036742
601318SS_2024-11-05T000000_SELL_COUNTDOWN_PROGRESS_-1_2024-09-27T000000_7,2024-11-05 00:00:00,601318.SS,1d,COUNTDOWN,SELL_COUNTDOWN_PROGRESS,-1,7,,,SELL_SETUP,True,2024-09-13 00:00:00,2024-09-27 00:00:00,48.69,39.03,2024-09-27 00:00:00,2024-09-27 00:00:00,2024-09-30 00:00:00,2024-10-08 00:00:00,2024-10-18 00:00:00,2024-10-23 00:00:00,2024-11-04 00:00:00,2024-11-05 00:00:00,,,,,,,,2024-09-27 00:00:00,47.23,48.69,56.2,56.33,53.73,6026945920.0,0.019713,0.07601
600036SS_2024-11-05T000000_SELL_COUNTDOWN_PROGRESS_-1_2024-09-27T000000_6,2024-11-05 00:00:00,600036.SS,1d,COUNTDOWN,SELL_COUNTDOWN_PROGRESS,-1,6,,,SELL_SETUP,True,2024-09-13 00:00:00,2024-09-27 00:00:00,33.49,26.99,2024-09-27 00:00:00,2024-09-27 00:00:00,2024-09-30 00:00:00,2024-10-08 00:00:00,2024-10-23 00:00:00,2024-11-04 00:00:00,2024-11-05 00:00:00,,,,,,,,,2024-09-27 00:00:00,31.9,33.49,36.07,36.09,35.39,3226995577.6,0.020003,0.060882
000858SZ_2024-11-06T000000_SELL_COUNTDOWN_PROGRESS_-1_2024-10-10T000000_7,2024-11-06 00:00:00,000858.SZ,1d,COUNTDOWN,SELL_COUNTDOWN_PROGRESS,-1,7,,,SELL_SETUP,False,2024-09-23 00:00:00,2024-10-10 00:00:00,170.43,102.07,2024-10-10 00:00:00,2024-10-21 00:00:00,2024-10-23 00:00:00,2024-10-24 00:00:00,2024-10-28 00:00:00,2024-10-29 00:00:00,2024-11-05 00:00:00,2024-11-06 00:00:00,,,,,,,,2024-10-21 00:00:00,132.77,137.17,142.92,144.67,140.82,4584334904.559,0.022275,-0.005082
601318SS_2024-11-06T000000_SELL_COUNTDOWN_PROGRESS_-1_2024-09-27T000000_8,2024-11-06 00:00:00,601318.SS,1d,COUNTDOWN,SELL_COUNTDOWN_PROGRESS,-1,8,,,SELL_SETUP,True,2024-09-13 00:00:00,2024-09-27 00:00:00,48.69,39.03,2024-09-27 00:00:00,2024-09-27 00:00:00,2024-09-30 00:00:00,2024-10-08 00:00:00,2024-10-18 00:00:00,2024-10-23 00:00:00,2024-11-04 00:00:00,2024-11-05 00:00:00,2024-11-06 00:00:00,54.94,,,,,,2024-09-27 00:00:00,47.23,48.69,54.94,56.5,54.4,5570943641.6,0.01674,-0.001635
000651SZ_2024-11-06T000000_BUY_SETUP_PERFECT_1_2024-11-06T000000_9,2024-11-06 00:00:00,000651.SZ,1d,SETUP,BUY_SETUP_PERFECT,1,9,True,,BUY_SETUP,True,2024-10-25 00:00:00,2024-11-06 00:00:00,,,,,,,,,,,,,,,,,,,,,,,,2216085344.73,0.019236,-0.149146
000651SZ_2024-11-06T000000_SELL_COUNTDOWN_CANCEL_-1_2024-09-27T000000_4,2024-11-06 00:00:00,000651.SZ,1d,COUNTDOWN,SELL_COUNTDOWN_CANCEL,-1,4,,opposite_setup,SELL_SETUP,True,2024-09-13 00:00:00,2024-09-27 00:00:00,41.51,34.62,2024-09-27 00:00:00,2024-09-27 00:00:00,2024-09-30 00:00:00,2024-10-08 00:00:00,2024-10-23 00:00:00,,,,,,,,,,,2024-09-27 00:00:00,39.56,41.51,38.85,39.82,38.68,2216085344.73,0.019236,-0.149146
000651SZ_2024-11-06T000000_BUY_COUNTDOWN_PROGRESS_1_2024-11-06T000000_1,2024-11-06 00:00:00,000651.SZ,1d,COUNTDOWN,BUY_COUNTDOWN_PROGRESS,1,1,,,BUY_SETUP,True,2024-10-25 00:00:00,2024-11-06 00:00:00,43.39,43.39,2024-11-06 00:00:00,2024-11-06 00:00:00,,,,,,,,,,,,,,2024-11-06 00:00:00,38.68,39.82,38.85,39.82,38.68,2216085344.73,0.019236,-0.149146
000858SZ_2024-11-07T000000_SELL_COUNTDOWN_PROGRESS_-1_2024-10-10T000000_8,2024-11-07 00:00:00,000858.SZ,1d,COUNTDOWN,SELL_COUNTDOWN_PROGRESS,-1,8,,,SELL_SETUP,False,2024-09-23 00:00:00,2024-10-10 00:00:00,170.43,102.07,2024-10-10 00:00:00,2024-10-21 00:00:00,2024-10-23 00:00:00,2024-10-24 00:00:00,2024-10-28 00:00:00,2024-10-29 00:00:00,2024-11-05 00:00:00,2024-11-06 00:00:00,2024-11-07 00:00:00,153.91,,,,,,2024-10-21 00:00:00,132.77,137.17,153.91,154.69,141.5,4656258091.3415,0.027744,0.089089
601318SS_2024-11-07T000000_SELL_COUNTDOWN_PROGRESS_-1_2024-09-27T000000_9,2024-11-07 00:00:00,601318.SS,1d,COUNTDOWN,SELL_COUNTDOWN_PROGRESS,-1,9,,,SELL_SETUP,True,2024-09-13 00:00:00,2024-09-27 00:00:00,48.69,39.03,2024-09-27 00:00:00,2024-09-27 00:00:00,2024-09-30 00:00:00,2024-10-08 00:00:00,2024-10-18 00:00:00,2024-10-23 00:00:00,2024-11-04 00:00:00,2024-11-05 00:00:00,2024-11-06 00:00:00,54.94,2024-11-07 00:00:00,,,,,2024-09-27 00:00:00,47.23,48.69,58.29,58.45,54.35,5474653849.6,0.021034,0.078047
600036SS_2024-11-07T000000_SELL_COUNTDOWN_PROGRESS_-1_2024-09-27T000000_7,2024-11-07 00:00:00,600036.SS,1d,COUNTDOWN,SELL_COUNTDOWN_PROGRESS,-1,7,,,SELL_SETUP,True,2024-09-13 00:00:00,2024-09-27 00:00:00,33.49,26.99,2024-09-27 00:00:00,2024-09-27 00:00:00,2024-09-30 00:00:00,2024-10-08 00:00:00,2024-10-23 00:00:00,2024-11-04 00:00:00,2024-11-05 00:00:00,2024-11-07 00:00:00,,,,,,,,2024-09-27 00:00:00,31.9,33.49,36.56,36.57,35.37,2865169260.8,0.017966,0.032185
000858SZ_2024-11-08T000000_SELL_COUNTDOWN_PROGRESS_-1_2024-10-10T000000_9,2024-11-08 00:00:00,000858.SZ,1d,COUNTDOWN,SELL_COUNTDOWN_PROGRESS,-1,9,,,SELL_SETUP,False,2024-09-23 00:00:00,2024-10-10 00:00:00,170.43,102.07,2024-10-10 00:00:00,2024-10-21 00:00:00,2024-10-23 00:00:00,2024-10-24 00:00:00,2024-10-28 00:00:00,2024-10-29 00:00:00,2024-11-05 00:00:00,2024-11-06 00:00:00,2024-11-07 00:00:00,153.91,2024-11-08 00:00:00,,,,,2024-10-21 00:00:00,132.77,137.17,148.14,156.27,147.67,4893339096.3385,0.029313,0.047444
601318SS_2024-11-08T000000_SELL_COUNTDOWN_PROGRESS_-1_2024-09-27T000000_10,2024-11-08 00:00:00,601318.SS,1d,COUNTDOWN,SELL_COUNTDOWN_PROGRESS,-1,10,,,SELL_SETUP,True,2024-09-13 00:00:00,2024-09-27 00:00:00,48.69,39.03,2024-09-27 00:00:00,2024-09-27 00:00:00,2024-09-30 00:00:00,2024-10-08 00:00:00,2024-10-18 00:00:00,2024-10-23 00:00:00,2024-11-04 00:00:00,2024-11-05 00:00:00,2024-11-06 00:00:00,54.94,2024-11-07 00:00:00,2024-11-08 00:00:00,,,,2024-09-27 00:00:00,47.23,48.69,56.57,58.94,56.46,5488475904.0,0.021918,0.024819
000651SZ_2024-11-12T000000_BUY_COUNTDOWN_PROGRESS_1_2024-11-06T000000_2,2024-11-12 00:00:00,000651.SZ,1d,COUNTDOWN,BUY_COUNTDOWN_PROGRESS,1,2,,,BUY_SETUP,True,2024-10-25 00:00:00,2024-11-06 00:00:00,43.39,43.39,2024-11-06 00:00:00,2024-11-06 00:00:00,2024-11-12 00:00:00,,,,,,,,,,,,,2024-11-06 00:00:00,38.68,39.82,39.71,40.96,39.54,2331491182.1365,0.018812,-0.086707
000651SZ_2024-11-15T000000_BUY_COUNTDOWN_PROGRESS_1_2024-11-06T000000_3,2024-11-15 00:00:00,000651.SZ,1d,COUNTDOWN,BUY_COUNTDOWN_PROGRESS,1,3,,,BUY_SETUP,True,2024-10-25 00:00:00,2024-11-06 00:00:00,43.39,43.39,2024-11-06 00:00:00,2024-11-06 00:00:00,2024-11-12 00:00:00,2024-11-15 00:00:00,,,,,,,,,,,,2024-11-06 00:00:00,38.68,39.82,39.13,39.87,38.9,2314198014.764,0.018164,-0.090212
000651SZ_2024-11-18T000000_BUY_COUNTDOWN_PROGRESS_1_2024-11-06T000000_4,2024-11-18 00:00:00,000651.SZ,1d,COUNTDOWN,BUY_COUNTDOWN_PROGRESS,1,4,,,BUY_SETUP,True,2024-10-25 00:00:00,2024-11-06 00:00:00,43.39,43.39,2024-11-06 00:00:00,2024-11-06 00:00:00,2024-11-12 00:00:00,2024-11-15 00:00:00,2024-11-18 00:00:00,,,,,,,,,,,2024-11-06 00:00:00,38.68,39.82,38.88,39.51,38.71,2276517953.921,0.017341,-0.112126
601318SS_2024-11-21T000000_BUY_SETUP_1_2024-11-21T000000_9,2024-11-21 00:00:00,601318.SS,1d,SETUP,BUY_SETUP,1,9,False,,BUY_SETUP,False,2024-11-11 00:00:00,2024-11-21 00:00:00,,,,,,,,,,,,,,,,,,,,,,,,4681884428.8,0.021248,-0.040073
601318SS_2024-11-21T000000_SELL_COUNTDOWN_CANCEL_-1_2024-09-27T000000_10,2024-11-21 00:00:00,601318.SS,1d,COUNTDOWN,SELL_COUNTDOWN_CANCEL,-1,10,,opposite_setup,SELL_SETUP,True,2024-09-13 00:00:00,2024-09-27 00:00:00,48.69,39.03,2024-09-27 00:00:00,2024-09-27 00:00:00,2024-09-30 00:00:00,2024-10-08 00:00:00,2024-10-18 00:00:00,2024-10-23 00:00:00,2024-11-04 00:00:00,2024-11-05 00:00:00,2024-11-06 00:00:00,54.94,2024-11-07 00:00:00,2024-11-08 00:00:00,,,,2024-09-27 00:00:00,47.23,48.69,52.94,53.12,52.57,4681884428.8,0.021248,-0.040073
000651SZ_2024-11-21T000000_BUY_COUNTDOWN_PROGRESS_1_2024-11-06T000000_5,2024-11-21 00:00:00,000651.SZ,1d,COUNTDOWN,BUY_COUNTDOWN_PROGRESS,1,5,,,BUY_SETUP,True,2024-10-25 00:00:00,2024-11-06 00:00:00,43.39,43.39,2024-11-06 00:00:00,2024-11-06 00:00:00,2024-11-12 00:00:00,2024-11-15 00:00:00,2024-11-18 00:00:00,2024-11-21 00:00:00,,,,,,,,,,2024-11-21 00:00:00,38.01,38.7,38.32,38.7,38.01,2260175130.175,0.017251,-0.108837
601318SS_2024-11-22T000000_BUY_COUNTDOWN_PROGRESS_1_2024-11-21T000000_1,2024-11-22 00:00:00,601318.SS,1d,COUNTDOWN,BUY_COUNTDOWN_PROGRESS,1,1,,,BUY_SETUP,False,2024-11-11 00:00:00,2024-11-21 00:00:00,56.42,56.42,2024-11-21 00:00:00,2024-11-22 00:00:00,,,,,,,,,,,,,,2024-11-22 00:00:00,50.45,52.92,50.48,52.92,50.45,4797701120.0,0.023466,-0.081347
000651SZ_2024-11-22T000000_BUY_COUNTDOWN_PROGRESS_1_2024-11-06T000000_6,2024-11-22 00:00:00,000651.SZ,1d,COUNTDOWN,BUY_COUNTDOWN_PROGRESS,1,6,,,BUY_SETUP,True,2024-10-25 00:00:00,2024-11-06 00:00:00,43.39,43.39,2024-11-06 00:00:00,2024-11-06 00:00:00,2024-11-12 00:00:00,2024-11-15 00:00:00,2024-11-18 00:00:00,2024-11-21 00:00:00,2024-11-22 00:00:00,,,,,,,,,2024-11-22 00:00:00,37.26,38.67,37.31,38.67,37.26,2305142935.2885,0.017844,-0.12766
600519SS_2024-11-25T000000_BUY_SETUP_PERFECT_1_2024-11-25T000000_9,2024-11-25 00:00:00,600519.SS,1d,SETUP,BUY_SETUP_PERFECT,1,9,True,,BUY_SETUP,True,2024-11-13 00:00:00,2024-11-25 00:00:00,,,,,,,,,,,,,,,,,,,,,,,,5760586124.8,0.016266,-0.022696
600519SS_2024-11-25T000000_BUY_COUNTDOWN_PROGRESS_1_2024-11-25T000000_1,2024-11-25 00:00:00,600519.SS,1d,COUNTDOWN,BUY_COUNTDOWN_PROGRESS,1,1,,,BUY_SETUP,True,2024-11-13 00:00:00,2024-11-25 00:00:00,1519.01,1519.01,2024-11-25 00:00:00,2024-11-25 00:00:00,,,,,,,,,,,,,,2024-11-25 00:00:00,1421.23,1456.56,1423.13,1456.56,1421.23,5760586124.8,0.016266,-0.022696
000858SZ_2024-11-25T000000_BUY_SETUP_PERFECT_1_2024-11-25T000000_9,2024-11-25 00:00:00,000858.SZ,1d,SETUP,BUY_SETUP_PERFECT,1,9,True,,BUY_SETUP,True,2024-11-13 00:00:00,2024-11-25 00:00:00,,,,,,,,,,,,,,,,,,,,,,,,4232697031.822,0.023518,-0.049133
000858SZ_2024-11-25T000000_SELL_COUNTDOWN_CANCEL_-1_2024-10-10T000000_9,2024-11-25 00:00:00,000858.SZ,1d,COUNTDOWN,SELL_COUNTDOWN_CANCEL,-1,9,,opposite_setup,SELL_SETUP,False,2024-09-23 00:00:00,2024-10-10 00:00:00,170.43,102.07,2024-10-10 00:00:00,2024-10-21 00:00:00,2024-10-23 00:00:00,2024-10-24 00:00:00,2024-10-28 00:00:00,2024-10-29 00:00:00,2024-11-05 00:00:00,2024-11-06 00:00:00,2024-11-07 00:00:00,153.91,2024-11-08 00:00:00,,,,,2024-10-21 00:00:00,132.77,137.17,135.47,138.85,134.37,4232697031.822,0.023518,-0.049133
000858SZ_2024-11-25T000000_BUY_COUNTDOWN_PROGRESS_1_2024-11-25T000000_1,2024-11-25 00:00:00,000858.SZ,1d,COUNTDOWN,BUY_COUNTDOWN_PROGRESS,1,1,,,BUY_SETUP,True,2024-11-13 00:00:00,2024-11-25 00:00:00,147.55,147.55,2024-11-25 00:00:00,2024-11-25 00:00:00,,,,,,,,,,,,,,2024-11-25 00:00:00,134.37,138.85,135.47,138.85,134.37,4232697031.822,0.023518,-0.049133
601318SS_2024-11-25T000000_BUY_COUNTDOWN_PROGRESS_1_2024-11-21T000000_2,2024-11-25 00:00:00,601318.SS,1d,COUNTDOWN,BUY_COUNTDOWN_PROGRESS,1,2,,,BUY_SETUP,False,2024-11-11 00:00:00,2024-11-21 00:00:00,56.42,56.42,2024-11-21 00:00:00,2024-11-22 00:00:00,2024-11-25 00:00:00,,,,,,,,,,,,,2024-11-25 00:00:00,49.59,50.7,50.02,50.7,49.59,4816654476.8,0.023437,-0.091866
000651SZ_2024-11-25T000000_BUY_SETUP_PERFECT_1_2024-11-25T000000_9,2024-11-25 00:00:00,000651.SZ,1d,SETUP,BUY_SETUP_PERFECT,1,9,True,,BUY_SETUP,True,2024-11-13 00:00:00,2024-11-25 00:00:00,,,,,,,,,,,,,,,,,,,,,,,,2327034546.3095,0.017834,-0.131925
000651SZ_2024-11-25T000000_BUY_COUNTDOWN_CANCEL_1_2024-11-06T000000_6,2024-11-25 00:00:00,000651.SZ,1d,COUNTDOWN,BUY_COUNTDOWN_CANCEL,1,6,,same_setup,BUY_SETUP,True,2024-10-25 00:00:00,2024-11-06 00:00:00,43.39,43.39,2024-11-06 00:00:00,2024-11-06 00:00:00,2024-11-12 00:00:00,2024-11-15 00:00:00,2024-11-18 00:00:00,2024-11-21 00:00:00,2024-11-22 00:00:00,,,,,,,,,2024-11-22 00:00:00,37.26,38.67,36.98,37.78,36.81,2327034546.3095,0.017834,-0.131925
000651SZ_2024-11-25T000000_BUY_COUNTDOWN_PROGRESS_1_2024-11-25T000000_1,2024-11-25 00:00:00,000651.SZ,1d,COUNTDOWN,BUY_COUNTDOWN_PROGRESS,1,1,,,BUY_SETUP,True,2024-11-13 00:00:00,2024-11-25 00:00:00,40.45,40.45,2024-11-25 00:00:00,2024-11-25 00:00:00,,,,,,,,,,,,,,2024-11-25 00:00:00,36.81,37.78,36.98,37.78,36.81,2327034546.3095,0.017834,-0.131925
000651SZ_2024-11-26T000000_BUY_COUNTDOWN_PROGRESS_1_2024-11-25T000000_2,2024-11-26 00:00:00,000651.SZ,1d,COUNTDOWN,BUY_COUNTDOWN_PROGRESS,1,2,,,BUY_SETUP,True,2024-11-13 00:00:00,2024-11-25 00:00:00,40.45,40.45,2024-11-25 00:00:00,2024-11-25 00:00:00,2024-11-26 00:00:00,,,,,,,,,,,,,2024-11-26 00:00:00,36.52,37.43,37.19,37.43,36.52,2342035493.734,0.017829,-0.110074
600036SS_2024-12-03T000000_SELL_COUNTDOWN_PROGRESS_-1_2024-09-27T000000_8,2024-12-03 00:00:00,600036.SS,1d,COUNTDOWN,SELL_COUNTDOWN_PROGRESS,-1,8,,,SELL_SETUP,True,2024-09-13 00:00:00,2024-09-27 00:00:00,33.49,26.99,2024-09-27 00:00:00,2024-09-27 00:00:00,2024-09-30 00:00:00,2024-10-08 00:00:00,2024-10-23 00:00:00,2024-11-04 00:00:00,2024-11-05 00:00:00,2024-11-07 00:00:00,2024-12-03 00:00:00,34.11,,,,,,2024-09-27 00:00:00,31.9,33.49,34.11,34.21,33.37,2263464313.6,0.013201,-0.040506
600036SS_2024-12-04T000000_SELL_COUNTDOWN_PROGRESS_-1_2024-09-27T000000_9,2024-12-04 00:00:00,600036.SS,1d,COUNTDOWN,SELL_COUNTDOWN_PROGRESS,-1,9,,,SELL_SETUP,True,2024-09-13 00:00:00,2024-09-27 00:00:00,33.49,26.99,2024-09-27 00:00:00,2024-09-27 00:00:00,2024-09-30 00:00:00,2024-10-08 00:00:00,2024-10-23 00:00:00,2024-11-04 00:00:00,2024-11-05 00:00:00,2024-11-07 00:00:00,2024-12-03 00:00:00,34.11,2024-12-04 00:00:00,,,,,2024-09-27 00:00:00,31.9,33.49,33.8,34.08,33.52,2252679596.8,0.011136,-0.075492
600519SS_2024-12-05T000000_BUY_COUNTDOWN_PROGRESS_1_2024-11-25T000000_2,2024-12-05 00:00:00,600519.SS,1d,COUNTDOWN,BUY_COUNTDOWN_PROGRESS,1,2,,,BUY_SETUP,True,2024-11-13 00:00:00,2024-11-25 00:00:00,1519.01,1519.01,2024-11-25 00:00:00,2024-11-25 00:00:00,2024-12-05 00:00:00,,,,,,,,,,,,,2024-11-25 00:00:00,1421.23,1456.56,1435.56,1442.42,1434.56,4784520064.0,0.007758,-0.064495
000858SZ_2024-12-05T000000_BUY_COUNTDOWN_PROGRESS_1_2024-11-25T000000_2,2024-12-05 00:00:00,000858.SZ,1d,COUNTDOWN,BUY_COUNTDOWN_PROGRESS,1,2,,,BUY_SETUP,True,2024-11-13 00:00:00,2024-11-25 00:00:00,147.55,147.55,2024-11-25 00:00:00,2024-11-25 00:00:00,2024-12-05 00:00:00,,,,,,,,,,,,,2024-11-25 00:00:00,134.37,138.85,136.7,137.33,136.18,3364785615.5155,0.012236,-0.077224
600036SS_2024-12-06T000000_SELL_COUNTDOWN_PROGRESS_-1_2024-09-27T000000_10,2024-12-06 00:00:00,600036.SS,1d,COUNTDOWN,SELL_COUNTDOWN_PROGRESS,-1,10,,,SELL_SETUP,True,2024-09-13 00:00:00,2024-09-27 00:00:00,33.49,26.99,2024-09-27 00:00:00,2024-09-27 00:00:00,2024-09-30 00:00:00,2024-10-08 00:00:00,2024-10-23 00:00:00,2024-11-04 00:00:00,2024-11-05 00:00:00,2024-11-07 00:00:00,2024-12-03 00:00:00,34.11,2024-12-04 00:00:00,2024-12-06 00:00:00,,,,2024-09-27 00:00:00,31.9,33.49,34.69,34.81,34.0,2231635020.8,0.011677,-0.017837
600036SS_2024-12-09T000000_SELL_COUNTDOWN_PROGRESS_-1_2024-09-27T000000_11,2024-12-09 00:00:00,600036.SS,1d,COUNTDOWN,SELL_COUNTDOWN_PROGRESS,-1,11,,,SELL_SETUP,True,2024-09-13 00:00:00,2024-09-27 00:00:00,33.49,26.99,2024-09-27 00:00:00,2024-09-27 00:00:00,2024-09-30 00:00:00,2024-10-08 00:00:00,2024-10-23 00:00:00,2024-11-04 00:00:00,2024-11-05 00:00:00,2024-11-07 00:00:00,2024-12-03 00:00:00,34.11,2024-12-04 00:00:00,2024-12-06 00:00:00,2024-12-09 00:00:00,,,2024-09-27 00:00:00,31.9,33.49,34.69,34.98,34.34,2190481625.6,0.010675,0.003181
601318SS_2024-12-10T000000_SELL_SETUP_PERFECT_-1_2024-12-10T000000_9,2024-12-10 00:00:00,601318.SS,1d,SETUP,SELL_SETUP_PERFECT,-1,9,True,,SELL_SETUP,True,2024-11-28 00:00:00,2024-12-10 00:00:00,,,,,,,,,,,,,,,,,,,,,,,,3189019270.4,0.015264,-0.028734
601318SS_2024-12-10T000000_BUY_COUNTDOWN_CANCEL_1_2024-11-21T000000_2,2024-12-10 00:00:00,601318.SS,1d,COUNTDOWN,BUY_COUNTDOWN_CANCEL,1,2,,opposite_setup,BUY_SETUP,False,2024-11-11 00:00:00,2024-11-21 00:00:00,56.42,56.42,2024-11-21 00:00:00,2024-11-22 00:00:00,2024-11-25 00:00:00,,,,,,,,,,,,,2024-11-25 00:00:00,49.59,50.7,53.07,54.63,52.95,3189019270.4,0.015264,-0.028734
600036SS_2024-12-10T000000_SELL_SETUP_PERFECT_-1_2024-12-10T000000_9,2024-12-10 00:00:00,600036.SS,1d,SETUP,SELL_SETUP_PERFECT,-1,9,True,,SELL_SETUP,True,2024-11-28 00:00:00,2024-12-10 00:00:00,,,,,,,,,,,,,,,,,,,,,,,,2221648192.0,0.012065,0.022407
600036SS_2024-12-10T000000_SELL_COUNTDOWN_CANCEL_-1_2024-09-27T000000_11,2024-12-10 00:00:00,600036.SS,1d,COUNTDOWN,SELL_COUNTDOWN_CANCEL,-1,11,,same_setup,SELL_SETUP,True,2024-09-13 00:00:00,2024-09-27 00:00:00,33.49,26.99,2024-09-27 00:00:00,2024-09-27 00:00:00,2024-09-30 00:00:00,2024-10-08 00:00:00,2024-10-23 00:00:00,2024-11-04 00:00:00,2024-11-05 00:00:00,2024-11-07 00:00:00,2024-12-03 00:00:00,34.11,2024-12-04 00:00:00,2024-12-06 00:00:00,2024-12-09 00:00:00,,,2024-09-27 00:00:00,31.9,33.49,35.59,35.98,35.39,2221648192.0,0.012065,0.022407
600036SS_2024-12-10T000000_SELL_COUNTDOWN_PROGRESS_-1_2024-12-10T000000_1,2024-12-10 00:00:00,600036.SS,1d,COUNTDOWN,SELL_COUNTDOWN_PROGRESS,-1,1,,,SELL_SETUP,True,2024-11-28 00:00:00,2024-12-10 00:00:00,35.98,33.17,2024-12-10 00:00:00,2024-12-10 00:00:00,,,,,,,,,,,,,,2024-12-10 00:00:00,35.39,35.98,35.59,35.98,35.39,2221648192.0,0.012065,0.022407
600036SS_2024-12-11T000000_SELL_COUNTDOWN_PROGRESS_-1_2024-12-10T000000_2,2024-12-11 00:00:00,600036.SS,1d,COUNTDOWN,SELL_COUNTDOWN_PROGRESS,-1,2,,,SELL_SETUP,True,2024-11-28 00:00:00,2024-12-10 00:00:00,35.98,33.17,2024-12-10 00:00:00,2024-12-10 00:00:00,2024-12-11 00:00:00,,,,,,,,,,,,,2024-12-11 00:00:00,35.22,35.78,35.29,35.78,35.22,2229402534.4,0.012172,0.006847
600519SS_2024-12-13T000000_BUY_COUNTDOWN_PROGRESS_1_2024-11-25T000000_3,2024-12-13 00:00:00,600519.SS,1d,COUNTDOWN,BUY_COUNTDOWN_PROGRESS,1,3,,,BUY_SETUP,True,2024-11-13 00:00:00,2024-11-25 00:00:00,1519.01,1519.01,2024-11-25 00:00:00,2024-11-25 00:00:00,2024-12-05 00:00:00,2024-12-13 00:00:00,,,,,,,,,,,,2024-11-25 00:00:00,1421.23,1456.56,1443.56,1479.55,1443.44,4623486387.2,0.012297,-0.026962
600519SS_2024-12-16T000000_BUY_COUNTDOWN_PROGRESS_1_2024-11-25T000000_4,2024-12-16 00:00:00,600519.SS,1d,COUNTDOWN,BUY_COUNTDOWN_PROGRESS,1,4,,,BUY_SETUP,True,2024-11-13 00:00:00,2024-11-25 00:00:00,1519.01,1519.01,2024-11-25 00:00:00,2024-11-25 00:00:00,2024-12-05 00:00:00,2024-12-13 00:00:00,2024-12-16 00:00:00,,,,,,,,,,,2024-11-25 00:00:00,1421.23,1456.56,1451.76,1453.56,1435.27,4658891456.0,0.012148,-0.010038
000858SZ_2024-12-16T000000_BUY_COUNTDOWN_PROGRESS_1_2024-11-25T000000_3,2024-12-16 00:00:00,000858.SZ,1d,COUNTDOWN,BUY_COUNTDOWN_PROGRESS,1,3,,,BUY_SETUP,True,2024-11-13 00:00:00,2024-11-25 00:00:00,147.55,147.55,2024-11-25 00:00:00,2024-11-25 00:00:00,2024-12-05 00:00:00,2024-12-16 00:00:00,,,,,,,,,,,,2024-11-25 00:00:00,134.37,138.85,136.26,139.71,135.69,3027300261.22,0.015981,-0.027548
000651SZ_2024-12-16T000000_BUY_COUNTDOWN_PROGRESS_1_2024-11-25T000000_3,2024-12-16 00:00:00,000651.SZ,1d,COUNTDOWN,BUY_COUNTDOWN_PROGRESS,1,3,,,BUY_SETUP,True,2024-11-13 00:00:00,2024-11-25 00:00:00,40.45,40.45,2024-11-25 00:00:00,2024-11-25 00:00:00,2024-11-26 00:00:00,2024-12-16 00:00:00,,,,,,,,,,,,2024-11-26 00:00:00,36.52,37.43,38.89,39.45,38.72,1659419665.1155,0.011627,-0.001284
000858SZ_2024-12-17T000000_BUY_COUNTDOWN_PROGRESS_1_2024-11-25T000000_4,2024-12-17 00:00:00,000858.SZ,1d,COUNTDOWN,BUY_COUNTDOWN_PROGRESS,1,4,,,BUY_SETUP,True,2024-11-13 00:00:00,2024-11-25 00:00:00,147.55,147.55,2024-11-25 00:00:00,2024-11-25 00:00:00,2024-12-05 00:00:00,2024-12-16 00:00:00,2024-12-17 00:00:00,,,,,,,,,,,2024-11-25 00:00:00,134.37,138.85,136.56,138.42,135.27,2970845910.349,0.015847,-0.03334
600036SS_2024-12-18T000000_SELL_COUNTDOWN_PROGRESS_-1_2024-12-10T000000_3,2024-12-18 00:00:00,600036.SS,1d,COUNTDOWN,SELL_COUNTDOWN_PROGRESS,-1,3,,,SELL_SETUP,True,2024-11-28 00:00:00,2024-12-10 00:00:00,35.98,33.17,2024-12-10 00:00:00,2024-12-10 00:00:00,2024-12-11 00:00:00,2024-12-18 00:00:00,,,,,,,,,,,,2024-12-18 00:00:00,34.85,35.65,35.51,35.65,34.85,2351468921.6,0.016434,0.031668
000858SZ_2024-12-19T000000_BUY_COUNTDOWN_PROGRESS_1_2024-11-25T000000_5,2024-12-19 00:00:00,000858.SZ,1d,COUNTDOWN,BUY_COUNTDOWN_PROGRESS,1,5,,,BUY_SETUP,True,2024-11-13 00:00:00,2024-11-25 00:00:00,147.55,147.55,2024-11-25 00:00:00,2024-11-25 00:00:00,2024-12-05 00:00:00,2024-12-16 00:00:00,2024-12-17 00:00:00,2024-12-19 00:00:00,,,,,,,,,,2024-11-25 00:00:00,134.37,138.85,135.22,136.08,134.98,2970849839.817,0.014335,-0.009813
600519SS_2024-12-20T000000_BUY_COUNTDOWN_PROGRESS_1_2024-11-25T000000_5,2024-12-20 00:00:00,600519.SS,1d,COUNTDOWN,BUY_COUNTDOWN_PROGRESS,1,5,,,BUY_SETUP,True,2024-11-13 00:00:00,2024-11-25 00:00:00,1519.01,1519.01,2024-11-25 00:00:00,2024-11-25 00:00:00,2024-12-05 00:00:00,2024-12-13 00:00:00,2024-12-16 00:00:00,2024-12-20 00:00:00,,,,,,,,,,2024-11-25 00:00:00,1421.23,1456.56,1470.44,1490.24,1468.46,4991893747.2,0.012116,0.033244
000858SZ_2024-12-20T000000_BUY_COUNTDOWN_PROGRESS_1_2024-11-25T000000_6,2024-12-20 00:00:00,000858.SZ,1d,COUNTDOWN,BUY_COUNTDOWN_PROGRESS,1,6,,,BUY_SETUP,True,2024-11-13 00:00:00,2024-11-25 00:00:00,147.55,147.55,2024-11-25 00:00:00,2024-11-25 00:00:00,2024-12-05 00:00:00,2024-12-16 00:00:00,2024-12-17 00:00:00,2024-12-19 00:00:00,2024-12-20 00:00:00,,,,,,,,,2024-11-25 00:00:00,134.37,138.85,134.88,136.14,134.39,2955552888.178,0.014234,-0.004355
601318SS_2024-12-20T000000_SELL_COUNTDOWN_CANCEL_-1_2024-12-10T000000_0,2024-12-20 00:00:00,601318.SS,1d,COUNTDOWN,SELL_COUNTDOWN_CANCEL,-1,0,,tdst_break_rule_4,SELL_SETUP,True,2024-11-28 00:00:00,2024-12-10 00:00:00,54.63,50.28,2024-12-10 00:00:00,,,,,,,,,,,,,,,,,,50.07,50.68,49.97,2951983110.4,0.01347,0.001
600519SS_2024-12-23T000000_BUY_COUNTDOWN_PROGRESS_1_2024-11-25T000000_6,2024-12-23 00:00:00,600519.SS,1d,COUNTDOWN,BUY_COUNTDOWN_PROGRESS,1,6,,,BUY_SETUP,True,2024-11-13 00:00:00,2024-11-25 00:00:00,1519.01,1519.01,2024-11-25 00:00:00,2024-11-25 00:00:00,2024-12-05 00:00:00,2024-12-13 00:00:00,2024-12-16 00:00:00,2024-12-20 00:00:00,2024-12-23 00:00:00,,,,,,,,,2024-11-25 00:00:00,1421.23,1456.56,1474.89,1486.44,1465.44,4906385523.2,0.012051,0.02883
000858SZ_2024-12-23T000000_BUY_COUNTDOWN_PROGRESS_1_2024-11-25T000000_7,2024-12-23 00:00:00,000858.SZ,1d,COUNTDOWN,BUY_COUNTDOWN_PROGRESS,1,7,,,BUY_SETUP,True,2024-11-13 00:00:00,2024-11-25 00:00:00,147.55,147.55,2024-11-25 00:00:00,2024-11-25 00:00:00,2024-12-05 00:00:00,2024-12-16 00:00:00,2024-12-17 00:00:00,2024-12-19 00:00:00,2024-12-20 00:00:00,2024-12-23 00:00:00,,,,,,,,2024-12-23 00:00:00,133.92,135.61,134.12,135.61,133.92,2918959183.6375,0.01417,-0.01722
000651SZ_2024-12-23T000000_BUY_COUNTDOWN_CANCEL_1_2024-11-25T000000_3,2024-12-23 00:00:00,000651.SZ,1d,COUNTDOWN,BUY_COUNTDOWN_CANCEL,1,3,,tdst_break_rule_4,BUY_SETUP,True,2024-11-13 00:00:00,2024-11-25 00:00:00,40.45,40.45,2024-11-25 00:00:00,2024-11-25 00:00:00,2024-11-26 00:00:00,2024-12-16 00:00:00,,,,,,,,,,,,2024-11-26 00:00:00,36.52,37.43,40.5,40.71,39.32,1718346043.53,0.011402,0.089002
600036SS_2024-12-24T000000_SELL_COUNTDOWN_PROGRESS_-1_2024-12-10T000000_4,2024-12-24 00:00:00,600036.SS,1d,COUNTDOWN,SELL_COUNTDOWN_PROGRESS,-1,4,,,SELL_SETUP,True,2024-11-28 00:00:00,2024-12-10 00:00:00,35.98,33.17,2024-12-10 00:00:00,2024-12-10 00:00:00,2024-12-11 00:00:00,2024-12-18 00:00:00,2024-12-24 00:00:00,,,,,,,,,,,2024-12-18 00:00:00,34.85,35.65,36.21,36.28,35.31,2565423904.0,0.016097,0.077999
600036SS_2024-12-25T000000_SELL_COUNTDOWN_PROGRESS_-1_2024-12-10T000000_5,2024-12-25 00:00:00,600036.SS,1d,COUNTDOWN,SELL_COUNTDOWN_PROGRESS,-1,5,,,SELL_SETUP,True,2024-11-28 00:00:00,2024-12-10 00:00:00,35.98,33.17,2024-12-10 00:00:00,2024-12-10 00:00:00,2024-12-11 00:00:00,2024-12-18 00:00:00,2024-12-24 00:00:00,2024-12-25 00:00:00,,,,,,,,,,2024-12-18 00:00:00,34.85,35.65,36.39,36.55,35.98,2642583846.4,0.015987,0.087567
000858SZ_2024-12-26T000000_BUY_SETUP_1_2024-12-26T000000_9,2024-12-26 00:00:00,000858.SZ,1d,SETUP,BUY_SETUP,1,9,False,,BUY_SETUP,False,2024-12-16 00:00:00,2024-12-26 00:00:00,,,,,,,,,,,,,,,,,,,,,,,,2753701601.0825,0.011909,-0.030916
000858SZ_2024-12-26T000000_BUY_COUNTDOWN_CANCEL_1_2024-11-25T000000_7,2024-12-26 00:00:00,000858.SZ,1d,COUNTDOWN,BUY_COUNTDOWN_CANCEL,1,7,,same_setup,BUY_SETUP,True,2024-11-13 00:00:00,2024-11-25 00:00:00,147.55,147.55,2024-11-25 00:00:00,2024-11-25 00:00:00,2024-12-05 00:00:00,2024-12-16 00:00:00,2024-12-17 00:00:00,2024-12-19 00:00:00,2024-12-20 00:00:00,2024-12-23 00:00:00,,,,,,,,2024-12-23 00:00:00,133.92,135.61,134.16,134.9,133.52,2753701601.0825,0.011909,-0.030916
600036SS_2024-12-26T000000_SELL_COUNTDOWN_PROGRESS_-1_2024-12-10T000000_6,2024-12-26 00:00:00,600036.SS,1d,COUNTDOWN,SELL_COUNTDOWN_PROGRESS,-1,6,,,SELL_SETUP,True,2024-11-28 00:00:00,2024-12-10 00:00:00,35.98,33.17,2024-12-10 00:00:00,2024-12-10 00:00:00,2024-12-11 00:00:00,2024-12-18 00:00:00,2024-12-24 00:00:00,2024-12-25 00:00:00,2024-12-26 00:00:00,,,,,,,,,2024-12-18 00:00:00,34.85,35.65,36.47,36.53,36.0,2666447532.8,0.015876,0.094209
000858SZ_2024-12-27T000000_BUY_COUNTDOWN_PROGRESS_1_2024-12-26T000000_1,2024-12-27 00:00:00,000858.SZ,1d,COUNTDOWN,BUY_COUNTDOWN_PROGRESS,1,1,,,BUY_SETUP,False,2024-12-16 00:00:00,2024-12-26 00:00:00,139.71,139.71,2024-12-26 00:00:00,2024-12-27 00:00:00,,,,,,,,,,,,,,2024-12-27 00:00:00,133.24,134.62,134.19,134.62,133.24,2637571369.4525,0.011831,-0.03509
000858SZ_2024-12-30T000000_BUY_COUNTDOWN_PROGRESS_1_2024-12-26T000000_2,2024-12-30 00:00:00,000858.SZ,1d,COUNTDOWN,BUY_COUNTDOWN_PROGRESS,1,2,,,BUY_SETUP,False,2024-12-16 00:00:00,2024-12-26 00:00:00,139.71,139.71,2024-12-26 00:00:00,2024-12-27 00:00:00,2024-12-30 00:00:00,,,,,,,,,,,,,2024-12-30 00:00:00,132.67,134.84,132.88,134.84,132.67,2621321234.751,0.011962,-0.041685
600036SS_2024-12-30T000000_SELL_COUNTDOWN_PROGRESS_-1_2024-12-10T000000_7,2024-12-30 00:00:00,600036.SS,1d,COUNTDOWN,SELL_COUNTDOWN_PROGRESS,-1,7,,,SELL_SETUP,True,2024-11-28 00:00:00,2024-12-10 00:00:00,35.98,33.17,2024-12-10 00:00:00,2024-12-10 00:00:00,2024-12-11 00:00:00,2024-12-18 00:00:00,2024-12-24 00:00:00,2024-12-25 00:00:00,2024-12-26 00:00:00,2024-12-30 00:00:00,,,,,,,,2024-12-18 00:00:00,34.85,35.65,36.61,36.79,36.24,2738764902.4,0.015686,0.073292
000858SZ_2024-12-31T000000_BUY_COUNTDOWN_PROGRESS_1_2024-12-26T000000_3,2024-12-31 00:00:00,000858.SZ,1d,COUNTDOWN,BUY_COUNTDOWN_PROGRESS,1,3,,,BUY_SETUP,False,2024-12-16 00:00:00,2024-12-26 00:00:00,139.71,139.71,2024-12-26 00:00:00,2024-12-27 00:00:00,2024-12-30 00:00:00,2024-12-31 00:00:00,,,,,,,,,,,,2024-12-31 00:00:00,131.68,135.27,131.71,135.27,131.68,2691969983.621,0.011954,-0.041412
600519SS_2025-01-02T000000_BUY_COUNTDOWN_PROGRESS_1_2024-11-25T000000_7,2025-01-02 00:00:00,600519.SS,1d,COUNTDOWN,BUY_COUNTDOWN_PROGRESS,1,7,,,BUY_SETUP,True,2024-11-13 00:00:00,2024-11-25 00:00:00,1519.01,1519.01,2024-11-25 00:00:00,2024-11-25 00:00:00,2024-12-05 00:00:00,2024-12-13 00:00:00,2024-12-16 00:00:00,2024-12-20 00:00:00,2024-12-23 00:00:00,2025-01-02 00:00:00,,,,,,,,2024-11-25 00:00:00,1421.23,1456.56,1436.44,1472.93,1428.44,4951468326.4,0.013336,0.000613
000858SZ_2025-01-02T000000_BUY_COUNTDOWN_PROGRESS_1_2024-12-26T000000_4,2025-01-02 00:00:00,000858.SZ,1d,COUNTDOWN,BUY_COUNTDOWN_PROGRESS,1,4,,,BUY_SETUP,False,2024-12-16 00:00:00,2024-12-26 00:00:00,139.71,139.71,2024-12-26 00:00:00,2024-12-27 00:00:00,2024-12-30 00:00:00,2024-12-31 00:00:00,2025-01-02 00:00:00,,,,,,,,,,,2025-01-02 00:00:00,127.97,131.67,128.66,131.67,127.97,2759764384.4345,0.012836,-0.058815
600519SS_2025-01-03T000000_BUY_COUNTDOWN_PROGRESS_1_2024-11-25T000000_8,2025-01-03 00:00:00,600519.SS,1d,COUNTDOWN,BUY_COUNTDOWN_PROGRESS,1,8,,,BUY_SETUP,True,2024-11-13 00:00:00,2024-11-25 00:00:00,1519.01,1519.01,2024-11-25 00:00:00,2024-11-25 00:00:00,2024-12-05 00:00:00,2024-12-13 00:00:00,2024-12-16 00:00:00,2024-12-20 00:00:00,2024-12-23 00:00:00,2025-01-02 00:00:00,2025-01-03 00:00:00,1423.44,,,,,,2025-01-03 00:00:00,1415.45,1443.43,1423.44,1443.43,1415.45,5071232908.8,0.013382,-0.015309
000858SZ_2025-01-03T000000_BUY_COUNTDOWN_PROGRESS_1_2024-12-26T000000_5,2025-01-03 00:00:00,000858.SZ,1d,COUNTDOWN,BUY_COUNTDOWN_PROGRESS,1,5,,,BUY_SETUP,False,2024-12-16 00:00:00,2024-12-26 00:00:00,139.71,139.71,2024-12-26 00:00:00,2024-12-27 00:00:00,2024-12-30 00:00:00,2024-12-31 00:00:00,2025-01-02 00:00:00,2025-01-03 00:00:00,,,,,,,,,,2025-01-03 00:00:00,126.42,129.63,127.07,129.63,126.42,2799717348.491,0.012584,-0.079936
600519SS_2025-01-06T000000_BUY_COUNTDOWN_PROGRESS_1_2024-11-25T000000_9,2025-01-06 00:00:00,600519.SS,1d,COUNTDOWN,BUY_COUNTDOWN_PROGRESS,1,9,,,BUY_SETUP,True,2024-11-13 00:00:00,2024-11-25 00:00:00,1519.01,1519.01,2024-11-25 00:00:00,2024-11-25 00:00:00,2024-12-05 00:00:00,2024-12-13 00:00:00,2024-12-16 00:00:00,2024-12-20 00:00:00,2024-12-23 00:00:00,2025-01-02 00:00:00,2025-01-03 00:00:00,1423.44,2025-01-06 00:00:00,,,,,2025-01-06 00:00:00,1381.24,1411.1,1388.44,1411.1,1381.24,5146699456.0,0.014407,-0.03805
000858SZ_2025-01-06T000000_BUY_COUNTDOWN_PROGRESS_1_2024-12-26T000000_6,2025-01-06 00:00:00,000858.SZ,1d,COUNTDOWN,BUY_COUNTDOWN_PROGRESS,1,6,,,BUY_SETUP,False,2024-12-16 00:00:00,2024-12-26 00:00:00,139.71,139.71,2024-12-26 00:00:00,2024-12-27 00:00:00,2024-12-30 00:00:00,2024-12-31 00:00:00,2025-01-02 00:00:00,2025-01-03 00:00:00,2025-01-06 00:00:00,,,,,,,,,2025-01-06 00:00:00,122.05,125.63,122.5,125.63,122.05,2846419082.7685,0.014438,-0.108637
600519SS_2025-01-07T000000_BUY_COUNTDOWN_PROGRESS_1_2024-11-25T000000_10,2025-01-07 00:00:00,600519.SS,1d,COUNTDOWN,BUY_COUNTDOWN_PROGRESS,1,10,,,BUY_SETUP,True,2024-11-13 00:00:00,2024-11-25 00:00:00,1519.01,1519.01,2024-11-25 00:00:00,2024-11-25 00:00:00,2024-12-05 00:00:00,2024-12-13 00:00:00,2024-12-16 00:00:00,2024-12-20 00:00:00,2024-12-23 00:00:00,2025-01-02 00:00:00,2025-01-03 00:00:00,1423.44,2025-01-06 00:00:00,2025-01-07 00:00:00,,,,2025-01-06 00:00:00,1381.24,1411.1,1388.64,1400.33,1387.44,5171022489.6,0.013533,-0.056085
000858SZ_2025-01-07T000000_BUY_COUNTDOWN_PROGRESS_1_2024-12-26T000000_7,2025-01-07 00:00:00,000858.SZ,1d,COUNTDOWN,BUY_COUNTDOWN_PROGRESS,1,7,,,BUY_SETUP,False,2024-12-16 00:00:00,2024-12-26 00:00:00,139.71,139.71,2024-12-26 00:00:00,2024-12-27 00:00:00,2024-12-30 00:00:00,2024-12-31 00:00:00,2025-01-02 00:00:00,2025-01-03 00:00:00,2025-01-06 00:00:00,2025-01-07 00:00:00,,,,,,,,2025-01-07 00:00:00,121.27,123.33,122.52,123.33,121.27,2864108525.7365,0.012677,-0.129644
000858SZ_2025-01-08T000000_BUY_COUNTDOWN_PROGRESS_1_2024-12-26T000000_8,2025-01-08 00:00:00,000858.SZ,1d,COUNTDOWN,BUY_COUNTDOWN_PROGRESS,1,8,,,BUY_SETUP,False,2024-12-16 00:00:00,2024-12-26 00:00:00,139.71,139.71,2024-12-26 00:00:00,2024-12-27 00:00:00,2024-12-30 00:00:00,2024-12-31 00:00:00,2025-01-02 00:00:00,2025-01-03 00:00:00,2025-01-06 00:00:00,2025-01-07 00:00:00,2025-01-08 00:00:00,121.37,,,,,,2025-01-08 00:00:00,119.69,123.41,121.37,123.41,119.69,2638210018.7745,0.01249,-0.139647
600036SS_2025-01-08T000000_SELL_COUNTDOWN_PROGRESS_-1_2024-12-10T000000_8,2025-01-08 00:00:00,600036.SS,1d,COUNTDOWN,SELL_COUNTDOWN_PROGRESS,-1,8,,,SELL_SETUP,True,2024-11-28 00:00:00,2024-12-10 00:00:00,35.98,33.17,2024-12-10 00:00:00,2024-12-10 00:00:00,2024-12-11 00:00:00,2024-12-18 00:00:00,2024-12-24 00:00:00,2024-12-25 00:00:00,2024-12-26 00:00:00,2024-12-30 00:00:00,2025-01-08 00:00:00,36.27,,,,,,2024-12-18 00:00:00,34.85,35.65,36.27,36.54,35.81,2674904953.6,0.015131,0.02777
600519SS_2025-01-10T000000_BUY_SETUP_1_2025-01-10T000000_9,2025-01-10 00:00:00,600519.SS,1d,SETUP,BUY_SETUP,1,9,False,,BUY_SETUP,False,2024-12-30 00:00:00,2025-01-10 00:00:00,,,,,,,,,,,,,,,,,,,,,,,,4772062502.4,0.010573,-0.040954
600519SS_2025-01-10T000000_BUY_COUNTDOWN_CANCEL_1_2024-11-25T000000_10,2025-01-10 00:00:00,600519.SS,1d,COUNTDOWN,BUY_COUNTDOWN_CANCEL,1,10,,same_setup,BUY_SETUP,True,2024-11-13 00:00:00,2024-11-25 00:00:00,1519.01,1519.01,2024-11-25 00:00:00,2024-11-25 00:00:00,2024-12-05 00:00:00,2024-12-13 00:00:00,2024-12-16 00:00:00,2024-12-20 00:00:00,2024-12-23 00:00:00,2025-01-02 00:00:00,2025-01-03 00:00:00,1423.44,2025-01-06 00:00:00,2025-01-07 00:00:00,,,,2025-01-06 00:00:00,1381.24,1411.1,1384.44,1400.39,1384.44,4772062502.4,0.010573,-0.040954
000858SZ_2025-01-10T000000_BUY_SETUP_1_2025-01-10T000000_9,2025-01-10 00:00:00,000858.SZ,1d,SETUP,BUY_SETUP,1,9,False,,BUY_SETUP,False,2024-12-30 00:00:00,2025-01-10 00:00:00,,,,,,,,,,,,,,,,,,,,,,,,2489266629.523,0.010989,-0.139145
000858SZ_2025-01-10T000000_BUY_COUNTDOWN_CANCEL_1_2024-12-26T000000_8,2025-01-10 00:00:00,000858.SZ,1d,COUNTDOWN,BUY_COUNTDOWN_CANCEL,1,8,,same_setup,BUY_SETUP,False,2024-12-16 00:00:00,2024-12-26 00:00:00,139.71,139.71,2024-12-26 00:00:00,2024-12-27 00:00:00,2024-12-30 00:00:00,2024-12-31 00:00:00,2025-01-02 00:00:00,2025-01-03 00:00:00,2025-01-06 00:00:00,2025-01-07 00:00:00,2025-01-08 00:00:00,121.37,,,,,,2025-01-08 00:00:00,119.69,123.41,120.27,122.5,120.27,2489266629.523,0.010989,-0.139145
601318SS_2025-01-13T000000_BUY_SETUP_PERFECT_1_2025-01-13T000000_9,2025-01-13 00:00:00,601318.SS,1d,SETUP,BUY_SETUP_PERFECT,1,9,True,,BUY_SETUP,True,2024-12-31 00:00:00,2025-01-13 00:00:00,,,,,,,,,,,,,,,,,,,,,,,,2708601350.4,0.012124,-0.089579
601318SS_2025-01-13T000000_BUY_COUNTDOWN_PROGRESS_1_2025-01-13T000000_1,2025-01-13 00:00:00,601318.SS,1d,COUNTDOWN,BUY_COUNTDOWN_PROGRESS,1,1,,,BUY_SETUP,True,2024-12-31 00:00:00,2025-01-13 00:00:00,51.47,51.47,2025-01-13 00:00:00,2025-01-13 00:00:00,,,,,,,,,,,,,,2025-01-13 00:00:00,45.55,46.25,46.04,46.25,45.55,2708601350.4,0.012124,-0.089579
600036SS_2025-01-14T000000_SELL_COUNTDOWN_PROGRESS_-1_2024-12-10T000000_9,2025-01-14 00:00:00,600036.SS,1d,COUNTDOWN,SELL_COUNTDOWN_PROGRESS,-1,9,,,SELL_SETUP,True,2024-11-28 00:00:00,2024-12-10 00:00:00,35.98,33.17,2024-12-10 00:00:00,2024-12-10 00:00:00,2024-12-11 00:00:00,2024-12-18 00:00:00,2024-12-24 00:00:00,2024-12-25 00:00:00,2024-12-26 00:00:00,2024-12-30 00:00:00,2025-01-08 00:00:00,36.27,2025-01-14 00:00:00,,,,,2024-12-18 00:00:00,34.85,35.65,36.84,36.96,35.89,2570664710.4,0.011756,0.057405
600036SS_2025-01-15T000000_SELL_COUNTDOWN_PROGRESS_-1_2024-12-10T000000_10,2025-01-15 00:00:00,600036.SS,1d,COUNTDOWN,SELL_COUNTDOWN_PROGRESS,-1,10,,,SELL_SETUP,True,2024-11-28 00:00:00,2024-12-10 00:00:00,35.98,33.17,2024-12-10 00:00:00,2024-12-10 00:00:00,2024-12-11 00:00:00,2024-12-18 00:00:00,2024-12-24 00:00:00,2024-12-25 00:00:00,2024-12-26 00:00:00,2024-12-30 00:00:00,2025-01-08 00:00:00,36.27,2025-01-14 00:00:00,2025-01-15 00:00:00,,,,2024-12-18 00:00:00,34.85,35.65,37.63,37.99,36.88,2618014969.6,0.011925,0.059701
600036SS_2025-01-16T000000_SELL_COUNTDOWN_PROGRESS_-1_2024-12-10T000000_11,2025-01-16 00:00:00,600036.SS,1d,COUNTDOWN,SELL_COUNTDOWN_PROGRESS,-1,11,,,SELL_SETUP,True,2024-11-28 00:00:00,2024-12-10 00:00:00,35.98,33.17,2024-12-10 00:00:00,2024-12-10 00:00:00,2024-12-11 00:00:00,2024-12-18 00:00:00,2024-12-24 00:00:00,2024-12-25 00:00:00,2024-12-26 00:00:00,2024-12-30 00:00:00,2025-01-08 00:00:00,36.27,2025-01-14 00:00:00,2025-01-15 00:00:00,2025-01-16 00:00:00,,,2024-12-18 00:00:00,34.85,35.65,37.98,38.14,37.52,2584084307.2,0.011275,0.084833
600519SS_2025-01-17T000000_BUY_COUNTDOWN_PROGRESS_1_2025-01-10T000000_1,2025-01-17 00:00:00,600519.SS,1d,COUNTDOWN,BUY_COUNTDOWN_PROGRESS,1,1,,,BUY_SETUP,False,2024-12-30 00:00:00,2025-01-10 00:00:00,1493.44,1493.44,2025-01-10 00:00:00,2025-01-17 00:00:00,,,,,,,,,,,,,,2025-01-17 00:00:00,1394.82,1409.44,1403.19,1409.44,1394.82,4049215411.2,0.010597,-0.045735
600519SS_2025-01-22T000000_BUY_COUNTDOWN_PROGRESS_1_2025-01-10T000000_2,2025-01-22 00:00:00,600519.SS,1d,COUNTDOWN,BUY_COUNTDOWN_PROGRESS,1,2,,,BUY_SETUP,False,2024-12-30 00:00:00,2025-01-10 00:00:00,1493.44,1493.44,2025-01-10 00:00:00,2025-01-17 00:00:00,2025-01-22 00:00:00,,,,,,,,,,,,,2025-01-22 00:00:00,1386.44,1416.39,1389.44,1416.39,1386.44,4059965004.8,0.011535,-0.060199
000858SZ_2025-01-22T000000_BUY_COUNTDOWN_PROGRESS_1_2025-01-10T000000_1,2025-01-22 00:00:00,000858.SZ,1d,COUNTDOWN,BUY_COUNTDOWN_PROGRESS,1,1,,,BUY_SETUP,False,2024-12-30 00:00:00,2025-01-10 00:00:00,135.27,135.27,2025-01-10 00:00:00,2025-01-22 00:00:00,,,,,,,,,,,,,,2025-01-22 00:00:00,121.8,124.67,122.02,124.67,121.8,2300491143.713,0.014808,-0.094471
601318SS_2025-01-22T000000_BUY_COUNTDOWN_PROGRESS_1_2025-01-13T000000_2,2025-01-22 00:00:00,601318.SS,1d,COUNTDOWN,BUY_COUNTDOWN_PROGRESS,1,2,,,BUY_SETUP,True,2024-12-31 00:00:00,2025-01-13 00:00:00,51.47,51.47,2025-01-13 00:00:00,2025-01-13 00:00:00,2025-01-22 00:00:00,,,,,,,,,,,,,2025-01-13 00:00:00,45.55,46.25,46.4,47.37,46.3,2582749337.6,0.013019,-0.096397
600519SS_2025-01-23T000000_BUY_COUNTDOWN_PROGRESS_1_2025-01-10T000000_3,2025-01-23 00:00:00,600519.SS,1d,COUNTDOWN,BUY_COUNTDOWN_PROGRESS,1,3,,,BUY_SETUP,False,2024-12-30 00:00:00,2025-01-10 00:00:00,1493.44,1493.44,2025-01-10 00:00:00,2025-01-17 00:00:00,2025-01-22 00:00:00,2025-01-23 00:00:00,,,,,,,,,,,,2025-01-22 00:00:00,1386.44,1416.39,1391.44,1416.44,1386.44,4125546956.8,0.011576,-0.057437
000858SZ_2025-01-23T000000_BUY_COUNTDOWN_PROGRESS_1_2025-01-10T000000_2,2025-01-23 00:00:00,000858.SZ,1d,COUNTDOWN,BUY_COUNTDOWN_PROGRESS,1,2,,,BUY_SETUP,False,2024-12-30 00:00:00,2025-01-10 00:00:00,135.27,135.27,2025-01-10 00:00:00,2025-01-22 00:00:00,2025-01-23 00:00:00,,,,,,,,,,,,,2025-01-22 00:00:00,121.8,124.67,122.9,125.24,122.72,2351063396.2755,0.015062,-0.08393
600519SS_2025-01-24T000000_BUY_COUNTDOWN_PROGRESS_1_2025-01-10T000000_4,2025-01-24 00:00:00,600519.SS,1d,COUNTDOWN,BUY_COUNTDOWN_PROGRESS,1,4,,,BUY_SETUP,False,2024-12-30 00:00:00,2025-01-10 00:00:00,1493.44,1493.44,2025-01-10 00:00:00,2025-01-17 00:00:00,2025-01-22 00:00:00,2025-01-23 00:00:00,2025-01-24 00:00:00,,,,,,,,,,,2025-01-24 00:00:00,1378.75,1396.23,1384.44,1396.23,1378.75,4211371097.6,0.011547,-0.062928
600036SS_2025-01-24T000000_SELL_COUNTDOWN_PROGRESS_-1_2024-12-10T000000_12,2025-01-24 00:00:00,600036.SS,1d,COUNTDOWN,SELL_COUNTDOWN_PROGRESS,-1,12,,,SELL_SETUP,True,2024-11-28 00:00:00,2024-12-10 00:00:00,35.98,33.17,2024-12-10 00:00:00,2024-12-10 00:00:00,2024-12-11 00:00:00,2024-12-18 00:00:00,2024-12-24 00:00:00,2024-12-25 00:00:00,2024-12-26 00:00:00,2024-12-30 00:00:00,2025-01-08 00:00:00,36.27,2025-01-14 00:00:00,2025-01-15 00:00:00,2025-01-16 00:00:00,2025-01-24 00:00:00,,2024-12-18 00:00:00,34.85,35.65,37.25,37.54,36.45,2382077113.6,0.012162,0.025323
600519SS_2025-01-27T000000_BUY_COUNTDOWN_PROGRESS_1_2025-01-10T000000_5,2025-01-27 00:00:00,600519.SS,1d,COUNTDOWN,BUY_COUNTDOWN_PROGRESS,1,5,,,BUY_SETUP,False,2024-12-30 00:00:00,2025-01-10 00:00:00,1493.44,1493.44,2025-01-10 00:00:00,2025-01-17 00:00:00,2025-01-22 00:00:00,2025-01-23 00:00:00,2025-01-24 00:00:00,2025-01-27 00:00:00,,,,,,,,,,2025-01-27 00:00:00,1375.46,1392.41,1383.43,1392.41,1375.46,4263538252.8,0.011562,-0.061088
000858SZ_2025-01-27T000000_BUY_COUNTDOWN_PROGRESS_1_2025-01-10T000000_3,2025-01-27 00:00:00,000858.SZ,1d,COUNTDOWN,BUY_COUNTDOWN_PROGRESS,1,3,,,BUY_SETUP,False,2024-12-30 00:00:00,2025-01-10 00:00:00,135.27,135.27,2025-01-10 00:00:00,2025-01-22 00:00:00,2025-01-23 00:00:00,2025-01-27 00:00:00,,,,,,,,,,,,2025-01-27 00:00:00,121.35,122.8,121.45,122.8,121.35,2382476444.081,0.01499,-0.086017
600036SS_2025-01-27T000000_SELL_COUNTDOWN_COMPLETE_PERFECT_-1_2024-12-10T000000_13,2025-01-27 00:00:00,600036.SS,1d,COUNTDOWN,SELL_COUNTDOWN_COMPLETE_PERFECT,-1,13,True,,SELL_SETUP,True,2024-11-28 00:00:00,2024-12-10 00:00:00,35.98,33.17,2024-12-10 00:00:00,2024-12-10 00:00:00,2024-12-11 00:00:00,2024-12-18 00:00:00,2024-12-24 00:00:00,2024-12-25 00:00:00,2024-12-26 00:00:00,2024-12-30 00:00:00,2025-01-08 00:00:00,36.27,2025-01-14 00:00:00,2025-01-15 00:00:00,2025-01-16 00:00:00,2025-01-24 00:00:00,2025-01-27 00:00:00,2024-12-18 00:00:00,34.85,35.65,37.64,37.96,37.54,2352181113.6,0.012253,0.028134
600519SS_2025-02-05T000000_BUY_COUNTDOWN_PROGRESS_1_2025-01-10T000000_6,2025-02-05 00:00:00,600519.SS,1d,COUNTDOWN,BUY_COUNTDOWN_PROGRESS,1,6,,,BUY_SETUP,False,2024-12-30 00:00:00,2025-01-10 00:00:00,1493.44,1493.44,2025-01-10 00:00:00,2025-01-17 00:00:00,2025-01-22 00:00:00,2025-01-23 00:00:00,2025-01-24 00:00:00,2025-01-27 00:00:00,2025-02-05 00:00:00,,,,,,,,,2025-02-05 00:00:00,1350.65,1391.44,1352.24,1391.44,1350.65,4358747622.4,0.012313,-0.081633
000858SZ_2025-02-05T000000_BUY_COUNTDOWN_PROGRESS_1_2025-01-10T000000_4,2025-02-05 00:00:00,000858.SZ,1d,COUNTDOWN,BUY_COUNTDOWN_PROGRESS,1,4,,,BUY_SETUP,False,2024-12-30 00:00:00,2025-01-10 00:00:00,135.27,135.27,2025-01-10 00:00:00,2025-01-22 00:00:00,2025-01-23 00:00:00,2025-01-27 00:00:00,2025-02-05 00:00:00,,,,,,,,,,,2025-02-05 00:00:00,118.76,122.13,119.26,122.13,118.76,2383642776.556,0.015265,-0.094526
601318SS_2025-02-05T000000_BUY_COUNTDOWN_PROGRESS_1_2025-01-13T000000_3,2025-02-05 00:00:00,601318.SS,1d,COUNTDOWN,BUY_COUNTDOWN_PROGRESS,1,3,,,BUY_SETUP,True,2024-12-31 00:00:00,2025-01-13 00:00:00,51.47,51.47,2025-01-13 00:00:00,2025-01-13 00:00:00,2025-01-22 00:00:00,2025-02-05 00:00:00,,,,,,,,,,,,2025-01-13 00:00:00,45.55,46.25,47.17,48.45,47.12,2765022342.4,0.015073,-0.058483
600519SS_2025-02-06T000000_BUY_COUNTDOWN_PROGRESS_1_2025-01-10T000000_7,2025-02-06 00:00:00,600519.SS,1d,COUNTDOWN,BUY_COUNTDOWN_PROGRESS,1,7,,,BUY_SETUP,False,2024-12-30 00:00:00,2025-01-10 00:00:00,1493.44,1493.44,2025-01-10 00:00:00,2025-01-17 00:00:00,2025-01-22 00:00:00,2025-01-23 00:00:00,2025-01-24 00:00:00,2025-01-27 00:00:00,2025-02-05 00:00:00,2025-02-06 00:00:00,,,,,,,,2025-02-06 00:00:00,1348.45,1370.43,1361.28,1370.43,1348.45,4250048998.4,0.011585,-0.052324
000858SZ_2025-02-06T000000_BUY_COUNTDOWN_PROGRESS_1_2025-01-10T000000_5,2025-02-06 00:00:00,000858.SZ,1d,COUNTDOWN,BUY_COUNTDOWN_PROGRESS,1,5,,,BUY_SETUP,False,2024-12-30 00:00:00,2025-01-10 00:00:00,135.27,135.27,2025-01-10 00:00:00,2025-01-22 00:00:00,2025-01-23 00:00:00,2025-01-27 00:00:00,2025-02-05 00:00:00,2025-02-06 00:00:00,,,,,,,,,,2025-02-05 00:00:00,118.76,122.13,120.15,120.64,118.94,2296696923.9125,0.014885,-0.066143
601318SS_2025-02-06T000000_BUY_COUNTDOWN_PROGRESS_1_2025-01-13T000000_4,2025-02-06 00:00:00,601318.SS,1d,COUNTDOWN,BUY_COUNTDOWN_PROGRESS,1,4,,,BUY_SETUP,True,2024-12-31 00:00:00,2025-01-13 00:00:00,51.47,51.47,2025-01-13 00:00:00,2025-01-13 00:00:00,2025-01-22 00:00:00,2025-02-05 00:00:00,2025-02-06 00:00:00,,,,,,,,,,,2025-01-13 00:00:00,45.55,46.25,47.7,47.95,47.13,2688546080.0,0.012809,-0.009551
601318SS_2025-02-19T000000_SELL_SETUP_-1_2025-02-19T000000_9,2025-02-19 00:00:00,601318.SS,1d,SETUP,SELL_SETUP,-1,9,False,,SELL_SETUP,False,2025-02-07 00:00:00,2025-02-19 00:00:00,,,,,,,,,,,,,,,,,,,,,,,,2729814233.6,0.012121,0.050258
601318SS_2025-02-19T000000_BUY_COUNTDOWN_CANCEL_1_2025-01-13T000000_4,2025-02-19 00:00:00,601318.SS,1d,COUNTDOWN,BUY_COUNTDOWN_CANCEL,1,4,,opposite_setup,BUY_SETUP,True,2024-12-31 00:00:00,2025-01-13 00:00:00,51.47,51.47,2025-01-13 00:00:00,2025-01-13 00:00:00,2025-01-22 00:00:00,2025-02-05 00:00:00,2025-02-06 00:00:00,,,,,,,,,,,2025-01-13 00:00:00,45.55,46.25,48.9,49.28,48.47,2729814233.6,0.012121,0.050258
601318SS_2025-02-24T000000_SELL_COUNTDOWN_PROGRESS_-1_2025-02-19T000000_1,2025-02-24 00:00:00,601318.SS,1d,COUNTDOWN,SELL_COUNTDOWN_PROGRESS,-1,1,,,SELL_SETUP,False,2025-02-07 00:00:00,2025-02-19 00:00:00,49.83,47.29,2025-02-19 00:00:00,2025-02-24 00:00:00,,,,,,,,,,,,,,2025-02-24 00:00:00,48.5,49.93,49.45,49.93,48.5,2919812172.8,0.013063,0.046339
600519SS_2025-02-25T000000_BUY_COUNTDOWN_PROGRESS_1_2025-01-10T000000_8,2025-02-25 00:00:00,600519.SS,1d,COUNTDOWN,BUY_COUNTDOWN_PROGRESS,1,8,,,BUY_SETUP,False,2024-12-30 00:00:00,2025-01-10 00:00:00,1493.44,1493.44,2025-01-10 00:00:00,2025-01-17 00:00:00,2025-01-22 00:00:00,2025-01-23 00:00:00,2025-01-24 00:00:00,2025-01-27 00:00:00,2025-02-05 00:00:00,2025-02-06 00:00:00,2025-02-25 00:00:00,1402.44,,,,,,2025-02-06 00:00:00,1348.45,1370.43,1402.44,1421.83,1400.44,4320279142.4,0.011924,-0.009989
000858SZ_2025-02-25T000000_BUY_COUNTDOWN_PROGRESS_1_2025-01-10T000000_6,2025-02-25 00:00:00,000858.SZ,1d,COUNTDOWN,BUY_COUNTDOWN_PROGRESS,1,6,,,BUY_SETUP,False,2024-12-30 00:00:00,2025-01-10 00:00:00,135.27,135.27,2025-01-10 00:00:00,2025-01-22 00:00:00,2025-01-23 00:00:00,2025-01-27 00:00:00,2025-02-05 00:00:00,2025-02-06 00:00:00,2025-02-25 00:00:00,,,,,,,,,2025-02-05 00:00:00,118.76,122.13,123.0,125.17,122.83,2521416172.1425,0.013404,-0.016472
600519SS_2025-02-26T000000_BUY_COUNTDOWN_PROGRESS_1_2025-01-10T000000_9,2025-02-26 00:00:00,600519.SS,1d,COUNTDOWN,BUY_COUNTDOWN_PROGRESS,1,9,,,BUY_SETUP,False,2024-12-30 00:00:00,2025-01-10 00:00:00,1493.44,1493.44,2025-01-10 00:00:00,2025-01-17 00:00:00,2025-01-22 00:00:00,2025-01-23 00:00:00,2025-01-24 00:00:00,2025-01-27 00:00:00,2025-02-05 00:00:00,2025-02-06 00:00:00,2025-02-25 00:00:00,1402.44,2025-02-26 00:00:00,,,,,2025-02-06 00:00:00,1348.45,1370.43,1408.45,1413.4,1393.44,4387985536.0,0.011109,0.013682
000858SZ_2025-02-26T000000_BUY_COUNTDOWN_PROGRESS_1_2025-01-10T000000_7,2025-02-26 00:00:00,000858.SZ,1d,COUNTDOWN,BUY_COUNTDOWN_PROGRESS,1,7,,,BUY_SETUP,False,2024-12-30 00:00:00,2025-01-10 00:00:00,135.27,135.27,2025-01-10 00:00:00,2025-01-22 00:00:00,2025-01-23 00:00:00,2025-01-27 00:00:00,2025-02-05 00:00:00,2025-02-06 00:00:00,2025-02-25 00:00:00,2025-02-26 00:00:00,,,,,,,,2025-02-05 00:00:00,118.76,122.13,124.05,124.05,122.35,2548277302.3985,0.012334,0.016637
600519SS_2025-03-04T000000_BUY_COUNTDOWN_PROGRESS_1_2025-01-10T000000_10,2025-03-04 00:00:00,600519.SS,1d,COUNTDOWN,BUY_COUNTDOWN_PROGRESS,1,10,,,BUY_SETUP,False,2024-12-30 00:00:00,2025-01-10 00:00:00,1493.44,1493.44,2025-01-10 00:00:00,2025-01-17 00:00:00,2025-01-22 00:00:00,2025-01-23 00:00:00,2025-01-24 00:00:00,2025-01-27 00:00:00,2025-02-05 00:00:00,2025-02-06 00:00:00,2025-02-25 00:00:00,1402.44,2025-02-26 00:00:00,2025-03-04 00:00:00,,,,2025-02-06 00:00:00,1348.45,1370.43,1418.55,1434.44,1413.65,4765057369.6,0.011155,0.049037
000858SZ_2025-03-04T000000_BUY_COUNTDOWN_PROGRESS_1_2025-01-10T000000_8,2025-03-04 00:00:00,000858.SZ,1d,COUNTDOWN,BUY_COUNTDOWN_PROGRESS,1,8,,,BUY_SETUP,False,2024-12-30 00:00:00,2025-01-10 00:00:00,135.27,135.27,2025-01-10 00:00:00,2025-01-22 00:00:00,2025-01-23 00:00:00,2025-01-27 00:00:00,2025-02-05 00:00:00,2025-02-06 00:00:00,2025-02-25 00:00:00,2025-02-26 00:00:00,2025-03-04 00:00:00,124.0,,,,,,2025-02-05 00:00:00,118.76,122.13,124.0,124.61,122.96,2819928579.379,0.012833,0.039745
600519SS_2025-03-05T000000_BUY_COUNTDOWN_PROGRESS_1_2025-01-10T000000_11,2025-03-05 00:00:00,600519.SS,1d,COUNTDOWN,BUY_COUNTDOWN_PROGRESS,1,11,,,BUY_SETUP,False,2024-12-30 00:00:00,2025-01-10 00:00:00,1493.44,1493.44,2025-01-10 00:00:00,2025-01-17 00:00:00,2025-01-22 00:00:00,2025-01-23 00:00:00,2025-01-24 00:00:00,2025-01-27 00:00:00,2025-02-05 00:00:00,2025-02-06 00:00:00,2025-02-25 00:00:00,1402.44,2025-02-26 00:00:00,2025-03-04 00:00:00,2025-03-05 00:00:00,,,2025-02-06 00:00:00,1348.45,1370.43,1414.81,1422.44,1408.54,4657717478.4,0.011169,0.039323
000858SZ_2025-03-05T000000_BUY_COUNTDOWN_PROGRESS_1_2025-01-10T000000_9,2025-03-05 00:00:00,000858.SZ,1d,COUNTDOWN,BUY_COUNTDOWN_PROGRESS,1,9,,,BUY_SETUP,False,2024-12-30 00:00:00,2025-01-10 00:00:00,135.27,135.27,2025-01-10 00:00:00,2025-01-22 00:00:00,2025-01-23 00:00:00,2025-01-27 00:00:00,2025-02-05 00:00:00,2025-02-06 00:00:00,2025-02-25 00:00:00,2025-02-26 00:00:00,2025-03-04 00:00:00,124.0,2025-03-05 00:00:00,,,,,2025-02-05 00:00:00,118.76,122.13,122.86,124.25,121.87,2830650670.485,0.013007,0.022555
601318SS_2025-03-06T000000_SELL_COUNTDOWN_PROGRESS_-1_2025-02-19T000000_2,2025-03-06 00:00:00,601318.SS,1d,COUNTDOWN,SELL_COUNTDOWN_PROGRESS,-1,2,,,SELL_SETUP,False,2025-02-07 00:00:00,2025-02-19 00:00:00,49.83,47.29,2025-02-19 00:00:00,2025-02-24 00:00:00,2025-03-06 00:00:00,,,,,,,,,,,,,2025-03-06 00:00:00,47.98,49.38,49.09,49.38,47.98,3009155398.4,0.012666,0.015725
601318SS_2025-03-07T000000_SELL_COUNTDOWN_PROGRESS_-1_2025-02-19T000000_3,2025-03-07 00:00:00,601318.SS,1d,COUNTDOWN,SELL_COUNTDOWN_PROGRESS,-1,3,,,SELL_SETUP,False,2025-02-07 00:00:00,2025-02-19 00:00:00,49.83,47.29,2025-02-19 00:00:00,2025-02-24 00:00:00,2025-03-06 00:00:00,2025-03-07 00:00:00,,,,,,,,,,,,2025-03-06 00:00:00,47.98,49.38,48.95,49.29,48.77,2949242886.4,0.012693,0.01241
600519SS_2025-03-11T000000_BUY_COUNTDOWN_CANCEL_1_2025-01-10T000000_11,2025-03-11 00:00:00,600519.SS,1d,COUNTDOWN,BUY_COUNTDOWN_CANCEL,1,11,,tdst_break_rule_4,BUY_SETUP,False,2024-12-30 00:00:00,2025-01-10 00:00:00,1493.44,1493.44,2025-01-10 00:00:00,2025-01-17 00:00:00,2025-01-22 00:00:00,2025-01-23 00:00:00,2025-01-24 00:00:00,2025-01-27 00:00:00,2025-02-05 00:00:00,2025-02-06 00:00:00,2025-02-25 00:00:00,1402.44,2025-02-26 00:00:00,2025-03-04 00:00:00,2025-03-05 00:00:00,,,2025-02-06 00:00:00,1348.45,1370.43,1497.12,1497.12,1460.44,5027884160.0,0.011762,0.07595
600036SS_2025-03-11T000000_SELL_SETUP_-1_2025-03-11T000000_9,2025-03-11 00:00:00,600036.SS,1d,SETUP,SELL_SETUP,-1,9,False,,SELL_SETUP,False,2025-02-27 00:00:00,2025-03-11 00:00:00,,,,,,,,,,,,,,,,,,,,,,,,2225717068.8,0.011191,0.048951
600036SS_2025-03-13T000000_SELL_COUNTDOWN_PROGRESS_-1_2025-03-11T000000_1,2025-03-13 00:00:00,600036.SS,1d,COUNTDOWN,SELL_COUNTDOWN_PROGRESS,-1,1,,,SELL_SETUP,False,2025-02-27 00:00:00,2025-03-11 00:00:00,40.79,38.27,2025-03-11 00:00:00,2025-03-13 00:00:00,,,,,,,,,,,,,,2025-03-13 00:00:00,40.49,41.37,40.83,41.37,40.49,2224989324.8,0.011177,0.046386
000651SZ_2025-03-13T000000_SELL_SETUP_PERFECT_-1_2025-03-13T000000_9,2025-03-13 00:00:00,000651.SZ,1d,SETUP,SELL_SETUP_PERFECT,-1,9,True,,SELL_SETUP,True,2025-03-03 00:00:00,2025-03-13 00:00:00,,,,,,,,,,,,,,,,,,,,,,,,2274271179.8195,0.01382,-0.0365
000651SZ_2025-03-13T000000_SELL_COUNTDOWN_PROGRESS_-1_2025-03-13T000000_1,2025-03-13 00:00:00,000651.SZ,1d,COUNTDOWN,SELL_COUNTDOWN_PROGRESS,-1,1,,,SELL_SETUP,True,2025-03-03 00:00:00,2025-03-13 00:00:00,38.93,36.46,2025-03-13 00:00:00,2025-03-13 00:00:00,,,,,,,,,,,,,,2025-03-13 00:00:00,38.03,38.93,38.54,38.93,38.03,2274271179.8195,0.01382,-0.0365
601318SS_2025-03-14T000000_SELL_COUNTDOWN_PROGRESS_-1_2025-02-19T000000_4,2025-03-14 00:00:00,601318.SS,1d,COUNTDOWN,SELL_COUNTDOWN_PROGRESS,-1,4,,,SELL_SETUP,False,2025-02-07 00:00:00,2025-02-19 00:00:00,49.83,47.29,2025-02-19 00:00:00,2025-02-24 00:00:00,2025-03-06 00:00:00,2025-03-07 00:00:00,2025-03-14 00:00:00,,,,,,,,,,,2025-03-06 00:00:00,47.98,49.38,50.92,51.34,48.66,3238797427.2,0.016231,0.03307
600036SS_2025-03-14T000000_SELL_COUNTDOWN_PROGRESS_-1_2025-03-11T000000_2,2025-03-14 00:00:00,600036.SS,1d,COUNTDOWN,SELL_COUNTDOWN_PROGRESS,-1,2,,,SELL_SETUP,False,2025-02-27 00:00:00,2025-03-11 00:00:00,40.79,38.27,2025-03-11 00:00:00,2025-03-13 00:00:00,2025-03-14 00:00:00,,,,,,,,,,,,,2025-03-13 00:00:00,40.49,41.37,42.15,42.46,40.93,2325465152.0,0.012717,0.088866
000651SZ_2025-03-14T000000_SELL_COUNTDOWN_PROGRESS_-1_2025-03-13T000000_2,2025-03-14 00:00:00,000651.SZ,1d,COUNTDOWN,SELL_COUNTDOWN_PROGRESS,-1,2,,,SELL_SETUP,True,2025-03-03 00:00:00,2025-03-13 00:00:00,38.93,36.46,2025-03-13 00:00:00,2025-03-13 00:00:00,2025-03-14 00:00:00,,,,,,,,,,,,,2025-03-13 00:00:00,38.03,38.93,39.21,39.41,38.55,2323735891.456,0.014377,-0.011845
601318SS_2025-03-17T000000_SELL_COUNTDOWN_PROGRESS_-1_2025-02-19T000000_5,2025-03-17 00:00:00,601318.SS,1d,COUNTDOWN,SELL_COUNTDOWN_PROGRESS,-1,5,,,SELL_SETUP,False,2025-02-07 00:00:00,2025-02-19 00:00:00,49.83,47.29,2025-02-19 00:00:00,2025-02-24 00:00:00,2025-03-06 00:00:00,2025-03-07 00:00:00,2025-03-14 00:00:00,2025-03-17 00:00:00,,,,,,,,,,2025-03-06 00:00:00,47.98,49.38,50.83,51.07,50.55,3238030387.2,0.015986,0.042453
600036SS_2025-03-17T000000_SELL_COUNTDOWN_PROGRESS_-1_2025-03-11T000000_3,2025-03-17 00:00:00,600036.SS,1d,COUNTDOWN,SELL_COUNTDOWN_PROGRESS,-1,3,,,SELL_SETUP,False,2025-02-27 00:00:00,2025-03-11 00:00:00,40.79,38.27,2025-03-11 00:00:00,2025-03-13 00:00:00,2025-03-14 00:00:00,2025-03-17 00:00:00,,,,,,,,,,,,2025-03-13 00:00:00,40.49,41.37,42.03,42.49,41.97,2361912460.8,0.012784,0.076588
000651SZ_2025-03-17T000000_SELL_COUNTDOWN_PROGRESS_-1_2025-03-13T000000_3,2025-03-17 00:00:00,000651.SZ,1d,COUNTDOWN,SELL_COUNTDOWN_PROGRESS,-1,3,,,SELL_SETUP,True,2025-03-03 00:00:00,2025-03-13 00:00:00,38.93,36.46,2025-03-13 00:00:00,2025-03-13 00:00:00,2025-03-14 00:00:00,2025-03-17 00:00:00,,,,,,,,,,,,2025-03-13 00:00:00,38.03,38.93,39.31,39.58,39.09,2319871508.9695,0.013908,0.006916
600519SS_2025-03-18T000000_SELL_SETUP_PERFECT_-1_2025-03-18T000000_9,2025-03-18 00:00:00,600519.SS,1d,SETUP,SELL_SETUP_PERFECT,-1,9,True,,SELL_SETUP,True,2025-03-06 00:00:00,2025-03-18 00:00:00,,,,,,,,,,,,,,,,,,,,,,,,5761040435.2,0.017581,0.092397
000651SZ_2025-03-18T000000_SELL_COUNTDOWN_PROGRESS_-1_2025-03-13T000000_4,2025-03-18 00:00:00,000651.SZ,1d,COUNTDOWN,SELL_COUNTDOWN_PROGRESS,-1,4,,,SELL_SETUP,True,2025-03-03 00:00:00,2025-03-13 00:00:00,38.93,36.46,2025-03-13 00:00:00,2025-03-13 00:00:00,2025-03-14 00:00:00,2025-03-17 00:00:00,2025-03-18 00:00:00,,,,,,,,,,,2025-03-13 00:00:00,38.03,38.93,39.78,40.17,39.23,2321200343.628,0.012393,0.048221
000858SZ_2025-03-19T000000_BUY_COUNTDOWN_PROGRESS_1_2025-01-10T000000_10,2025-03-19 00:00:00,000858.SZ,1d,COUNTDOWN,BUY_COUNTDOWN_PROGRESS,1,10,,,BUY_SETUP,False,2024-12-30 00:00:00,2025-01-10 00:00:00,135.27,135.27,2025-01-10 00:00:00,2025-01-22 00:00:00,2025-01-23 00:00:00,2025-01-27 00:00:00,2025-02-05 00:00:00,2025-02-06 00:00:00,2025-02-25 00:00:00,2025-02-26 00:00:00,2025-03-04 00:00:00,124.0,2025-03-05 00:00:00,2025-03-19 00:00:00,,,,2025-02-05 00:00:00,118.76,122.13,133.17,135.04,132.61,3566940031.3335,0.020588,0.067495
601318SS_2025-03-19T000000_SELL_COUNTDOWN_PROGRESS_-1_2025-02-19T000000_6,2025-03-19 00:00:00,601318.SS,1d,COUNTDOWN,SELL_COUNTDOWN_PROGRESS,-1,6,,,SELL_SETUP,False,2025-02-07 00:00:00,2025-02-19 00:00:00,49.83,47.29,2025-02-19 00:00:00,2025-02-24 00:00:00,2025-03-06 00:00:00,2025-03-07 00:00:00,2025-03-14 00:00:00,2025-03-17 00:00:00,2025-03-19 00:00:00,,,,,,,,,2025-03-06 00:00:00,47.98,49.38,51.52,51.75,51.02,3246291609.6,0.015573,0.068215
600036SS_2025-03-19T000000_SELL_COUNTDOWN_PROGRESS_-1_2025-03-11T000000_4,2025-03-19 00:00:00,600036.SS,1d,COUNTDOWN,SELL_COUNTDOWN_PROGRESS,-1,4,,,SELL_SETUP,False,2025-02-27 00:00:00,2025-03-11 00:00:00,40.79,38.27,2025-03-11 00:00:00,2025-03-13 00:00:00,2025-03-14 00:00:00,2025-03-17 00:00:00,2025-03-19 00:00:00,,,,,,,,,,,2025-03-13 00:00:00,40.49,41.37,43.01,43.09,42.09,2417932710.4,0.013109,0.107364
000651SZ_2025-03-19T000000_SELL_COUNTDOWN_PROGRESS_-1_2025-03-13T000000_5,2025-03-19 00:00:00,000651.SZ,1d,COUNTDOWN,SELL_COUNTDOWN_PROGRESS,-1,5,,,SELL_SETUP,True,2025-03-03 00:00:00,2025-03-13 00:00:00,38.93,36.46,2025-03-13 00:00:00,2025-03-13 00:00:00,2025-03-14 00:00:00,2025-03-17 00:00:00,2025-03-18 00:00:00,2025-03-19 00:00:00,,,,,,,,,,2025-03-13 00:00:00,38.03,38.93,39.62,39.91,39.34,2185228390.7275,0.012433,0.046487
000858SZ_2025-03-20T000000_BUY_COUNTDOWN_PROGRESS_1_2025-01-10T000000_11,2025-03-20 00:00:00,000858.SZ,1d,COUNTDOWN,BUY_COUNTDOWN_PROGRESS,1,11,,,BUY_SETUP,False,2024-12-30 00:00:00,2025-01-10 00:00:00,135.27,135.27,2025-01-10 00:00:00,2025-01-22 00:00:00,2025-01-23 00:00:00,2025-01-27 00:00:00,2025-02-05 00:00:00,2025-02-06 00:00:00,2025-02-25 00:00:00,2025-02-26 00:00:00,2025-03-04 00:00:00,124.0,2025-03-05 00:00:00,2025-03-19 00:00:00,2025-03-20 00:00:00,,,2025-02-05 00:00:00,118.76,122.13,130.24,133.25,130.11,3636590007.9625,0.021364,0.038845
000858SZ_2025-03-21T000000_BUY_COUNTDOWN_PROGRESS_1_2025-01-10T000000_12,2025-03-21 00:00:00,000858.SZ,1d,COUNTDOWN,BUY_COUNTDOWN_PROGRESS,1,12,,,BUY_SETUP,False,2024-12-30 00:00:00,2025-01-10 00:00:00,135.27,135.27,2025-01-10 00:00:00,2025-01-22 00:00:00,2025-01-23 00:00:00,2025-01-27 00:00:00,2025-02-05 00:00:00,2025-02-06 00:00:00,2025-02-25 00:00:00,2025-02-26 00:00:00,2025-03-04 00:00:00,124.0,2025-03-05 00:00:00,2025-03-19 00:00:00,2025-03-20 00:00:00,2025-03-21 00:00:00,,2025-02-05 00:00:00,118.76,122.13,128.85,131.75,128.44,3632207203.068,0.02153,0.021403
000858SZ_2025-03-24T000000_BUY_COUNTDOWN_COMPLETE_1_2025-01-10T000000_13,2025-03-24 00:00:00,000858.SZ,1d,COUNTDOWN,BUY_COUNTDOWN_COMPLETE,1,13,False,,BUY_SETUP,False,2024-12-30 00:00:00,2025-01-10 00:00:00,135.27,135.27,2025-01-10 00:00:00,2025-01-22 00:00:00,2025-01-23 00:00:00,2025-01-27 00:00:00,2025-02-05 00:00:00,2025-02-06 00:00:00,2025-02-25 00:00:00,2025-02-26 00:00:00,2025-03-04 00:00:00,124.0,2025-03-05 00:00:00,2025-03-19 00:00:00,2025-03-20 00:00:00,2025-03-21 00:00:00,2025-03-24 00:00:00,2025-02-05 00:00:00,118.76,122.13,128.56,129.18,127.28,3591615716.3895,0.020648,0.045203
000651SZ_2025-03-24T000000_SELL_COUNTDOWN_PROGRESS_-1_2025-03-13T000000_6,2025-03-24 00:00:00,000651.SZ,1d,COUNTDOWN,SELL_COUNTDOWN_PROGRESS,-1,6,,,SELL_SETUP,True,2025-03-03 00:00:00,2025-03-13 00:00:00,38.93,36.46,2025-03-13 00:00:00,2025-03-13 00:00:00,2025-03-14 00:00:00,2025-03-17 00:00:00,2025-03-18 00:00:00,2025-03-19 00:00:00,2025-03-24 00:00:00,,,,,,,,,2025-03-13 00:00:00,38.03,38.93,40.99,41.3,40.18,2215202267.5715,0.014357,0.122706
000651SZ_2025-03-25T000000_SELL_COUNTDOWN_PROGRESS_-1_2025-03-13T000000_7,2025-03-25 00:00:00,000651.SZ,1d,COUNTDOWN,SELL_COUNTDOWN_PROGRESS,-1,7,,,SELL_SETUP,True,2025-03-03 00:00:00,2025-03-13 00:00:00,38.93,36.46,2025-03-13 00:00:00,2025-03-13 00:00:00,2025-03-14 00:00:00,2025-03-17 00:00:00,2025-03-18 00:00:00,2025-03-19 00:00:00,2025-03-24 00:00:00,2025-03-25 00:00:00,,,,,,,,2025-03-13 00:00:00,38.03,38.93,41.17,41.61,40.91,2200809280.0555,0.014307,0.114812
600519SS_2025-03-28T000000_SELL_COUNTDOWN_PROGRESS_-1_2025-03-18T000000_1,2025-03-28 00:00:00,600519.SS,1d,COUNTDOWN,SELL_COUNTDOWN_PROGRESS,-1,1,,,SELL_SETUP,True,2025-03-06 00:00:00,2025-03-18 00:00:00,1606.43,1420.52,2025-03-18 00:00:00,2025-03-28 00:00:00,,,,,,,,,,,,,,2025-03-28 00:00:00,1524.44,1541.44,1533.65,1541.44,1524.44,5135139302.4,0.017618,0.068403
000651SZ_2025-03-31T000000_SELL_COUNTDOWN_PROGRESS_-1_2025-03-13T000000_8,2025-03-31 00:00:00,000651.SZ,1d,COUNTDOWN,SELL_COUNTDOWN_PROGRESS,-1,8,,,SELL_SETUP,True,2025-03-03 00:00:00,2025-03-13 00:00:00,38.93,36.46,2025-03-13 00:00:00,2025-03-13 00:00:00,2025-03-14 00:00:00,2025-03-17 00:00:00,2025-03-18 00:00:00,2025-03-19 00:00:00,2025-03-24 00:00:00,2025-03-25 00:00:00,2025-03-31 00:00:00,41.47,,,,,,2025-03-13 00:00:00,38.03,38.93,41.47,42.24,41.21,2057446142.063,0.011876,0.1
000858SZ_2025-04-01T000000_BUY_SETUP_PERFECT_1_2025-04-01T000000_9,2025-04-01 00:00:00,000858.SZ,1d,SETUP,BUY_SETUP_PERFECT,1,9,True,,BUY_SETUP,True,2025-03-20 00:00:00,2025-04-01 00:00:00,,,,,,,,,,,,,,,,,,,,,,,,3166012217.191,0.019963,0.025883
000858SZ_2025-04-01T000000_BUY_COUNTDOWN_PROGRESS_1_2025-04-01T000000_1,2025-04-01 00:00:00,000858.SZ,1d,COUNTDOWN,BUY_COUNTDOWN_PROGRESS,1,1,,,BUY_SETUP,True,2025-03-20 00:00:00,2025-04-01 00:00:00,133.25,133.25,2025-04-01 00:00:00,2025-04-01 00:00:00,,,,,,,,,,,,,,2025-04-01 00:00:00,125.39,126.5,126.04,126.5,125.39,3166012217.191,0.019963,0.025883
000858SZ_2025-04-02T000000_BUY_COUNTDOWN_PROGRESS_1_2025-04-01T000000_2,2025-04-02 00:00:00,000858.SZ,1d,COUNTDOWN,BUY_COUNTDOWN_PROGRESS,1,2,,,BUY_SETUP,True,2025-03-20 00:00:00,2025-04-01 00:00:00,133.25,133.25,2025-04-01 00:00:00,2025-04-01 00:00:00,2025-04-02 00:00:00,,,,,,,,,,,,,2025-04-02 00:00:00,125.31,126.8,125.4,126.8,125.31,3104526950.622,0.019219,-0.004209
000858SZ_2025-04-07T000000_BUY_COUNTDOWN_PROGRESS_1_2025-04-01T000000_3,2025-04-07 00:00:00,000858.SZ,1d,COUNTDOWN,BUY_COUNTDOWN_PROGRESS,1,3,,,BUY_SETUP,True,2025-03-20 00:00:00,2025-04-01 00:00:00,133.25,133.25,2025-04-01 00:00:00,2025-04-01 00:00:00,2025-04-02 00:00:00,2025-04-07 00:00:00,,,,,,,,,,,,2025-04-07 00:00:00,118.05,124.7,121.03,124.7,118.05,3127785573.11,0.020251,-0.046557
601318SS_2025-04-07T000000_SELL_COUNTDOWN_CANCEL_-1_2025-02-19T000000_6,2025-04-07 00:00:00,601318.SS,1d,COUNTDOWN,SELL_COUNTDOWN_CANCEL,-1,6,,tdst_break_rule_4,SELL_SETUP,False,2025-02-07 00:00:00,2025-02-19 00:00:00,49.83,47.29,2025-02-19 00:00:00,2025-02-24 00:00:00,2025-03-06 00:00:00,2025-03-07 00:00:00,2025-03-14 00:00:00,2025-03-17 00:00:00,2025-03-19 00:00:00,,,,,,,,,2025-03-06 00:00:00,47.98,49.38,46.01,47.22,44.45,3221306649.6,0.019629,-0.055236
600036SS_2025-04-07T000000_SELL_COUNTDOWN_CANCEL_-1_2025-03-11T000000_4,2025-04-07 00:00:00,600036.SS,1d,COUNTDOWN,SELL_COUNTDOWN_CANCEL,-1,4,,tdst_break_rule_4,SELL_SETUP,False,2025-02-27 00:00:00,2025-03-11 00:00:00,40.79,38.27,2025-03-11 00:00:00,2025-03-13 00:00:00,2025-03-14 00:00:00,2025-03-17 00:00:00,2025-03-19 00:00:00,,,,,,,,,,,2025-03-13 00:00:00,40.49,41.37,37.82,38.99,36.38,2882363027.2,0.020372,-0.055916
600519SS_2025-04-09T000000_SELL_COUNTDOWN_PROGRESS_-1_2025-03-18T000000_2,2025-04-09 00:00:00,600519.SS,1d,COUNTDOWN,SELL_COUNTDOWN_PROGRESS,-1,2,,,SELL_SETUP,True,2025-03-06 00:00:00,2025-03-18 00:00:00,1606.43,1420.52,2025-03-18 00:00:00,2025-03-28 00:00:00,2025-04-09 00:00:00,,,,,,,,,,,,,2025-04-09 00:00:00,1468.99,1505.24,1489.48,1505.24,1468.99,5898877068.8,0.020873,-0.001033
000651SZ_2025-04-09T000000_SELL_COUNTDOWN_PROGRESS_-1_2025-03-13T000000_9,2025-04-09 00:00:00,000651.SZ,1d,COUNTDOWN,SELL_COUNTDOWN_PROGRESS,-1,9,,,SELL_SETUP,True,2025-03-03 00:00:00,2025-03-13 00:00:00,38.93,36.46,2025-03-13 00:00:00,2025-03-13 00:00:00,2025-03-14 00:00:00,2025-03-17 00:00:00,2025-03-18 00:00:00,2025-03-19 00:00:00,2025-03-24 00:00:00,2025-03-25 00:00:00,2025-03-31 00:00:00,41.47,2025-04-09 00:00:00,,,,,2025-03-13 00:00:00,38.03,38.93,40.88,41.21,39.84,2139755175.49,0.018222,0.072122
600519SS_2025-04-10T000000_SELL_COUNTDOWN_PROGRESS_-1_2025-03-18T000000_3,2025-04-10 00:00:00,600519.SS,1d,COUNTDOWN,SELL_COUNTDOWN_PROGRESS,-1,3,,,SELL_SETUP,True,2025-03-06 00:00:00,2025-03-18 00:00:00,1606.43,1420.52,2025-03-18 00:00:00,2025-03-28 00:00:00,2025-04-09 00:00:00,2025-04-10 00:00:00,,,,,,,,,,,,2025-04-09 00:00:00,1468.99,1505.24,1497.44,1503.44,1476.44,5969413414.4,0.020888,0.007556
601318SS_2025-04-10T000000_BUY_SETUP_1_2025-04-10T000000_9,2025-04-10 00:00:00,601318.SS,1d,SETUP,BUY_SETUP,1,9,False,,BUY_SETUP,False,2025-03-28 00:00:00,2025-04-10 00:00:00,,,,,,,,,,,,,,,,,,,,,,,,3424998246.4,0.020214,-0.034163
000651SZ_2025-04-10T000000_SELL_COUNTDOWN_PROGRESS_-1_2025-03-13T000000_10,2025-04-10 00:00:00,000651.SZ,1d,COUNTDOWN,SELL_COUNTDOWN_PROGRESS,-1,10,,,SELL_SETUP,True,2025-03-03 00:00:00,2025-03-13 00:00:00,38.93,36.46,2025-03-13 00:00:00,2025-03-13 00:00:00,2025-03-14 00:00:00,2025-03-17 00:00:00,2025-03-18 00:00:00,2025-03-19 00:00:00,2025-03-24 00:00:00,2025-03-25 00:00:00,2025-03-31 00:00:00,41.47,2025-04-09 00:00:00,2025-04-10 00:00:00,,,,2025-03-13 00:00:00,38.03,38.93,40.82,40.96,40.26,2167817947.0715,0.018183,0.059159
600519SS_2025-04-11T000000_SELL_COUNTDOWN_PROGRESS_-1_2025-03-18T000000_4,2025-04-11 00:00:00,600519.SS,1d,COUNTDOWN,SELL_COUNTDOWN_PROGRESS,-1,4,,,SELL_SETUP,True,2025-03-06 00:00:00,2025-03-18 00:00:00,1606.43,1420.52,2025-03-18 00:00:00,2025-03-28 00:00:00,2025-04-09 00:00:00,2025-04-10 00:00:00,2025-04-11 00:00:00,,,,,,,,,,,2025-04-09 00:00:00,1468.99,1505.24,1517.42,1528.41,1493.44,6025462950.4,0.015763,-0.037445
000651SZ_2025-04-16T000000_SELL_COUNTDOWN_PROGRESS_-1_2025-03-13T000000_11,2025-04-16 00:00:00,000651.SZ,1d,COUNTDOWN,SELL_COUNTDOWN_PROGRESS,-1,11,,,SELL_SETUP,True,2025-03-03 00:00:00,2025-03-13 00:00:00,38.93,36.46,2025-03-13 00:00:00,2025-03-13 00:00:00,2025-03-14 00:00:00,2025-03-17 00:00:00,2025-03-18 00:00:00,2025-03-19 00:00:00,2025-03-24 00:00:00,2025-03-25 00:00:00,2025-03-31 00:00:00,41.47,2025-04-09 00:00:00,2025-04-10 00:00:00,2025-04-16 00:00:00,,,2025-03-13 00:00:00,38.03,38.93,41.29,41.38,40.49,2184754520.654,0.019887,0.04215
600519SS_2025-04-17T000000_SELL_COUNTDOWN_PROGRESS_-1_2025-03-18T000000_5,2025-04-17 00:00:00,600519.SS,1d,COUNTDOWN,SELL_COUNTDOWN_PROGRESS,-1,5,,,SELL_SETUP,True,2025-03-06 00:00:00,2025-03-18 00:00:00,1606.43,1420.52,2025-03-18 00:00:00,2025-03-28 00:00:00,2025-04-09 00:00:00,2025-04-10 00:00:00,2025-04-11 00:00:00,2025-04-17 00:00:00,,,,,,,,,,2025-04-09 00:00:00,1468.99,1505.24,1518.44,1524.94,1498.43,5114955584.0,0.0152,-0.021901
000651SZ_2025-04-17T000000_SELL_COUNTDOWN_PROGRESS_-1_2025-03-13T000000_12,2025-04-17 00:00:00,000651.SZ,1d,COUNTDOWN,SELL_COUNTDOWN_PROGRESS,-1,12,,,SELL_SETUP,True,2025-03-03 00:00:00,2025-03-13 00:00:00,38.93,36.46,2025-03-13 00:00:00,2025-03-13 00:00:00,2025-03-14 00:00:00,2025-03-17 00:00:00,2025-03-18 00:00:00,2025-03-19 00:00:00,2025-03-24 00:00:00,2025-03-25 00:00:00,2025-03-31 00:00:00,41.47,2025-04-09 00:00:00,2025-04-10 00:00:00,2025-04-16 00:00:00,2025-04-17 00:00:00,,2025-03-13 00:00:00,38.03,38.93,40.99,41.14,40.63,2166309026.7285,0.019146,0.058626
000858SZ_2025-04-21T000000_BUY_COUNTDOWN_PROGRESS_1_2025-04-01T000000_4,2025-04-21 00:00:00,000858.SZ,1d,COUNTDOWN,BUY_COUNTDOWN_PROGRESS,1,4,,,BUY_SETUP,True,2025-03-20 00:00:00,2025-04-01 00:00:00,133.25,133.25,2025-04-01 00:00:00,2025-04-01 00:00:00,2025-04-02 00:00:00,2025-04-07 00:00:00,2025-04-21 00:00:00,,,,,,,,,,,2025-04-07 00:00:00,118.05,124.7,124.59,126.25,124.39,2332379840.851,0.013992,-0.030881
000651SZ_2025-04-21T000000_SELL_COUNTDOWN_COMPLETE_-1_2025-03-13T000000_13,2025-04-21 00:00:00,000651.SZ,1d,COUNTDOWN,SELL_COUNTDOWN_COMPLETE,-1,13,False,,SELL_SETUP,True,2025-03-03 00:00:00,2025-03-13 00:00:00,38.93,36.46,2025-03-13 00:00:00,2025-03-13 00:00:00,2025-03-14 00:00:00,2025-03-17 00:00:00,2025-03-18 00:00:00,2025-03-19 00:00:00,2025-03-24 00:00:00,2025-03-25 00:00:00,2025-03-31 00:00:00,41.47,2025-04-09 00:00:00,2025-04-10 00:00:00,2025-04-16 00:00:00,2025-04-17 00:00:00,2025-04-21 00:00:00,2025-03-13 00:00:00,38.03,38.93,41.2,41.41,40.92,2015215144.096,0.017079,0.005123
000858SZ_2025-04-22T000000_BUY_COUNTDOWN_PROGRESS_1_2025-04-01T000000_5,2025-04-22 00:00:00,000858.SZ,1d,COUNTDOWN,BUY_COUNTDOWN_PROGRESS,1,5,,,BUY_SETUP,True,2025-03-20 00:00:00,2025-04-01 00:00:00,133.25,133.25,2025-04-01 00:00:00,2025-04-01 00:00:00,2025-04-02 00:00:00,2025-04-07 00:00:00,2025-04-21 00:00:00,2025-04-22 00:00:00,,,,,,,,,,2025-04-07 00:00:00,118.05,124.7,124.35,124.99,123.75,2286882189.2605,0.013956,-0.027071
000858SZ_2025-04-23T000000_BUY_COUNTDOWN_PROGRESS_1_2025-04-01T000000_6,2025-04-23 00:00:00,000858.SZ,1d,COUNTDOWN,BUY_COUNTDOWN_PROGRESS,1,6,,,BUY_SETUP,True,2025-03-20 00:00:00,2025-04-01 00:00:00,133.25,133.25,2025-04-01 00:00:00,2025-04-01 00:00:00,2025-04-02 00:00:00,2025-04-07 00:00:00,2025-04-21 00:00:00,2025-04-22 00:00:00,2025-04-23 00:00:00,,,,,,,,,2025-04-07 00:00:00,118.05,124.7,124.22,124.95,123.8,2232080867.572,0.013956,-0.026489
601318SS_2025-04-23T000000_SELL_SETUP_PERFECT_-1_2025-04-23T000000_9,2025-04-23 00:00:00,601318.SS,1d,SETUP,SELL_SETUP_PERFECT,-1,9,True,,SELL_SETUP,True,2025-04-11 00:00:00,2025-04-23 00:00:00,,,,,,,,,,,,,,,,,,,,,,,,2571204320.0,0.015117,-0.020744
601318SS_2025-04-23T000000_BUY_COUNTDOWN_CANCEL_1_2025-04-10T000000_0,2025-04-23 00:00:00,601318.SS,1d,COUNTDOWN,BUY_COUNTDOWN_CANCEL,1,0,,opposite_setup,BUY_SETUP,False,2025-03-28 00:00:00,2025-04-10 00:00:00,49.82,49.82,2025-04-10 00:00:00,,,,,,,,,,,,,,,,,,48.15,48.4,47.91,2571204320.0,0.015117,-0.020744
601318SS_2025-04-23T000000_SELL_COUNTDOWN_PROGRESS_-1_2025-04-23T000000_1,2025-04-23 00:00:00,601318.SS,1d,COUNTDOWN,SELL_COUNTDOWN_PROGRESS,-1,1,,,SELL_SETUP,True,2025-04-11 00:00:00,2025-04-23 00:00:00,48.4,46.43,2025-04-23 00:00:00,2025-04-23 00:00:00,,,,,,,,,,,,,,2025-04-23 00:00:00,47.91,48.4,48.15,48.4,47.91,2571204320.0,0.015117,-0.020744
000858SZ_2025-04-24T000000_BUY_COUNTDOWN_PROGRESS_1_2025-04-01T000000_7,2025-04-24 00:00:00,000858.SZ,1d,COUNTDOWN,BUY_COUNTDOWN_PROGRESS,1,7,,,BUY_SETUP,True,2025-03-20 00:00:00,2025-04-01 00:00:00,133.25,133.25,2025-04-01 00:00:00,2025-04-01 00:00:00,2025-04-02 00:00:00,2025-04-07 00:00:00,2025-04-21 00:00:00,2025-04-22 00:00:00,2025-04-23 00:00:00,2025-04-24 00:00:00,,,,,,,,2025-04-07 00:00:00,118.05,124.7,123.31,124.45,123.26,2244637458.5385,0.013951,-0.037768
601318SS_2025-04-24T000000_SELL_COUNTDOWN_PROGRESS_-1_2025-04-23T000000_2,2025-04-24 00:00:00,601318.SS,1d,COUNTDOWN,SELL_COUNTDOWN_PROGRESS,-1,2,,,SELL_SETUP,True,2025-04-11 00:00:00,2025-04-23 00:00:00,48.4,46.43,2025-04-23 00:00:00,2025-04-23 00:00:00,2025-04-24 00:00:00,,,,,,,,,,,,,2025-04-23 00:00:00,47.91,48.4,48.67,48.93,48.15,2574964608.0,0.015248,-0.016966
000858SZ_2025-04-25T000000_BUY_COUNTDOWN_PROGRESS_1_2025-04-01T000000_8,2025-04-25 00:00:00,000858.SZ,1d,COUNTDOWN,BUY_COUNTDOWN_PROGRESS,1,8,,,BUY_SETUP,True,2025-03-20 00:00:00,2025-04-01 00:00:00,133.25,133.25,2025-04-01 00:00:00,2025-04-01 00:00:00,2025-04-02 00:00:00,2025-04-07 00:00:00,2025-04-21 00:00:00,2025-04-22 00:00:00,2025-04-23 00:00:00,2025-04-24 00:00:00,2025-04-25 00:00:00,123.3,,,,,,2025-04-07 00:00:00,118.05,124.7,123.3,124.47,123.21,2219895745.97,0.013934,-0.032789
601318SS_2025-04-25T000000_SELL_COUNTDOWN_PROGRESS_-1_2025-04-23T000000_3,2025-04-25 00:00:00,601318.SS,1d,COUNTDOWN,SELL_COUNTDOWN_PROGRESS,-1,3,,,SELL_SETUP,True,2025-04-11 00:00:00,2025-04-23 00:00:00,48.4,46.43,2025-04-23 00:00:00,2025-04-23 00:00:00,2025-04-24 00:00:00,2025-04-25 00:00:00,,,,,,,,,,,,2025-04-23 00:00:00,47.91,48.4,48.78,49.04,48.67,2557276480.0,0.01526,-0.01275
000858SZ_2025-04-30T000000_BUY_COUNTDOWN_PROGRESS_1_2025-04-01T000000_9,2025-04-30 00:00:00,000858.SZ,1d,COUNTDOWN,BUY_COUNTDOWN_PROGRESS,1,9,,,BUY_SETUP,True,2025-03-20 00:00:00,2025-04-01 00:00:00,133.25,133.25,2025-04-01 00:00:00,2025-04-01 00:00:00,2025-04-02 00:00:00,2025-04-07 00:00:00,2025-04-21 00:00:00,2025-04-22 00:00:00,2025-04-23 00:00:00,2025-04-24 00:00:00,2025-04-25 00:00:00,123.3,2025-04-30 00:00:00,,,,,2025-04-07 00:00:00,118.05,124.7,122.95,124.55,122.92,2260336102.46,0.014211,-0.019537
000651SZ_2025-04-30T000000_SELL_SETUP_-1_2025-04-30T000000_9,2025-04-30 00:00:00,000651.SZ,1d,SETUP,SELL_SETUP,-1,9,False,,SELL_SETUP,False,2025-04-18 00:00:00,2025-04-30 00:00:00,,,,,,,,,,,,,,,,,,,,,,,,1856182252.5785,0.019024,0.009471
600519SS_2025-05-08T000000_SELL_COUNTDOWN_PROGRESS_-1_2025-03-18T000000_6,2025-05-08 00:00:00,600519.SS,1d,COUNTDOWN,SELL_COUNTDOWN_PROGRESS,-1,6,,,SELL_SETUP,True,2025-03-06 00:00:00,2025-03-18 00:00:00,1606.43,1420.52,2025-03-18 00:00:00,2025-03-28 00:00:00,2025-04-09 00:00:00,2025-04-10 00:00:00,2025-04-11 00:00:00,2025-04-17 00:00:00,2025-05-08 00:00:00,,,,,,,,,2025-04-09 00:00:00,1468.99,1505.24,1526.63,1541.22,1498.27,4202746854.4,0.006354,0.022224
601318SS_2025-05-08T000000_SELL_COUNTDOWN_PROGRESS_-1_2025-04-23T000000_4,2025-05-08 00:00:00,601318.SS,1d,COUNTDOWN,SELL_COUNTDOWN_PROGRESS,-1,4,,,SELL_SETUP,True,2025-04-11 00:00:00,2025-04-23 00:00:00,48.4,46.43,2025-04-23 00:00:00,2025-04-23 00:00:00,2025-04-24 00:00:00,2025-04-25 00:00:00,2025-05-08 00:00:00,,,,,,,,,,,2025-04-23 00:00:00,47.91,48.4,49.41,49.8,48.35,2350548083.2,0.006172,0.057803
000651SZ_2025-05-08T000000_SELL_COUNTDOWN_PROGRESS_-1_2025-04-30T000000_1,2025-05-08 00:00:00,000651.SZ,1d,COUNTDOWN,SELL_COUNTDOWN_PROGRESS,-1,1,,,SELL_SETUP,False,2025-04-18 00:00:00,2025-04-30 00:00:00,43.31,40.74,2025-04-30 00:00:00,2025-05-08 00:00:00,,,,,,,,,,,,,,2025-05-08 00:00:00,42.12,42.66,42.53,42.66,42.12,1737402881.432,0.013568,0.046763
600519SS_2025-05-09T000000_SELL_COUNTDOWN_PROGRESS_-1_2025-03-18T000000_7,2025-05-09 00:00:00,600519.SS,1d,COUNTDOWN,SELL_COUNTDOWN_PROGRESS,-1,7,,,SELL_SETUP,True,2025-03-06 00:00:00,2025-03-18 00:00:00,1606.43,1420.52,2025-03-18 00:00:00,2025-03-28 00:00:00,2025-04-09 00:00:00,2025-04-10 00:00:00,2025-04-11 00:00:00,2025-04-17 00:00:00,2025-05-08 00:00:00,2025-05-09 00:00:00,,,,,,,,2025-04-09 00:00:00,1468.99,1505.24,1539.62,1545.89,1523.49,3829276723.2,0.006488,0.033663
601318SS_2025-05-09T000000_SELL_COUNTDOWN_PROGRESS_-1_2025-04-23T000000_5,2025-05-09 00:00:00,601318.SS,1d,COUNTDOWN,SELL_COUNTDOWN_PROGRESS,-1,5,,,SELL_SETUP,True,2025-04-11 00:00:00,2025-04-23 00:00:00,48.4,46.43,2025-04-23 00:00:00,2025-04-23 00:00:00,2025-04-24 00:00:00,2025-04-25 00:00:00,2025-05-08 00:00:00,2025-05-09 00:00:00,,,,,,,,,,2025-04-23 00:00:00,47.91,48.4,49.2,49.61,49.2,2153622624.0,0.00596,0.060802
000651SZ_2025-05-09T000000_SELL_COUNTDOWN_PROGRESS_-1_2025-04-30T000000_2,2025-05-09 00:00:00,000651.SZ,1d,COUNTDOWN,SELL_COUNTDOWN_PROGRESS,-1,2,,,SELL_SETUP,False,2025-04-18 00:00:00,2025-04-30 00:00:00,43.31,40.74,2025-04-30 00:00:00,2025-05-08 00:00:00,2025-05-09 00:00:00,,,,,,,,,,,,,2025-05-08 00:00:00,42.12,42.66,43.01,43.19,42.54,1645663337.762,0.013688,0.052104
600519SS_2025-05-12T000000_SELL_COUNTDOWN_PROGRESS_-1_2025-03-18T000000_8,2025-05-12 00:00:00,600519.SS,1d,COUNTDOWN,SELL_COUNTDOWN_PROGRESS,-1,8,,,SELL_SETUP,True,2025-03-06 00:00:00,2025-03-18 00:00:00,1606.43,1420.52,2025-03-18 00:00:00,2025-03-28 00:00:00,2025-04-09 00:00:00,2025-04-10 00:00:00,2025-04-11 00:00:00,2025-04-17 00:00:00,2025-05-08 00:00:00,2025-05-09 00:00:00,2025-05-12 00:00:00,1552.94,,,,,,2025-04-09 00:00:00,1468.99,1505.24,1552.94,1567.37,1545.05,3599519603.2,0.006624,0.037063
601318SS_2025-05-12T000000_SELL_COUNTDOWN_PROGRESS_-1_2025-04-23T000000_6,2025-05-12 00:00:00,601318.SS,1d,COUNTDOWN,SELL_COUNTDOWN_PROGRESS,-1,6,,,SELL_SETUP,True,2025-04-11 00:00:00,2025-04-23 00:00:00,48.4,46.43,2025-04-23 00:00:00,2025-04-23 00:00:00,2025-04-24 00:00:00,2025-04-25 00:00:00,2025-05-08 00:00:00,2025-05-09 00:00:00,2025-05-12 00:00:00,,,,,,,,,2025-04-23 00:00:00,47.91,48.4,50.05,50.2,49.45,2124793964.8,0.006477,0.066482
000651SZ_2025-05-12T000000_SELL_COUNTDOWN_PROGRESS_-1_2025-04-30T000000_3,2025-05-12 00:00:00,000651.SZ,1d,COUNTDOWN,SELL_COUNTDOWN_PROGRESS,-1,3,,,SELL_SETUP,False,2025-04-18 00:00:00,2025-04-30 00:00:00,43.31,40.74,2025-04-30 00:00:00,2025-05-08 00:00:00,2025-05-09 00:00:00,2025-05-12 00:00:00,,,,,,,,,,,,2025-05-08 00:00:00,42.12,42.66,42.91,43.31,42.79,1601138914.956,0.013704,0.0512
601318SS_2025-05-13T000000_SELL_COUNTDOWN_PROGRESS_-1_2025-04-23T000000_7,2025-05-13 00:00:00,601318.SS,1d,COUNTDOWN,SELL_COUNTDOWN_PROGRESS,-1,7,,,SELL_SETUP,True,2025-04-11 00:00:00,2025-04-23 00:00:00,48.4,46.43,2025-04-23 00:00:00,2025-04-23 00:00:00,2025-04-24 00:00:00,2025-04-25 00:00:00,2025-05-08 00:00:00,2025-05-09 00:00:00,2025-05-12 00:00:00,2025-05-13 00:00:00,,,,,,,,2025-04-23 00:00:00,47.91,48.4,49.91,50.24,49.7,2067743622.4,0.006479,0.066453
600519SS_2025-05-14T000000_SELL_COUNTDOWN_PROGRESS_-1_2025-03-18T000000_9,2025-05-14 00:00:00,600519.SS,1d,COUNTDOWN,SELL_COUNTDOWN_PROGRESS,-1,9,,,SELL_SETUP,True,2025-03-06 00:00:00,2025-03-18 00:00:00,1606.43,1420.52,2025-03-18 00:00:00,2025-03-28 00:00:00,2025-04-09 00:00:00,2025-04-10 00:00:00,2025-04-11 00:00:00,2025-04-17 00:00:00,2025-05-08 00:00:00,2025-05-09 00:00:00,2025-05-12 00:00:00,1552.94,2025-05-14 00:00:00,,,,,2025-04-09 00:00:00,1468.99,1505.24,1583.43,1593.44,1536.62,3536036723.2,0.008498,0.055317
601318SS_2025-05-14T000000_SELL_COUNTDOWN_PROGRESS_-1_2025-04-23T000000_8,2025-05-14 00:00:00,601318.SS,1d,COUNTDOWN,SELL_COUNTDOWN_PROGRESS,-1,8,,,SELL_SETUP,True,2025-04-11 00:00:00,2025-04-23 00:00:00,48.4,46.43,2025-04-23 00:00:00,2025-04-23 00:00:00,2025-04-24 00:00:00,2025-04-25 00:00:00,2025-05-08 00:00:00,2025-05-09 00:00:00,2025-05-12 00:00:00,2025-05-13 00:00:00,2025-05-14 00:00:00,52.14,,,,,,2025-04-23 00:00:00,47.91,48.4,52.14,52.63,49.79,2383953030.4,0.011257,0.111016
600519SS_2025-05-15T000000_SELL_COUNTDOWN_PROGRESS_-1_2025-03-18T000000_10,2025-05-15 00:00:00,600519.SS,1d,COUNTDOWN,SELL_COUNTDOWN_PROGRESS,-1,10,,,SELL_SETUP,True,2025-03-06 00:00:00,2025-03-18 00:00:00,1606.43,1420.52,2025-03-18 00:00:00,2025-03-28 00:00:00,2025-04-09 00:00:00,2025-04-10 00:00:00,2025-04-11 00:00:00,2025-04-17 00:00:00,2025-05-08 00:00:00,2025-05-09 00:00:00,2025-05-12 00:00:00,1552.94,2025-05-14 00:00:00,2025-05-15 00:00:00,,,,2025-04-09 00:00:00,1468.99,1505.24,1580.45,1592.03,1572.57,3569235584.0,0.008558,0.049129
601318SS_2025-05-15T000000_SELL_COUNTDOWN_PROGRESS_-1_2025-04-23T000000_9,2025-05-15 00:00:00,601318.SS,1d,COUNTDOWN,SELL_COUNTDOWN_PROGRESS,-1,9,,,SELL_SETUP,True,2025-04-11 00:00:00,2025-04-23 00:00:00,48.4,46.43,2025-04-23 00:00:00,2025-04-23 00:00:00,2025-04-24 00:00:00,2025-04-25 00:00:00,2025-05-08 00:00:00,2025-05-09 00:00:00,2025-05-12 00:00:00,2025-05-13 00:00:00,2025-05-14 00:00:00,52.14,2025-05-15 00:00:00,,,,,2025-04-23 00:00:00,47.91,48.4,51.7,52.25,51.55,2442605011.2,0.011672,0.093486
000651SZ_2025-05-15T000000_SELL_COUNTDOWN_PROGRESS_-1_2025-04-30T000000_4,2025-05-15 00:00:00,000651.SZ,1d,COUNTDOWN,SELL_COUNTDOWN_PROGRESS,-1,4,,,SELL_SETUP,False,2025-04-18 00:00:00,2025-04-30 00:00:00,43.31,40.74,2025-04-30 00:00:00,2025-05-08 00:00:00,2025-05-09 00:00:00,2025-05-12 00:00:00,2025-05-15 00:00:00,,,,,,,,,,,2025-05-08 00:00:00,42.12,42.66,43.21,43.28,42.76,1490447976.757,0.010482,0.057255
600519SS_2025-05-16T000000_SELL_SETUP_-1_2025-05-16T000000_9,2025-05-16 00:00:00,600519.SS,1d,SETUP,SELL_SETUP,-1,9,False,,SELL_SETUP,False,2025-05-06 00:00:00,2025-05-16 00:00:00,,,,,,,,,,,,,,,,,,,,,,,,3587963878.4,0.0091,0.036455
600519SS_2025-05-16T000000_SELL_COUNTDOWN_CANCEL_-1_2025-03-18T000000_10,2025-05-16 00:00:00,600519.SS,1d,COUNTDOWN,SELL_COUNTDOWN_CANCEL,-1,10,,same_setup,SELL_SETUP,True,2025-03-06 00:00:00,2025-03-18 00:00:00,1606.43,1420.52,2025-03-18 00:00:00,2025-03-28 00:00:00,2025-04-09 00:00:00,2025-04-10 00:00:00,2025-04-11 00:00:00,2025-04-17 00:00:00,2025-05-08 00:00:00,2025-05-09 00:00:00,2025-05-12 00:00:00,1552.94,2025-05-14 00:00:00,2025-05-15 00:00:00,,,,2025-04-09 00:00:00,1468.99,1505.24,1562.57,1585.43,1562.57,3587963878.4,0.0091,0.036455
000858SZ_2025-05-16T000000_BUY_COUNTDOWN_PROGRESS_1_2025-04-01T000000_10,2025-05-16 00:00:00,000858.SZ,1d,COUNTDOWN,BUY_COUNTDOWN_PROGRESS,1,10,,,BUY_SETUP,True,2025-03-20 00:00:00,2025-04-01 00:00:00,133.25,133.25,2025-04-01 00:00:00,2025-04-01 00:00:00,2025-04-02 00:00:00,2025-04-07 00:00:00,2025-04-21 00:00:00,2025-04-22 00:00:00,2025-04-23 00:00:00,2025-04-24 00:00:00,2025-04-25 00:00:00,123.3,2025-04-30 00:00:00,2025-05-16 00:00:00,,,,2025-04-07 00:00:00,118.05,124.7,125.33,127.84,125.3,1953490100.1825,0.009902,-0.00964
000858SZ_2025-05-19T000000_BUY_COUNTDOWN_PROGRESS_1_2025-04-01T000000_11,2025-05-19 00:00:00,000858.SZ,1d,COUNTDOWN,BUY_COUNTDOWN_PROGRESS,1,11,,,BUY_SETUP,True,2025-03-20 00:00:00,2025-04-01 00:00:00,133.25,133.25,2025-04-01 00:00:00,2025-04-01 00:00:00,2025-04-02 00:00:00,2025-04-07 00:00:00,2025-04-21 00:00:00,2025-04-22 00:00:00,2025-04-23 00:00:00,2025-04-24 00:00:00,2025-04-25 00:00:00,123.3,2025-04-30 00:00:00,2025-05-16 00:00:00,2025-05-19 00:00:00,,,2025-04-07 00:00:00,118.05,124.7,123.55,124.35,123.13,1997728846.725,0.010344,-0.025477
000858SZ_2025-05-20T000000_BUY_COUNTDOWN_PROGRESS_1_2025-04-01T000000_12,2025-05-20 00:00:00,000858.SZ,1d,COUNTDOWN,BUY_COUNTDOWN_PROGRESS,1,12,,,BUY_SETUP,True,2025-03-20 00:00:00,2025-04-01 00:00:00,133.25,133.25,2025-04-01 00:00:00,2025-04-01 00:00:00,2025-04-02 00:00:00,2025-04-07 00:00:00,2025-04-21 00:00:00,2025-04-22 00:00:00,2025-04-23 00:00:00,2025-04-24 00:00:00,2025-04-25 00:00:00,123.3,2025-04-30 00:00:00,2025-05-16 00:00:00,2025-05-19 00:00:00,2025-05-20 00:00:00,,2025-04-07 00:00:00,118.05,124.7,123.38,123.88,123.12,1999546334.799,0.010281,-0.020794
000651SZ_2025-05-20T000000_SELL_COUNTDOWN_PROGRESS_-1_2025-04-30T000000_5,2025-05-20 00:00:00,000651.SZ,1d,COUNTDOWN,SELL_COUNTDOWN_PROGRESS,-1,5,,,SELL_SETUP,False,2025-04-18 00:00:00,2025-04-30 00:00:00,43.31,40.74,2025-04-30 00:00:00,2025-05-08 00:00:00,2025-05-09 00:00:00,2025-05-12 00:00:00,2025-05-15 00:00:00,2025-05-20 00:00:00,,,,,,,,,,2025-05-08 00:00:00,42.12,42.66,44.01,44.01,42.69,1484076434.9335,0.012446,0.065359
601318SS_2025-05-21T000000_SELL_COUNTDOWN_PROGRESS_-1_2025-04-23T000000_10,2025-05-21 00:00:00,601318.SS,1d,COUNTDOWN,SELL_COUNTDOWN_PROGRESS,-1,10,,,SELL_SETUP,True,2025-04-11 00:00:00,2025-04-23 00:00:00,48.4,46.43,2025-04-23 00:00:00,2025-04-23 00:00:00,2025-04-24 00:00:00,2025-04-25 00:00:00,2025-05-08 00:00:00,2025-05-09 00:00:00,2025-05-12 00:00:00,2025-05-13 00:00:00,2025-05-14 00:00:00,52.14,2025-05-15 00:00:00,2025-05-21 00:00:00,,,,2025-04-23 00:00:00,47.91,48.4,51.3,51.85,51.15,2442135596.8,0.01257,0.074796
000651SZ_2025-05-21T000000_SELL_COUNTDOWN_PROGRESS_-1_2025-04-30T000000_6,2025-05-21 00:00:00,000651.SZ,1d,COUNTDOWN,SELL_COUNTDOWN_PROGRESS,-1,6,,,SELL_SETUP,False,2025-04-18 00:00:00,2025-04-30 00:00:00,43.31,40.74,2025-04-30 00:00:00,2025-05-08 00:00:00,2025-05-09 00:00:00,2025-05-12 00:00:00,2025-05-15 00:00:00,2025-05-20 00:00:00,2025-05-21 00:00:00,,,,,,,,,2025-05-08 00:00:00,42.12,42.66,43.88,44.28,43.76,1482763815.74,0.012454,0.065049
000651SZ_2025-05-22T000000_SELL_COUNTDOWN_PROGRESS_-1_2025-04-30T000000_7,2025-05-22 00:00:00,000651.SZ,1d,COUNTDOWN,SELL_COUNTDOWN_PROGRESS,-1,7,,,SELL_SETUP,False,2025-04-18 00:00:00,2025-04-30 00:00:00,43.31,40.74,2025-04-30 00:00:00,2025-05-08 00:00:00,2025-05-09 00:00:00,2025-05-12 00:00:00,2025-05-15 00:00:00,2025-05-20 00:00:00,2025-05-21 00:00:00,2025-05-22 00:00:00,,,,,,,,2025-05-08 00:00:00,42.12,42.66,44.09,44.32,43.89,1489903323.3525,0.012396,0.060876
000858SZ_2025-05-23T000000_BUY_COUNTDOWN_COMPLETE_PERFECT_1_2025-04-01T000000_13,2025-05-23 00:00:00,000858.SZ,1d,COUNTDOWN,BUY_COUNTDOWN_COMPLETE_PERFECT,1,13,True,,BUY_SETUP,True,2025-03-20 00:00:00,2025-04-01 00:00:00,133.25,133.25,2025-04-01 00:00:00,2025-04-01 00:00:00,2025-04-02 00:00:00,2025-04-07 00:00:00,2025-04-21 00:00:00,2025-04-22 00:00:00,2025-04-23 00:00:00,2025-04-24 00:00:00,2025-04-25 00:00:00,123.3,2025-04-30 00:00:00,2025-05-16 00:00:00,2025-05-19 00:00:00,2025-05-20 00:00:00,2025-05-23 00:00:00,2025-04-07 00:00:00,118.05,124.7,122.4,123.91,122.4,2021292376.9875,0.010132,-0.014651
600519SS_2025-05-27T000000_SELL_COUNTDOWN_CANCEL_-1_2025-05-16T000000_0,2025-05-27 00:00:00,600519.SS,1d,COUNTDOWN,SELL_COUNTDOWN_CANCEL,-1,0,,tdst_break_rule_4,SELL_SETUP,False,2025-05-06 00:00:00,2025-05-16 00:00:00,1593.44,1492.77,2025-05-16 00:00:00,,,,,,,,,,,,,,,,,,1492.34,1507.04,1491.95,3707007910.4,0.010932,-0.004071
000858SZ_2025-05-28T000000_BUY_SETUP_PERFECT_1_2025-05-28T000000_9,2025-05-28 00:00:00,000858.SZ,1d,SETUP,BUY_SETUP_PERFECT,1,9,True,,BUY_SETUP,True,2025-05-16 00:00:00,2025-05-28 00:00:00,,,,,,,,,,,,,,,,,,,,,,,,2187396058.3045,0.009972,-0.031415
000858SZ_2025-06-03T000000_BUY_COUNTDOWN_PROGRESS_1_2025-05-28T000000_1,2025-06-03 00:00:00,000858.SZ,1d,COUNTDOWN,BUY_COUNTDOWN_PROGRESS,1,1,,,BUY_SETUP,True,2025-05-16 00:00:00,2025-05-28 00:00:00,127.84,127.84,2025-05-28 00:00:00,2025-06-03 00:00:00,,,,,,,,,,,,,,2025-06-03 00:00:00,118.82,119.8,118.93,119.8,118.82,2233640823.157,0.010107,-0.038872
601318SS_2025-06-03T000000_SELL_COUNTDOWN_PROGRESS_-1_2025-04-23T000000_11,2025-06-03 00:00:00,601318.SS,1d,COUNTDOWN,SELL_COUNTDOWN_PROGRESS,-1,11,,,SELL_SETUP,True,2025-04-11 00:00:00,2025-04-23 00:00:00,48.4,46.43,2025-04-23 00:00:00,2025-04-23 00:00:00,2025-04-24 00:00:00,2025-04-25 00:00:00,2025-05-08 00:00:00,2025-05-09 00:00:00,2025-05-12 00:00:00,2025-05-13 00:00:00,2025-05-14 00:00:00,52.14,2025-05-15 00:00:00,2025-05-21 00:00:00,2025-06-03 00:00:00,,,2025-04-23 00:00:00,47.91,48.4,51.3,51.56,50.45,2441246796.8,0.012929,0.063212
000858SZ_2025-06-04T000000_BUY_COUNTDOWN_PROGRESS_1_2025-05-28T000000_2,2025-06-04 00:00:00,000858.SZ,1d,COUNTDOWN,BUY_COUNTDOWN_PROGRESS,1,2,,,BUY_SETUP,True,2025-05-16 00:00:00,2025-05-28 00:00:00,127.84,127.84,2025-05-28 00:00:00,2025-06-03 00:00:00,2025-06-04 00:00:00,,,,,,,,,,,,,2025-06-04 00:00:00,118.35,119.47,118.8,119.47,118.35,2259699348.621,0.010009,-0.043786
601318SS_2025-06-04T000000_SELL_COUNTDOWN_PROGRESS_-1_2025-04-23T000000_12,2025-06-04 00:00:00,601318.SS,1d,COUNTDOWN,SELL_COUNTDOWN_PROGRESS,-1,12,,,SELL_SETUP,True,2025-04-11 00:00:00,2025-04-23 00:00:00,48.4,46.43,2025-04-23 00:00:00,2025-04-23 00:00:00,2025-04-24 00:00:00,2025-04-25 00:00:00,2025-05-08 00:00:00,2025-05-09 00:00:00,2025-05-12 00:00:00,2025-05-13 00:00:00,2025-05-14 00:00:00,52.14,2025-05-15 00:00:00,2025-05-21 00:00:00,2025-06-03 00:00:00,2025-06-04 00:00:00,,2025-04-23 00:00:00,47.91,48.4,51.21,51.6,51.06,2457779660.8,0.012929,0.053054
000858SZ_2025-06-10T000000_BUY_COUNTDOWN_PROGRESS_1_2025-05-28T000000_3,2025-06-10 00:00:00,000858.SZ,1d,COUNTDOWN,BUY_COUNTDOWN_PROGRESS,1,3,,,BUY_SETUP,True,2025-05-16 00:00:00,2025-05-28 00:00:00,127.84,127.84,2025-05-28 00:00:00,2025-06-03 00:00:00,2025-06-04 00:00:00,2025-06-10 00:00:00,,,,,,,,,,,,2025-06-04 00:00:00,118.35,119.47,118.64,119.35,118.53,2272762800.9975,0.008754,-0.067589
601318SS_2025-06-11T000000_SELL_COUNTDOWN_COMPLETE_-1_2025-04-23T000000_13,2025-06-11 00:00:00,601318.SS,1d,COUNTDOWN,SELL_COUNTDOWN_COMPLETE,-1,13,False,,SELL_SETUP,True,2025-04-11 00:00:00,2025-04-23 00:00:00,48.4,46.43,2025-04-23 00:00:00,2025-04-23 00:00:00,2025-04-24 00:00:00,2025-04-25 00:00:00,2025-05-08 00:00:00,2025-05-09 00:00:00,2025-05-12 00:00:00,2025-05-13 00:00:00,2025-05-14 00:00:00,52.14,2025-05-15 00:00:00,2025-05-21 00:00:00,2025-06-03 00:00:00,2025-06-04 00:00:00,2025-06-11 00:00:00,2025-04-23 00:00:00,47.91,48.4,51.91,52.1,50.85,2482999577.6,0.008502,-0.004411
000858SZ_2025-06-12T000000_BUY_COUNTDOWN_PROGRESS_1_2025-05-28T000000_4,2025-06-12 00:00:00,000858.SZ,1d,COUNTDOWN,BUY_COUNTDOWN_PROGRESS,1,4,,,BUY_SETUP,True,2025-05-16 00:00:00,2025-05-28 00:00:00,127.84,127.84,2025-05-28 00:00:00,2025-06-03 00:00:00,2025-06-04 00:00:00,2025-06-10 00:00:00,2025-06-12 00:00:00,,,,,,,,,,,2025-06-12 00:00:00,116.63,118.8,116.75,118.8,116.63,2321004128.447,0.007799,-0.08732
000858SZ_2025-06-13T000000_BUY_COUNTDOWN_PROGRESS_1_2025-05-28T000000_5,2025-06-13 00:00:00,000858.SZ,1d,COUNTDOWN,BUY_COUNTDOWN_PROGRESS,1,5,,,BUY_SETUP,True,2025-05-16 00:00:00,2025-05-28 00:00:00,127.84,127.84,2025-05-28 00:00:00,2025-06-03 00:00:00,2025-06-04 00:00:00,2025-06-10 00:00:00,2025-06-12 00:00:00,2025-06-13 00:00:00,,,,,,,,,,2025-06-13 00:00:00,113.27,116.15,113.37,116.15,113.27,2443375652.11,0.008876,-0.095428
600036SS_2025-06-13T000000_SELL_SETUP_-1_2025-06-13T000000_9,2025-06-13 00:00:00,600036.SS,1d,SETUP,SELL_SETUP,-1,9,False,,SELL_SETUP,False,2025-06-03 00:00:00,2025-06-13 00:00:00,,,,,,,,,,,,,,,,,,,,,,,,2169604691.2,0.007251,0.022055
000858SZ_2025-06-16T000000_BUY_COUNTDOWN_PROGRESS_1_2025-05-28T000000_6,2025-06-16 00:00:00,000858.SZ,1d,COUNTDOWN,BUY_COUNTDOWN_PROGRESS,1,6,,,BUY_SETUP,True,2025-05-16 00:00:00,2025-05-28 00:00:00,127.84,127.84,2025-05-28 00:00:00,2025-06-03 00:00:00,2025-06-04 00:00:00,2025-06-10 00:00:00,2025-06-12 00:00:00,2025-06-13 00:00:00,2025-06-16 00:00:00,,,,,,,,,2025-06-16 00:00:00,111.25,112.69,112.52,112.69,111.25,2488537504.736,0.008643,-0.089276
600036SS_2025-06-16T000000_SELL_COUNTDOWN_PROGRESS_-1_2025-06-13T000000_1,2025-06-16 00:00:00,600036.SS,1d,COUNTDOWN,SELL_COUNTDOWN_PROGRESS,-1,1,,,SELL_SETUP,False,2025-06-03 00:00:00,2025-06-13 00:00:00,42.67,40.49,2025-06-13 00:00:00,2025-06-16 00:00:00,,,,,,,,,,,,,,2025-06-16 00:00:00,41.94,42.8,42.77,42.8,41.94,2126680531.2,0.007265,0.047514
000858SZ_2025-06-17T000000_BUY_COUNTDOWN_PROGRESS_1_2025-05-28T000000_7,2025-06-17 00:00:00,000858.SZ,1d,COUNTDOWN,BUY_COUNTDOWN_PROGRESS,1,7,,,BUY_SETUP,True,2025-05-16 00:00:00,2025-05-28 00:00:00,127.84,127.84,2025-05-28 00:00:00,2025-06-03 00:00:00,2025-06-04 00:00:00,2025-06-10 00:00:00,2025-06-12 00:00:00,2025-06-13 00:00:00,2025-06-16 00:00:00,2025-06-17 00:00:00,,,,,,,,2025-06-16 00:00:00,111.25,112.69,111.96,113.09,111.68,2451245701.666,0.008603,-0.09256
600036SS_2025-06-17T000000_SELL_COUNTDOWN_PROGRESS_-1_2025-06-13T000000_2,2025-06-17 00:00:00,600036.SS,1d,COUNTDOWN,SELL_COUNTDOWN_PROGRESS,-1,2,,,SELL_SETUP,False,2025-06-03 00:00:00,2025-06-13 00:00:00,42.67,40.49,2025-06-13 00:00:00,2025-06-16 00:00:00,2025-06-17 00:00:00,,,,,,,,,,,,,2025-06-16 00:00:00,41.94,42.8,42.97,43.04,42.7,2124889734.4,0.007277,0.050868
600036SS_2025-06-18T000000_SELL_COUNTDOWN_PROGRESS_-1_2025-06-13T000000_3,2025-06-18 00:00:00,600036.SS,1d,COUNTDOWN,SELL_COUNTDOWN_PROGRESS,-1,3,,,SELL_SETUP,False,2025-06-03 00:00:00,2025-06-13 00:00:00,42.67,40.49,2025-06-13 00:00:00,2025-06-16 00:00:00,2025-06-17 00:00:00,2025-06-18 00:00:00,,,,,,,,,,,,2025-06-16 00:00:00,41.94,42.8,42.84,43.06,42.64,2112223481.6,0.007365,0.047689
000858SZ_2025-06-19T000000_BUY_COUNTDOWN_PROGRESS_1_2025-05-28T000000_8,2025-06-19 00:00:00,000858.SZ,1d,COUNTDOWN,BUY_COUNTDOWN_PROGRESS,1,8,,,BUY_SETUP,True,2025-05-16 00:00:00,2025-05-28 00:00:00,127.84,127.84,2025-05-28 00:00:00,2025-06-03 00:00:00,2025-06-04 00:00:00,2025-06-10 00:00:00,2025-06-12 00:00:00,2025-06-13 00:00:00,2025-06-16 00:00:00,2025-06-17 00:00:00,2025-06-19 00:00:00,111.53,,,,,,2025-06-16 00:00:00,111.25,112.69,111.53,112.7,111.35,2471951755.278,0.008842,-0.095752
600036SS_2025-06-23T000000_SELL_COUNTDOWN_PROGRESS_-1_2025-06-13T000000_4,2025-06-23 00:00:00,600036.SS,1d,COUNTDOWN,SELL_COUNTDOWN_PROGRESS,-1,4,,,SELL_SETUP,False,2025-06-03 00:00:00,2025-06-13 00:00:00,42.67,40.49,2025-06-13 00:00:00,2025-06-16 00:00:00,2025-06-17 00:00:00,2025-06-18 00:00:00,2025-06-23 00:00:00,,,,,,,,,,,2025-06-16 00:00:00,41.94,42.8,43.24,43.33,42.42,2101212678.4,0.006146,0.060064
600036SS_2025-06-24T000000_SELL_COUNTDOWN_PROGRESS_-1_2025-06-13T000000_5,2025-06-24 00:00:00,600036.SS,1d,COUNTDOWN,SELL_COUNTDOWN_PROGRESS,-1,5,,,SELL_SETUP,False,2025-06-03 00:00:00,2025-06-13 00:00:00,42.67,40.49,2025-06-13 00:00:00,2025-06-16 00:00:00,2025-06-17 00:00:00,2025-06-18 00:00:00,2025-06-23 00:00:00,2025-06-24 00:00:00,,,,,,,,,,2025-06-16 00:00:00,41.94,42.8,43.74,43.99,43.17,2154133900.8,0.006323,0.073901
000651SZ_2025-06-24T000000_SELL_COUNTDOWN_PROGRESS_-1_2025-04-30T000000_8,2025-06-24 00:00:00,000651.SZ,1d,COUNTDOWN,SELL_COUNTDOWN_PROGRESS,-1,8,,,SELL_SETUP,False,2025-04-18 00:00:00,2025-04-30 00:00:00,43.31,40.74,2025-04-30 00:00:00,2025-05-08 00:00:00,2025-05-09 00:00:00,2025-05-12 00:00:00,2025-05-15 00:00:00,2025-05-20 00:00:00,2025-05-21 00:00:00,2025-05-22 00:00:00,2025-06-24 00:00:00,41.91,,,,,,2025-06-24 00:00:00,41.5,42.01,41.91,42.01,41.5,1362888479.852,0.01065,-0.029636
600036SS_2025-06-25T000000_SELL_COUNTDOWN_PROGRESS_-1_2025-06-13T000000_6,2025-06-25 00:00:00,600036.SS,1d,COUNTDOWN,SELL_COUNTDOWN_PROGRESS,-1,6,,,SELL_SETUP,False,2025-06-03 00:00:00,2025-06-13 00:00:00,42.67,40.49,2025-06-13 00:00:00,2025-06-16 00:00:00,2025-06-17 00:00:00,2025-06-18 00:00:00,2025-06-23 00:00:00,2025-06-24 00:00:00,2025-06-25 00:00:00,,,,,,,,,2025-06-16 00:00:00,41.94,42.8,44.49,44.49,43.58,2217541996.8,0.006854,0.093927
000651SZ_2025-06-25T000000_SELL_COUNTDOWN_PROGRESS_-1_2025-04-30T000000_9,2025-06-25 00:00:00,000651.SZ,1d,COUNTDOWN,SELL_COUNTDOWN_PROGRESS,-1,9,,,SELL_SETUP,False,2025-04-18 00:00:00,2025-04-30 00:00:00,43.31,40.74,2025-04-30 00:00:00,2025-05-08 00:00:00,2025-05-09 00:00:00,2025-05-12 00:00:00,2025-05-15 00:00:00,2025-05-20 00:00:00,2025-05-21 00:00:00,2025-05-22 00:00:00,2025-06-24 00:00:00,41.91,2025-06-25 00:00:00,,,,,2025-06-24 00:00:00,41.5,42.01,42.38,42.5,41.78,1390034030.7695,0.010627,-0.029984
600036SS_2025-06-26T000000_SELL_SETUP_PERFECT_-1_2025-06-26T000000_9,2025-06-26 00:00:00,600036.SS,1d,SETUP,SELL_SETUP_PERFECT,-1,9,True,,SELL_SETUP,True,2025-06-16 00:00:00,2025-06-26 00:00:00,,,,,,,,,,,,,,,,,,,,,,,,2292214752.0,0.006483,0.108997
600036SS_2025-06-26T000000_SELL_COUNTDOWN_CANCEL_-1_2025-06-13T000000_6,2025-06-26 00:00:00,600036.SS,1d,COUNTDOWN,SELL_COUNTDOWN_CANCEL,-1,6,,same_setup,SELL_SETUP,False,2025-06-03 00:00:00,2025-06-13 00:00:00,42.67,40.49,2025-06-13 00:00:00,2025-06-16 00:00:00,2025-06-17 00:00:00,2025-06-18 00:00:00,2025-06-23 00:00:00,2025-06-24 00:00:00,2025-06-25 00:00:00,,,,,,,,,2025-06-16 00:00:00,41.94,42.8,44.87,44.87,44.04,2292214752.0,0.006483,0.108997
600036SS_2025-06-26T000000_SELL_COUNTDOWN_PROGRESS_-1_2025-06-26T000000_1,2025-06-26 00:00:00,600036.SS,1d,COUNTDOWN,SELL_COUNTDOWN_PROGRESS,-1,1,,,SELL_SETUP,True,2025-06-16 00:00:00,2025-06-26 00:00:00,44.87,41.94,2025-06-26 00:00:00,2025-06-26 00:00:00,,,,,,,,,,,,,,2025-06-26 00:00:00,44.04,44.87,44.87,44.87,44.04,2292214752.0,0.006483,0.108997
000651SZ_2025-06-26T000000_SELL_COUNTDOWN_PROGRESS_-1_2025-04-30T000000_10,2025-06-26 00:00:00,000651.SZ,1d,COUNTDOWN,SELL_COUNTDOWN_PROGRESS,-1,10,,,SELL_SETUP,False,2025-04-18 00:00:00,2025-04-30 00:00:00,43.31,40.74,2025-04-30 00:00:00,2025-05-08 00:00:00,2025-05-09 00:00:00,2025-05-12 00:00:00,2025-05-15 00:00:00,2025-05-20 00:00:00,2025-05-21 00:00:00,2025-05-22 00:00:00,2025-06-24 00:00:00,41.91,2025-06-25 00:00:00,2025-06-26 00:00:00,,,,2025-06-24 00:00:00,41.5,42.01,42.51,42.8,42.38,1393815411.827,0.010237,-0.013002
000858SZ_2025-06-30T000000_BUY_COUNTDOWN_PROGRESS_1_2025-05-28T000000_9,2025-06-30 00:00:00,000858.SZ,1d,COUNTDOWN,BUY_COUNTDOWN_PROGRESS,1,9,,,BUY_SETUP,True,2025-05-16 00:00:00,2025-05-28 00:00:00,127.84,127.84,2025-05-28 00:00:00,2025-06-03 00:00:00,2025-06-04 00:00:00,2025-06-10 00:00:00,2025-06-12 00:00:00,2025-06-13 00:00:00,2025-06-16 00:00:00,2025-06-17 00:00:00,2025-06-19 00:00:00,111.53,2025-06-30 00:00:00,,,,,2025-06-16 00:00:00,111.25,112.69,113.15,113.83,112.53,2557136796.0285,0.010455,-0.0486
000858SZ_2025-07-01T000000_BUY_COUNTDOWN_PROGRESS_1_2025-05-28T000000_10,2025-07-01 00:00:00,000858.SZ,1d,COUNTDOWN,BUY_COUNTDOWN_PROGRESS,1,10,,,BUY_SETUP,True,2025-05-16 00:00:00,2025-05-28 00:00:00,127.84,127.84,2025-05-28 00:00:00,2025-06-03 00:00:00,2025-06-04 00:00:00,2025-06-10 00:00:00,2025-06-12 00:00:00,2025-06-13 00:00:00,2025-06-16 00:00:00,2025-06-17 00:00:00,2025-06-19 00:00:00,111.53,2025-06-30 00:00:00,2025-07-01 00:00:00,,,,2025-06-16 00:00:00,111.25,112.69,112.88,113.24,112.53,2481302660.506,0.010449,-0.049832
600036SS_2025-07-02T000000_SELL_COUNTDOWN_PROGRESS_-1_2025-06-26T000000_2,2025-07-02 00:00:00,600036.SS,1d,COUNTDOWN,SELL_COUNTDOWN_PROGRESS,-1,2,,,SELL_SETUP,True,2025-06-16 00:00:00,2025-06-26 00:00:00,44.87,41.94,2025-06-26 00:00:00,2025-06-26 00:00:00,2025-07-02 00:00:00,,,,,,,,,,,,,2025-07-02 00:00:00,43.44,44.15,43.89,44.15,43.44,2459409344.0,0.011662,0.06117
000651SZ_2025-07-02T000000_SELL_COUNTDOWN_PROGRESS_-1_2025-04-30T000000_11,2025-07-02 00:00:00,000651.SZ,1d,COUNTDOWN,SELL_COUNTDOWN_PROGRESS,-1,11,,,SELL_SETUP,False,2025-04-18 00:00:00,2025-04-30 00:00:00,43.31,40.74,2025-04-30 00:00:00,2025-05-08 00:00:00,2025-05-09 00:00:00,2025-05-12 00:00:00,2025-05-15 00:00:00,2025-05-20 00:00:00,2025-05-21 00:00:00,2025-05-22 00:00:00,2025-06-24 00:00:00,41.91,2025-06-25 00:00:00,2025-06-26 00:00:00,2025-07-02 00:00:00,,,2025-06-24 00:00:00,41.5,42.01,43.42,43.73,42.5,1330186113.8435,0.008532,0.035042
000651SZ_2025-07-03T000000_SELL_COUNTDOWN_PROGRESS_-1_2025-04-30T000000_12,2025-07-03 00:00:00,000651.SZ,1d,COUNTDOWN,SELL_COUNTDOWN_PROGRESS,-1,12,,,SELL_SETUP,False,2025-04-18 00:00:00,2025-04-30 00:00:00,43.31,40.74,2025-04-30 00:00:00,2025-05-08 00:00:00,2025-05-09 00:00:00,2025-05-12 00:00:00,2025-05-15 00:00:00,2025-05-20 00:00:00,2025-05-21 00:00:00,2025-05-22 00:00:00,2025-06-24 00:00:00,41.91,2025-06-25 00:00:00,2025-06-26 00:00:00,2025-07-02 00:00:00,2025-07-03 00:00:00,,2025-06-24 00:00:00,41.5,42.01,43.54,43.68,43.26,1300477193.976,0.008493,0.039637
000651SZ_2025-07-04T000000_SELL_SETUP_PERFECT_-1_2025-07-04T000000_9,2025-07-04 00:00:00,000651.SZ,1d,SETUP,SELL_SETUP_PERFECT,-1,9,True,,SELL_SETUP,True,2025-06-24 00:00:00,2025-07-04 00:00:00,,,,,,,,,,,,,,,,,,,,,,,,1296309422.841,0.008477,0.0459
000651SZ_2025-07-04T000000_SELL_COUNTDOWN_CANCEL_-1_2025-04-30T000000_12,2025-07-04 00:00:00,000651.SZ,1d,COUNTDOWN,SELL_COUNTDOWN_CANCEL,-1,12,,same_setup,SELL_SETUP,False,2025-04-18 00:00:00,2025-04-30 00:00:00,43.31,40.74,2025-04-30 00:00:00,2025-05-08 00:00:00,2025-05-09 00:00:00,2025-05-12 00:00:00,2025-05-15 00:00:00,2025-05-20 00:00:00,2025-05-21 00:00:00,2025-05-22 00:00:00,2025-06-24 00:00:00,41.91,2025-06-25 00:00:00,2025-06-26 00:00:00,2025-07-02 00:00:00,2025-07-03 00:00:00,,2025-06-24 00:00:00,41.5,42.01,43.75,43.85,43.31,1296309422.841,0.008477,0.0459
000651SZ_2025-07-04T000000_SELL_COUNTDOWN_PROGRESS_-1_2025-07-04T000000_1,2025-07-04 00:00:00,000651.SZ,1d,COUNTDOWN,SELL_COUNTDOWN_PROGRESS,-1,1,,,SELL_SETUP,True,2025-06-24 00:00:00,2025-07-04 00:00:00,43.85,41.5,2025-07-04 00:00:00,2025-07-04 00:00:00,,,,,,,,,,,,,,2025-07-04 00:00:00,43.31,43.85,43.75,43.85,43.31,1296309422.841,0.008477,0.0459
600036SS_2025-07-07T000000_SELL_COUNTDOWN_PROGRESS_-1_2025-06-26T000000_3,2025-07-07 00:00:00,600036.SS,1d,COUNTDOWN,SELL_COUNTDOWN_PROGRESS,-1,3,,,SELL_SETUP,True,2025-06-16 00:00:00,2025-06-26 00:00:00,44.87,41.94,2025-06-26 00:00:00,2025-06-26 00:00:00,2025-07-02 00:00:00,2025-07-07 00:00:00,,,,,,,,,,,,2025-07-02 00:00:00,43.44,44.15,44.19,44.29,43.69,2600426188.8,0.01199,0.06073
600036SS_2025-07-08T000000_SELL_COUNTDOWN_PROGRESS_-1_2025-06-26T000000_4,2025-07-08 00:00:00,600036.SS,1d,COUNTDOWN,SELL_COUNTDOWN_PROGRESS,-1,4,,,SELL_SETUP,True,2025-06-16 00:00:00,2025-06-26 00:00:00,44.87,41.94,2025-06-26 00:00:00,2025-06-26 00:00:00,2025-07-02 00:00:00,2025-07-07 00:00:00,2025-07-08 00:00:00,,,,,,,,,,,2025-07-02 00:00:00,43.44,44.15,44.61,44.66,44.09,2633503680.0,0.011746,0.05461
600036SS_2025-07-10T000000_SELL_COUNTDOWN_PROGRESS_-1_2025-06-26T000000_5,2025-07-10 00:00:00,600036.SS,1d,COUNTDOWN,SELL_COUNTDOWN_PROGRESS,-1,5,,,SELL_SETUP,True,2025-06-16 00:00:00,2025-06-26 00:00:00,44.87,41.94,2025-06-26 00:00:00,2025-06-26 00:00:00,2025-07-02 00:00:00,2025-07-07 00:00:00,2025-07-08 00:00:00,2025-07-10 00:00:00,,,,,,,,,,2025-07-02 00:00:00,43.44,44.15,45.23,45.54,44.09,2793718201.6,0.013089,0.072563
000651SZ_2025-07-11T000000_SELL_COUNTDOWN_PROGRESS_-1_2025-07-04T000000_2,2025-07-11 00:00:00,000651.SZ,1d,COUNTDOWN,SELL_COUNTDOWN_PROGRESS,-1,2,,,SELL_SETUP,True,2025-06-24 00:00:00,2025-07-04 00:00:00,43.85,41.5,2025-07-04 00:00:00,2025-07-04 00:00:00,2025-07-11 00:00:00,,,,,,,,,,,,,2025-07-04 00:00:00,43.31,43.85,43.96,44.16,43.46,1259684375.6205,0.009041,0.056477
000651SZ_2025-07-14T000000_SELL_COUNTDOWN_PROGRESS_-1_2025-07-04T000000_3,2025-07-14 00:00:00,000651.SZ,1d,COUNTDOWN,SELL_COUNTDOWN_PROGRESS,-1,3,,,SELL_SETUP,True,2025-06-24 00:00:00,2025-07-04 00:00:00,43.85,41.5,2025-07-04 00:00:00,2025-07-04 00:00:00,2025-07-11 00:00:00,2025-07-14 00:00:00,,,,,,,,,,,,2025-07-04 00:00:00,43.31,43.85,44.26,44.69,44.03,1263995658.4575,0.008943,0.067535
000858SZ_2025-07-15T000000_SELL_SETUP_PERFECT_-1_2025-07-15T000000_9,2025-07-15 00:00:00,000858.SZ,1d,SETUP,SELL_SETUP_PERFECT,-1,9,True,,SELL_SETUP,True,2025-07-03 00:00:00,2025-07-15 00:00:00,,,,,,,,,,,,,,,,,,,,,,,,2157893990.155,0.008229,0.059247
000858SZ_2025-07-15T000000_BUY_COUNTDOWN_CANCEL_1_2025-05-28T000000_10,2025-07-15 00:00:00,000858.SZ,1d,COUNTDOWN,BUY_COUNTDOWN_CANCEL,1,10,,opposite_setup,BUY_SETUP,True,2025-05-16 00:00:00,2025-05-28 00:00:00,127.84,127.84,2025-05-28 00:00:00,2025-06-03 00:00:00,2025-06-04 00:00:00,2025-06-10 00:00:00,2025-06-12 00:00:00,2025-06-13 00:00:00,2025-06-16 00:00:00,2025-06-17 00:00:00,2025-06-19 00:00:00,111.53,2025-06-30 00:00:00,2025-07-01 00:00:00,,,,2025-06-16 00:00:00,111.25,112.69,119.25,119.77,118.57,2157893990.155,0.008229,0.059247
000858SZ_2025-07-15T000000_SELL_COUNTDOWN_PROGRESS_-1_2025-07-15T000000_1,2025-07-15 00:00:00,000858.SZ,1d,COUNTDOWN,SELL_COUNTDOWN_PROGRESS,-1,1,,,SELL_SETUP,True,2025-07-03 00:00:00,2025-07-15 00:00:00,119.79,113.15,2025-07-15 00:00:00,2025-07-15 00:00:00,,,,,,,,,,,,,,2025-07-15 00:00:00,118.57,119.77,119.25,119.77,118.57,2157893990.155,0.008229,0.059247
601318SS_2025-07-15T000000_SELL_SETUP_-1_2025-07-15T000000_9,2025-07-15 00:00:00,601318.SS,1d,SETUP,SELL_SETUP,-1,9,False,,SELL_SETUP,False,2025-07-03 00:00:00,2025-07-15 00:00:00,,,,,,,,,,,,,,,,,,,,,,,,3307757811.2,0.013105,0.095396
000651SZ_2025-07-15T000000_SELL_COUNTDOWN_PROGRESS_-1_2025-07-04T000000_4,2025-07-15 00:00:00,000651.SZ,1d,COUNTDOWN,SELL_COUNTDOWN_PROGRESS,-1,4,,,SELL_SETUP,True,2025-06-24 00:00:00,2025-07-04 00:00:00,43.85,41.5,2025-07-04 00:00:00,2025-07-04 00:00:00,2025-07-11 00:00:00,2025-07-14 00:00:00,2025-07-15 00:00:00,,,,,,,,,,,2025-07-04 00:00:00,43.31,43.85,44.96,45.1,44.16,1301865728.903,0.009325,0.083635
000858SZ_2025-07-17T000000_SELL_COUNTDOWN_PROGRESS_-1_2025-07-15T000000_2,2025-07-17 00:00:00,000858.SZ,1d,COUNTDOWN,SELL_COUNTDOWN_PROGRESS,-1,2,,,SELL_SETUP,True,2025-07-03 00:00:00,2025-07-15 00:00:00,119.79,113.15,2025-07-15 00:00:00,2025-07-15 00:00:00,2025-07-17 00:00:00,,,,,,,,,,,,,2025-07-15 00:00:00,118.57,119.77,120.07,120.36,119.12,2163106472.1725,0.006621,0.055004
000858SZ_2025-07-18T000000_SELL_COUNTDOWN_PROGRESS_-1_2025-07-15T000000_3,2025-07-18 00:00:00,000858.SZ,1d,COUNTDOWN,SELL_COUNTDOWN_PROGRESS,-1,3,,,SELL_SETUP,True,2025-07-03 00:00:00,2025-07-15 00:00:00,119.79,113.15,2025-07-15 00:00:00,2025-07-15 00:00:00,2025-07-17 00:00:00,2025-07-18 00:00:00,,,,,,,,,,,,2025-07-15 00:00:00,118.57,119.77,121.2,122.07,119.28,2116188330.688,0.005871,0.077046
601318SS_2025-07-21T000000_SELL_COUNTDOWN_PROGRESS_-1_2025-07-15T000000_1,2025-07-21 00:00:00,601318.SS,1d,COUNTDOWN,SELL_COUNTDOWN_PROGRESS,-1,1,,,SELL_SETUP,False,2025-07-03 00:00:00,2025-07-15 00:00:00,58.07,54.48,2025-07-15 00:00:00,2025-07-21 00:00:00,,,,,,,,,,,,,,2025-07-21 00:00:00,55.95,56.8,56.24,56.8,55.95,3149033132.8,0.009024,0.036873
000858SZ_2025-07-22T000000_SELL_COUNTDOWN_PROGRESS_-1_2025-07-15T000000_4,2025-07-22 00:00:00,000858.SZ,1d,COUNTDOWN,SELL_COUNTDOWN_PROGRESS,-1,4,,,SELL_SETUP,True,2025-07-03 00:00:00,2025-07-15 00:00:00,119.79,113.15,2025-07-15 00:00:00,2025-07-15 00:00:00,2025-07-17 00:00:00,2025-07-18 00:00:00,2025-07-22 00:00:00,,,,,,,,,,,2025-07-15 00:00:00,118.57,119.77,122.95,123.31,119.98,2211033443.843,0.00795,0.074456
000858SZ_2025-07-23T000000_SELL_COUNTDOWN_PROGRESS_-1_2025-07-15T000000_5,2025-07-23 00:00:00,000858.SZ,1d,COUNTDOWN,SELL_COUNTDOWN_PROGRESS,-1,5,,,SELL_SETUP,True,2025-07-03 00:00:00,2025-07-15 00:00:00,119.79,113.15,2025-07-15 00:00:00,2025-07-15 00:00:00,2025-07-17 00:00:00,2025-07-18 00:00:00,2025-07-22 00:00:00,2025-07-23 00:00:00,,,,,,,,,,2025-07-15 00:00:00,118.57,119.77,122.62,124.3,122.55,2248645510.857,0.00789,0.075803
601318SS_2025-07-23T000000_SELL_COUNTDOWN_PROGRESS_-1_2025-07-15T000000_2,2025-07-23 00:00:00,601318.SS,1d,COUNTDOWN,SELL_COUNTDOWN_PROGRESS,-1,2,,,SELL_SETUP,False,2025-07-03 00:00:00,2025-07-15 00:00:00,58.07,54.48,2025-07-15 00:00:00,2025-07-21 00:00:00,2025-07-23 00:00:00,,,,,,,,,,,,,2025-07-23 00:00:00,55.86,57.43,57.05,57.43,55.86,3002973203.2,0.009553,0.036707
000651SZ_2025-07-23T000000_SELL_COUNTDOWN_PROGRESS_-1_2025-07-04T000000_5,2025-07-23 00:00:00,000651.SZ,1d,COUNTDOWN,SELL_COUNTDOWN_PROGRESS,-1,5,,,SELL_SETUP,True,2025-06-24 00:00:00,2025-07-04 00:00:00,43.85,41.5,2025-07-04 00:00:00,2025-07-04 00:00:00,2025-07-11 00:00:00,2025-07-14 00:00:00,2025-07-15 00:00:00,2025-07-23 00:00:00,,,,,,,,,,2025-07-04 00:00:00,43.31,43.85,45.16,45.48,44.93,1308245629.105,0.008991,0.062338
601318SS_2025-07-24T000000_SELL_COUNTDOWN_PROGRESS_-1_2025-07-15T000000_3,2025-07-24 00:00:00,601318.SS,1d,COUNTDOWN,SELL_COUNTDOWN_PROGRESS,-1,3,,,SELL_SETUP,False,2025-07-03 00:00:00,2025-07-15 00:00:00,58.07,54.48,2025-07-15 00:00:00,2025-07-21 00:00:00,2025-07-23 00:00:00,2025-07-24 00:00:00,,,,,,,,,,,,2025-07-23 00:00:00,55.86,57.43,57.69,58.05,56.76,3065641939.2,0.00923,0.060283
601318SS_2025-07-28T000000_SELL_COUNTDOWN_PROGRESS_-1_2025-07-15T000000_4,2025-07-28 00:00:00,601318.SS,1d,COUNTDOWN,SELL_COUNTDOWN_PROGRESS,-1,4,,,SELL_SETUP,False,2025-07-03 00:00:00,2025-07-15 00:00:00,58.07,54.48,2025-07-15 00:00:00,2025-07-21 00:00:00,2025-07-23 00:00:00,2025-07-24 00:00:00,2025-07-28 00:00:00,,,,,,,,,,,2025-07-23 00:00:00,55.86,57.43,59.14,59.25,57.25,3230129414.4,0.012117,0.080183
601318SS_2025-07-29T000000_SELL_COUNTDOWN_PROGRESS_-1_2025-07-15T000000_5,2025-07-29 00:00:00,601318.SS,1d,COUNTDOWN,SELL_COUNTDOWN_PROGRESS,-1,5,,,SELL_SETUP,False,2025-07-03 00:00:00,2025-07-15 00:00:00,58.07,54.48,2025-07-15 00:00:00,2025-07-21 00:00:00,2025-07-23 00:00:00,2025-07-24 00:00:00,2025-07-28 00:00:00,2025-07-29 00:00:00,,,,,,,,,,2025-07-23 00:00:00,55.86,57.43,58.54,59.33,58.42,3301052192.0,0.012527,0.06708
000858SZ_2025-07-30T000000_SELL_COUNTDOWN_PROGRESS_-1_2025-07-15T000000_6,2025-07-30 00:00:00,000858.SZ,1d,COUNTDOWN,SELL_COUNTDOWN_PROGRESS,-1,6,,,SELL_SETUP,True,2025-07-03 00:00:00,2025-07-15 00:00:00,119.79,113.15,2025-07-15 00:00:00,2025-07-15 00:00:00,2025-07-17 00:00:00,2025-07-18 00:00:00,2025-07-22 00:00:00,2025-07-23 00:00:00,2025-07-30 00:00:00,,,,,,,,,2025-07-15 00:00:00,118.57,119.77,121.94,122.57,120.7,2330719477.1995,0.008957,0.07087
601318SS_2025-07-30T000000_SELL_COUNTDOWN_PROGRESS_-1_2025-07-15T000000_6,2025-07-30 00:00:00,601318.SS,1d,COUNTDOWN,SELL_COUNTDOWN_PROGRESS,-1,6,,,SELL_SETUP,False,2025-07-03 00:00:00,2025-07-15 00:00:00,58.07,54.48,2025-07-15 00:00:00,2025-07-21 00:00:00,2025-07-23 00:00:00,2025-07-24 00:00:00,2025-07-28 00:00:00,2025-07-29 00:00:00,2025-07-30 00:00:00,,,,,,,,,2025-07-23 00:00:00,55.86,57.43,59.76,60.38,58.4,3470841772.8,0.013069,0.089517
600036SS_2025-08-04T000000_SELL_COUNTDOWN_PROGRESS_-1_2025-06-26T000000_6,2025-08-04 00:00:00,600036.SS,1d,COUNTDOWN,SELL_COUNTDOWN_PROGRESS,-1,6,,,SELL_SETUP,True,2025-06-16 00:00:00,2025-06-26 00:00:00,44.87,41.94,2025-06-26 00:00:00,2025-06-26 00:00:00,2025-07-02 00:00:00,2025-07-07 00:00:00,2025-07-08 00:00:00,2025-07-10 00:00:00,2025-08-04 00:00:00,,,,,,,,,2025-08-04 00:00:00,43.3,43.96,43.89,43.96,43.3,3236100281.6,0.008468,-0.01614
000858SZ_2025-08-05T000000_SELL_COUNTDOWN_PROGRESS_-1_2025-07-15T000000_7,2025-08-05 00:00:00,000858.SZ,1d,COUNTDOWN,SELL_COUNTDOWN_PROGRESS,-1,7,,,SELL_SETUP,True,2025-07-03 00:00:00,2025-07-15 00:00:00,119.79,113.15,2025-07-15 00:00:00,2025-07-15 00:00:00,2025-07-17 00:00:00,2025-07-18 00:00:00,2025-07-22 00:00:00,2025-07-23 00:00:00,2025-07-30 00:00:00,2025-08-05 00:00:00,,,,,,,,2025-08-05 00:00:00,118.37,119.64,119.37,119.64,118.37,2430592159.313,0.011229,0.030384
601318SS_2025-08-05T000000_SELL_COUNTDOWN_PROGRESS_-1_2025-07-15T000000_7,2025-08-05 00:00:00,601318.SS,1d,COUNTDOWN,SELL_COUNTDOWN_PROGRESS,-1,7,,,SELL_SETUP,False,2025-07-03 00:00:00,2025-07-15 00:00:00,58.07,54.48,2025-07-15 00:00:00,2025-07-21 00:00:00,2025-07-23 00:00:00,2025-07-24 00:00:00,2025-07-28 00:00:00,2025-07-29 00:00:00,2025-07-30 00:00:00,2025-08-05 00:00:00,,,,,,,,2025-07-23 00:00:00,55.86,57.43,58.19,58.46,57.25,3642580140.8,0.015624,0.058963
600036SS_2025-08-05T000000_SELL_COUNTDOWN_PROGRESS_-1_2025-06-26T000000_7,2025-08-05 00:00:00,600036.SS,1d,COUNTDOWN,SELL_COUNTDOWN_PROGRESS,-1,7,,,SELL_SETUP,True,2025-06-16 00:00:00,2025-06-26 00:00:00,44.87,41.94,2025-06-26 00:00:00,2025-06-26 00:00:00,2025-07-02 00:00:00,2025-07-07 00:00:00,2025-07-08 00:00:00,2025-07-10 00:00:00,2025-08-04 00:00:00,2025-08-05 00:00:00,,,,,,,,2025-08-04 00:00:00,43.3,43.96,44.24,44.39,43.63,3209907961.6,0.008327,0.00272
000651SZ_2025-08-05T000000_SELL_COUNTDOWN_PROGRESS_-1_2025-07-04T000000_6,2025-08-05 00:00:00,000651.SZ,1d,COUNTDOWN,SELL_COUNTDOWN_PROGRESS,-1,6,,,SELL_SETUP,True,2025-06-24 00:00:00,2025-07-04 00:00:00,43.85,41.5,2025-07-04 00:00:00,2025-07-04 00:00:00,2025-07-11 00:00:00,2025-07-14 00:00:00,2025-07-15 00:00:00,2025-07-23 00:00:00,2025-08-05 00:00:00,,,,,,,,,2025-08-05 00:00:00,42.94,43.8,43.73,43.8,42.94,1477227836.3685,0.010525,0.012034
000858SZ_2025-08-06T000000_SELL_COUNTDOWN_PROGRESS_-1_2025-07-15T000000_8,2025-08-06 00:00:00,000858.SZ,1d,COUNTDOWN,SELL_COUNTDOWN_PROGRESS,-1,8,,,SELL_SETUP,True,2025-07-03 00:00:00,2025-07-15 00:00:00,119.79,113.15,2025-07-15 00:00:00,2025-07-15 00:00:00,2025-07-17 00:00:00,2025-07-18 00:00:00,2025-07-22 00:00:00,2025-07-23 00:00:00,2025-07-30 00:00:00,2025-08-05 00:00:00,2025-08-06 00:00:00,119.58,,,,,,2025-08-05 00:00:00,118.37,119.64,119.58,119.92,118.91,2379502491.398,0.011114,0.023538
601318SS_2025-08-06T000000_SELL_COUNTDOWN_PROGRESS_-1_2025-07-15T000000_8,2025-08-06 00:00:00,601318.SS,1d,COUNTDOWN,SELL_COUNTDOWN_PROGRESS,-1,8,,,SELL_SETUP,False,2025-07-03 00:00:00,2025-07-15 00:00:00,58.07,54.48,2025-07-15 00:00:00,2025-07-21 00:00:00,2025-07-23 00:00:00,2025-07-24 00:00:00,2025-07-28 00:00:00,2025-07-29 00:00:00,2025-07-30 00:00:00,2025-08-05 00:00:00,2025-08-06 00:00:00,58.11,,,,,,2025-07-23 00:00:00,55.86,57.43,58.11,58.69,57.87,3627240921.6,0.014971,0.034354
600036SS_2025-08-06T000000_SELL_COUNTDOWN_PROGRESS_-1_2025-06-26T000000_8,2025-08-06 00:00:00,600036.SS,1d,COUNTDOWN,SELL_COUNTDOWN_PROGRESS,-1,8,,,SELL_SETUP,True,2025-06-16 00:00:00,2025-06-26 00:00:00,44.87,41.94,2025-06-26 00:00:00,2025-06-26 00:00:00,2025-07-02 00:00:00,2025-07-07 00:00:00,2025-07-08 00:00:00,2025-07-10 00:00:00,2025-08-04 00:00:00,2025-08-05 00:00:00,2025-08-06 00:00:00,44.11,,,,,,2025-08-04 00:00:00,43.3,43.96,44.11,44.72,44.1,3161842867.2,0.005901,-0.024762
000651SZ_2025-08-06T000000_SELL_COUNTDOWN_PROGRESS_-1_2025-07-04T000000_7,2025-08-06 00:00:00,000651.SZ,1d,COUNTDOWN,SELL_COUNTDOWN_PROGRESS,-1,7,,,SELL_SETUP,True,2025-06-24 00:00:00,2025-07-04 00:00:00,43.85,41.5,2025-07-04 00:00:00,2025-07-04 00:00:00,2025-07-11 00:00:00,2025-07-14 00:00:00,2025-07-15 00:00:00,2025-07-23 00:00:00,2025-08-05 00:00:00,2025-08-06 00:00:00,,,,,,,,2025-08-05 00:00:00,42.94,43.8,43.91,43.99,43.62,1473266174.2615,0.010538,0.012918
000858SZ_2025-08-07T000000_SELL_COUNTDOWN_PROGRESS_-1_2025-07-15T000000_9,2025-08-07 00:00:00,000858.SZ,1d,COUNTDOWN,SELL_COUNTDOWN_PROGRESS,-1,9,,,SELL_SETUP,True,2025-07-03 00:00:00,2025-07-15 00:00:00,119.79,113.15,2025-07-15 00:00:00,2025-07-15 00:00:00,2025-07-17 00:00:00,2025-07-18 00:00:00,2025-07-22 00:00:00,2025-07-23 00:00:00,2025-07-30 00:00:00,2025-08-05 00:00:00,2025-08-06 00:00:00,119.58,2025-08-07 00:00:00,,,,,2025-08-05 00:00:00,118.37,119.64,119.97,120.56,119.37,2351313635.47,0.010671,0.011978
000651SZ_2025-08-07T000000_SELL_COUNTDOWN_PROGRESS_-1_2025-07-04T000000_8,2025-08-07 00:00:00,000651.SZ,1d,COUNTDOWN,SELL_COUNTDOWN_PROGRESS,-1,8,,,SELL_SETUP,True,2025-06-24 00:00:00,2025-07-04 00:00:00,43.85,41.5,2025-07-04 00:00:00,2025-07-04 00:00:00,2025-07-11 00:00:00,2025-07-14 00:00:00,2025-07-15 00:00:00,2025-07-23 00:00:00,2025-08-05 00:00:00,2025-08-06 00:00:00,2025-08-07 00:00:00,44.01,,,,,,2025-08-05 00:00:00,42.94,43.8,44.01,44.16,43.68,1486949987.3965,0.01007,0.001137
000651SZ_2025-08-08T000000_SELL_COUNTDOWN_PROGRESS_-1_2025-07-04T000000_9,2025-08-08 00:00:00,000651.SZ,1d,COUNTDOWN,SELL_COUNTDOWN_PROGRESS,-1,9,,,SELL_SETUP,True,2025-06-24 00:00:00,2025-07-04 00:00:00,43.85,41.5,2025-07-04 00:00:00,2025-07-04 00:00:00,2025-07-11 00:00:00,2025-07-14 00:00:00,2025-07-15 00:00:00,2025-07-23 00:00:00,2025-08-05 00:00:00,2025-08-06 00:00:00,2025-08-07 00:00:00,44.01,2025-08-08 00:00:00,,,,,2025-08-05 00:00:00,42.94,43.8,44.45,44.62,43.91,1478743844.332,0.010206,0.004293
000858SZ_2025-08-11T000000_SELL_COUNTDOWN_PROGRESS_-1_2025-07-15T000000_10,2025-08-11 00:00:00,000858.SZ,1d,COUNTDOWN,SELL_COUNTDOWN_PROGRESS,-1,10,,,SELL_SETUP,True,2025-07-03 00:00:00,2025-07-15 00:00:00,119.79,113.15,2025-07-15 00:00:00,2025-07-15 00:00:00,2025-07-17 00:00:00,2025-07-18 00:00:00,2025-07-22 00:00:00,2025-07-23 00:00:00,2025-07-30 00:00:00,2025-08-05 00:00:00,2025-08-06 00:00:00,119.58,2025-08-07 00:00:00,2025-08-11 00:00:00,,,,2025-08-05 00:00:00,118.37,119.64,121.36,121.77,119.53,2199778694.2455,0.010928,0.017694
000651SZ_2025-08-11T000000_SELL_COUNTDOWN_PROGRESS_-1_2025-07-04T000000_10,2025-08-11 00:00:00,000651.SZ,1d,COUNTDOWN,SELL_COUNTDOWN_PROGRESS,-1,10,,,SELL_SETUP,True,2025-06-24 00:00:00,2025-07-04 00:00:00,43.85,41.5,2025-07-04 00:00:00,2025-07-04 00:00:00,2025-07-11 00:00:00,2025-07-14 00:00:00,2025-07-15 00:00:00,2025-07-23 00:00:00,2025-08-05 00:00:00,2025-08-06 00:00:00,2025-08-07 00:00:00,44.01,2025-08-08 00:00:00,2025-08-11 00:00:00,,,,2025-08-05 00:00:00,42.94,43.8,44.24,44.56,44.07,1463978086.5535,0.009571,-0.016014
000858SZ_2025-08-12T000000_SELL_COUNTDOWN_PROGRESS_-1_2025-07-15T000000_11,2025-08-12 00:00:00,000858.SZ,1d,COUNTDOWN,SELL_COUNTDOWN_PROGRESS,-1,11,,,SELL_SETUP,True,2025-07-03 00:00:00,2025-07-15 00:00:00,119.79,113.15,2025-07-15 00:00:00,2025-07-15 00:00:00,2025-07-17 00:00:00,2025-07-18 00:00:00,2025-07-22 00:00:00,2025-07-23 00:00:00,2025-07-30 00:00:00,2025-08-05 00:00:00,2025-08-06 00:00:00,119.58,2025-08-07 00:00:00,2025-08-11 00:00:00,2025-08-12 00:00:00,,,2025-08-05 00:00:00,118.37,119.64,120.61,122.75,120.43,2210272166.931,0.011037,0.009035
000651SZ_2025-08-12T000000_SELL_COUNTDOWN_PROGRESS_-1_2025-07-04T000000_11,2025-08-12 00:00:00,000651.SZ,1d,COUNTDOWN,SELL_COUNTDOWN_PROGRESS,-1,11,,,SELL_SETUP,True,2025-06-24 00:00:00,2025-07-04 00:00:00,43.85,41.5,2025-07-04 00:00:00,2025-07-04 00:00:00,2025-07-11 00:00:00,2025-07-14 00:00:00,2025-07-15 00:00:00,2025-07-23 00:00:00,2025-08-05 00:00:00,2025-08-06 00:00:00,2025-08-07 00:00:00,44.01,2025-08-08 00:00:00,2025-08-11 00:00:00,2025-08-12 00:00:00,,,2025-08-05 00:00:00,42.94,43.8,44.89,45.31,44.2,1477079127.9645,0.009879,0.008991
000651SZ_2025-08-13T000000_SELL_COUNTDOWN_PROGRESS_-1_2025-07-04T000000_12,2025-08-13 00:00:00,000651.SZ,1d,COUNTDOWN,SELL_COUNTDOWN_PROGRESS,-1,12,,,SELL_SETUP,True,2025-06-24 00:00:00,2025-07-04 00:00:00,43.85,41.5,2025-07-04 00:00:00,2025-07-04 00:00:00,2025-07-11 00:00:00,2025-07-14 00:00:00,2025-07-15 00:00:00,2025-07-23 00:00:00,2025-08-05 00:00:00,2025-08-06 00:00:00,2025-08-07 00:00:00,44.01,2025-08-08 00:00:00,2025-08-11 00:00:00,2025-08-12 00:00:00,2025-08-13 00:00:00,,2025-08-05 00:00:00,42.94,43.8,44.74,45.13,44.65,1475866509.3835,0.00991,0.003814
601318SS_2025-08-14T000000_SELL_COUNTDOWN_PROGRESS_-1_2025-07-15T000000_9,2025-08-14 00:00:00,601318.SS,1d,COUNTDOWN,SELL_COUNTDOWN_PROGRESS,-1,9,,,SELL_SETUP,False,2025-07-03 00:00:00,2025-07-15 00:00:00,58.07,54.48,2025-07-15 00:00:00,2025-07-21 00:00:00,2025-07-23 00:00:00,2025-07-24 00:00:00,2025-07-28 00:00:00,2025-07-29 00:00:00,2025-07-30 00:00:00,2025-08-05 00:00:00,2025-08-06 00:00:00,58.11,2025-08-14 00:00:00,,,,,2025-07-23 00:00:00,55.86,57.43,58.67,59.65,57.82,3591897939.2,0.015161,0.045438
601318SS_2025-08-15T000000_SELL_COUNTDOWN_PROGRESS_-1_2025-07-15T000000_10,2025-08-15 00:00:00,601318.SS,1d,COUNTDOWN,SELL_COUNTDOWN_PROGRESS,-1,10,,,SELL_SETUP,False,2025-07-03 00:00:00,2025-07-15 00:00:00,58.07,54.48,2025-07-15 00:00:00,2025-07-21 00:00:00,2025-07-23 00:00:00,2025-07-24 00:00:00,2025-07-28 00:00:00,2025-07-29 00:00:00,2025-07-30 00:00:00,2025-08-05 00:00:00,2025-08-06 00:00:00,58.11,2025-08-14 00:00:00,2025-08-15 00:00:00,,,,2025-07-23 00:00:00,55.86,57.43,58.85,59.5,58.05,3734383827.2,0.015161,0.046408
000858SZ_2025-08-19T000000_SELL_COUNTDOWN_PROGRESS_-1_2025-07-15T000000_12,2025-08-19 00:00:00,000858.SZ,1d,COUNTDOWN,SELL_COUNTDOWN_PROGRESS,-1,12,,,SELL_SETUP,True,2025-07-03 00:00:00,2025-07-15 00:00:00,119.79,113.15,2025-07-15 00:00:00,2025-07-15 00:00:00,2025-07-17 00:00:00,2025-07-18 00:00:00,2025-07-22 00:00:00,2025-07-23 00:00:00,2025-07-30 00:00:00,2025-08-05 00:00:00,2025-08-06 00:00:00,119.58,2025-08-07 00:00:00,2025-08-11 00:00:00,2025-08-12 00:00:00,2025-08-19 00:00:00,,2025-08-05 00:00:00,118.37,119.64,121.83,123.17,121.19,2255760343.6935,0.009061,-0.006443
000858SZ_2025-08-20T000000_SELL_COUNTDOWN_COMPLETE_PERFECT_-1_2025-07-15T000000_13,2025-08-20 00:00:00,000858.SZ,1d,COUNTDOWN,SELL_COUNTDOWN_COMPLETE_PERFECT,-1,13,True,,SELL_SETUP,True,2025-07-03 00:00:00,2025-07-15 00:00:00,119.79,113.15,2025-07-15 00:00:00,2025-07-15 00:00:00,2025-07-17 00:00:00,2025-07-18 00:00:00,2025-07-22 00:00:00,2025-07-23 00:00:00,2025-07-30 00:00:00,2025-08-05 00:00:00,2025-08-06 00:00:00,119.58,2025-08-07 00:00:00,2025-08-11 00:00:00,2025-08-12 00:00:00,2025-08-19 00:00:00,2025-08-20 00:00:00,2025-08-05 00:00:00,118.37,119.64,123.2,123.92,120.77,2365514169.2765,0.009402,0.00187
600036SS_2025-08-20T000000_BUY_SETUP_1_2025-08-20T000000_9,2025-08-20 00:00:00,600036.SS,1d,SETUP,BUY_SETUP,1,9,False,,BUY_SETUP,False,2025-08-08 00:00:00,2025-08-20 00:00:00,,,,,,,,,,,,,,,,,,,,,,,,2880300428.8,0.006952,-0.032596
600036SS_2025-08-20T000000_SELL_COUNTDOWN_CANCEL_-1_2025-06-26T000000_8,2025-08-20 00:00:00,600036.SS,1d,COUNTDOWN,SELL_COUNTDOWN_CANCEL,-1,8,,opposite_setup,SELL_SETUP,True,2025-06-16 00:00:00,2025-06-26 00:00:00,44.87,41.94,2025-06-26 00:00:00,2025-06-26 00:00:00,2025-07-02 00:00:00,2025-07-07 00:00:00,2025-07-08 00:00:00,2025-07-10 00:00:00,2025-08-04 00:00:00,2025-08-05 00:00:00,2025-08-06 00:00:00,44.11,,,,,,2025-08-04 00:00:00,43.3,43.96,42.44,42.62,42.14,2880300428.8,0.006952,-0.032596
601318SS_2025-08-22T000000_SELL_COUNTDOWN_PROGRESS_-1_2025-07-15T000000_11,2025-08-22 00:00:00,601318.SS,1d,COUNTDOWN,SELL_COUNTDOWN_PROGRESS,-1,11,,,SELL_SETUP,False,2025-07-03 00:00:00,2025-07-15 00:00:00,58.07,54.48,2025-07-15 00:00:00,2025-07-21 00:00:00,2025-07-23 00:00:00,2025-07-24 00:00:00,2025-07-28 00:00:00,2025-07-29 00:00:00,2025-07-30 00:00:00,2025-08-05 00:00:00,2025-08-06 00:00:00,58.11,2025-08-14 00:00:00,2025-08-15 00:00:00,2025-08-22 00:00:00,,,2025-07-23 00:00:00,55.86,57.43,59.55,59.56,58.49,3994207072.0,0.013435,0.006933
601318SS_2025-08-25T000000_SELL_COUNTDOWN_PROGRESS_-1_2025-07-15T000000_12,2025-08-25 00:00:00,601318.SS,1d,COUNTDOWN,SELL_COUNTDOWN_PROGRESS,-1,12,,,SELL_SETUP,False,2025-07-03 00:00:00,2025-07-15 00:00:00,58.07,54.48,2025-07-15 00:00:00,2025-07-21 00:00:00,2025-07-23 00:00:00,2025-07-24 00:00:00,2025-07-28 00:00:00,2025-07-29 00:00:00,2025-07-30 00:00:00,2025-08-05 00:00:00,2025-08-06 00:00:00,58.11,2025-08-14 00:00:00,2025-08-15 00:00:00,2025-08-22 00:00:00,2025-08-25 00:00:00,,2025-07-23 00:00:00,55.86,57.43,60.05,60.1,59.16,3832630227.2,0.013302,0.025794
000651SZ_2025-08-25T000000_SELL_COUNTDOWN_COMPLETE_PERFECT_-1_2025-07-04T000000_13,2025-08-25 00:00:00,000651.SZ,1d,COUNTDOWN,SELL_COUNTDOWN_COMPLETE_PERFECT,-1,13,True,,SELL_SETUP,True,2025-06-24 00:00:00,2025-07-04 00:00:00,43.85,41.5,2025-07-04 00:00:00,2025-07-04 00:00:00,2025-07-11 00:00:00,2025-07-14 00:00:00,2025-07-15 00:00:00,2025-07-23 00:00:00,2025-08-05 00:00:00,2025-08-06 00:00:00,2025-08-07 00:00:00,44.01,2025-08-08 00:00:00,2025-08-11 00:00:00,2025-08-12 00:00:00,2025-08-13 00:00:00,2025-08-25 00:00:00,2025-08-05 00:00:00,42.94,43.8,45.11,45.11,44.11,1917731113.269,0.009789,0.045908
601318SS_2025-08-26T000000_SELL_COUNTDOWN_COMPLETE_PERFECT_-1_2025-07-15T000000_13,2025-08-26 00:00:00,601318.SS,1d,COUNTDOWN,SELL_COUNTDOWN_COMPLETE_PERFECT,-1,13,True,,SELL_SETUP,False,2025-07-03 00:00:00,2025-07-15 00:00:00,58.07,54.48,2025-07-15 00:00:00,2025-07-21 00:00:00,2025-07-23 00:00:00,2025-07-24 00:00:00,2025-07-28 00:00:00,2025-07-29 00:00:00,2025-07-30 00:00:00,2025-08-05 00:00:00,2025-08-06 00:00:00,58.11,2025-08-14 00:00:00,2025-08-15 00:00:00,2025-08-22 00:00:00,2025-08-25 00:00:00,2025-08-26 00:00:00,2025-07-23 00:00:00,55.86,57.43,59.57,60.05,59.5,3812871110.4,0.012629,-0.003179
600036SS_2025-08-27T000000_BUY_COUNTDOWN_PROGRESS_1_2025-08-20T000000_1,2025-08-27 00:00:00,600036.SS,1d,COUNTDOWN,BUY_COUNTDOWN_PROGRESS,1,1,,,BUY_SETUP,False,2025-08-08 00:00:00,2025-08-20 00:00:00,44.27,44.27,2025-08-20 00:00:00,2025-08-27 00:00:00,,,,,,,,,,,,,,2025-08-27 00:00:00,41.99,42.65,41.99,42.65,41.99,2884101606.4,0.007917,-0.034046
600036SS_2025-08-28T000000_BUY_COUNTDOWN_PROGRESS_1_2025-08-20T000000_2,2025-08-28 00:00:00,600036.SS,1d,COUNTDOWN,BUY_COUNTDOWN_PROGRESS,1,2,,,BUY_SETUP,False,2025-08-08 00:00:00,2025-08-20 00:00:00,44.27,44.27,2025-08-20 00:00:00,2025-08-27 00:00:00,2025-08-28 00:00:00,,,,,,,,,,,,,2025-08-28 00:00:00,41.59,42.29,41.97,42.29,41.59,2898242060.8,0.007922,-0.033172
600036SS_2025-08-29T000000_BUY_COUNTDOWN_PROGRESS_1_2025-08-20T000000_3,2025-08-29 00:00:00,600036.SS,1d,COUNTDOWN,BUY_COUNTDOWN_PROGRESS,1,3,,,BUY_SETUP,False,2025-08-08 00:00:00,2025-08-20 00:00:00,44.27,44.27,2025-08-20 00:00:00,2025-08-27 00:00:00,2025-08-28 00:00:00,2025-08-29 00:00:00,,,,,,,,,,,,2025-08-28 00:00:00,41.59,42.29,41.88,42.98,41.88,3060499596.8,0.007325,-0.045796
600036SS_2025-09-01T000000_BUY_COUNTDOWN_PROGRESS_1_2025-08-20T000000_4,2025-09-01 00:00:00,600036.SS,1d,COUNTDOWN,BUY_COUNTDOWN_PROGRESS,1,4,,,BUY_SETUP,False,2025-08-08 00:00:00,2025-08-20 00:00:00,44.27,44.27,2025-08-20 00:00:00,2025-08-27 00:00:00,2025-08-28 00:00:00,2025-08-29 00:00:00,2025-09-01 00:00:00,,,,,,,,,,,2025-09-01 00:00:00,40.87,41.63,40.97,41.63,40.87,3218011033.6,0.008068,-0.073915
601318SS_2025-09-08T000000_BUY_SETUP_PERFECT_1_2025-09-08T000000_9,2025-09-08 00:00:00,601318.SS,1d,SETUP,BUY_SETUP_PERFECT,1,9,True,,BUY_SETUP,True,2025-08-27 00:00:00,2025-09-08 00:00:00,,,,,,,,,,,,,,,,,,,,,,,,4475378636.8,0.013777,-0.018166
000651SZ_2025-09-10T000000_BUY_SETUP_1_2025-09-10T000000_9,2025-09-10 00:00:00,000651.SZ,1d,SETUP,BUY_SETUP,1,9,False,,BUY_SETUP,False,2025-08-29 00:00:00,2025-09-10 00:00:00,,,,,,,,,,,,,,,,,,,,,,,,3384570749.089,0.016647,-0.101767
000651SZ_2025-09-10T000000_BUY_COUNTDOWN_PROGRESS_1_2025-09-10T000000_1,2025-09-10 00:00:00,000651.SZ,1d,COUNTDOWN,BUY_COUNTDOWN_PROGRESS,1,1,,,BUY_SETUP,False,2025-08-29 00:00:00,2025-09-10 00:00:00,42.38,42.38,2025-09-10 00:00:00,2025-09-10 00:00:00,,,,,,,,,,,,,,2025-09-10 00:00:00,40.11,40.37,40.16,40.37,40.11,3384570749.089,0.016647,-0.101767
600036SS_2025-09-12T000000_BUY_COUNTDOWN_PROGRESS_1_2025-08-20T000000_5,2025-09-12 00:00:00,600036.SS,1d,COUNTDOWN,BUY_COUNTDOWN_PROGRESS,1,5,,,BUY_SETUP,False,2025-08-08 00:00:00,2025-08-20 00:00:00,44.27,44.27,2025-08-20 00:00:00,2025-08-27 00:00:00,2025-08-28 00:00:00,2025-08-29 00:00:00,2025-09-01 00:00:00,2025-09-12 00:00:00,,,,,,,,,,2025-09-01 00:00:00,40.87,41.63,41.53,42.46,41.41,3543427488.0,0.012457,-0.022824
000651SZ_2025-09-12T000000_BUY_COUNTDOWN_PROGRESS_1_2025-09-10T000000_2,2025-09-12 00:00:00,000651.SZ,1d,COUNTDOWN,BUY_COUNTDOWN_PROGRESS,1,2,,,BUY_SETUP,False,2025-08-29 00:00:00,2025-09-10 00:00:00,42.38,42.38,2025-09-10 00:00:00,2025-09-10 00:00:00,2025-09-12 00:00:00,,,,,,,,,,,,,2025-09-12 00:00:00,40.02,40.45,40.05,40.45,40.02,3473231393.0555,0.01674,-0.103224
601318SS_2025-09-15T000000_BUY_COUNTDOWN_PROGRESS_1_2025-09-08T000000_1,2025-09-15 00:00:00,601318.SS,1d,COUNTDOWN,BUY_COUNTDOWN_PROGRESS,1,1,,,BUY_SETUP,True,2025-08-27 00:00:00,2025-09-08 00:00:00,60.15,60.15,2025-09-08 00:00:00,2025-09-15 00:00:00,,,,,,,,,,,,,,2025-09-15 00:00:00,56.14,57.04,56.38,57.04,56.14,4059428352.0,0.013438,-0.015197
600036SS_2025-09-15T000000_BUY_COUNTDOWN_PROGRESS_1_2025-08-20T000000_6,2025-09-15 00:00:00,600036.SS,1d,COUNTDOWN,BUY_COUNTDOWN_PROGRESS,1,6,,,BUY_SETUP,False,2025-08-08 00:00:00,2025-08-20 00:00:00,44.27,44.27,2025-08-20 00:00:00,2025-08-27 00:00:00,2025-08-28 00:00:00,2025-08-29 00:00:00,2025-09-01 00:00:00,2025-09-12 00:00:00,2025-09-15 00:00:00,,,,,,,,,2025-09-01 00:00:00,40.87,41.63,41.21,41.78,41.1,3491342611.2,0.012541,-0.027837
000651SZ_2025-09-15T000000_BUY_COUNTDOWN_PROGRESS_1_2025-09-10T000000_3,2025-09-15 00:00:00,000651.SZ,1d,COUNTDOWN,BUY_COUNTDOWN_PROGRESS,1,3,,,BUY_SETUP,False,2025-08-29 00:00:00,2025-09-10 00:00:00,42.38,42.38,2025-09-10 00:00:00,2025-09-10 00:00:00,2025-09-12 00:00:00,2025-09-15 00:00:00,,,,,,,,,,,,2025-09-15 00:00:00,39.68,40.05,39.94,40.05,39.68,3485418788.4545,0.016651,-0.093715
601318SS_2025-09-16T000000_BUY_COUNTDOWN_PROGRESS_1_2025-09-08T000000_2,2025-09-16 00:00:00,601318.SS,1d,COUNTDOWN,BUY_COUNTDOWN_PROGRESS,1,2,,,BUY_SETUP,True,2025-08-27 00:00:00,2025-09-08 00:00:00,60.15,60.15,2025-09-08 00:00:00,2025-09-15 00:00:00,2025-09-16 00:00:00,,,,,,,,,,,,,2025-09-16 00:00:00,55.55,56.5,55.67,56.5,55.55,3972830348.8,0.012966,-0.044292
600036SS_2025-09-16T000000_BUY_COUNTDOWN_PROGRESS_1_2025-08-20T000000_7,2025-09-16 00:00:00,600036.SS,1d,COUNTDOWN,BUY_COUNTDOWN_PROGRESS,1,7,,,BUY_SETUP,False,2025-08-08 00:00:00,2025-08-20 00:00:00,44.27,44.27,2025-08-20 00:00:00,2025-08-27 00:00:00,2025-08-28 00:00:00,2025-08-29 00:00:00,2025-09-01 00:00:00,2025-09-12 00:00:00,2025-09-15 00:00:00,2025-09-16 00:00:00,,,,,,,,2025-09-16 00:00:00,40.65,41.42,40.74,41.42,40.65,3546675116.8,0.012718,-0.040057
000651SZ_2025-09-16T000000_BUY_COUNTDOWN_PROGRESS_1_2025-09-10T000000_4,2025-09-16 00:00:00,000651.SZ,1d,COUNTDOWN,BUY_COUNTDOWN_PROGRESS,1,4,,,BUY_SETUP,False,2025-08-29 00:00:00,2025-09-10 00:00:00,42.38,42.38,2025-09-10 00:00:00,2025-09-10 00:00:00,2025-09-12 00:00:00,2025-09-15 00:00:00,2025-09-16 00:00:00,,,,,,,,,,,2025-09-16 00:00:00,39.5,39.89,39.5,39.89,39.5,3448736137.0145,0.016597,-0.106133
601318SS_2025-09-17T000000_BUY_COUNTDOWN_PROGRESS_1_2025-09-08T000000_3,2025-09-17 00:00:00,601318.SS,1d,COUNTDOWN,BUY_COUNTDOWN_PROGRESS,1,3,,,BUY_SETUP,True,2025-08-27 00:00:00,2025-09-08 00:00:00,60.15,60.15,2025-09-08 00:00:00,2025-09-15 00:00:00,2025-09-16 00:00:00,2025-09-17 00:00:00,,,,,,,,,,,,2025-09-17 00:00:00,55.5,56.02,55.62,56.02,55.5,3944074534.4,0.012778,-0.051986
600036SS_2025-09-17T000000_BUY_COUNTDOWN_PROGRESS_1_2025-08-20T000000_8,2025-09-17 00:00:00,600036.SS,1d,COUNTDOWN,BUY_COUNTDOWN_PROGRESS,1,8,,,BUY_SETUP,False,2025-08-08 00:00:00,2025-08-20 00:00:00,44.27,44.27,2025-08-20 00:00:00,2025-08-27 00:00:00,2025-08-28 00:00:00,2025-08-29 00:00:00,2025-09-01 00:00:00,2025-09-12 00:00:00,2025-09-15 00:00:00,2025-09-16 00:00:00,2025-09-17 00:00:00,40.75,,,,,,2025-09-16 00:00:00,40.65,41.42,40.75,41.18,40.69,3547558342.4,0.012715,-0.040273
601318SS_2025-09-18T000000_BUY_COUNTDOWN_PROGRESS_1_2025-09-08T000000_4,2025-09-18 00:00:00,601318.SS,1d,COUNTDOWN,BUY_COUNTDOWN_PROGRESS,1,4,,,BUY_SETUP,True,2025-08-27 00:00:00,2025-09-08 00:00:00,60.15,60.15,2025-09-08 00:00:00,2025-09-15 00:00:00,2025-09-16 00:00:00,2025-09-17 00:00:00,2025-09-18 00:00:00,,,,,,,,,,,2025-09-18 00:00:00,54.16,55.72,54.33,55.72,54.16,4055526784.0,0.012836,-0.087657
600036SS_2025-09-18T000000_BUY_COUNTDOWN_PROGRESS_1_2025-08-20T000000_9,2025-09-18 00:00:00,600036.SS,1d,COUNTDOWN,BUY_COUNTDOWN_PROGRESS,1,9,,,BUY_SETUP,False,2025-08-08 00:00:00,2025-08-20 00:00:00,44.27,44.27,2025-08-20 00:00:00,2025-08-27 00:00:00,2025-08-28 00:00:00,2025-08-29 00:00:00,2025-09-01 00:00:00,2025-09-12 00:00:00,2025-09-15 00:00:00,2025-09-16 00:00:00,2025-09-17 00:00:00,40.75,2025-09-18 00:00:00,,,,,2025-09-18 00:00:00,39.79,40.83,39.82,40.83,39.79,3628544211.2,0.013528,-0.057515
000651SZ_2025-09-18T000000_BUY_COUNTDOWN_PROGRESS_1_2025-09-10T000000_5,2025-09-18 00:00:00,000651.SZ,1d,COUNTDOWN,BUY_COUNTDOWN_PROGRESS,1,5,,,BUY_SETUP,False,2025-08-29 00:00:00,2025-09-10 00:00:00,42.38,42.38,2025-09-10 00:00:00,2025-09-10 00:00:00,2025-09-12 00:00:00,2025-09-15 00:00:00,2025-09-16 00:00:00,2025-09-18 00:00:00,,,,,,,,,,2025-09-18 00:00:00,39.08,39.87,39.21,39.87,39.08,3384267800.4225,0.016491,-0.111287
601318SS_2025-09-19T000000_BUY_COUNTDOWN_PROGRESS_1_2025-09-08T000000_5,2025-09-19 00:00:00,601318.SS,1d,COUNTDOWN,BUY_COUNTDOWN_PROGRESS,1,5,,,BUY_SETUP,True,2025-08-27 00:00:00,2025-09-08 00:00:00,60.15,60.15,2025-09-08 00:00:00,2025-09-15 00:00:00,2025-09-16 00:00:00,2025-09-17 00:00:00,2025-09-18 00:00:00,2025-09-19 00:00:00,,,,,,,,,,2025-09-19 00:00:00,54.05,55.05,54.15,55.05,54.05,3971475161.6,0.012466,-0.098251
600036SS_2025-09-19T000000_BUY_COUNTDOWN_PROGRESS_1_2025-08-20T000000_10,2025-09-19 00:00:00,600036.SS,1d,COUNTDOWN,BUY_COUNTDOWN_PROGRESS,1,10,,,BUY_SETUP,False,2025-08-08 00:00:00,2025-08-20 00:00:00,44.27,44.27,2025-08-20 00:00:00,2025-08-27 00:00:00,2025-08-28 00:00:00,2025-08-29 00:00:00,2025-09-01 00:00:00,2025-09-12 00:00:00,2025-09-15 00:00:00,2025-09-16 00:00:00,2025-09-17 00:00:00,40.75,2025-09-18 00:00:00,2025-09-19 00:00:00,,,,2025-09-19 00:00:00,39.54,40.52,39.99,40.52,39.54,3628961593.6,0.013018,-0.066962
000651SZ_2025-09-22T000000_BUY_COUNTDOWN_PROGRESS_1_2025-09-10T000000_6,2025-09-22 00:00:00,000651.SZ,1d,COUNTDOWN,BUY_COUNTDOWN_PROGRESS,1,6,,,BUY_SETUP,False,2025-08-29 00:00:00,2025-09-10 00:00:00,42.38,42.38,2025-09-10 00:00:00,2025-09-10 00:00:00,2025-09-12 00:00:00,2025-09-15 00:00:00,2025-09-16 00:00:00,2025-09-18 00:00:00,2025-09-22 00:00:00,,,,,,,,,2025-09-22 00:00:00,38.7,39.33,38.83,39.33,38.7,3206322878.456,0.015413,-0.138069
000651SZ_2025-09-23T000000_BUY_COUNTDOWN_PROGRESS_1_2025-09-10T000000_7,2025-09-23 00:00:00,000651.SZ,1d,COUNTDOWN,BUY_COUNTDOWN_PROGRESS,1,7,,,BUY_SETUP,False,2025-08-29 00:00:00,2025-09-10 00:00:00,42.38,42.38,2025-09-10 00:00:00,2025-09-10 00:00:00,2025-09-12 00:00:00,2025-09-15 00:00:00,2025-09-16 00:00:00,2025-09-18 00:00:00,2025-09-22 00:00:00,2025-09-23 00:00:00,,,,,,,,2025-09-23 00:00:00,38.46,39.03,38.64,39.03,38.46,3170339983.6115,0.015237,-0.12678
000858SZ_2025-09-24T000000_BUY_SETUP_PERFECT_1_2025-09-24T000000_9,2025-09-24 00:00:00,000858.SZ,1d,SETUP,BUY_SETUP_PERFECT,1,9,True,,BUY_SETUP,True,2025-09-12 00:00:00,2025-09-24 00:00:00,,,,,,,,,,,,,,,,,,,,,,,,3108576229.6085,0.01156,-0.025226
000651SZ_2025-09-24T000000_BUY_SETUP_PERFECT_1_2025-09-24T000000_9,2025-09-24 00:00:00,000651.SZ,1d,SETUP,BUY_SETUP_PERFECT,1,9,True,,BUY_SETUP,True,2025-09-12 00:00:00,2025-09-24 00:00:00,,,,,,,,,,,,,,,,,,,,,,,,3077125448.044,0.015581,-0.119069
000651SZ_2025-09-24T000000_BUY_COUNTDOWN_CANCEL_1_2025-09-10T000000_7,2025-09-24 00:00:00,000651.SZ,1d,COUNTDOWN,BUY_COUNTDOWN_CANCEL,1,7,,same_setup,BUY_SETUP,False,2025-08-29 00:00:00,2025-09-10 00:00:00,42.38,42.38,2025-09-10 00:00:00,2025-09-10 00:00:00,2025-09-12 00:00:00,2025-09-15 00:00:00,2025-09-16 00:00:00,2025-09-18 00:00:00,2025-09-22 00:00:00,2025-09-23 00:00:00,,,,,,,,2025-09-23 00:00:00,38.46,39.03,38.99,39.04,38.43,3077125448.044,0.015581,-0.119069
000858SZ_2025-09-25T000000_BUY_COUNTDOWN_PROGRESS_1_2025-09-24T000000_1,2025-09-25 00:00:00,000858.SZ,1d,COUNTDOWN,BUY_COUNTDOWN_PROGRESS,1,1,,,BUY_SETUP,True,2025-09-12 00:00:00,2025-09-24 00:00:00,127.09,127.09,2025-09-24 00:00:00,2025-09-25 00:00:00,,,,,,,,,,,,,,2025-09-25 00:00:00,118.93,120.08,118.94,120.08,118.93,3010146576.4635,0.008305,-0.063096
600519SS_2025-09-26T000000_BUY_SETUP_PERFECT_1_2025-09-26T000000_9,2025-09-26 00:00:00,600519.SS,1d,SETUP,BUY_SETUP_PERFECT,1,9,True,,BUY_SETUP,True,2025-09-16 00:00:00,2025-09-26 00:00:00,,,,,,,,,,,,,,,,,,,,,,,,5882710976.0,0.007557,-0.028303
000858SZ_2025-09-26T000000_BUY_COUNTDOWN_PROGRESS_1_2025-09-24T000000_2,2025-09-26 00:00:00,000858.SZ,1d,COUNTDOWN,BUY_COUNTDOWN_PROGRESS,1,2,,,BUY_SETUP,True,2025-09-12 00:00:00,2025-09-24 00:00:00,127.09,127.09,2025-09-24 00:00:00,2025-09-25 00:00:00,2025-09-26 00:00:00,,,,,,,,,,,,,2025-09-26 00:00:00,117.44,119.09,117.59,119.09,117.44,2887382442.524,0.008487,-0.068889
600036SS_2025-09-26T000000_BUY_COUNTDOWN_PROGRESS_1_2025-08-20T000000_11,2025-09-26 00:00:00,600036.SS,1d,COUNTDOWN,BUY_COUNTDOWN_PROGRESS,1,11,,,BUY_SETUP,False,2025-08-08 00:00:00,2025-08-20 00:00:00,44.27,44.27,2025-08-20 00:00:00,2025-08-27 00:00:00,2025-08-28 00:00:00,2025-08-29 00:00:00,2025-09-01 00:00:00,2025-09-12 00:00:00,2025-09-15 00:00:00,2025-09-16 00:00:00,2025-09-17 00:00:00,40.75,2025-09-18 00:00:00,2025-09-19 00:00:00,2025-09-26 00:00:00,,,2025-09-26 00:00:00,39.29,39.99,39.79,39.99,39.29,3368730668.8,0.012909,-0.028802
600036SS_2025-09-29T000000_BUY_COUNTDOWN_PROGRESS_1_2025-08-20T000000_12,2025-09-29 00:00:00,600036.SS,1d,COUNTDOWN,BUY_COUNTDOWN_PROGRESS,1,12,,,BUY_SETUP,False,2025-08-08 00:00:00,2025-08-20 00:00:00,44.27,44.27,2025-08-20 00:00:00,2025-08-27 00:00:00,2025-08-28 00:00:00,2025-08-29 00:00:00,2025-09-01 00:00:00,2025-09-12 00:00:00,2025-09-15 00:00:00,2025-09-16 00:00:00,2025-09-17 00:00:00,40.75,2025-09-18 00:00:00,2025-09-19 00:00:00,2025-09-26 00:00:00,2025-09-29 00:00:00,,2025-09-26 00:00:00,39.29,39.99,39.67,40.28,39.35,3270004998.4,0.0095,-0.065048
600036SS_2025-10-09T000000_BUY_COUNTDOWN_COMPLETE_PERFECT_1_2025-08-20T000000_13,2025-10-09 00:00:00,600036.SS,1d,COUNTDOWN,BUY_COUNTDOWN_COMPLETE_PERFECT,1,13,True,,BUY_SETUP,False,2025-08-08 00:00:00,2025-08-20 00:00:00,44.27,44.27,2025-08-20 00:00:00,2025-08-27 00:00:00,2025-08-28 00:00:00,2025-08-29 00:00:00,2025-09-01 00:00:00,2025-09-12 00:00:00,2025-09-15 00:00:00,2025-09-16 00:00:00,2025-09-17 00:00:00,40.75,2025-09-18 00:00:00,2025-09-19 00:00:00,2025-09-26 00:00:00,2025-09-29 00:00:00,2025-10-09 00:00:00,2025-10-09 00:00:00,38.81,39.43,39.32,39.43,38.81,3118822112.0,0.009155,-0.0647
600519SS_2025-10-10T000000_BUY_COUNTDOWN_PROGRESS_1_2025-09-26T000000_1,2025-10-10 00:00:00,600519.SS,1d,COUNTDOWN,BUY_COUNTDOWN_PROGRESS,1,1,,,BUY_SETUP,True,2025-09-16 00:00:00,2025-09-26 00:00:00,1497.03,1497.03,2025-09-26 00:00:00,2025-10-10 00:00:00,,,,,,,,,,,,,,2025-10-10 00:00:00,1403.54,1415.98,1406.04,1415.98,1403.54,5767050483.2,0.008387,-0.036325
000858SZ_2025-10-10T000000_BUY_COUNTDOWN_PROGRESS_1_2025-09-24T000000_3,2025-10-10 00:00:00,000858.SZ,1d,COUNTDOWN,BUY_COUNTDOWN_PROGRESS,1,3,,,BUY_SETUP,True,2025-09-12 00:00:00,2025-09-24 00:00:00,127.09,127.09,2025-09-24 00:00:00,2025-09-25 00:00:00,2025-09-26 00:00:00,2025-10-10 00:00:00,,,,,,,,,,,,2025-09-26 00:00:00,117.44,119.09,118.15,119.54,118.07,2577182455.3885,0.008342,-0.048941
600519SS_2025-10-13T000000_BUY_COUNTDOWN_PROGRESS_1_2025-09-26T000000_2,2025-10-13 00:00:00,600519.SS,1d,COUNTDOWN,BUY_COUNTDOWN_PROGRESS,1,2,,,BUY_SETUP,True,2025-09-16 00:00:00,2025-09-26 00:00:00,1497.03,1497.03,2025-09-26 00:00:00,2025-10-10 00:00:00,2025-10-13 00:00:00,,,,,,,,,,,,,2025-10-13 00:00:00,1391.16,1398.89,1395.24,1398.89,1391.16,5817742246.4,0.007749,-0.055528
000858SZ_2025-10-13T000000_BUY_COUNTDOWN_PROGRESS_1_2025-09-24T000000_4,2025-10-13 00:00:00,000858.SZ,1d,COUNTDOWN,BUY_COUNTDOWN_PROGRESS,1,4,,,BUY_SETUP,True,2025-09-12 00:00:00,2025-09-24 00:00:00,127.09,127.09,2025-09-24 00:00:00,2025-09-25 00:00:00,2025-09-26 00:00:00,2025-10-10 00:00:00,2025-10-13 00:00:00,,,,,,,,,,,2025-10-13 00:00:00,116.66,117.82,117.27,117.82,116.66,2567592909.9505,0.006773,-0.073038
000651SZ_2025-10-17T000000_BUY_COUNTDOWN_PROGRESS_1_2025-09-24T000000_1,2025-10-17 00:00:00,000651.SZ,1d,COUNTDOWN,BUY_COUNTDOWN_PROGRESS,1,1,,,BUY_SETUP,True,2025-09-12 00:00:00,2025-09-24 00:00:00,40.45,40.45,2025-09-24 00:00:00,2025-10-17 00:00:00,,,,,,,,,,,,,,2025-10-17 00:00:00,39.17,40.05,39.22,40.05,39.17,2009225820.485,0.009073,-0.020724
600519SS_2025-10-20T000000_BUY_COUNTDOWN_PROGRESS_1_2025-09-26T000000_3,2025-10-20 00:00:00,600519.SS,1d,COUNTDOWN,BUY_COUNTDOWN_PROGRESS,1,3,,,BUY_SETUP,True,2025-09-16 00:00:00,2025-09-26 00:00:00,1497.03,1497.03,2025-09-26 00:00:00,2025-10-10 00:00:00,2025-10-13 00:00:00,2025-10-20 00:00:00,,,,,,,,,,,,2025-10-13 00:00:00,1391.16,1398.89,1433.97,1445.54,1430.92,5849988454.4,0.011062,-0.03834
000858SZ_2025-10-20T000000_BUY_COUNTDOWN_PROGRESS_1_2025-09-24T000000_5,2025-10-20 00:00:00,000858.SZ,1d,COUNTDOWN,BUY_COUNTDOWN_PROGRESS,1,5,,,BUY_SETUP,True,2025-09-12 00:00:00,2025-09-24 00:00:00,127.09,127.09,2025-09-24 00:00:00,2025-09-25 00:00:00,2025-09-26 00:00:00,2025-10-10 00:00:00,2025-10-13 00:00:00,2025-10-20 00:00:00,,,,,,,,,,2025-10-13 00:00:00,116.66,117.82,117.88,118.97,117.52,2416564913.7645,0.008772,-0.049891
000858SZ_2025-10-21T000000_BUY_COUNTDOWN_PROGRESS_1_2025-09-24T000000_6,2025-10-21 00:00:00,000858.SZ,1d,COUNTDOWN,BUY_COUNTDOWN_PROGRESS,1,6,,,BUY_SETUP,True,2025-09-12 00:00:00,2025-09-24 00:00:00,127.09,127.09,2025-09-24 00:00:00,2025-09-25 00:00:00,2025-09-26 00:00:00,2025-10-10 00:00:00,2025-10-13 00:00:00,2025-10-20 00:00:00,2025-10-21 00:00:00,,,,,,,,,2025-10-13 00:00:00,116.66,117.82,117.94,118.92,117.77,2400104951.2745,0.008741,-0.04285
000858SZ_2025-10-22T000000_BUY_COUNTDOWN_PROGRESS_1_2025-09-24T000000_7,2025-10-22 00:00:00,000858.SZ,1d,COUNTDOWN,BUY_COUNTDOWN_PROGRESS,1,7,,,BUY_SETUP,True,2025-09-12 00:00:00,2025-09-24 00:00:00,127.09,127.09,2025-09-24 00:00:00,2025-09-25 00:00:00,2025-09-26 00:00:00,2025-10-10 00:00:00,2025-10-13 00:00:00,2025-10-20 00:00:00,2025-10-21 00:00:00,2025-10-22 00:00:00,,,,,,,,2025-10-13 00:00:00,116.66,117.82,117.52,118.19,117.32,2356663908.083,0.008704,-0.047496
600519SS_2025-10-24T000000_BUY_COUNTDOWN_PROGRESS_1_2025-09-26T000000_4,2025-10-24 00:00:00,600519.SS,1d,COUNTDOWN,BUY_COUNTDOWN_PROGRESS,1,4,,,BUY_SETUP,True,2025-09-16 00:00:00,2025-09-26 00:00:00,1497.03,1497.03,2025-09-26 00:00:00,2025-10-10 00:00:00,2025-10-13 00:00:00,2025-10-20 00:00:00,2025-10-24 00:00:00,,,,,,,,,,,2025-10-13 00:00:00,1391.16,1398.89,1426.04,1454.92,1425.38,5626297139.2,0.010736,-0.012445
601318SS_2025-10-24T000000_SELL_SETUP_PERFECT_-1_2025-10-24T000000_9,2025-10-24 00:00:00,601318.SS,1d,SETUP,SELL_SETUP_PERFECT,-1,9,True,,SELL_SETUP,True,2025-10-14 00:00:00,2025-10-24 00:00:00,,,,,,,,,,,,,,,,,,,,,,,,3647463641.6,0.010444,0.068883
601318SS_2025-10-24T000000_BUY_COUNTDOWN_CANCEL_1_2025-09-08T000000_5,2025-10-24 00:00:00,601318.SS,1d,COUNTDOWN,BUY_COUNTDOWN_CANCEL,1,5,,opposite_setup,BUY_SETUP,True,2025-08-27 00:00:00,2025-09-08 00:00:00,60.15,60.15,2025-09-08 00:00:00,2025-09-15 00:00:00,2025-09-16 00:00:00,2025-09-17 00:00:00,2025-09-18 00:00:00,2025-09-19 00:00:00,,,,,,,,,,2025-09-19 00:00:00,54.05,55.05,57.88,58.49,57.75,3647463641.6,0.010444,0.068883
601318SS_2025-10-24T000000_SELL_COUNTDOWN_PROGRESS_-1_2025-10-24T000000_1,2025-10-24 00:00:00,601318.SS,1d,COUNTDOWN,SELL_COUNTDOWN_PROGRESS,-1,1,,,SELL_SETUP,True,2025-10-14 00:00:00,2025-10-24 00:00:00,58.49,54.57,2025-10-24 00:00:00,2025-10-24 00:00:00,,,,,,,,,,,,,,2025-10-24 00:00:00,57.75,58.49,57.88,58.49,57.75,3647463641.6,0.010444,0.068883
600036SS_2025-10-24T000000_SELL_SETUP_PERFECT_-1_2025-10-24T000000_9,2025-10-24 00:00:00,600036.SS,1d,SETUP,SELL_SETUP_PERFECT,-1,9,True,,SELL_SETUP,True,2025-10-14 00:00:00,2025-10-24 00:00:00,,,,,,,,,,,,,,,,,,,,,,,,3499364761.6,0.009941,0.023756
000651SZ_2025-10-24T000000_BUY_COUNTDOWN_PROGRESS_1_2025-09-24T000000_2,2025-10-24 00:00:00,000651.SZ,1d,COUNTDOWN,BUY_COUNTDOWN_PROGRESS,1,2,,,BUY_SETUP,True,2025-09-12 00:00:00,2025-09-24 00:00:00,40.45,40.45,2025-09-24 00:00:00,2025-10-17 00:00:00,2025-10-24 00:00:00,,,,,,,,,,,,,2025-10-17 00:00:00,39.17,40.05,39.5,39.75,39.44,1776338316.894,0.008482,0.001521
600519SS_2025-10-27T000000_BUY_COUNTDOWN_PROGRESS_1_2025-09-26T000000_5,2025-10-27 00:00:00,600519.SS,1d,COUNTDOWN,BUY_COUNTDOWN_PROGRESS,1,5,,,BUY_SETUP,True,2025-09-16 00:00:00,2025-09-26 00:00:00,1497.03,1497.03,2025-09-26 00:00:00,2025-10-10 00:00:00,2025-10-13 00:00:00,2025-10-20 00:00:00,2025-10-24 00:00:00,2025-10-27 00:00:00,,,,,,,,,,2025-10-13 00:00:00,1391.16,1398.89,1416.45,1428.53,1412.03,5654704051.2,0.010603,-0.009053
600519SS_2025-10-28T000000_BUY_COUNTDOWN_PROGRESS_1_2025-09-26T000000_6,2025-10-28 00:00:00,600519.SS,1d,COUNTDOWN,BUY_COUNTDOWN_PROGRESS,1,6,,,BUY_SETUP,True,2025-09-16 00:00:00,2025-09-26 00:00:00,1497.03,1497.03,2025-09-26 00:00:00,2025-10-10 00:00:00,2025-10-13 00:00:00,2025-10-20 00:00:00,2025-10-24 00:00:00,2025-10-27 00:00:00,2025-10-28 00:00:00,,,,,,,,,2025-10-13 00:00:00,1391.16,1398.89,1421.04,1427.24,1417.14,5596642035.2,0.010595,-0.0017
000858SZ_2025-10-28T000000_BUY_COUNTDOWN_PROGRESS_1_2025-09-24T000000_8,2025-10-28 00:00:00,000858.SZ,1d,COUNTDOWN,BUY_COUNTDOWN_PROGRESS,1,8,,,BUY_SETUP,True,2025-09-12 00:00:00,2025-09-24 00:00:00,127.09,127.09,2025-09-24 00:00:00,2025-09-25 00:00:00,2025-09-26 00:00:00,2025-10-10 00:00:00,2025-10-13 00:00:00,2025-10-20 00:00:00,2025-10-21 00:00:00,2025-10-22 00:00:00,2025-10-28 00:00:00,117.52,,,,,,2025-10-13 00:00:00,116.66,117.82,117.52,118.11,117.43,2198786830.8165,0.008235,-0.017473
600519SS_2025-10-29T000000_BUY_COUNTDOWN_PROGRESS_1_2025-09-26T000000_7,2025-10-29 00:00:00,600519.SS,1d,COUNTDOWN,BUY_COUNTDOWN_PROGRESS,1,7,,,BUY_SETUP,True,2025-09-16 00:00:00,2025-09-26 00:00:00,1497.03,1497.03,2025-09-26 00:00:00,2025-10-10 00:00:00,2025-10-13 00:00:00,2025-10-20 00:00:00,2025-10-24 00:00:00,2025-10-27 00:00:00,2025-10-28 00:00:00,2025-10-29 00:00:00,,,,,,,,2025-10-13 00:00:00,1391.16,1398.89,1407.94,1422.59,1406.08,5560661849.6,0.010764,-0.007123
000858SZ_2025-10-29T000000_BUY_COUNTDOWN_PROGRESS_1_2025-09-24T000000_9,2025-10-29 00:00:00,000858.SZ,1d,COUNTDOWN,BUY_COUNTDOWN_PROGRESS,1,9,,,BUY_SETUP,True,2025-09-12 00:00:00,2025-09-24 00:00:00,127.09,127.09,2025-09-24 00:00:00,2025-09-25 00:00:00,2025-09-26 00:00:00,2025-10-10 00:00:00,2025-10-13 00:00:00,2025-10-20 00:00:00,2025-10-21 00:00:00,2025-10-22 00:00:00,2025-10-28 00:00:00,117.52,2025-10-29 00:00:00,,,,,2025-10-29 00:00:00,115.63,117.37,116.25,117.37,115.63,2239252397.36,0.008501,-0.029552
601318SS_2025-10-29T000000_SELL_COUNTDOWN_PROGRESS_-1_2025-10-24T000000_2,2025-10-29 00:00:00,601318.SS,1d,COUNTDOWN,SELL_COUNTDOWN_PROGRESS,-1,2,,,SELL_SETUP,True,2025-10-14 00:00:00,2025-10-24 00:00:00,58.49,54.57,2025-10-24 00:00:00,2025-10-24 00:00:00,2025-10-29 00:00:00,,,,,,,,,,,,,2025-10-24 00:00:00,57.75,58.49,58.95,59.7,58.49,3873314304.0,0.011125,0.084836
600519SS_2025-10-30T000000_BUY_COUNTDOWN_PROGRESS_1_2025-09-26T000000_8,2025-10-30 00:00:00,600519.SS,1d,COUNTDOWN,BUY_COUNTDOWN_PROGRESS,1,8,,,BUY_SETUP,True,2025-09-16 00:00:00,2025-09-26 00:00:00,1497.03,1497.03,2025-09-26 00:00:00,2025-10-10 00:00:00,2025-10-13 00:00:00,2025-10-20 00:00:00,2025-10-24 00:00:00,2025-10-27 00:00:00,2025-10-28 00:00:00,2025-10-29 00:00:00,2025-10-30 00:00:00,1402.78,,,,,,2025-10-13 00:00:00,1391.16,1398.89,1402.78,1412.67,1397.85,5676950259.2,0.010783,-0.008664
000858SZ_2025-10-30T000000_BUY_COUNTDOWN_PROGRESS_1_2025-09-24T000000_10,2025-10-30 00:00:00,000858.SZ,1d,COUNTDOWN,BUY_COUNTDOWN_PROGRESS,1,10,,,BUY_SETUP,True,2025-09-12 00:00:00,2025-09-24 00:00:00,127.09,127.09,2025-09-24 00:00:00,2025-09-25 00:00:00,2025-09-26 00:00:00,2025-10-10 00:00:00,2025-10-13 00:00:00,2025-10-20 00:00:00,2025-10-21 00:00:00,2025-10-22 00:00:00,2025-10-28 00:00:00,117.52,2025-10-29 00:00:00,2025-10-30 00:00:00,,,,2025-10-30 00:00:00,115.42,116.97,115.89,116.97,115.42,2280533590.119,0.00841,-0.025643
601318SS_2025-10-30T000000_SELL_COUNTDOWN_PROGRESS_-1_2025-10-24T000000_3,2025-10-30 00:00:00,601318.SS,1d,COUNTDOWN,SELL_COUNTDOWN_PROGRESS,-1,3,,,SELL_SETUP,True,2025-10-14 00:00:00,2025-10-24 00:00:00,58.49,54.57,2025-10-24 00:00:00,2025-10-24 00:00:00,2025-10-29 00:00:00,2025-10-30 00:00:00,,,,,,,,,,,,2025-10-24 00:00:00,57.75,58.49,58.65,60.1,58.58,3955453478.4,0.011183,0.083303
000651SZ_2025-10-30T000000_BUY_COUNTDOWN_PROGRESS_1_2025-09-24T000000_3,2025-10-30 00:00:00,000651.SZ,1d,COUNTDOWN,BUY_COUNTDOWN_PROGRESS,1,3,,,BUY_SETUP,True,2025-09-12 00:00:00,2025-09-24 00:00:00,40.45,40.45,2025-09-24 00:00:00,2025-10-17 00:00:00,2025-10-24 00:00:00,2025-10-30 00:00:00,,,,,,,,,,,,2025-10-17 00:00:00,39.17,40.05,39.47,39.79,39.41,1765009021.8775,0.007405,0.025195
600519SS_2025-10-31T000000_BUY_COUNTDOWN_PROGRESS_1_2025-09-26T000000_9,2025-10-31 00:00:00,600519.SS,1d,COUNTDOWN,BUY_COUNTDOWN_PROGRESS,1,9,,,BUY_SETUP,True,2025-09-16 00:00:00,2025-09-26 00:00:00,1497.03,1497.03,2025-09-26 00:00:00,2025-10-10 00:00:00,2025-10-13 00:00:00,2025-10-20 00:00:00,2025-10-24 00:00:00,2025-10-27 00:00:00,2025-10-28 00:00:00,2025-10-29 00:00:00,2025-10-30 00:00:00,1402.78,2025-10-31 00:00:00,,,,,2025-10-13 00:00:00,1391.16,1398.89,1406.05,1412.02,1396.15,5688767705.6,0.010783,-0.003536
000651SZ_2025-10-31T000000_BUY_COUNTDOWN_PROGRESS_1_2025-09-24T000000_4,2025-10-31 00:00:00,000651.SZ,1d,COUNTDOWN,BUY_COUNTDOWN_PROGRESS,1,4,,,BUY_SETUP,True,2025-09-12 00:00:00,2025-09-24 00:00:00,40.45,40.45,2025-09-24 00:00:00,2025-10-17 00:00:00,2025-10-24 00:00:00,2025-10-30 00:00:00,2025-10-31 00:00:00,,,,,,,,,,,2025-10-31 00:00:00,38.52,39.03,38.75,39.03,38.52,1855472684.2715,0.008354,-0.002574
600036SS_2025-11-03T000000_SELL_COUNTDOWN_PROGRESS_-1_2025-10-24T000000_1,2025-11-03 00:00:00,600036.SS,1d,COUNTDOWN,SELL_COUNTDOWN_PROGRESS,-1,1,,,SELL_SETUP,True,2025-10-14 00:00:00,2025-10-24 00:00:00,41.48,38.82,2025-10-24 00:00:00,2025-11-03 00:00:00,,,,,,,,,,,,,,2025-11-03 00:00:00,40.05,40.96,40.78,40.96,40.05,3697060800.0,0.011693,0.027981
000651SZ_2025-11-03T000000_BUY_COUNTDOWN_PROGRESS_1_2025-09-24T000000_5,2025-11-03 00:00:00,000651.SZ,1d,COUNTDOWN,BUY_COUNTDOWN_PROGRESS,1,5,,,BUY_SETUP,True,2025-09-12 00:00:00,2025-09-24 00:00:00,40.45,40.45,2025-09-24 00:00:00,2025-10-17 00:00:00,2025-10-24 00:00:00,2025-10-30 00:00:00,2025-10-31 00:00:00,2025-11-03 00:00:00,,,,,,,,,,2025-11-03 00:00:00,38.2,38.84,38.52,38.84,38.2,1886860443.689,0.008431,-0.010786
600036SS_2025-11-04T000000_SELL_COUNTDOWN_PROGRESS_-1_2025-10-24T000000_2,2025-11-04 00:00:00,600036.SS,1d,COUNTDOWN,SELL_COUNTDOWN_PROGRESS,-1,2,,,SELL_SETUP,True,2025-10-14 00:00:00,2025-10-24 00:00:00,41.48,38.82,2025-10-24 00:00:00,2025-11-03 00:00:00,2025-11-04 00:00:00,,,,,,,,,,,,,2025-11-03 00:00:00,40.05,40.96,42.0,42.1,40.8,3813273369.6,0.013106,0.06599
600519SS_2025-11-05T000000_BUY_SETUP_PERFECT_1_2025-11-05T000000_9,2025-11-05 00:00:00,600519.SS,1d,SETUP,BUY_SETUP_PERFECT,1,9,True,,BUY_SETUP,True,2025-10-24 00:00:00,2025-11-05 00:00:00,,,,,,,,,,,,,,,,,,,,,,,,5372811712.0,0.009665,-0.01182
600519SS_2025-11-05T000000_BUY_COUNTDOWN_CANCEL_1_2025-09-26T000000_9,2025-11-05 00:00:00,600519.SS,1d,COUNTDOWN,BUY_COUNTDOWN_CANCEL,1,9,,same_setup,BUY_SETUP,True,2025-09-16 00:00:00,2025-09-26 00:00:00,1497.03,1497.03,2025-09-26 00:00:00,2025-10-10 00:00:00,2025-10-13 00:00:00,2025-10-20 00:00:00,2025-10-24 00:00:00,2025-10-27 00:00:00,2025-10-28 00:00:00,2025-10-29 00:00:00,2025-10-30 00:00:00,1402.78,2025-10-31 00:00:00,,,,,2025-10-13 00:00:00,1391.16,1398.89,1396.12,1407.03,1396.05,5372811712.0,0.009665,-0.01182
600519SS_2025-11-05T000000_BUY_COUNTDOWN_PROGRESS_1_2025-11-05T000000_1,2025-11-05 00:00:00,600519.SS,1d,COUNTDOWN,BUY_COUNTDOWN_PROGRESS,1,1,,,BUY_SETUP,True,2025-10-24 00:00:00,2025-11-05 00:00:00,1454.92,1454.92,2025-11-05 00:00:00,2025-11-05 00:00:00,,,,,,,,,,,,,,2025-11-05 00:00:00,1396.05,1407.03,1396.12,1407.03,1396.05,5372811712.0,0.009665,-0.01182
000858SZ_2025-11-05T000000_BUY_COUNTDOWN_PROGRESS_1_2025-09-24T000000_11,2025-11-05 00:00:00,000858.SZ,1d,COUNTDOWN,BUY_COUNTDOWN_PROGRESS,1,11,,,BUY_SETUP,True,2025-09-12 00:00:00,2025-09-24 00:00:00,127.09,127.09,2025-09-24 00:00:00,2025-09-25 00:00:00,2025-09-26 00:00:00,2025-10-10 00:00:00,2025-10-13 00:00:00,2025-10-20 00:00:00,2025-10-21 00:00:00,2025-10-22 00:00:00,2025-10-28 00:00:00,117.52,2025-10-29 00:00:00,2025-10-30 00:00:00,2025-11-05 00:00:00,,,2025-11-05 00:00:00,113.42,114.42,113.6,114.42,113.42,2334282522.091,0.008112,-0.041997
600036SS_2025-11-05T000000_SELL_COUNTDOWN_PROGRESS_-1_2025-10-24T000000_3,2025-11-05 00:00:00,600036.SS,1d,COUNTDOWN,SELL_COUNTDOWN_PROGRESS,-1,3,,,SELL_SETUP,True,2025-10-14 00:00:00,2025-10-24 00:00:00,41.48,38.82,2025-10-24 00:00:00,2025-11-03 00:00:00,2025-11-04 00:00:00,2025-11-05 00:00:00,,,,,,,,,,,,2025-11-03 00:00:00,40.05,40.96,41.79,42.46,41.74,3828529203.2,0.013188,0.062818
000858SZ_2025-11-06T000000_BUY_COUNTDOWN_PROGRESS_1_2025-09-24T000000_12,2025-11-06 00:00:00,000858.SZ,1d,COUNTDOWN,BUY_COUNTDOWN_PROGRESS,1,12,,,BUY_SETUP,True,2025-09-12 00:00:00,2025-09-24 00:00:00,127.09,127.09,2025-09-24 00:00:00,2025-09-25 00:00:00,2025-09-26 00:00:00,2025-10-10 00:00:00,2025-10-13 00:00:00,2025-10-20 00:00:00,2025-10-21 00:00:00,2025-10-22 00:00:00,2025-10-28 00:00:00,117.52,2025-10-29 00:00:00,2025-10-30 00:00:00,2025-11-05 00:00:00,2025-11-06 00:00:00,,2025-11-05 00:00:00,113.42,114.42,113.59,114.72,113.48,2301684956.5115,0.008118,-0.038595
601318SS_2025-11-07T000000_SELL_COUNTDOWN_PROGRESS_-1_2025-10-24T000000_4,2025-11-07 00:00:00,601318.SS,1d,COUNTDOWN,SELL_COUNTDOWN_PROGRESS,-1,4,,,SELL_SETUP,True,2025-10-14 00:00:00,2025-10-24 00:00:00,58.49,54.57,2025-10-24 00:00:00,2025-10-24 00:00:00,2025-10-29 00:00:00,2025-10-30 00:00:00,2025-11-07 00:00:00,,,,,,,,,,,2025-10-24 00:00:00,57.75,58.49,58.89,59.15,58.66,3582179545.6,0.010992,0.087535
601318SS_2025-11-10T000000_SELL_COUNTDOWN_PROGRESS_-1_2025-10-24T000000_5,2025-11-10 00:00:00,601318.SS,1d,COUNTDOWN,SELL_COUNTDOWN_PROGRESS,-1,5,,,SELL_SETUP,True,2025-10-14 00:00:00,2025-10-24 00:00:00,58.49,54.57,2025-10-24 00:00:00,2025-10-24 00:00:00,2025-10-29 00:00:00,2025-10-30 00:00:00,2025-11-07 00:00:00,2025-11-10 00:00:00,,,,,,,,,,2025-10-24 00:00:00,57.75,58.49,59.3,59.4,58.44,3571131148.8,0.009849,0.067891
601318SS_2025-11-11T000000_SELL_COUNTDOWN_PROGRESS_-1_2025-10-24T000000_6,2025-11-11 00:00:00,601318.SS,1d,COUNTDOWN,SELL_COUNTDOWN_PROGRESS,-1,6,,,SELL_SETUP,True,2025-10-14 00:00:00,2025-10-24 00:00:00,58.49,54.57,2025-10-24 00:00:00,2025-10-24 00:00:00,2025-10-29 00:00:00,2025-10-30 00:00:00,2025-11-07 00:00:00,2025-11-10 00:00:00,2025-11-11 00:00:00,,,,,,,,,2025-10-24 00:00:00,57.75,58.49,59.2,59.5,58.81,3390420992.0,0.008638,0.041154
600036SS_2025-11-11T000000_SELL_COUNTDOWN_PROGRESS_-1_2025-10-24T000000_4,2025-11-11 00:00:00,600036.SS,1d,COUNTDOWN,SELL_COUNTDOWN_PROGRESS,-1,4,,,SELL_SETUP,True,2025-10-14 00:00:00,2025-10-24 00:00:00,41.48,38.82,2025-10-24 00:00:00,2025-11-03 00:00:00,2025-11-04 00:00:00,2025-11-05 00:00:00,2025-11-11 00:00:00,,,,,,,,,,,2025-11-03 00:00:00,40.05,40.96,41.95,42.03,41.51,3414100825.6,0.011961,0.036058
601318SS_2025-11-12T000000_SELL_COUNTDOWN_PROGRESS_-1_2025-10-24T000000_7,2025-11-12 00:00:00,601318.SS,1d,COUNTDOWN,SELL_COUNTDOWN_PROGRESS,-1,7,,,SELL_SETUP,True,2025-10-14 00:00:00,2025-10-24 00:00:00,58.49,54.57,2025-10-24 00:00:00,2025-10-24 00:00:00,2025-10-29 00:00:00,2025-10-30 00:00:00,2025-11-07 00:00:00,2025-11-10 00:00:00,2025-11-11 00:00:00,2025-11-12 00:00:00,,,,,,,,2025-10-24 00:00:00,57.75,58.49,60.03,60.79,59.3,3600452352.0,0.009033,0.051866
600036SS_2025-11-12T000000_SELL_COUNTDOWN_PROGRESS_-1_2025-10-24T000000_5,2025-11-12 00:00:00,600036.SS,1d,COUNTDOWN,SELL_COUNTDOWN_PROGRESS,-1,5,,,SELL_SETUP,True,2025-10-14 00:00:00,2025-10-24 00:00:00,41.48,38.82,2025-10-24 00:00:00,2025-11-03 00:00:00,2025-11-04 00:00:00,2025-11-05 00:00:00,2025-11-11 00:00:00,2025-11-12 00:00:00,,,,,,,,,,2025-11-03 00:00:00,40.05,40.96,41.92,42.35,41.92,3321384192.0,0.011795,0.024438
601318SS_2025-11-13T000000_SELL_COUNTDOWN_PROGRESS_-1_2025-10-24T000000_8,2025-11-13 00:00:00,601318.SS,1d,COUNTDOWN,SELL_COUNTDOWN_PROGRESS,-1,8,,,SELL_SETUP,True,2025-10-14 00:00:00,2025-10-24 00:00:00,58.49,54.57,2025-10-24 00:00:00,2025-10-24 00:00:00,2025-10-29 00:00:00,2025-10-30 00:00:00,2025-11-07 00:00:00,2025-11-10 00:00:00,2025-11-11 00:00:00,2025-11-12 00:00:00,2025-11-13 00:00:00,60.88,,,,,,2025-10-24 00:00:00,57.75,58.49,60.88,61.38,60.29,3673221964.8,0.008575,0.080774
600036SS_2025-11-13T000000_SELL_COUNTDOWN_PROGRESS_-1_2025-10-24T000000_6,2025-11-13 00:00:00,600036.SS,1d,COUNTDOWN,SELL_COUNTDOWN_PROGRESS,-1,6,,,SELL_SETUP,True,2025-10-14 00:00:00,2025-10-24 00:00:00,41.48,38.82,2025-10-24 00:00:00,2025-11-03 00:00:00,2025-11-04 00:00:00,2025-11-05 00:00:00,2025-11-11 00:00:00,2025-11-12 00:00:00,2025-11-13 00:00:00,,,,,,,,,2025-11-03 00:00:00,40.05,40.96,42.2,42.29,41.73,3226580505.6,0.011623,0.039921
600519SS_2025-11-14T000000_BUY_COUNTDOWN_PROGRESS_1_2025-11-05T000000_2,2025-11-14 00:00:00,600519.SS,1d,COUNTDOWN,BUY_COUNTDOWN_PROGRESS,1,2,,,BUY_SETUP,True,2025-10-24 00:00:00,2025-11-05 00:00:00,1454.92,1454.92,2025-11-05 00:00:00,2025-11-05 00:00:00,2025-11-14 00:00:00,,,,,,,,,,,,,2025-11-05 00:00:00,1396.05,1407.03,1432.64,1454.99,1432.34,4621381836.8,0.007646,-0.000927
000858SZ_2025-11-14T000000_BUY_COUNTDOWN_COMPLETE_1_2025-09-24T000000_13,2025-11-14 00:00:00,000858.SZ,1d,COUNTDOWN,BUY_COUNTDOWN_COMPLETE,1,13,False,,BUY_SETUP,True,2025-09-12 00:00:00,2025-09-24 00:00:00,127.09,127.09,2025-09-24 00:00:00,2025-09-25 00:00:00,2025-09-26 00:00:00,2025-10-10 00:00:00,2025-10-13 00:00:00,2025-10-20 00:00:00,2025-10-21 00:00:00,2025-10-22 00:00:00,2025-10-28 00:00:00,117.52,2025-10-29 00:00:00,2025-10-30 00:00:00,2025-11-05 00:00:00,2025-11-06 00:00:00,2025-11-14 00:00:00,2025-11-05 00:00:00,113.42,114.42,117.63,119.41,117.61,2345774391.7565,0.010463,-0.002121
000651SZ_2025-11-14T000000_BUY_COUNTDOWN_PROGRESS_1_2025-09-24T000000_6,2025-11-14 00:00:00,000651.SZ,1d,COUNTDOWN,BUY_COUNTDOWN_PROGRESS,1,6,,,BUY_SETUP,True,2025-09-12 00:00:00,2025-09-24 00:00:00,40.45,40.45,2025-09-24 00:00:00,2025-10-17 00:00:00,2025-10-24 00:00:00,2025-10-30 00:00:00,2025-10-31 00:00:00,2025-11-03 00:00:00,2025-11-14 00:00:00,,,,,,,,,2025-11-03 00:00:00,38.2,38.84,39.62,40.13,39.61,1748357713.5525,0.008179,-0.003772
000651SZ_2025-11-17T000000_BUY_COUNTDOWN_PROGRESS_1_2025-09-24T000000_7,2025-11-17 00:00:00,000651.SZ,1d,COUNTDOWN,BUY_COUNTDOWN_PROGRESS,1,7,,,BUY_SETUP,True,2025-09-12 00:00:00,2025-09-24 00:00:00,40.45,40.45,2025-09-24 00:00:00,2025-10-17 00:00:00,2025-10-24 00:00:00,2025-10-30 00:00:00,2025-10-31 00:00:00,2025-11-03 00:00:00,2025-11-14 00:00:00,2025-11-17 00:00:00,,,,,,,,2025-11-03 00:00:00,38.2,38.84,39.19,39.62,39.06,1742106093.7975,0.008515,-0.012598
000651SZ_2025-11-18T000000_BUY_COUNTDOWN_PROGRESS_1_2025-09-24T000000_8,2025-11-18 00:00:00,000651.SZ,1d,COUNTDOWN,BUY_COUNTDOWN_PROGRESS,1,8,,,BUY_SETUP,True,2025-09-12 00:00:00,2025-09-24 00:00:00,40.45,40.45,2025-09-24 00:00:00,2025-10-17 00:00:00,2025-10-24 00:00:00,2025-10-30 00:00:00,2025-10-31 00:00:00,2025-11-03 00:00:00,2025-11-14 00:00:00,2025-11-17 00:00:00,2025-11-18 00:00:00,39.11,,,,,,2025-11-03 00:00:00,38.2,38.84,39.11,39.46,39.05,1723445597.454,0.008503,-0.011625
600036SS_2025-11-19T000000_SELL_COUNTDOWN_PROGRESS_-1_2025-10-24T000000_7,2025-11-19 00:00:00,600036.SS,1d,COUNTDOWN,SELL_COUNTDOWN_PROGRESS,-1,7,,,SELL_SETUP,True,2025-10-14 00:00:00,2025-10-24 00:00:00,41.48,38.82,2025-10-24 00:00:00,2025-11-03 00:00:00,2025-11-04 00:00:00,2025-11-05 00:00:00,2025-11-11 00:00:00,2025-11-12 00:00:00,2025-11-13 00:00:00,2025-11-19 00:00:00,,,,,,,,2025-11-03 00:00:00,40.05,40.96,42.21,42.49,41.79,3107446579.2,0.011831,0.023769
600519SS_2025-11-20T000000_BUY_COUNTDOWN_PROGRESS_1_2025-11-05T000000_3,2025-11-20 00:00:00,600519.SS,1d,COUNTDOWN,BUY_COUNTDOWN_PROGRESS,1,3,,,BUY_SETUP,True,2025-10-24 00:00:00,2025-11-05 00:00:00,1454.92,1454.92,2025-11-05 00:00:00,2025-11-05 00:00:00,2025-11-14 00:00:00,2025-11-20 00:00:00,,,,,,,,,,,,2025-11-05 00:00:00,1396.05,1407.03,1443.15,1455.94,1441.07,4742339430.4,0.007336,0.011998
601318SS_2025-11-20T000000_SELL_COUNTDOWN_PROGRESS_-1_2025-10-24T000000_9,2025-11-20 00:00:00,601318.SS,1d,COUNTDOWN,SELL_COUNTDOWN_PROGRESS,-1,9,,,SELL_SETUP,True,2025-10-14 00:00:00,2025-10-24 00:00:00,58.49,54.57,2025-10-24 00:00:00,2025-10-24 00:00:00,2025-10-29 00:00:00,2025-10-30 00:00:00,2025-11-07 00:00:00,2025-11-10 00:00:00,2025-11-11 00:00:00,2025-11-12 00:00:00,2025-11-13 00:00:00,60.88,2025-11-20 00:00:00,,,,,2025-10-24 00:00:00,57.75,58.49,60.2,61.15,60.03,3709096614.4,0.009692,0.040083
600036SS_2025-11-20T000000_SELL_COUNTDOWN_PROGRESS_-1_2025-10-24T000000_8,2025-11-20 00:00:00,600036.SS,1d,COUNTDOWN,SELL_COUNTDOWN_PROGRESS,-1,8,,,SELL_SETUP,True,2025-10-14 00:00:00,2025-10-24 00:00:00,41.48,38.82,2025-10-24 00:00:00,2025-11-03 00:00:00,2025-11-04 00:00:00,2025-11-05 00:00:00,2025-11-11 00:00:00,2025-11-12 00:00:00,2025-11-13 00:00:00,2025-11-19 00:00:00,2025-11-20 00:00:00,42.22,,,,,,2025-11-03 00:00:00,40.05,40.96,42.22,42.78,42.04,3084470310.4,0.011671,0.031265
600519SS_2025-11-21T000000_BUY_COUNTDOWN_PROGRESS_1_2025-11-05T000000_4,2025-11-21 00:00:00,600519.SS,1d,COUNTDOWN,BUY_COUNTDOWN_PROGRESS,1,4,,,BUY_SETUP,True,2025-10-24 00:00:00,2025-11-05 00:00:00,1454.92,1454.92,2025-11-05 00:00:00,2025-11-05 00:00:00,2025-11-14 00:00:00,2025-11-20 00:00:00,2025-11-21 00:00:00,,,,,,,,,,,2025-11-05 00:00:00,1396.05,1407.03,1442.64,1456.04,1432.04,4776402944.0,0.007134,0.01849
600519SS_2025-11-24T000000_BUY_COUNTDOWN_PROGRESS_1_2025-11-05T000000_5,2025-11-24 00:00:00,600519.SS,1d,COUNTDOWN,BUY_COUNTDOWN_PROGRESS,1,5,,,BUY_SETUP,True,2025-10-24 00:00:00,2025-11-05 00:00:00,1454.92,1454.92,2025-11-05 00:00:00,2025-11-05 00:00:00,2025-11-14 00:00:00,2025-11-20 00:00:00,2025-11-21 00:00:00,2025-11-24 00:00:00,,,,,,,,,,2025-11-05 00:00:00,1396.05,1407.03,1428.04,1447.04,1427.17,4753864780.8,0.007525,0.004926
600519SS_2025-11-25T000000_BUY_COUNTDOWN_PROGRESS_1_2025-11-05T000000_6,2025-11-25 00:00:00,600519.SS,1d,COUNTDOWN,BUY_COUNTDOWN_PROGRESS,1,6,,,BUY_SETUP,True,2025-10-24 00:00:00,2025-11-05 00:00:00,1454.92,1454.92,2025-11-05 00:00:00,2025-11-05 00:00:00,2025-11-14 00:00:00,2025-11-20 00:00:00,2025-11-21 00:00:00,2025-11-24 00:00:00,2025-11-25 00:00:00,,,,,,,,,2025-11-05 00:00:00,1396.05,1407.03,1420.69,1434.04,1420.54,4763670425.6,0.007306,0.009056
600519SS_2025-11-26T000000_BUY_COUNTDOWN_PROGRESS_1_2025-11-05T000000_7,2025-11-26 00:00:00,600519.SS,1d,COUNTDOWN,BUY_COUNTDOWN_PROGRESS,1,7,,,BUY_SETUP,True,2025-10-24 00:00:00,2025-11-05 00:00:00,1454.92,1454.92,2025-11-05 00:00:00,2025-11-05 00:00:00,2025-11-14 00:00:00,2025-11-20 00:00:00,2025-11-21 00:00:00,2025-11-24 00:00:00,2025-11-25 00:00:00,2025-11-26 00:00:00,,,,,,,,2025-11-05 00:00:00,1396.05,1407.03,1425.19,1429.53,1419.62,4667172300.8,0.00726,0.015975
601318SS_2025-11-26T000000_SELL_COUNTDOWN_PROGRESS_-1_2025-10-24T000000_10,2025-11-26 00:00:00,601318.SS,1d,COUNTDOWN,SELL_COUNTDOWN_PROGRESS,-1,10,,,SELL_SETUP,True,2025-10-14 00:00:00,2025-10-24 00:00:00,58.49,54.57,2025-10-24 00:00:00,2025-10-24 00:00:00,2025-10-29 00:00:00,2025-10-30 00:00:00,2025-11-07 00:00:00,2025-11-10 00:00:00,2025-11-11 00:00:00,2025-11-12 00:00:00,2025-11-13 00:00:00,60.88,2025-11-20 00:00:00,2025-11-26 00:00:00,,,,2025-10-24 00:00:00,57.75,58.49,59.78,60.22,59.32,3532816524.8,0.010979,0.019267
600036SS_2025-11-26T000000_SELL_COUNTDOWN_PROGRESS_-1_2025-10-24T000000_9,2025-11-26 00:00:00,600036.SS,1d,COUNTDOWN,SELL_COUNTDOWN_PROGRESS,-1,9,,,SELL_SETUP,True,2025-10-14 00:00:00,2025-10-24 00:00:00,41.48,38.82,2025-10-24 00:00:00,2025-11-03 00:00:00,2025-11-04 00:00:00,2025-11-05 00:00:00,2025-11-11 00:00:00,2025-11-12 00:00:00,2025-11-13 00:00:00,2025-11-19 00:00:00,2025-11-20 00:00:00,42.22,2025-11-26 00:00:00,,,,,2025-11-03 00:00:00,40.05,40.96,42.24,42.62,41.96,2954807923.2,0.010816,0.051008
600036SS_2025-12-01T000000_SELL_COUNTDOWN_PROGRESS_-1_2025-10-24T000000_10,2025-12-01 00:00:00,600036.SS,1d,COUNTDOWN,SELL_COUNTDOWN_PROGRESS,-1,10,,,SELL_SETUP,True,2025-10-14 00:00:00,2025-10-24 00:00:00,41.48,38.82,2025-10-24 00:00:00,2025-11-03 00:00:00,2025-11-04 00:00:00,2025-11-05 00:00:00,2025-11-11 00:00:00,2025-11-12 00:00:00,2025-11-13 00:00:00,2025-11-19 00:00:00,2025-11-20 00:00:00,42.22,2025-11-26 00:00:00,2025-12-01 00:00:00,,,,2025-11-03 00:00:00,40.05,40.96,42.43,42.46,41.92,2749090240.0,0.00747,0.010238
600519SS_2025-12-02T000000_BUY_COUNTDOWN_PROGRESS_1_2025-11-05T000000_8,2025-12-02 00:00:00,600519.SS,1d,COUNTDOWN,BUY_COUNTDOWN_PROGRESS,1,8,,,BUY_SETUP,True,2025-10-24 00:00:00,2025-11-05 00:00:00,1454.92,1454.92,2025-11-05 00:00:00,2025-11-05 00:00:00,2025-11-14 00:00:00,2025-11-20 00:00:00,2025-11-21 00:00:00,2025-11-24 00:00:00,2025-11-25 00:00:00,2025-11-26 00:00:00,2025-12-02 00:00:00,1412.07,,,,,,2025-11-05 00:00:00,1396.05,1407.03,1412.07,1427.96,1411.06,4343941504.0,0.007299,0.011425
600036SS_2025-12-02T000000_SELL_COUNTDOWN_PROGRESS_-1_2025-10-24T000000_11,2025-12-02 00:00:00,600036.SS,1d,COUNTDOWN,SELL_COUNTDOWN_PROGRESS,-1,11,,,SELL_SETUP,True,2025-10-14 00:00:00,2025-10-24 00:00:00,41.48,38.82,2025-10-24 00:00:00,2025-11-03 00:00:00,2025-11-04 00:00:00,2025-11-05 00:00:00,2025-11-11 00:00:00,2025-11-12 00:00:00,2025-11-13 00:00:00,2025-11-19 00:00:00,2025-11-20 00:00:00,42.22,2025-11-26 00:00:00,2025-12-01 00:00:00,2025-12-02 00:00:00,,,2025-11-03 00:00:00,40.05,40.96,42.37,42.64,42.21,2550803584.0,0.007372,0.013879
600519SS_2025-12-03T000000_BUY_COUNTDOWN_PROGRESS_1_2025-11-05T000000_9,2025-12-03 00:00:00,600519.SS,1d,COUNTDOWN,BUY_COUNTDOWN_PROGRESS,1,9,,,BUY_SETUP,True,2025-10-24 00:00:00,2025-11-05 00:00:00,1454.92,1454.92,2025-11-05 00:00:00,2025-11-05 00:00:00,2025-11-14 00:00:00,2025-11-20 00:00:00,2025-11-21 00:00:00,2025-11-24 00:00:00,2025-11-25 00:00:00,2025-11-26 00:00:00,2025-12-02 00:00:00,1412.07,2025-12-03 00:00:00,,,,,2025-11-05 00:00:00,1396.05,1407.03,1405.14,1412.01,1404.04,4267021734.4,0.006984,-0.004273
000858SZ_2025-12-03T000000_BUY_SETUP_PERFECT_1_2025-12-03T000000_9,2025-12-03 00:00:00,000858.SZ,1d,SETUP,BUY_SETUP_PERFECT,1,9,True,,BUY_SETUP,True,2025-11-21 00:00:00,2025-12-03 00:00:00,,,,,,,,,,,,,,,,,,,,,,,,1906753233.563,0.009569,-0.005018
000858SZ_2025-12-03T000000_BUY_COUNTDOWN_PROGRESS_1_2025-12-03T000000_1,2025-12-03 00:00:00,000858.SZ,1d,COUNTDOWN,BUY_COUNTDOWN_PROGRESS,1,1,,,BUY_SETUP,True,2025-11-21 00:00:00,2025-12-03 00:00:00,118.83,118.83,2025-12-03 00:00:00,2025-12-03 00:00:00,,,,,,,,,,,,,,2025-12-03 00:00:00,112.92,114.47,113.02,114.47,112.92,1906753233.563,0.009569,-0.005018
600519SS_2025-12-04T000000_BUY_COUNTDOWN_PROGRESS_1_2025-11-05T000000_10,2025-12-04 00:00:00,600519.SS,1d,COUNTDOWN,BUY_COUNTDOWN_PROGRESS,1,10,,,BUY_SETUP,True,2025-10-24 00:00:00,2025-11-05 00:00:00,1454.92,1454.92,2025-11-05 00:00:00,2025-11-05 00:00:00,2025-11-14 00:00:00,2025-11-20 00:00:00,2025-11-21 00:00:00,2025-11-24 00:00:00,2025-11-25 00:00:00,2025-11-26 00:00:00,2025-12-02 00:00:00,1412.07,2025-12-03 00:00:00,2025-12-04 00:00:00,,,,2025-12-04 00:00:00,1394.42,1408.54,1400.02,1408.54,1394.42,4198469811.2,0.007023,-0.006634
000858SZ_2025-12-04T000000_BUY_COUNTDOWN_PROGRESS_1_2025-12-03T000000_2,2025-12-04 00:00:00,000858.SZ,1d,COUNTDOWN,BUY_COUNTDOWN_PROGRESS,1,2,,,BUY_SETUP,True,2025-11-21 00:00:00,2025-12-03 00:00:00,118.83,118.83,2025-12-03 00:00:00,2025-12-03 00:00:00,2025-12-04 00:00:00,,,,,,,,,,,,,2025-12-04 00:00:00,111.54,113.17,111.87,113.17,111.54,1913614382.737,0.009729,-0.020145
000858SZ_2025-12-05T000000_BUY_COUNTDOWN_PROGRESS_1_2025-12-03T000000_3,2025-12-05 00:00:00,000858.SZ,1d,COUNTDOWN,BUY_COUNTDOWN_PROGRESS,1,3,,,BUY_SETUP,True,2025-11-21 00:00:00,2025-12-03 00:00:00,118.83,118.83,2025-12-03 00:00:00,2025-12-03 00:00:00,2025-12-04 00:00:00,2025-12-05 00:00:00,,,,,,,,,,,,2025-12-04 00:00:00,111.54,113.17,112.38,112.79,111.63,1896425529.434,0.004851,-0.049399
601318SS_2025-12-05T000000_SELL_COUNTDOWN_PROGRESS_-1_2025-10-24T000000_11,2025-12-05 00:00:00,601318.SS,1d,COUNTDOWN,SELL_COUNTDOWN_PROGRESS,-1,11,,,SELL_SETUP,True,2025-10-14 00:00:00,2025-10-24 00:00:00,58.49,54.57,2025-10-24 00:00:00,2025-10-24 00:00:00,2025-10-29 00:00:00,2025-10-30 00:00:00,2025-11-07 00:00:00,2025-11-10 00:00:00,2025-11-11 00:00:00,2025-11-12 00:00:00,2025-11-13 00:00:00,60.88,2025-11-20 00:00:00,2025-11-26 00:00:00,2025-12-05 00:00:00,,,2025-10-24 00:00:00,57.75,58.49,61.99,62.2,58.55,3583601689.6,0.016564,0.045363
600519SS_2025-12-08T000000_BUY_COUNTDOWN_PROGRESS_1_2025-11-05T000000_11,2025-12-08 00:00:00,600519.SS,1d,COUNTDOWN,BUY_COUNTDOWN_PROGRESS,1,11,,,BUY_SETUP,True,2025-10-24 00:00:00,2025-11-05 00:00:00,1454.92,1454.92,2025-11-05 00:00:00,2025-11-05 00:00:00,2025-11-14 00:00:00,2025-11-20 00:00:00,2025-11-21 00:00:00,2025-11-24 00:00:00,2025-11-25 00:00:00,2025-11-26 00:00:00,2025-12-02 00:00:00,1412.07,2025-12-03 00:00:00,2025-12-04 00:00:00,2025-12-08 00:00:00,,,2025-12-08 00:00:00,1394.04,1412.71,1394.26,1412.71,1394.04,4124749568.0,0.005416,-0.028411
000858SZ_2025-12-08T000000_BUY_COUNTDOWN_PROGRESS_1_2025-12-03T000000_4,2025-12-08 00:00:00,000858.SZ,1d,COUNTDOWN,BUY_COUNTDOWN_PROGRESS,1,4,,,BUY_SETUP,True,2025-11-21 00:00:00,2025-12-03 00:00:00,118.83,118.83,2025-12-03 00:00:00,2025-12-03 00:00:00,2025-12-04 00:00:00,2025-12-05 00:00:00,2025-12-08 00:00:00,,,,,,,,,,,2025-12-08 00:00:00,110.52,112.55,110.69,112.55,110.52,1797674108.32,0.005539,-0.063536
601318SS_2025-12-08T000000_SELL_COUNTDOWN_PROGRESS_-1_2025-10-24T000000_12,2025-12-08 00:00:00,601318.SS,1d,COUNTDOWN,SELL_COUNTDOWN_PROGRESS,-1,12,,,SELL_SETUP,True,2025-10-14 00:00:00,2025-10-24 00:00:00,58.49,54.57,2025-10-24 00:00:00,2025-10-24 00:00:00,2025-10-29 00:00:00,2025-10-30 00:00:00,2025-11-07 00:00:00,2025-11-10 00:00:00,2025-11-11 00:00:00,2025-11-12 00:00:00,2025-11-13 00:00:00,60.88,2025-11-20 00:00:00,2025-11-26 00:00:00,2025-12-05 00:00:00,2025-12-08 00:00:00,,2025-10-24 00:00:00,57.75,58.49,63.4,63.8,62.0,3752691571.2,0.01713,0.070946
000651SZ_2025-12-08T000000_BUY_COUNTDOWN_PROGRESS_1_2025-09-24T000000_9,2025-12-08 00:00:00,000651.SZ,1d,COUNTDOWN,BUY_COUNTDOWN_PROGRESS,1,9,,,BUY_SETUP,True,2025-09-12 00:00:00,2025-09-24 00:00:00,40.45,40.45,2025-09-24 00:00:00,2025-10-17 00:00:00,2025-10-24 00:00:00,2025-10-30 00:00:00,2025-10-31 00:00:00,2025-11-03 00:00:00,2025-11-14 00:00:00,2025-11-17 00:00:00,2025-11-18 00:00:00,39.11,2025-12-08 00:00:00,,,,,2025-11-03 00:00:00,38.2,38.84,39.68,40.05,39.62,1447437779.3085,0.005361,-0.006012
600519SS_2025-12-09T000000_BUY_COUNTDOWN_PROGRESS_1_2025-11-05T000000_12,2025-12-09 00:00:00,600519.SS,1d,COUNTDOWN,BUY_COUNTDOWN_PROGRESS,1,12,,,BUY_SETUP,True,2025-10-24 00:00:00,2025-11-05 00:00:00,1454.92,1454.92,2025-11-05 00:00:00,2025-11-05 00:00:00,2025-11-14 00:00:00,2025-11-20 00:00:00,2025-11-21 00:00:00,2025-11-24 00:00:00,2025-11-25 00:00:00,2025-11-26 00:00:00,2025-12-02 00:00:00,1412.07,2025-12-03 00:00:00,2025-12-04 00:00:00,2025-12-08 00:00:00,2025-12-09 00:00:00,,2025-12-09 00:00:00,1376.09,1397.04,1377.05,1397.04,1376.09,4230396838.4,0.005744,-0.044505
000858SZ_2025-12-09T000000_BUY_COUNTDOWN_PROGRESS_1_2025-12-03T000000_5,2025-12-09 00:00:00,000858.SZ,1d,COUNTDOWN,BUY_COUNTDOWN_PROGRESS,1,5,,,BUY_SETUP,True,2025-11-21 00:00:00,2025-12-03 00:00:00,118.83,118.83,2025-12-03 00:00:00,2025-12-03 00:00:00,2025-12-04 00:00:00,2025-12-05 00:00:00,2025-12-08 00:00:00,2025-12-09 00:00:00,,,,,,,,,,2025-12-09 00:00:00,107.92,110.5,108.3,110.5,107.92,1829480054.6995,0.006864,-0.080645
601318SS_2025-12-09T000000_SELL_COUNTDOWN_COMPLETE_PERFECT_-1_2025-10-24T000000_13,2025-12-09 00:00:00,601318.SS,1d,COUNTDOWN,SELL_COUNTDOWN_COMPLETE_PERFECT,-1,13,True,,SELL_SETUP,True,2025-10-14 00:00:00,2025-10-24 00:00:00,58.49,54.57,2025-10-24 00:00:00,2025-10-24 00:00:00,2025-10-29 00:00:00,2025-10-30 00:00:00,2025-11-07 00:00:00,2025-11-10 00:00:00,2025-11-11 00:00:00,2025-11-12 00:00:00,2025-11-13 00:00:00,60.88,2025-11-20 00:00:00,2025-11-26 00:00:00,2025-12-05 00:00:00,2025-12-08 00:00:00,2025-12-09 00:00:00,2025-10-24 00:00:00,57.75,58.49,62.45,63.69,62.42,3797706444.8,0.017437,0.040313
000651SZ_2025-12-09T000000_BUY_COUNTDOWN_PROGRESS_1_2025-09-24T000000_10,2025-12-09 00:00:00,000651.SZ,1d,COUNTDOWN,BUY_COUNTDOWN_PROGRESS,1,10,,,BUY_SETUP,True,2025-09-12 00:00:00,2025-09-24 00:00:00,40.45,40.45,2025-09-24 00:00:00,2025-10-17 00:00:00,2025-10-24 00:00:00,2025-10-30 00:00:00,2025-10-31 00:00:00,2025-11-03 00:00:00,2025-11-14 00:00:00,2025-11-17 00:00:00,2025-11-18 00:00:00,39.11,2025-12-08 00:00:00,2025-12-09 00:00:00,,,,2025-11-03 00:00:00,38.2,38.84,39.35,39.84,39.3,1410821600.2405,0.005443,-0.019925
600519SS_2025-12-10T000000_BUY_COUNTDOWN_COMPLETE_PERFECT_1_2025-11-05T000000_13,2025-12-10 00:00:00,600519.SS,1d,COUNTDOWN,BUY_COUNTDOWN_COMPLETE_PERFECT,1,13,True,,BUY_SETUP,True,2025-10-24 00:00:00,2025-11-05 00:00:00,1454.92,1454.92,2025-11-05 00:00:00,2025-11-05 00:00:00,2025-11-14 00:00:00,2025-11-20 00:00:00,2025-11-21 00:00:00,2025-11-24 00:00:00,2025-11-25 00:00:00,2025-11-26 00:00:00,2025-12-02 00:00:00,1412.07,2025-12-03 00:00:00,2025-12-04 00:00:00,2025-12-08 00:00:00,2025-12-09 00:00:00,2025-12-10 00:00:00,2025-12-10 00:00:00,1359.22,1378.84,1378.84,1378.84,1359.22,4219238489.6,0.005638,-0.046722
000858SZ_2025-12-10T000000_BUY_COUNTDOWN_PROGRESS_1_2025-12-03T000000_6,2025-12-10 00:00:00,000858.SZ,1d,COUNTDOWN,BUY_COUNTDOWN_PROGRESS,1,6,,,BUY_SETUP,True,2025-11-21 00:00:00,2025-12-03 00:00:00,118.83,118.83,2025-12-03 00:00:00,2025-12-03 00:00:00,2025-12-04 00:00:00,2025-12-05 00:00:00,2025-12-08 00:00:00,2025-12-09 00:00:00,2025-12-10 00:00:00,,,,,,,,,2025-12-10 00:00:00,106.93,109.17,109.04,109.17,106.93,1793659799.758,0.006853,-0.080762
000651SZ_2025-12-10T000000_BUY_COUNTDOWN_PROGRESS_1_2025-09-24T000000_11,2025-12-10 00:00:00,000651.SZ,1d,COUNTDOWN,BUY_COUNTDOWN_PROGRESS,1,11,,,BUY_SETUP,True,2025-09-12 00:00:00,2025-09-24 00:00:00,40.45,40.45,2025-09-24 00:00:00,2025-10-17 00:00:00,2025-10-24 00:00:00,2025-10-30 00:00:00,2025-10-31 00:00:00,2025-11-03 00:00:00,2025-11-14 00:00:00,2025-11-17 00:00:00,2025-11-18 00:00:00,39.11,2025-12-08 00:00:00,2025-12-09 00:00:00,2025-12-10 00:00:00,,,2025-11-03 00:00:00,38.2,38.84,39.37,39.51,39.15,1343493316.226,0.005415,-0.01575
601318SS_2025-12-17T000000_SELL_SETUP_PERFECT_-1_2025-12-17T000000_9,2025-12-17 00:00:00,601318.SS,1d,SETUP,SELL_SETUP_PERFECT,-1,9,True,,SELL_SETUP,True,2025-12-05 00:00:00,2025-12-17 00:00:00,,,,,,,,,,,,,,,,,,,,,,,,4159632409.6,0.020063,0.130399
601318SS_2025-12-17T000000_SELL_COUNTDOWN_PROGRESS_-1_2025-12-17T000000_1,2025-12-17 00:00:00,601318.SS,1d,COUNTDOWN,SELL_COUNTDOWN_PROGRESS,-1,1,,,SELL_SETUP,True,2025-12-05 00:00:00,2025-12-17 00:00:00,68.63,58.55,2025-12-17 00:00:00,2025-12-17 00:00:00,,,,,,,,,,,,,,2025-12-17 00:00:00,66.65,68.63,68.05,68.63,66.65,4159632409.6,0.020063,0.130399
601318SS_2025-12-18T000000_SELL_COUNTDOWN_PROGRESS_-1_2025-12-17T000000_2,2025-12-18 00:00:00,601318.SS,1d,COUNTDOWN,SELL_COUNTDOWN_PROGRESS,-1,2,,,SELL_SETUP,True,2025-12-05 00:00:00,2025-12-17 00:00:00,68.63,58.55,2025-12-17 00:00:00,2025-12-17 00:00:00,2025-12-18 00:00:00,,,,,,,,,,,,,2025-12-17 00:00:00,66.65,68.63,68.5,68.58,67.59,4232261900.8,0.018942,0.162791
600036SS_2025-12-18T000000_SELL_COUNTDOWN_PROGRESS_-1_2025-10-24T000000_12,2025-12-18 00:00:00,600036.SS,1d,COUNTDOWN,SELL_COUNTDOWN_PROGRESS,-1,12,,,SELL_SETUP,True,2025-10-14 00:00:00,2025-10-24 00:00:00,41.48,38.82,2025-10-24 00:00:00,2025-11-03 00:00:00,2025-11-04 00:00:00,2025-11-05 00:00:00,2025-11-11 00:00:00,2025-11-12 00:00:00,2025-11-13 00:00:00,2025-11-19 00:00:00,2025-11-20 00:00:00,42.22,2025-11-26 00:00:00,2025-12-01 00:00:00,2025-12-02 00:00:00,2025-12-18 00:00:00,,2025-11-03 00:00:00,40.05,40.96,41.36,41.41,40.39,2613030905.6,0.010591,-0.015004
601318SS_2025-12-19T000000_SELL_COUNTDOWN_PROGRESS_-1_2025-12-17T000000_3,2025-12-19 00:00:00,601318.SS,1d,COUNTDOWN,SELL_COUNTDOWN_PROGRESS,-1,3,,,SELL_SETUP,True,2025-12-05 00:00:00,2025-12-17 00:00:00,68.63,58.55,2025-12-17 00:00:00,2025-12-17 00:00:00,2025-12-18 00:00:00,2025-12-19 00:00:00,,,,,,,,,,,,2025-12-17 00:00:00,66.65,68.63,68.75,68.78,67.6,4247080998.4,0.018563,0.177226
600036SS_2025-12-19T000000_SELL_COUNTDOWN_COMPLETE_-1_2025-10-24T000000_13,2025-12-19 00:00:00,600036.SS,1d,COUNTDOWN,SELL_COUNTDOWN_COMPLETE,-1,13,False,,SELL_SETUP,True,2025-10-14 00:00:00,2025-10-24 00:00:00,41.48,38.82,2025-10-24 00:00:00,2025-11-03 00:00:00,2025-11-04 00:00:00,2025-11-05 00:00:00,2025-11-11 00:00:00,2025-11-12 00:00:00,2025-11-13 00:00:00,2025-11-19 00:00:00,2025-11-20 00:00:00,42.22,2025-11-26 00:00:00,2025-12-01 00:00:00,2025-12-02 00:00:00,2025-12-18 00:00:00,2025-12-19 00:00:00,2025-11-03 00:00:00,40.05,40.96,40.98,41.47,40.9,2563399865.6,0.010607,-0.015377
000858SZ_2025-12-22T000000_BUY_COUNTDOWN_PROGRESS_1_2025-12-03T000000_7,2025-12-22 00:00:00,000858.SZ,1d,COUNTDOWN,BUY_COUNTDOWN_PROGRESS,1,7,,,BUY_SETUP,True,2025-11-21 00:00:00,2025-12-03 00:00:00,118.83,118.83,2025-12-03 00:00:00,2025-12-03 00:00:00,2025-12-04 00:00:00,2025-12-05 00:00:00,2025-12-08 00:00:00,2025-12-09 00:00:00,2025-12-10 00:00:00,2025-12-22 00:00:00,,,,,,,,2025-12-10 00:00:00,106.93,109.17,110.33,110.8,110.12,1802045309.5955,0.007411,-0.048305
000858SZ_2025-12-23T000000_BUY_COUNTDOWN_PROGRESS_1_2025-12-03T000000_8,2025-12-23 00:00:00,000858.SZ,1d,COUNTDOWN,BUY_COUNTDOWN_PROGRESS,1,8,,,BUY_SETUP,True,2025-11-21 00:00:00,2025-12-03 00:00:00,118.83,118.83,2025-12-03 00:00:00,2025-12-03 00:00:00,2025-12-04 00:00:00,2025-12-05 00:00:00,2025-12-08 00:00:00,2025-12-09 00:00:00,2025-12-10 00:00:00,2025-12-22 00:00:00,2025-12-23 00:00:00,109.72,,,,,,2025-12-10 00:00:00,106.93,109.17,109.72,110.43,109.33,1777705872.465,0.007439,-0.051521
601318SS_2025-12-23T000000_SELL_COUNTDOWN_PROGRESS_-1_2025-12-17T000000_4,2025-12-23 00:00:00,601318.SS,1d,COUNTDOWN,SELL_COUNTDOWN_PROGRESS,-1,4,,,SELL_SETUP,True,2025-12-05 00:00:00,2025-12-17 00:00:00,68.63,58.55,2025-12-17 00:00:00,2025-12-17 00:00:00,2025-12-18 00:00:00,2025-12-19 00:00:00,2025-12-23 00:00:00,,,,,,,,,,,2025-12-17 00:00:00,66.65,68.63,69.49,70.24,68.35,4403062617.6,0.018639,0.162429
000858SZ_2025-12-24T000000_BUY_COUNTDOWN_PROGRESS_1_2025-12-03T000000_9,2025-12-24 00:00:00,000858.SZ,1d,COUNTDOWN,BUY_COUNTDOWN_PROGRESS,1,9,,,BUY_SETUP,True,2025-11-21 00:00:00,2025-12-03 00:00:00,118.83,118.83,2025-12-03 00:00:00,2025-12-03 00:00:00,2025-12-04 00:00:00,2025-12-05 00:00:00,2025-12-08 00:00:00,2025-12-09 00:00:00,2025-12-10 00:00:00,2025-12-22 00:00:00,2025-12-23 00:00:00,109.72,2025-12-24 00:00:00,,,,,2025-12-10 00:00:00,106.93,109.17,109.28,109.59,108.78,1787772448.6025,0.007444,-0.052705
000651SZ_2025-12-24T000000_BUY_COUNTDOWN_PROGRESS_1_2025-09-24T000000_12,2025-12-24 00:00:00,000651.SZ,1d,COUNTDOWN,BUY_COUNTDOWN_PROGRESS,1,12,,,BUY_SETUP,True,2025-09-12 00:00:00,2025-09-24 00:00:00,40.45,40.45,2025-09-24 00:00:00,2025-10-17 00:00:00,2025-10-24 00:00:00,2025-10-30 00:00:00,2025-10-31 00:00:00,2025-11-03 00:00:00,2025-11-14 00:00:00,2025-11-17 00:00:00,2025-11-18 00:00:00,39.11,2025-12-08 00:00:00,2025-12-09 00:00:00,2025-12-10 00:00:00,2025-12-24 00:00:00,,2025-11-03 00:00:00,38.2,38.84,39.76,39.92,39.65,1329251955.036,0.00489,0.010933
601318SS_2025-12-25T000000_SELL_COUNTDOWN_PROGRESS_-1_2025-12-17T000000_5,2025-12-25 00:00:00,601318.SS,1d,COUNTDOWN,SELL_COUNTDOWN_PROGRESS,-1,5,,,SELL_SETUP,True,2025-12-05 00:00:00,2025-12-17 00:00:00,68.63,58.55,2025-12-17 00:00:00,2025-12-17 00:00:00,2025-12-18 00:00:00,2025-12-19 00:00:00,2025-12-23 00:00:00,2025-12-25 00:00:00,,,,,,,,,,2025-12-17 00:00:00,66.65,68.63,70.8,71.98,68.98,4575283174.4,0.018686,0.200203
601318SS_2025-12-26T000000_SELL_COUNTDOWN_PROGRESS_-1_2025-12-17T000000_6,2025-12-26 00:00:00,601318.SS,1d,COUNTDOWN,SELL_COUNTDOWN_PROGRESS,-1,6,,,SELL_SETUP,True,2025-12-05 00:00:00,2025-12-17 00:00:00,68.63,58.55,2025-12-17 00:00:00,2025-12-17 00:00:00,2025-12-18 00:00:00,2025-12-19 00:00:00,2025-12-23 00:00:00,2025-12-25 00:00:00,2025-12-26 00:00:00,,,,,,,,,2025-12-17 00:00:00,66.65,68.63,71.16,71.96,70.43,4682048320.0,0.018348,0.213713
000858SZ_2025-12-29T000000_BUY_COUNTDOWN_PROGRESS_1_2025-12-03T000000_10,2025-12-29 00:00:00,000858.SZ,1d,COUNTDOWN,BUY_COUNTDOWN_PROGRESS,1,10,,,BUY_SETUP,True,2025-11-21 00:00:00,2025-12-03 00:00:00,118.83,118.83,2025-12-03 00:00:00,2025-12-03 00:00:00,2025-12-04 00:00:00,2025-12-05 00:00:00,2025-12-08 00:00:00,2025-12-09 00:00:00,2025-12-10 00:00:00,2025-12-22 00:00:00,2025-12-23 00:00:00,109.72,2025-12-24 00:00:00,2025-12-29 00:00:00,,,,2025-12-10 00:00:00,106.93,109.17,108.06,109.6,108.0,1853320094.159,0.008622,-0.052022
000858SZ_2025-12-30T000000_BUY_COUNTDOWN_PROGRESS_1_2025-12-03T000000_11,2025-12-30 00:00:00,000858.SZ,1d,COUNTDOWN,BUY_COUNTDOWN_PROGRESS,1,11,,,BUY_SETUP,True,2025-11-21 00:00:00,2025-12-03 00:00:00,118.83,118.83,2025-12-03 00:00:00,2025-12-03 00:00:00,2025-12-04 00:00:00,2025-12-05 00:00:00,2025-12-08 00:00:00,2025-12-09 00:00:00,2025-12-10 00:00:00,2025-12-22 00:00:00,2025-12-23 00:00:00,109.72,2025-12-24 00:00:00,2025-12-29 00:00:00,2025-12-30 00:00:00,,,2025-12-10 00:00:00,106.93,109.17,107.36,107.99,107.02,1865303216.4895,0.008563,-0.05008
000651SZ_2025-12-30T000000_BUY_COUNTDOWN_COMPLETE_1_2025-09-24T000000_13,2025-12-30 00:00:00,000651.SZ,1d,COUNTDOWN,BUY_COUNTDOWN_COMPLETE,1,13,False,,BUY_SETUP,True,2025-09-12 00:00:00,2025-09-24 00:00:00,40.45,40.45,2025-09-24 00:00:00,2025-10-17 00:00:00,2025-10-24 00:00:00,2025-10-30 00:00:00,2025-10-31 00:00:00,2025-11-03 00:00:00,2025-11-14 00:00:00,2025-11-17 00:00:00,2025-11-18 00:00:00,39.11,2025-12-08 00:00:00,2025-12-09 00:00:00,2025-12-10 00:00:00,2025-12-24 00:00:00,2025-12-30 00:00:00,2025-11-03 00:00:00,38.2,38.84,39.53,39.76,39.37,1344828057.5525,0.004281,-0.007033
