event_id,event_datetime,security,type,direction,window,matured_datetime,base_close,end_close,directional_return,mfe,mae
000858SZ_2021-01-08T000000_SELL_SETUP_-1_2021-01-08T000000_9,2021-01-08 00:00:00,000858.SZ,SELL_SETUP,-1,5,2021-01-15 00:00:00,294.62,265.32,0.09945014,0.13213631,0.0016971
000651SZ_2021-01-08T000000_SELL_SETUP_-1_2021-01-08T000000_9,2021-01-08 00:00:00,000651.SZ,SELL_SETUP,-1,5,2021-01-15 00:00:00,50.7,49.4,0.02564103,0.05147929,-0.02564103
000651SZ_2021-01-08T000000_BUY_COUNTDOWN_CANCEL_1_2020-12-18T000000_3,2021-01-08 00:00:00,000651.SZ,BUY_COUNTDOWN_CANCEL,1,5,2021-01-15 00:00:00,50.7,49.4,-0.02564103,0.02564103,-0.05147929
600519SS_2021-01-11T000000_SELL_SETUP_PERFECT_-1_2021-01-11T000000_9,2021-01-11 00:00:00,600519.SS,SELL_SETUP_PERFECT,-1,5,2021-01-18 00:00:00,1885.52,1848.79,0.01948004,0.0375122,-0.03903432
600519SS_2021-01-11T000000_SELL_COUNTDOWN_CANCEL_-1_2020-12-11T000000_11,2021-01-11 00:00:00,600519.SS,SELL_COUNTDOWN_CANCEL,-1,5,2021-01-18 00:00:00,1885.52,1848.79,0.01948004,0.0375122,-0.03903432
600036SS_2021-01-18T000000_SELL_SETUP_PERFECT_-1_2021-01-18T000000_9,2021-01-18 00:00:00,600036.SS,SELL_SETUP_PERFECT,-1,5,2021-01-25 00:00:00,42.42,42.61,-0.00447902,0.04290429,-0.03724658
601318SS_2021-01-28T000000_BUY_SETUP_PERFECT_1_2021-01-28T000000_9,2021-01-28 00:00:00,601318.SS,BUY_SETUP_PERFECT,1,5,2021-02-04 00:00:00,68.9,67.6,-0.01886792,0.00754717,-0.08156749
000651SZ_2021-01-28T000000_SELL_COUNTDOWN_CANCEL_-1_2021-01-08T000000_1,2021-01-28 00:00:00,000651.SZ,SELL_COUNTDOWN_CANCEL,-1,5,2021-02-04 00:00:00,43.29,44.59,-0.03003003,0.03557404,-0.07114807
000858SZ_2021-01-08T000000_SELL_SETUP_-1_2021-01-08T000000_9,2021-01-08 00:00:00,000858.SZ,SELL_SETUP,-1,20,2021-02-05 00:00:00,294.62,297.38,-0.009368,0.14276017,-0.04412464
000651SZ_2021-01-08T000000_SELL_SETUP_-1_2021-01-08T000000_9,2021-01-08 00:00:00,000651.SZ,SELL_SETUP,-1,20,2021-02-05 00:00:00,50.7,44.94,0.11360947,0.1765286,-0.02564103
000651SZ_2021-01-08T000000_BUY_COUNTDOWN_CANCEL_1_2020-12-18T000000_3,2021-01-08 00:00:00,000651.SZ,BUY_COUNTDOWN_CANCEL,1,20,2021-02-05 00:00:00,50.7,44.94,-0.11360947,0.02564103,-0.1765286
000651SZ_2021-01-29T000000_BUY_SETUP_PERFECT_1_2021-01-29T000000_9,2021-01-29 00:00:00,000651.SZ,BUY_SETUP_PERFECT,1,5,2021-02-05 00:00:00,42.3,44.94,0.06241135,0.09621749,-0.01300236
600519SS_2021-01-11T000000_SELL_SETUP_PERFECT_-1_2021-01-11T000000_9,2021-01-11 00:00:00,600519.SS,SELL_SETUP_PERFECT,-1,20,2021-02-08 00:00:00,1885.52,2154.59,-0.14270334,0.06217383,-0.14804934
600519SS_2021-01-11T000000_SELL_COUNTDOWN_CANCEL_-1_2020-12-11T000000_11,2021-01-11 00:00:00,600519.SS,SELL_COUNTDOWN_CANCEL,-1,20,2021-02-08 00:00:00,1885.52,2154.59,-0.14270334,0.06217383,-0.14804934
600036SS_2021-01-18T000000_SELL_SETUP_PERFECT_-1_2021-01-18T000000_9,2021-01-18 00:00:00,600036.SS,SELL_SETUP_PERFECT,-1,20,2021-02-22 00:00:00,42.42,44.7,-0.05374823,0.04290429,-0.1338991
600519SS_2021-02-19T000000_SELL_SETUP_PERFECT_-1_2021-02-19T000000_9,2021-02-19 00:00:00,600519.SS,SELL_SETUP_PERFECT,-1,5,2021-02-26 00:00:00,2245.79,1908.57,0.15015652,0.17486052,0.00222639
600519SS_2021-02-19T000000_SELL_COUNTDOWN_CANCEL_-1_2021-01-11T000000_12,2021-02-19 00:00:00,600519.SS,SELL_COUNTDOWN_CANCEL,-1,5,2021-02-26 00:00:00,2245.79,1908.57,0.15015652,0.17486052,0.00222639
000858SZ_2021-02-19T000000_SELL_SETUP_PERFECT_-1_2021-02-19T000000_9,2021-02-19 00:00:00,000858.SZ,SELL_SETUP_PERFECT,-1,5,2021-02-26 00:00:00,322.02,257.62,0.19998758,0.22793615,0.00652133
000858SZ_2021-02-19T000000_SELL_COUNTDOWN_CANCEL_-1_2021-01-08T000000_12,2021-02-19 00:00:00,000858.SZ,SELL_COUNTDOWN_CANCEL,-1,5,2021-02-26 00:00:00,322.02,257.62,0.19998758,0.22793615,0.00652133
000858SZ_2021-02-25T000000_SELL_COUNTDOWN_CANCEL_-1_2021-02-19T000000_0,2021-02-25 00:00:00,000858.SZ,SELL_COUNTDOWN_CANCEL,-1,5,2021-03-04 00:00:00,266.52,243.93,0.08475912,0.08967432,-0.0261894
601318SS_2021-01-28T000000_BUY_SETUP_PERFECT_1_2021-01-28T000000_9,2021-01-28 00:00:00,601318.SS,BUY_SETUP_PERFECT,1,20,2021-03-04 00:00:00,68.9,74.28,0.07808418,0.10682148,-0.08156749
000651SZ_2021-01-28T000000_SELL_COUNTDOWN_CANCEL_-1_2021-01-08T000000_1,2021-01-28 00:00:00,000651.SZ,SELL_COUNTDOWN_CANCEL,-1,20,2021-03-04 00:00:00,43.29,44.85,-0.03603604,0.03557404,-0.1041811
000651SZ_2021-01-29T000000_BUY_SETUP_PERFECT_1_2021-01-29T000000_9,2021-01-29 00:00:00,000651.SZ,BUY_SETUP_PERFECT,1,20,2021-03-05 00:00:00,42.3,44.13,0.04326241,0.13002364,-0.01300236
600519SS_2021-03-02T000000_SELL_COUNTDOWN_CANCEL_-1_2021-02-19T000000_0,2021-03-02 00:00:00,600519.SS,SELL_COUNTDOWN_CANCEL,-1,5,2021-03-09 00:00:00,1843.79,1722.78,0.06563112,0.08559543,-0.04977248
600519SS_2021-02-19T000000_SELL_SETUP_PERFECT_-1_2021-02-19T000000_9,2021-02-19 00:00:00,600519.SS,SELL_SETUP_PERFECT,-1,20,2021-03-19 00:00:00,2245.79,1795.79,0.20037492,0.24927531,0.00222639
600519SS_2021-02-19T000000_SELL_COUNTDOWN_CANCEL_-1_2021-01-11T000000_12,2021-02-19 00:00:00,600519.SS,SELL_COUNTDOWN_CANCEL,-1,20,2021-03-19 00:00:00,2245.79,1795.79,0.20037492,0.24927531,0.00222639
000858SZ_2021-02-19T000000_SELL_SETUP_PERFECT_-1_2021-02-19T000000_9,2021-02-19 00:00:00,000858.SZ,SELL_SETUP_PERFECT,-1,20,2021-03-19 00:00:00,322.02,238.41,0.25964226,0.35525744,0.00652133
000858SZ_2021-02-19T000000_SELL_COUNTDOWN_CANCEL_-1_2021-01-08T000000_12,2021-02-19 00:00:00,000858.SZ,SELL_COUNTDOWN_CANCEL,-1,20,2021-03-19 00:00:00,322.02,238.41,0.25964226,0.35525744,0.00652133
600036SS_2021-03-16T000000_SELL_COUNTDOWN_COMPLETE_PERFECT_-1_2021-01-18T000000_13,2021-03-16 00:00:00,600036.SS,SELL_COUNTDOWN_COMPLETE_PERFECT,-1,5,2021-03-23 00:00:00,44.82,43.98,0.01874163,0.06202588,-0.00892459
000858SZ_2021-02-25T000000_SELL_COUNTDOWN_CANCEL_-1_2021-02-19T000000_0,2021-02-25 00:00:00,000858.SZ,SELL_COUNTDOWN_CANCEL,-1,20,2021-03-25 00:00:00,266.52,233.6,0.12351793,0.22099655,-0.0261894
601318SS_2021-03-22T000000_BUY_COUNTDOWN_COMPLETE_PERFECT_1_2021-01-28T000000_13,2021-03-22 00:00:00,601318.SS,BUY_COUNTDOWN_COMPLETE_PERFECT,1,5,2021-03-29 00:00:00,67.8,67.11,-0.01017699,0.01150442,-0.01637168
600519SS_2021-03-02T000000_SELL_COUNTDOWN_CANCEL_-1_2021-02-19T000000_0,2021-03-02 00:00:00,600519.SS,SELL_COUNTDOWN_CANCEL,-1,20,2021-03-30 00:00:00,1843.79,1841.84,0.0010576,0.08559543,-0.04977248
000858SZ_2021-01-08T000000_SELL_SETUP_-1_2021-01-08T000000_9,2021-01-08 00:00:00,000858.SZ,SELL_SETUP,-1,60,2021-04-12 00:00:00,294.62,238.61,0.19010929,0.29529564,-0.13641301
000651SZ_2021-01-08T000000_SELL_SETUP_-1_2021-01-08T000000_9,2021-01-08 00:00:00,000651.SZ,SELL_SETUP,-1,60,2021-04-12 00:00:00,50.7,46.2,0.0887574,0.1765286,-0.02564103
000651SZ_2021-01-08T000000_BUY_COUNTDOWN_CANCEL_1_2020-12-18T000000_3,2021-01-08 00:00:00,000651.SZ,BUY_COUNTDOWN_CANCEL,1,60,2021-04-12 00:00:00,50.7,46.2,-0.0887574,0.02564103,-0.1765286
600519SS_2021-01-11T000000_SELL_SETUP_PERFECT_-1_2021-01-11T000000_9,2021-01-11 00:00:00,600519.SS,SELL_SETUP_PERFECT,-1,60,2021-04-13 00:00:00,1885.52,1806.79,0.04175506,0.10583287,-0.28010841
600519SS_2021-01-11T000000_SELL_COUNTDOWN_CANCEL_-1_2020-12-11T000000_11,2021-01-11 00:00:00,600519.SS,SELL_COUNTDOWN_CANCEL,-1,60,2021-04-13 00:00:00,1885.52,1806.79,0.04175506,0.10583287,-0.28010841
600036SS_2021-03-16T000000_SELL_COUNTDOWN_COMPLETE_PERFECT_-1_2021-01-18T000000_13,2021-03-16 00:00:00,600036.SS,SELL_COUNTDOWN_COMPLETE_PERFECT,-1,20,2021-04-14 00:00:00,44.82,40.2,0.10307898,0.1124498,-0.00892459
000651SZ_2021-04-07T000000_BUY_COUNTDOWN_COMPLETE_1_2021-01-29T000000_13,2021-04-07 00:00:00,000651.SZ,BUY_COUNTDOWN_COMPLETE,1,5,2021-04-14 00:00:00,47.68,45.92,-0.03691275,0.01048658,-0.06229027
600519SS_2021-04-08T000000_SELL_SETUP_-1_2021-04-08T000000_9,2021-04-08 00:00:00,600519.SS,SELL_SETUP,-1,5,2021-04-15 00:00:00,1855.79,1801.39,0.02931366,0.04310833,0.00862167
601318SS_2021-03-22T000000_BUY_COUNTDOWN_COMPLETE_PERFECT_1_2021-01-28T000000_13,2021-03-22 00:00:00,601318.SS,BUY_COUNTDOWN_COMPLETE_PERFECT,1,20,2021-04-20 00:00:00,67.8,63.98,-0.05634218,0.01150442,-0.07109145
601318SS_2021-04-13T000000_BUY_SETUP_PERFECT_1_2021-04-13T000000_9,2021-04-13 00:00:00,601318.SS,BUY_SETUP_PERFECT,1,5,2021-04-20 00:00:00,64.54,63.98,-0.00867679,0.01425473,-0.02417106
600036SS_2021-01-18T000000_SELL_SETUP_PERFECT_-1_2021-01-18T000000_9,2021-01-18 00:00:00,600036.SS,SELL_SETUP_PERFECT,-1,60,2021-04-20 00:00:00,42.42,42.49,-0.00165017,0.08816596,-0.1338991
000651SZ_2021-04-15T000000_BUY_SETUP_1_2021-04-15T000000_9,2021-04-15 00:00:00,000651.SZ,BUY_SETUP,1,5,2021-04-22 00:00:00,46.53,45.11,-0.03051795,0.02901354,-0.03803997
600036SS_2021-04-16T000000_BUY_SETUP_PERFECT_1_2021-04-16T000000_9,2021-04-16 00:00:00,600036.SS,BUY_SETUP_PERFECT,1,5,2021-04-23 00:00:00,40.24,43.8,0.08846918,0.09343936,-0.00596421
600036SS_2021-04-20T000000_BUY_COUNTDOWN_CANCEL_1_2021-04-16T000000_0,2021-04-20 00:00:00,600036.SS,BUY_COUNTDOWN_CANCEL,1,5,2021-04-27 00:00:00,42.49,42.57,0.0018828,0.05907272,-0.00964933
601318SS_2021-01-28T000000_BUY_SETUP_PERFECT_1_2021-01-28T000000_9,2021-01-28 00:00:00,601318.SS,BUY_SETUP_PERFECT,1,60,2021-04-30 00:00:00,68.9,61.88,-0.10188679,0.10682148,-0.10870827
000651SZ_2021-01-28T000000_SELL_COUNTDOWN_CANCEL_-1_2021-01-08T000000_1,2021-01-28 00:00:00,000651.SZ,SELL_COUNTDOWN_CANCEL,-1,60,2021-04-30 00:00:00,43.29,45.91,-0.06052206,0.03557404,-0.14345114
000651SZ_2021-01-29T000000_BUY_SETUP_PERFECT_1_2021-01-29T000000_9,2021-01-29 00:00:00,000651.SZ,BUY_SETUP_PERFECT,1,60,2021-05-06 00:00:00,42.3,45.96,0.08652482,0.17021277,-0.01300236
000858SZ_2021-04-28T000000_SELL_SETUP_-1_2021-04-28T000000_9,2021-04-28 00:00:00,000858.SZ,SELL_SETUP,-1,5,2021-05-10 00:00:00,263.22,241.62,0.08206063,0.0919383,-0.02051516
000651SZ_2021-04-07T000000_BUY_COUNTDOWN_COMPLETE_1_2021-01-29T000000_13,2021-04-07 00:00:00,000651.SZ,BUY_COUNTDOWN_COMPLETE,1,20,2021-05-10 00:00:00,47.68,45.84,-0.0385906,0.01363255,-0.08997483
600519SS_2021-04-08T000000_SELL_SETUP_-1_2021-04-08T000000_9,2021-04-08 00:00:00,600519.SS,SELL_SETUP,-1,20,2021-05-11 00:00:00,1855.79,1744.79,0.0598128,0.10992084,-0.03502551
600519SS_2021-05-07T000000_SELL_COUNTDOWN_CANCEL_-1_2021-04-08T000000_5,2021-05-07 00:00:00,600519.SS,SELL_COUNTDOWN_CANCEL,-1,5,2021-05-14 00:00:00,1688.79,1795.64,-0.06327015,0.02190326,-0.07549784
601318SS_2021-04-13T000000_BUY_SETUP_PERFECT_1_2021-04-13T000000_9,2021-04-13 00:00:00,601318.SS,BUY_SETUP_PERFECT,1,20,2021-05-14 00:00:00,64.54,60.56,-0.06166718,0.01425473,-0.097304
601318SS_2021-05-10T000000_BUY_SETUP_PERFECT_1_2021-05-10T000000_9,2021-05-10 00:00:00,601318.SS,BUY_SETUP_PERFECT,1,5,2021-05-17 00:00:00,59.41,59.75,0.00572294,0.01935701,-0.01935701
601318SS_2021-05-10T000000_BUY_COUNTDOWN_CANCEL_1_2021-04-13T000000_7,2021-05-10 00:00:00,601318.SS,BUY_COUNTDOWN_CANCEL,1,5,2021-05-17 00:00:00,59.41,59.75,0.00572294,0.01935701,-0.01935701
000651SZ_2021-04-15T000000_BUY_SETUP_1_2021-04-15T000000_9,2021-04-15 00:00:00,000651.SZ,BUY_SETUP,1,20,2021-05-18 00:00:00,46.53,43.93,-0.05587793,0.02901354,-0.08489147
600036SS_2021-04-16T000000_BUY_SETUP_PERFECT_1_2021-04-16T000000_9,2021-04-16 00:00:00,600036.SS,BUY_SETUP_PERFECT,1,20,2021-05-19 00:00:00,40.24,45.3,0.12574553,0.16774354,-0.00596421
600519SS_2021-02-19T000000_SELL_SETUP_PERFECT_-1_2021-02-19T000000_9,2021-02-19 00:00:00,600519.SS,SELL_SETUP_PERFECT,-1,60,2021-05-20 00:00:00,2245.79,1844.67,0.17860975,0.26449045,0.00222639
600519SS_2021-02-19T000000_SELL_COUNTDOWN_CANCEL_-1_2021-01-11T000000_12,2021-02-19 00:00:00,600519.SS,SELL_COUNTDOWN_CANCEL,-1,60,2021-05-20 00:00:00,2245.79,1844.67,0.17860975,0.26449045,0.00222639
000858SZ_2021-02-19T000000_SELL_SETUP_PERFECT_-1_2021-02-19T000000_9,2021-02-19 00:00:00,000858.SZ,SELL_SETUP_PERFECT,-1,60,2021-05-20 00:00:00,322.02,281.13,0.12697969,0.35525744,0.00652133
000858SZ_2021-02-19T000000_SELL_COUNTDOWN_CANCEL_-1_2021-01-08T000000_12,2021-02-19 00:00:00,000858.SZ,SELL_COUNTDOWN_CANCEL,-1,60,2021-05-20 00:00:00,322.02,281.13,0.12697969,0.35525744,0.00652133
600036SS_2021-04-20T000000_BUY_COUNTDOWN_CANCEL_1_2021-04-16T000000_0,2021-04-20 00:00:00,600036.SS,BUY_COUNTDOWN_CANCEL,1,20,2021-05-21 00:00:00,42.49,44.61,0.04989409,0.10590727,-0.01647446
000858SZ_2021-02-25T000000_SELL_COUNTDOWN_CANCEL_-1_2021-02-19T000000_0,2021-02-25 00:00:00,000858.SZ,SELL_COUNTDOWN_CANCEL,-1,60,2021-05-26 00:00:00,266.52,296.62,-0.11293712,0.22099655,-0.13173495
600519SS_2021-03-02T000000_SELL_COUNTDOWN_CANCEL_-1_2021-02-19T000000_0,2021-03-02 00:00:00,600519.SS,SELL_COUNTDOWN_CANCEL,-1,60,2021-05-31 00:00:00,1843.79,2003.79,-0.08677778,0.10412791,-0.14209861
000858SZ_2021-04-28T000000_SELL_SETUP_-1_2021-04-28T000000_9,2021-04-28 00:00:00,000858.SZ,SELL_SETUP,-1,20,2021-05-31 00:00:00,263.22,292.74,-0.11214953,0.0919383,-0.15435757
600519SS_2021-05-07T000000_SELL_COUNTDOWN_CANCEL_-1_2021-04-08T000000_5,2021-05-07 00:00:00,600519.SS,SELL_COUNTDOWN_CANCEL,-1,20,2021-06-04 00:00:00,1688.79,2037.29,-0.20636077,0.02190326,-0.24692235
601318SS_2021-05-10T000000_BUY_SETUP_PERFECT_1_2021-05-10T000000_9,2021-05-10 00:00:00,601318.SS,BUY_SETUP_PERFECT,1,20,2021-06-07 00:00:00,59.41,59.66,0.00420805,0.05840768,-0.01935701
601318SS_2021-05-10T000000_BUY_COUNTDOWN_CANCEL_1_2021-04-13T000000_7,2021-05-10 00:00:00,601318.SS,BUY_COUNTDOWN_CANCEL,1,20,2021-06-07 00:00:00,59.41,59.66,0.00420805,0.05840768,-0.01935701
000651SZ_2021-05-31T000000_BUY_COUNTDOWN_COMPLETE_PERFECT_1_2021-04-15T000000_13,2021-05-31 00:00:00,000651.SZ,BUY_COUNTDOWN_COMPLETE_PERFECT,1,5,2021-06-07 00:00:00,42.3,41.36,-0.02222222,0.00543735,-0.02695035
600036SS_2021-03-16T000000_SELL_COUNTDOWN_COMPLETE_PERFECT_-1_2021-01-18T000000_13,2021-03-16 00:00:00,600036.SS,SELL_COUNTDOWN_COMPLETE_PERFECT,-1,60,2021-06-15 00:00:00,44.82,45.3,-0.0107095,0.13476127,-0.10263275
601318SS_2021-06-10T000000_BUY_SETUP_1_2021-06-10T000000_9,2021-06-10 00:00:00,601318.SS,BUY_SETUP,1,5,2021-06-18 00:00:00,59.39,54.48,-0.08267385,0.00286243,-0.08435764
601318SS_2021-06-10T000000_BUY_COUNTDOWN_CANCEL_1_2021-05-10T000000_8,2021-06-10 00:00:00,601318.SS,BUY_COUNTDOWN_CANCEL,1,5,2021-06-18 00:00:00,59.39,54.48,-0.08267385,0.00286243,-0.08435764
601318SS_2021-03-22T000000_BUY_COUNTDOWN_COMPLETE_PERFECT_1_2021-01-28T000000_13,2021-03-22 00:00:00,601318.SS,BUY_COUNTDOWN_COMPLETE_PERFECT,1,60,2021-06-21 00:00:00,67.8,53.54,-0.21032448,0.01150442,-0.21622419
000651SZ_2021-05-31T000000_BUY_COUNTDOWN_COMPLETE_PERFECT_1_2021-04-15T000000_13,2021-05-31 00:00:00,000651.SZ,BUY_COUNTDOWN_COMPLETE_PERFECT,1,20,2021-06-29 00:00:00,42.3,37.17,-0.1212766,0.00543735,-0.1607565
600036SS_2021-06-23T000000_BUY_SETUP_1_2021-06-23T000000_9,2021-06-23 00:00:00,600036.SS,BUY_SETUP,1,5,2021-06-30 00:00:00,45.32,44.69,-0.01390115,0.03817299,-0.02471315
000858SZ_2021-06-28T000000_SELL_COUNTDOWN_COMPLETE_-1_2021-04-28T000000_13,2021-06-28 00:00:00,000858.SZ,SELL_COUNTDOWN_COMPLETE,-1,5,2021-07-05 00:00:00,283.93,258.72,0.08878949,0.09259324,-0.00116226
000651SZ_2021-04-07T000000_BUY_COUNTDOWN_COMPLETE_1_2021-01-29T000000_13,2021-04-07 00:00:00,000651.SZ,BUY_COUNTDOWN_COMPLETE,1,60,2021-07-06 00:00:00,47.68,36.11,-0.2426594,0.01363255,-0.2579698
600519SS_2021-04-08T000000_SELL_SETUP_-1_2021-04-08T000000_9,2021-04-08 00:00:00,600519.SS,SELL_SETUP,-1,60,2021-07-07 00:00:00,1855.79,1809.08,0.02516987,0.10992084,-0.13471352
000858SZ_2021-01-08T000000_SELL_SETUP_-1_2021-01-08T000000_9,2021-01-08 00:00:00,000858.SZ,SELL_SETUP,-1,120,2021-07-09 00:00:00,294.62,247.48,0.16000272,0.29529564,-0.13641301
601318SS_2021-06-10T000000_BUY_SETUP_1_2021-06-10T000000_9,2021-06-10 00:00:00,601318.SS,BUY_SETUP,1,20,2021-07-09 00:00:00,59.39,49.47,-0.16703149,0.00286243,-0.17174609
601318SS_2021-06-10T000000_BUY_COUNTDOWN_CANCEL_1_2021-05-10T000000_8,2021-06-10 00:00:00,601318.SS,BUY_COUNTDOWN_CANCEL,1,20,2021-07-09 00:00:00,59.39,49.47,-0.16703149,0.00286243,-0.17174609
000651SZ_2021-01-08T000000_SELL_SETUP_-1_2021-01-08T000000_9,2021-01-08 00:00:00,000651.SZ,SELL_SETUP,-1,120,2021-07-09 00:00:00,50.7,35.3,0.30374753,0.32544379,-0.02564103
000651SZ_2021-01-08T000000_BUY_COUNTDOWN_CANCEL_1_2020-12-18T000000_3,2021-01-08 00:00:00,000651.SZ,BUY_COUNTDOWN_CANCEL,1,120,2021-07-09 00:00:00,50.7,35.3,-0.30374753,0.02564103,-0.32544379
600519SS_2021-01-11T000000_SELL_SETUP_PERFECT_-1_2021-01-11T000000_9,2021-01-11 00:00:00,600519.SS,SELL_SETUP_PERFECT,-1,120,2021-07-12 00:00:00,1885.52,1766.08,0.06334592,0.1239552,-0.28010841
600519SS_2021-01-11T000000_SELL_COUNTDOWN_CANCEL_-1_2020-12-11T000000_11,2021-01-11 00:00:00,600519.SS,SELL_COUNTDOWN_CANCEL,-1,120,2021-07-12 00:00:00,1885.52,1766.08,0.06334592,0.1239552,-0.28010841
601318SS_2021-04-13T000000_BUY_SETUP_PERFECT_1_2021-04-13T000000_9,2021-04-13 00:00:00,601318.SS,BUY_SETUP_PERFECT,1,60,2021-07-12 00:00:00,64.54,48.78,-0.24418965,0.01425473,-0.24542919
000651SZ_2021-04-15T000000_BUY_SETUP_1_2021-04-15T000000_9,2021-04-15 00:00:00,000651.SZ,BUY_SETUP,1,60,2021-07-14 00:00:00,46.53,35.6,-0.23490221,0.02901354,-0.26499033
600036SS_2021-04-16T000000_BUY_SETUP_PERFECT_1_2021-04-16T000000_9,2021-04-16 00:00:00,600036.SS,BUY_SETUP_PERFECT,1,60,2021-07-15 00:00:00,40.24,42.81,0.0638668,0.22813121,-0.0139165
600036SS_2021-07-08T000000_BUY_SETUP_PERFECT_1_2021-07-08T000000_9,2021-07-08 00:00:00,600036.SS,BUY_SETUP_PERFECT,1,5,2021-07-15 00:00:00,40.85,42.81,0.04798042,0.05801714,-0.02864137
600036SS_2021-07-08T000000_BUY_COUNTDOWN_CANCEL_1_2021-06-23T000000_3,2021-07-08 00:00:00,600036.SS,BUY_COUNTDOWN_CANCEL,1,5,2021-07-15 00:00:00,40.85,42.81,0.04798042,0.05801714,-0.02864137
601318SS_2021-07-09T000000_BUY_SETUP_PERFECT_1_2021-07-09T000000_9,2021-07-09 00:00:00,601318.SS,BUY_SETUP_PERFECT,1,5,2021-07-16 00:00:00,49.47,49.08,-0.00788357,0.00788357,-0.04669497
601318SS_2021-07-09T000000_BUY_COUNTDOWN_CANCEL_1_2021-06-10T000000_12,2021-07-09 00:00:00,601318.SS,BUY_COUNTDOWN_CANCEL,1,5,2021-07-16 00:00:00,49.47,49.08,-0.00788357,0.00788357,-0.04669497
600036SS_2021-01-18T000000_SELL_SETUP_PERFECT_-1_2021-01-18T000000_9,2021-01-18 00:00:00,600036.SS,SELL_SETUP_PERFECT,-1,120,2021-07-19 00:00:00,42.42,42.59,-0.00400754,0.08816596,-0.1650165
600036SS_2021-04-20T000000_BUY_COUNTDOWN_CANCEL_1_2021-04-16T000000_0,2021-04-20 00:00:00,600036.SS,BUY_COUNTDOWN_CANCEL,1,60,2021-07-19 00:00:00,42.49,42.59,0.00235349,0.1630972,-0.06613321
000858SZ_2021-07-13T000000_BUY_SETUP_1_2021-07-13T000000_9,2021-07-13 00:00:00,000858.SZ,BUY_SETUP,1,5,2021-07-20 00:00:00,256.2,262.5,0.02459016,0.03204528,-0.0312256
000651SZ_2021-07-13T000000_BUY_SETUP_1_2021-07-13T000000_9,2021-07-13 00:00:00,000651.SZ,BUY_SETUP,1,5,2021-07-20 00:00:00,35.4,37.2,0.05084746,0.07175141,-0.01666667
600519SS_2021-07-14T000000_BUY_SETUP_1_2021-07-14T000000_9,2021-07-14 00:00:00,600519.SS,BUY_SETUP,1,5,2021-07-21 00:00:00,1767.08,1774.08,0.00396134,0.02886117,-0.01188401
600036SS_2021-06-23T000000_BUY_SETUP_1_2021-06-23T000000_9,2021-06-23 00:00:00,600036.SS,BUY_SETUP,1,20,2021-07-21 00:00:00,45.32,41.46,-0.08517211,0.03817299,-0.12444837
000858SZ_2021-06-28T000000_SELL_COUNTDOWN_COMPLETE_-1_2021-04-28T000000_13,2021-06-28 00:00:00,000858.SZ,SELL_COUNTDOWN_COMPLETE,-1,20,2021-07-26 00:00:00,283.93,229.74,0.1908569,0.21005177,-0.00116226
000858SZ_2021-04-28T000000_SELL_SETUP_-1_2021-04-28T000000_9,2021-04-28 00:00:00,000858.SZ,SELL_SETUP,-1,60,2021-07-27 00:00:00,263.22,211.35,0.19705949,0.19762936,-0.15435757
601318SS_2021-01-28T000000_BUY_SETUP_PERFECT_1_2021-01-28T000000_9,2021-01-28 00:00:00,601318.SS,BUY_SETUP_PERFECT,1,120,2021-07-29 00:00:00,68.9,42.63,-0.38127721,0.10682148,-0.39419448
000651SZ_2021-01-28T000000_SELL_COUNTDOWN_CANCEL_-1_2021-01-08T000000_1,2021-01-28 00:00:00,000651.SZ,SELL_COUNTDOWN_CANCEL,-1,120,2021-07-29 00:00:00,43.29,33.56,0.22476322,0.25710326,-0.14345114
000651SZ_2021-01-29T000000_BUY_SETUP_PERFECT_1_2021-01-29T000000_9,2021-01-29 00:00:00,000651.SZ,BUY_SETUP_PERFECT,1,120,2021-07-30 00:00:00,42.3,33.5,-0.20803783,0.17021277,-0.23971631
600519SS_2021-05-07T000000_SELL_COUNTDOWN_CANCEL_-1_2021-04-08T000000_5,2021-05-07 00:00:00,600519.SS,SELL_COUNTDOWN_CANCEL,-1,60,2021-08-02 00:00:00,1688.79,1560.08,0.07621433,0.15572688,-0.24692235
601318SS_2021-05-10T000000_BUY_SETUP_PERFECT_1_2021-05-10T000000_9,2021-05-10 00:00:00,601318.SS,BUY_SETUP_PERFECT,1,60,2021-08-03 00:00:00,59.41,43.62,-0.26578017,0.05840768,-0.29742468
601318SS_2021-05-10T000000_BUY_COUNTDOWN_CANCEL_1_2021-04-13T000000_7,2021-05-10 00:00:00,601318.SS,BUY_COUNTDOWN_CANCEL,1,60,2021-08-03 00:00:00,59.41,43.62,-0.26578017,0.05840768,-0.29742468
600036SS_2021-07-08T000000_BUY_SETUP_PERFECT_1_2021-07-08T000000_9,2021-07-08 00:00:00,600036.SS,BUY_SETUP_PERFECT,1,20,2021-08-05 00:00:00,40.85,38.51,-0.05728274,0.06144431,-0.09498164
600036SS_2021-07-08T000000_BUY_COUNTDOWN_CANCEL_1_2021-06-23T000000_3,2021-07-08 00:00:00,600036.SS,BUY_COUNTDOWN_CANCEL,1,20,2021-08-05 00:00:00,40.85,38.51,-0.05728274,0.06144431,-0.09498164
601318SS_2021-07-09T000000_BUY_SETUP_PERFECT_1_2021-07-09T000000_9,2021-07-09 00:00:00,601318.SS,BUY_SETUP_PERFECT,1,20,2021-08-06 00:00:00,49.47,43.05,-0.12977562,0.00788357,-0.15625632
601318SS_2021-07-09T000000_BUY_COUNTDOWN_CANCEL_1_2021-06-10T000000_12,2021-07-09 00:00:00,601318.SS,BUY_COUNTDOWN_CANCEL,1,20,2021-08-06 00:00:00,49.47,43.05,-0.12977562,0.00788357,-0.15625632
000858SZ_2021-07-13T000000_BUY_SETUP_1_2021-07-13T000000_9,2021-07-13 00:00:00,000858.SZ,BUY_SETUP,1,20,2021-08-10 00:00:00,256.2,229.1,-0.10577674,0.03891491,-0.24921936
000651SZ_2021-07-13T000000_BUY_SETUP_1_2021-07-13T000000_9,2021-07-13 00:00:00,000651.SZ,BUY_SETUP,1,20,2021-08-10 00:00:00,35.4,34.5,-0.02542373,0.07175141,-0.09152542
600519SS_2021-07-14T000000_BUY_SETUP_1_2021-07-14T000000_9,2021-07-14 00:00:00,600519.SS,BUY_SETUP,1,20,2021-08-11 00:00:00,1767.08,1555.58,-0.11968898,0.02886117,-0.19313217
600519SS_2021-02-19T000000_SELL_SETUP_PERFECT_-1_2021-02-19T000000_9,2021-02-19 00:00:00,600519.SS,SELL_SETUP_PERFECT,-1,120,2021-08-13 00:00:00,2245.79,1505.12,0.32980377,0.36512319,0.00222639
600519SS_2021-02-19T000000_SELL_COUNTDOWN_CANCEL_-1_2021-01-11T000000_12,2021-02-19 00:00:00,600519.SS,SELL_COUNTDOWN_CANCEL,-1,120,2021-08-13 00:00:00,2245.79,1505.12,0.32980377,0.36512319,0.00222639
000858SZ_2021-02-19T000000_SELL_SETUP_PERFECT_-1_2021-02-19T000000_9,2021-02-19 00:00:00,000858.SZ,SELL_SETUP_PERFECT,-1,120,2021-08-13 00:00:00,322.02,221.0,0.31370722,0.40267685,0.00652133
000858SZ_2021-02-19T000000_SELL_COUNTDOWN_CANCEL_-1_2021-01-08T000000_12,2021-02-19 00:00:00,000858.SZ,SELL_COUNTDOWN_CANCEL,-1,120,2021-08-13 00:00:00,322.02,221.0,0.31370722,0.40267685,0.00652133
000858SZ_2021-02-25T000000_SELL_COUNTDOWN_CANCEL_-1_2021-02-19T000000_0,2021-02-25 00:00:00,000858.SZ,SELL_COUNTDOWN_CANCEL,-1,120,2021-08-19 00:00:00,266.52,202.85,0.23889389,0.27829056,-0.14006454
600519SS_2021-03-02T000000_SELL_COUNTDOWN_CANCEL_-1_2021-02-19T000000_0,2021-03-02 00:00:00,600519.SS,SELL_COUNTDOWN_CANCEL,-1,120,2021-08-24 00:00:00,1843.79,1430.26,0.22428259,0.27834515,-0.14209861
000651SZ_2021-05-31T000000_BUY_COUNTDOWN_COMPLETE_PERFECT_1_2021-04-15T000000_13,2021-05-31 00:00:00,000651.SZ,BUY_COUNTDOWN_COMPLETE_PERFECT,1,60,2021-08-24 00:00:00,42.3,33.25,-0.21394799,0.00543735,-0.25650118
600519SS_2021-08-23T000000_BUY_COUNTDOWN_COMPLETE_PERFECT_1_2021-07-14T000000_13,2021-08-23 00:00:00,600519.SS,BUY_COUNTDOWN_COMPLETE_PERFECT,1,5,2021-08-30 00:00:00,1375.27,1391.08,0.01149592,0.08047874,-0.01762563
000858SZ_2021-08-23T000000_BUY_COUNTDOWN_COMPLETE_PERFECT_1_2021-07-13T000000_13,2021-08-23 00:00:00,000858.SZ,BUY_COUNTDOWN_COMPLETE_PERFECT,1,5,2021-08-30 00:00:00,186.24,187.2,0.00515464,0.06921177,-0.03533076
601318SS_2021-08-23T000000_BUY_COUNTDOWN_COMPLETE_1_2021-07-09T000000_13,2021-08-23 00:00:00,601318.SS,BUY_COUNTDOWN_COMPLETE,1,5,2021-08-30 00:00:00,42.08,40.09,-0.04729087,0.00095057,-0.05727186
601318SS_2021-06-10T000000_BUY_SETUP_1_2021-06-10T000000_9,2021-06-10 00:00:00,601318.SS,BUY_SETUP,1,60,2021-09-03 00:00:00,59.39,41.09,-0.30813268,0.00286243,-0.3557838
601318SS_2021-06-10T000000_BUY_COUNTDOWN_CANCEL_1_2021-05-10T000000_8,2021-06-10 00:00:00,601318.SS,BUY_COUNTDOWN_CANCEL,1,60,2021-09-03 00:00:00,59.39,41.09,-0.30813268,0.00286243,-0.3557838
000651SZ_2021-08-30T000000_BUY_COUNTDOWN_COMPLETE_PERFECT_1_2021-07-13T000000_13,2021-08-30 00:00:00,000651.SZ,BUY_COUNTDOWN_COMPLETE_PERFECT,1,5,2021-09-06 00:00:00,29.78,30.17,0.01309604,0.0322364,-0.02820685
601318SS_2021-08-31T000000_BUY_SETUP_PERFECT_1_2021-08-31T000000_9,2021-08-31 00:00:00,601318.SS,BUY_SETUP_PERFECT,1,5,2021-09-07 00:00:00,39.28,41.72,0.06211813,0.06720978,-0.00738289
600036SS_2021-03-16T000000_SELL_COUNTDOWN_COMPLETE_PERFECT_-1_2021-01-18T000000_13,2021-03-16 00:00:00,600036.SS,SELL_COUNTDOWN_COMPLETE_PERFECT,-1,120,2021-09-07 00:00:00,44.82,44.57,0.00557787,0.17514502,-0.10263275
000651SZ_2021-09-03T000000_BUY_SETUP_PERFECT_1_2021-09-03T000000_9,2021-09-03 00:00:00,000651.SZ,BUY_SETUP_PERFECT,1,5,2021-09-10 00:00:00,29.37,30.02,0.02213143,0.04221995,0.00544774
601318SS_2021-03-22T000000_BUY_COUNTDOWN_COMPLETE_PERFECT_1_2021-01-28T000000_13,2021-03-22 00:00:00,601318.SS,BUY_COUNTDOWN_COMPLETE_PERFECT,1,120,2021-09-13 00:00:00,67.8,40.5,-0.40265487,0.01150442,-0.43569322
600036SS_2021-06-23T000000_BUY_SETUP_1_2021-06-23T000000_9,2021-06-23 00:00:00,600036.SS,BUY_SETUP,1,60,2021-09-15 00:00:00,45.32,43.16,-0.04766108,0.03817299,-0.18424537
600519SS_2021-08-23T000000_BUY_COUNTDOWN_COMPLETE_PERFECT_1_2021-07-14T000000_13,2021-08-23 00:00:00,600519.SS,BUY_COUNTDOWN_COMPLETE_PERFECT,1,20,2021-09-22 00:00:00,1375.27,1442.77,0.04908127,0.10032212,-0.02842351
000858SZ_2021-06-28T000000_SELL_COUNTDOWN_COMPLETE_-1_2021-04-28T000000_13,2021-06-28 00:00:00,000858.SZ,SELL_COUNTDOWN_COMPLETE,-1,60,2021-09-22 00:00:00,283.93,174.13,0.38671504,0.39199803,-0.00116226
000858SZ_2021-08-23T000000_BUY_COUNTDOWN_COMPLETE_PERFECT_1_2021-07-13T000000_13,2021-08-23 00:00:00,000858.SZ,BUY_COUNTDOWN_COMPLETE_PERFECT,1,20,2021-09-22 00:00:00,186.24,174.13,-0.06502363,0.06921177,-0.07307775
601318SS_2021-08-23T000000_BUY_COUNTDOWN_COMPLETE_1_2021-07-09T000000_13,2021-08-23 00:00:00,601318.SS,BUY_COUNTDOWN_COMPLETE,1,20,2021-09-22 00:00:00,42.08,37.16,-0.11692015,0.00095057,-0.128327
600036SS_2021-09-13T000000_SELL_SETUP_PERFECT_-1_2021-09-13T000000_9,2021-09-13 00:00:00,600036.SS,SELL_SETUP_PERFECT,-1,5,2021-09-22 00:00:00,45.68,41.17,0.0987303,0.12740806,-0.02123468
600036SS_2021-09-13T000000_BUY_COUNTDOWN_CANCEL_1_2021-07-08T000000_12,2021-09-13 00:00:00,600036.SS,BUY_COUNTDOWN_CANCEL,1,5,2021-09-22 00:00:00,45.68,41.17,-0.0987303,0.02123468,-0.12740806
000651SZ_2021-08-30T000000_BUY_COUNTDOWN_COMPLETE_PERFECT_1_2021-07-13T000000_13,2021-08-30 00:00:00,000651.SZ,BUY_COUNTDOWN_COMPLETE_PERFECT,1,20,2021-09-29 00:00:00,29.78,28.08,-0.05708529,0.0322364,-0.11954332
601318SS_2021-08-31T000000_BUY_SETUP_PERFECT_1_2021-08-31T000000_9,2021-08-31 00:00:00,601318.SS,BUY_SETUP_PERFECT,1,20,2021-09-30 00:00:00,39.28,37.74,-0.0392057,0.06950102,-0.06619145
000651SZ_2021-04-07T000000_BUY_COUNTDOWN_COMPLETE_1_2021-01-29T000000_13,2021-04-07 00:00:00,000651.SZ,BUY_COUNTDOWN_COMPLETE,1,120,2021-09-30 00:00:00,47.68,27.53,-0.42260906,0.01363255,-0.45008389
600519SS_2021-04-08T000000_SELL_SETUP_-1_2021-04-08T000000_9,2021-04-08 00:00:00,600519.SS,SELL_SETUP,-1,120,2021-10-08 00:00:00,1855.79,1644.68,0.11375748,0.28301155,-0.13471352
000651SZ_2021-09-24T000000_BUY_SETUP_1_2021-09-24T000000_9,2021-09-24 00:00:00,000651.SZ,BUY_SETUP,1,5,2021-10-08 00:00:00,26.69,28.59,0.07118771,0.07680779,-0.0134882
000651SZ_2021-09-24T000000_BUY_COUNTDOWN_CANCEL_1_2021-09-03T000000_8,2021-09-24 00:00:00,000651.SZ,BUY_COUNTDOWN_CANCEL,1,5,2021-10-08 00:00:00,26.69,28.59,0.07118771,0.07680779,-0.0134882
600036SS_2021-07-08T000000_BUY_SETUP_PERFECT_1_2021-07-08T000000_9,2021-07-08 00:00:00,600036.SS,BUY_SETUP_PERFECT,1,60,2021-10-11 00:00:00,40.85,44.76,0.09571603,0.14198286,-0.09498164
600036SS_2021-07-08T000000_BUY_COUNTDOWN_CANCEL_1_2021-06-23T000000_3,2021-07-08 00:00:00,600036.SS,BUY_COUNTDOWN_CANCEL,1,60,2021-10-11 00:00:00,40.85,44.76,0.09571603,0.14198286,-0.09498164
601318SS_2021-07-09T000000_BUY_SETUP_PERFECT_1_2021-07-09T000000_9,2021-07-09 00:00:00,601318.SS,BUY_SETUP_PERFECT,1,60,2021-10-12 00:00:00,49.47,41.64,-0.15827774,0.00788357,-0.25854053
601318SS_2021-07-09T000000_BUY_COUNTDOWN_CANCEL_1_2021-06-10T000000_12,2021-07-09 00:00:00,601318.SS,BUY_COUNTDOWN_CANCEL,1,60,2021-10-12 00:00:00,49.47,41.64,-0.15827774,0.00788357,-0.25854053
000651SZ_2021-09-03T000000_BUY_SETUP_PERFECT_1_2021-09-03T000000_9,2021-09-03 00:00:00,000651.SZ,BUY_SETUP_PERFECT,1,20,2021-10-12 00:00:00,29.37,28.22,-0.0391556,0.04221995,-0.1072523
601318SS_2021-04-13T000000_BUY_SETUP_PERFECT_1_2021-04-13T000000_9,2021-04-13 00:00:00,601318.SS,BUY_SETUP_PERFECT,1,120,2021-10-13 00:00:00,64.54,41.13,-0.36272079,0.01425473,-0.43167028
000858SZ_2021-07-13T000000_BUY_SETUP_1_2021-07-13T000000_9,2021-07-13 00:00:00,000858.SZ,BUY_SETUP,1,60,2021-10-14 00:00:00,256.2,220.2,-0.14051522,0.03891491,-0.32619048
000651SZ_2021-07-13T000000_BUY_SETUP_1_2021-07-13T000000_9,2021-07-13 00:00:00,000651.SZ,BUY_SETUP,1,60,2021-10-14 00:00:00,35.4,27.76,-0.21581921,0.07175141,-0.25932203
600519SS_2021-07-14T000000_BUY_SETUP_1_2021-07-14T000000_9,2021-07-14 00:00:00,600519.SS,BUY_SETUP,1,60,2021-10-15 00:00:00,1767.08,1722.05,-0.02548272,0.02886117,-0.24701768
000651SZ_2021-04-15T000000_BUY_SETUP_1_2021-04-15T000000_9,2021-04-15 00:00:00,000651.SZ,BUY_SETUP,1,120,2021-10-15 00:00:00,46.53,27.83,-0.40189125,0.02901354,-0.43649259
600036SS_2021-04-16T000000_BUY_SETUP_PERFECT_1_2021-04-16T000000_9,2021-04-16 00:00:00,600036.SS,BUY_SETUP_PERFECT,1,120,2021-10-18 00:00:00,40.24,43.62,0.08399602,0.22813121,-0.08126243
000858SZ_2021-10-13T000000_SELL_SETUP_PERFECT_-1_2021-10-13T000000_9,2021-10-13 00:00:00,000858.SZ,SELL_SETUP_PERFECT,-1,5,2021-10-20 00:00:00,219.69,200.14,0.08898903,0.12285493,-0.0236242
600036SS_2021-04-20T000000_BUY_COUNTDOWN_CANCEL_1_2021-04-16T000000_0,2021-04-20 00:00:00,600036.SS,BUY_COUNTDOWN_CANCEL,1,120,2021-10-20 00:00:00,42.49,44.16,0.03930337,0.1630972,-0.12991292
600036SS_2021-09-13T000000_SELL_SETUP_PERFECT_-1_2021-09-13T000000_9,2021-09-13 00:00:00,600036.SS,SELL_SETUP_PERFECT,-1,20,2021-10-20 00:00:00,45.68,44.16,0.03327496,0.12740806,-0.02123468
600036SS_2021-09-13T000000_BUY_COUNTDOWN_CANCEL_1_2021-07-08T000000_12,2021-09-13 00:00:00,600036.SS,BUY_COUNTDOWN_CANCEL,1,20,2021-10-20 00:00:00,45.68,44.16,-0.03327496,0.02123468,-0.12740806
600036SS_2021-10-15T000000_SELL_SETUP_-1_2021-10-15T000000_9,2021-10-15 00:00:00,600036.SS,SELL_SETUP,-1,5,2021-10-22 00:00:00,45.07,46.05,-0.02174395,0.03905037,-0.03305968
600036SS_2021-10-15T000000_SELL_COUNTDOWN_CANCEL_-1_2021-09-13T000000_5,2021-10-15 00:00:00,600036.SS,SELL_COUNTDOWN_CANCEL,-1,5,2021-10-22 00:00:00,45.07,46.05,-0.02174395,0.03905037,-0.03305968
000858SZ_2021-04-28T000000_SELL_SETUP_-1_2021-04-28T000000_9,2021-04-28 00:00:00,000858.SZ,SELL_SETUP,-1,120,2021-10-28 00:00:00,263.22,195.49,0.25731327,0.34416078,-0.15435757
000651SZ_2021-09-24T000000_BUY_SETUP_1_2021-09-24T000000_9,2021-09-24 00:00:00,000651.SZ,BUY_SETUP,1,20,2021-10-29 00:00:00,26.69,25.43,-0.04720869,0.11802173,-0.07493443
000651SZ_2021-09-24T000000_BUY_COUNTDOWN_CANCEL_1_2021-09-03T000000_8,2021-09-24 00:00:00,000651.SZ,BUY_COUNTDOWN_CANCEL,1,20,2021-10-29 00:00:00,26.69,25.43,-0.04720869,0.11802173,-0.07493443
601318SS_2021-10-26T000000_BUY_COUNTDOWN_COMPLETE_1_2021-08-31T000000_13,2021-10-26 00:00:00,601318.SS,BUY_COUNTDOWN_COMPLETE,1,5,2021-11-02 00:00:00,42.42,40.26,-0.05091938,0.01131542,-0.08062235
600519SS_2021-05-07T000000_SELL_COUNTDOWN_CANCEL_-1_2021-04-08T000000_5,2021-05-07 00:00:00,600519.SS,SELL_COUNTDOWN_CANCEL,-1,120,2021-11-03 00:00:00,1688.79,1570.08,0.07029293,0.21211045,-0.24692235
601318SS_2021-05-10T000000_BUY_SETUP_PERFECT_1_2021-05-10T000000_9,2021-05-10 00:00:00,601318.SS,BUY_SETUP_PERFECT,1,120,2021-11-04 00:00:00,59.41,39.95,-0.32755428,0.05840768,-0.38259552
601318SS_2021-05-10T000000_BUY_COUNTDOWN_CANCEL_1_2021-04-13T000000_7,2021-05-10 00:00:00,601318.SS,BUY_COUNTDOWN_CANCEL,1,120,2021-11-04 00:00:00,59.41,39.95,-0.32755428,0.05840768,-0.38259552
000858SZ_2021-10-13T000000_SELL_SETUP_PERFECT_-1_2021-10-13T000000_9,2021-10-13 00:00:00,000858.SZ,SELL_SETUP_PERFECT,-1,20,2021-11-10 00:00:00,219.69,185.9,0.15380764,0.19386408,-0.0236242
600036SS_2021-10-15T000000_SELL_SETUP_-1_2021-10-15T000000_9,2021-10-15 00:00:00,600036.SS,SELL_SETUP,-1,20,2021-11-12 00:00:00,45.07,44.16,0.02019081,0.07255381,-0.06478811
600036SS_2021-10-15T000000_SELL_COUNTDOWN_CANCEL_-1_2021-09-13T000000_5,2021-10-15 00:00:00,600036.SS,SELL_COUNTDOWN_CANCEL,-1,20,2021-11-12 00:00:00,45.07,44.16,0.02019081,0.07255381,-0.06478811
000651SZ_2021-11-08T000000_BUY_SETUP_1_2021-11-08T000000_9,2021-11-08 00:00:00,000651.SZ,BUY_SETUP,1,5,2021-11-15 00:00:00,24.79,24.87,0.00322711,0.01129488,-0.0770472
000651SZ_2021-11-08T000000_BUY_COUNTDOWN_CANCEL_1_2021-09-24T000000_6,2021-11-08 00:00:00,000651.SZ,BUY_COUNTDOWN_CANCEL,1,5,2021-11-15 00:00:00,24.79,24.87,0.00322711,0.01129488,-0.0770472
600036SS_2021-11-09T000000_BUY_SETUP_PERFECT_1_2021-11-09T000000_9,2021-11-09 00:00:00,600036.SS,BUY_SETUP_PERFECT,1,5,2021-11-16 00:00:00,42.82,44.26,0.03362915,0.05955161,-0.02382064
600036SS_2021-11-09T000000_SELL_COUNTDOWN_CANCEL_-1_2021-10-15T000000_4,2021-11-09 00:00:00,600036.SS,SELL_COUNTDOWN_CANCEL,-1,5,2021-11-16 00:00:00,42.82,44.26,-0.03362915,0.02382064,-0.05955161
601318SS_2021-10-26T000000_BUY_COUNTDOWN_COMPLETE_1_2021-08-31T000000_13,2021-10-26 00:00:00,601318.SS,BUY_COUNTDOWN_COMPLETE,1,20,2021-11-23 00:00:00,42.42,39.87,-0.06011315,0.01131542,-0.09052334
600519SS_2021-08-23T000000_BUY_COUNTDOWN_COMPLETE_PERFECT_1_2021-07-14T000000_13,2021-08-23 00:00:00,600519.SS,BUY_COUNTDOWN_COMPLETE_PERFECT,1,60,2021-11-24 00:00:00,1375.27,1746.08,0.26962706,0.2878053,-0.02842351
000858SZ_2021-08-23T000000_BUY_COUNTDOWN_COMPLETE_PERFECT_1_2021-07-13T000000_13,2021-08-23 00:00:00,000858.SZ,BUY_COUNTDOWN_COMPLETE_PERFECT,1,60,2021-11-24 00:00:00,186.24,204.62,0.09868986,0.20747423,-0.07307775
601318SS_2021-08-23T000000_BUY_COUNTDOWN_COMPLETE_1_2021-07-09T000000_13,2021-08-23 00:00:00,601318.SS,BUY_COUNTDOWN_COMPLETE,1,60,2021-11-24 00:00:00,42.08,40.0,-0.04942966,0.05180608,-0.128327
000651SZ_2021-05-31T000000_BUY_COUNTDOWN_COMPLETE_PERFECT_1_2021-04-15T000000_13,2021-05-31 00:00:00,000651.SZ,BUY_COUNTDOWN_COMPLETE_PERFECT,1,120,2021-11-25 00:00:00,42.3,24.16,-0.42884161,0.00543735,-0.45910165
000651SZ_2021-08-30T000000_BUY_COUNTDOWN_COMPLETE_PERFECT_1_2021-07-13T000000_13,2021-08-30 00:00:00,000651.SZ,BUY_COUNTDOWN_COMPLETE_PERFECT,1,60,2021-12-01 00:00:00,29.78,23.96,-0.19543318,0.0322364,-0.23169913
601318SS_2021-08-31T000000_BUY_SETUP_PERFECT_1_2021-08-31T000000_9,2021-08-31 00:00:00,601318.SS,BUY_SETUP_PERFECT,1,60,2021-12-02 00:00:00,39.28,39.13,-0.00381874,0.12678208,-0.06619145
600519SS_2021-11-26T000000_SELL_SETUP_PERFECT_-1_2021-11-26T000000_9,2021-11-26 00:00:00,600519.SS,SELL_SETUP_PERFECT,-1,5,2021-12-03 00:00:00,1746.09,1776.96,-0.0176795,0.01259385,-0.02805697
000858SZ_2021-11-26T000000_SELL_SETUP_PERFECT_-1_2021-11-26T000000_9,2021-11-26 00:00:00,000858.SZ,SELL_SETUP_PERFECT,-1,5,2021-12-03 00:00:00,203.06,209.65,-0.03245346,0.02393381,-0.04895105
000858SZ_2021-11-26T000000_SELL_COUNTDOWN_CANCEL_-1_2021-10-13T000000_12,2021-11-26 00:00:00,000858.SZ,SELL_COUNTDOWN_CANCEL,-1,5,2021-12-03 00:00:00,203.06,209.65,-0.03245346,0.02393381,-0.04895105
000651SZ_2021-11-08T000000_BUY_SETUP_1_2021-11-08T000000_9,2021-11-08 00:00:00,000651.SZ,BUY_SETUP,1,20,2021-12-06 00:00:00,24.79,24.18,-0.0246067,0.03953207,-0.0770472
000651SZ_2021-11-08T000000_BUY_COUNTDOWN_CANCEL_1_2021-09-24T000000_6,2021-11-08 00:00:00,000651.SZ,BUY_COUNTDOWN_CANCEL,1,20,2021-12-06 00:00:00,24.79,24.18,-0.0246067,0.03953207,-0.0770472
601318SS_2021-06-10T000000_BUY_SETUP_1_2021-06-10T000000_9,2021-06-10 00:00:00,601318.SS,BUY_SETUP,1,120,2021-12-07 00:00:00,59.39,40.64,-0.31570972,0.00286243,-0.38238761
601318SS_2021-06-10T000000_BUY_COUNTDOWN_CANCEL_1_2021-05-10T000000_8,2021-06-10 00:00:00,601318.SS,BUY_COUNTDOWN_CANCEL,1,120,2021-12-07 00:00:00,59.39,40.64,-0.31570972,0.00286243,-0.38238761
600036SS_2021-11-09T000000_BUY_SETUP_PERFECT_1_2021-11-09T000000_9,2021-11-09 00:00:00,600036.SS,BUY_SETUP_PERFECT,1,20,2021-12-07 00:00:00,42.82,43.6,0.01821579,0.05955161,-0.052312
600036SS_2021-11-09T000000_SELL_COUNTDOWN_CANCEL_-1_2021-10-15T000000_4,2021-11-09 00:00:00,600036.SS,SELL_COUNTDOWN_CANCEL,-1,20,2021-12-07 00:00:00,42.82,43.6,-0.01821579,0.052312,-0.05955161
000651SZ_2021-09-03T000000_BUY_SETUP_PERFECT_1_2021-09-03T000000_9,2021-09-03 00:00:00,000651.SZ,BUY_SETUP_PERFECT,1,60,2021-12-07 00:00:00,29.37,25.41,-0.13483146,0.04221995,-0.22097378
000651SZ_2021-12-01T000000_BUY_SETUP_PERFECT_1_2021-12-01T000000_9,2021-12-01 00:00:00,000651.SZ,BUY_SETUP_PERFECT,1,5,2021-12-08 00:00:00,23.96,25.29,0.05550918,0.06677796,-0.0221202
000651SZ_2021-12-01T000000_BUY_COUNTDOWN_CANCEL_1_2021-11-08T000000_7,2021-12-01 00:00:00,000651.SZ,BUY_COUNTDOWN_CANCEL,1,5,2021-12-08 00:00:00,23.96,25.29,0.05550918,0.06677796,-0.0221202
000651SZ_2021-12-07T000000_BUY_COUNTDOWN_CANCEL_1_2021-12-01T000000_0,2021-12-07 00:00:00,000651.SZ,BUY_COUNTDOWN_CANCEL,1,5,2021-12-14 00:00:00,25.41,24.98,-0.01692247,0.03109012,-0.02361275
600036SS_2021-09-13T000000_SELL_SETUP_PERFECT_-1_2021-09-13T000000_9,2021-09-13 00:00:00,600036.SS,SELL_SETUP_PERFECT,-1,60,2021-12-15 00:00:00,45.68,42.76,0.06392294,0.12740806,-0.05056918
600036SS_2021-09-13T000000_BUY_COUNTDOWN_CANCEL_1_2021-07-08T000000_12,2021-09-13 00:00:00,600036.SS,BUY_COUNTDOWN_CANCEL,1,60,2021-12-15 00:00:00,45.68,42.76,-0.06392294,0.05056918,-0.12740806
600036SS_2021-06-23T000000_BUY_SETUP_1_2021-06-23T000000_9,2021-06-23 00:00:00,600036.SS,BUY_SETUP,1,120,2021-12-17 00:00:00,45.32,42.53,-0.06156222,0.05891439,-0.18424537
601318SS_2021-12-14T000000_SELL_SETUP_PERFECT_-1_2021-12-14T000000_9,2021-12-14 00:00:00,601318.SS,SELL_SETUP_PERFECT,-1,5,2021-12-21 00:00:00,41.1,41.09,0.00024331,0.01581509,-0.013382
000858SZ_2021-06-28T000000_SELL_COUNTDOWN_COMPLETE_-1_2021-04-28T000000_13,2021-06-28 00:00:00,000858.SZ,SELL_COUNTDOWN_COMPLETE,-1,120,2021-12-22 00:00:00,283.93,212.32,0.25221005,0.39199803,-0.00116226
600519SS_2021-12-16T000000_SELL_SETUP_-1_2021-12-16T000000_9,2021-12-16 00:00:00,600519.SS,SELL_SETUP,-1,5,2021-12-23 00:00:00,1924.07,1925.08,-0.00052493,0.05517471,-0.00052493
600519SS_2021-12-16T000000_SELL_COUNTDOWN_CANCEL_-1_2021-11-26T000000_7,2021-12-16 00:00:00,600519.SS,SELL_COUNTDOWN_CANCEL,-1,5,2021-12-23 00:00:00,1924.07,1925.08,-0.00052493,0.05517471,-0.00052493
600519SS_2021-11-26T000000_SELL_SETUP_PERFECT_-1_2021-11-26T000000_9,2021-11-26 00:00:00,600519.SS,SELL_SETUP_PERFECT,-1,20,2021-12-24 00:00:00,1746.09,1999.17,-0.14494098,0.01259385,-0.15803882
000858SZ_2021-11-26T000000_SELL_SETUP_PERFECT_-1_2021-11-26T000000_9,2021-11-26 00:00:00,000858.SZ,SELL_SETUP_PERFECT,-1,20,2021-12-24 00:00:00,203.06,222.14,-0.09396238,0.02393381,-0.16916182
000858SZ_2021-11-26T000000_SELL_COUNTDOWN_CANCEL_-1_2021-10-13T000000_12,2021-11-26 00:00:00,000858.SZ,SELL_COUNTDOWN_CANCEL,-1,20,2021-12-24 00:00:00,203.06,222.14,-0.09396238,0.02393381,-0.16916182
000651SZ_2021-09-24T000000_BUY_SETUP_1_2021-09-24T000000_9,2021-09-24 00:00:00,000651.SZ,BUY_SETUP,1,60,2021-12-24 00:00:00,26.69,24.38,-0.08654927,0.11802173,-0.14275009
000651SZ_2021-09-24T000000_BUY_COUNTDOWN_CANCEL_1_2021-09-03T000000_8,2021-09-24 00:00:00,000651.SZ,BUY_COUNTDOWN_CANCEL,1,60,2021-12-24 00:00:00,26.69,24.38,-0.08654927,0.11802173,-0.14275009
600036SS_2021-12-22T000000_BUY_COUNTDOWN_COMPLETE_1_2021-11-09T000000_13,2021-12-22 00:00:00,600036.SS,BUY_COUNTDOWN_COMPLETE,1,5,2021-12-29 00:00:00,41.77,39.38,-0.0572181,0.00598516,-0.05745751
000651SZ_2021-12-01T000000_BUY_SETUP_PERFECT_1_2021-12-01T000000_9,2021-12-01 00:00:00,000651.SZ,BUY_SETUP_PERFECT,1,20,2021-12-29 00:00:00,23.96,25.6,0.06844741,0.12353923,-0.0221202
000651SZ_2021-12-01T000000_BUY_COUNTDOWN_CANCEL_1_2021-11-08T000000_7,2021-12-01 00:00:00,000651.SZ,BUY_COUNTDOWN_CANCEL,1,20,2021-12-29 00:00:00,23.96,25.6,0.06844741,0.12353923,-0.0221202
600036SS_2021-12-24T000000_BUY_SETUP_PERFECT_1_2021-12-24T000000_9,2021-12-24 00:00:00,600036.SS,BUY_SETUP_PERFECT,1,5,2021-12-31 00:00:00,41.62,40.47,-0.02763095,0.00480538,-0.05406055
600036SS_2021-07-08T000000_BUY_SETUP_PERFECT_1_2021-07-08T000000_9,2021-07-08 00:00:00,600036.SS,BUY_SETUP_PERFECT,1,120,2022-01-04 00:00:00,40.85,40.11,-0.01811506,0.1747858,-0.09498164
600036SS_2021-07-08T000000_BUY_COUNTDOWN_CANCEL_1_2021-06-23T000000_3,2021-07-08 00:00:00,600036.SS,BUY_COUNTDOWN_CANCEL,1,120,2022-01-04 00:00:00,40.85,40.11,-0.01811506,0.1747858,-0.09498164
601318SS_2021-07-09T000000_BUY_SETUP_PERFECT_1_2021-07-09T000000_9,2021-07-09 00:00:00,601318.SS,BUY_SETUP_PERFECT,1,120,2022-01-05 00:00:00,49.47,42.32,-0.14453204,0.00788357,-0.25854053
601318SS_2021-07-09T000000_BUY_COUNTDOWN_CANCEL_1_2021-06-10T000000_12,2021-07-09 00:00:00,601318.SS,BUY_COUNTDOWN_CANCEL,1,120,2022-01-05 00:00:00,49.47,42.32,-0.14453204,0.00788357,-0.25854053
000651SZ_2021-12-07T000000_BUY_COUNTDOWN_CANCEL_1_2021-12-01T000000_0,2021-12-07 00:00:00,000651.SZ,BUY_COUNTDOWN_CANCEL,1,20,2022-01-05 00:00:00,25.41,27.83,0.0952381,0.1227863,-0.05509642
000858SZ_2021-10-13T000000_SELL_SETUP_PERFECT_-1_2021-10-13T000000_9,2021-10-13 00:00:00,000858.SZ,SELL_SETUP_PERFECT,-1,60,2022-01-06 00:00:00,219.69,199.68,0.09108289,0.19386408,-0.08065911
000858SZ_2021-07-13T000000_BUY_SETUP_1_2021-07-13T000000_9,2021-07-13 00:00:00,000858.SZ,BUY_SETUP,1,120,2022-01-07 00:00:00,256.2,197.86,-0.22771272,0.03891491,-0.32619048
000651SZ_2021-07-13T000000_BUY_SETUP_1_2021-07-13T000000_9,2021-07-13 00:00:00,000651.SZ,BUY_SETUP,1,120,2022-01-07 00:00:00,35.4,28.92,-0.18305085,0.07175141,-0.35367232
600519SS_2021-07-14T000000_BUY_SETUP_1_2021-07-14T000000_9,2021-07-14 00:00:00,600519.SS,BUY_SETUP,1,120,2022-01-10 00:00:00,1767.08,1771.08,0.00226362,0.14428322,-0.24701768
600036SS_2021-10-15T000000_SELL_SETUP_-1_2021-10-15T000000_9,2021-10-15 00:00:00,600036.SS,SELL_SETUP,-1,60,2022-01-10 00:00:00,45.07,40.99,0.09052585,0.12868871,-0.06478811
600036SS_2021-10-15T000000_SELL_COUNTDOWN_CANCEL_-1_2021-09-13T000000_5,2021-10-15 00:00:00,600036.SS,SELL_COUNTDOWN_CANCEL,-1,60,2022-01-10 00:00:00,45.07,40.99,0.09052585,0.12868871,-0.06478811
601318SS_2021-12-14T000000_SELL_SETUP_PERFECT_-1_2021-12-14T000000_9,2021-12-14 00:00:00,601318.SS,SELL_SETUP_PERFECT,-1,20,2022-01-12 00:00:00,41.1,42.75,-0.04014599,0.02749392,-0.0703163
600519SS_2021-12-16T000000_SELL_SETUP_-1_2021-12-16T000000_9,2021-12-16 00:00:00,600519.SS,SELL_SETUP,-1,20,2022-01-14 00:00:00,1924.07,1672.08,0.13096717,0.13304609,-0.05091811
600519SS_2021-12-16T000000_SELL_COUNTDOWN_CANCEL_-1_2021-11-26T000000_7,2021-12-16 00:00:00,600519.SS,SELL_COUNTDOWN_CANCEL,-1,20,2022-01-14 00:00:00,1924.07,1672.08,0.13096717,0.13304609,-0.05091811
600519SS_2022-01-07T000000_SELL_COUNTDOWN_CANCEL_-1_2021-12-16T000000_3,2022-01-07 00:00:00,600519.SS,SELL_COUNTDOWN_CANCEL,-1,5,2022-01-14 00:00:00,1747.08,1672.08,0.04292877,0.04521831,-0.02106372
601318SS_2022-01-10T000000_SELL_SETUP_PERFECT_-1_2022-01-10T000000_9,2022-01-10 00:00:00,601318.SS,SELL_SETUP_PERFECT,-1,5,2022-01-17 00:00:00,43.33,41.19,0.04938841,0.05377337,-0.01523194
601318SS_2022-01-10T000000_SELL_COUNTDOWN_CANCEL_-1_2021-12-14T000000_6,2022-01-10 00:00:00,601318.SS,SELL_COUNTDOWN_CANCEL,-1,5,2022-01-17 00:00:00,43.33,41.19,0.04938841,0.05377337,-0.01523194
600519SS_2022-01-11T000000_BUY_SETUP_PERFECT_1_2022-01-11T000000_9,2022-01-11 00:00:00,600519.SS,BUY_SETUP_PERFECT,1,5,2022-01-18 00:00:00,1745.63,1697.35,-0.02765764,0.02191186,-0.0602705
000858SZ_2022-01-11T000000_BUY_SETUP_PERFECT_1_2022-01-11T000000_9,2022-01-11 00:00:00,000858.SZ,BUY_SETUP_PERFECT,1,5,2022-01-18 00:00:00,193.56,191.69,-0.00966109,0.02934491,-0.05094028
000858SZ_2022-01-11T000000_SELL_COUNTDOWN_CANCEL_-1_2021-11-26T000000_7,2022-01-11 00:00:00,000858.SZ,SELL_COUNTDOWN_CANCEL,-1,5,2022-01-18 00:00:00,193.56,191.69,0.00966109,0.05094028,-0.02934491
601318SS_2021-10-26T000000_BUY_COUNTDOWN_COMPLETE_1_2021-08-31T000000_13,2021-10-26 00:00:00,601318.SS,BUY_COUNTDOWN_COMPLETE,1,60,2022-01-19 00:00:00,42.42,41.7,-0.01697313,0.03701084,-0.09429514
600036SS_2021-12-22T000000_BUY_COUNTDOWN_COMPLETE_1_2021-11-09T000000_13,2021-12-22 00:00:00,600036.SS,BUY_COUNTDOWN_COMPLETE,1,20,2022-01-20 00:00:00,41.77,43.13,0.03255925,0.04500838,-0.05985157
600036SS_2021-12-24T000000_BUY_SETUP_PERFECT_1_2021-12-24T000000_9,2021-12-24 00:00:00,600036.SS,BUY_SETUP_PERFECT,1,20,2022-01-24 00:00:00,41.62,43.61,0.04781355,0.05141759,-0.05646324
000651SZ_2021-11-08T000000_BUY_SETUP_1_2021-11-08T000000_9,2021-11-08 00:00:00,000651.SZ,BUY_SETUP,1,60,2022-02-08 00:00:00,24.79,27.27,0.10004034,0.20572812,-0.0770472
000651SZ_2021-11-08T000000_BUY_COUNTDOWN_CANCEL_1_2021-09-24T000000_6,2021-11-08 00:00:00,000651.SZ,BUY_COUNTDOWN_CANCEL,1,60,2022-02-08 00:00:00,24.79,27.27,0.10004034,0.20572812,-0.0770472
600036SS_2021-11-09T000000_BUY_SETUP_PERFECT_1_2021-11-09T000000_9,2021-11-09 00:00:00,600036.SS,BUY_SETUP_PERFECT,1,60,2022-02-09 00:00:00,42.82,43.38,0.013078,0.07333022,-0.08290518
600036SS_2021-11-09T000000_SELL_COUNTDOWN_CANCEL_-1_2021-10-15T000000_4,2021-11-09 00:00:00,600036.SS,SELL_COUNTDOWN_CANCEL,-1,60,2022-02-09 00:00:00,42.82,43.38,-0.013078,0.08290518,-0.07333022
600519SS_2022-01-07T000000_SELL_COUNTDOWN_CANCEL_-1_2021-12-16T000000_3,2022-01-07 00:00:00,600519.SS,SELL_COUNTDOWN_CANCEL,-1,20,2022-02-11 00:00:00,1747.08,1655.05,0.05267647,0.08700231,-0.03939144
601318SS_2022-01-28T000000_SELL_COUNTDOWN_CANCEL_-1_2022-01-10T000000_4,2022-01-28 00:00:00,601318.SS,SELL_COUNTDOWN_CANCEL,-1,5,2022-02-11 00:00:00,40.22,45.84,-0.13973148,-0.01815017,-0.15564396
601318SS_2022-01-10T000000_SELL_SETUP_PERFECT_-1_2022-01-10T000000_9,2022-01-10 00:00:00,601318.SS,SELL_SETUP_PERFECT,-1,20,2022-02-14 00:00:00,43.33,44.15,-0.01892453,0.07569813,-0.0726979
601318SS_2022-01-10T000000_SELL_COUNTDOWN_CANCEL_-1_2021-12-14T000000_6,2022-01-10 00:00:00,601318.SS,SELL_COUNTDOWN_CANCEL,-1,20,2022-02-14 00:00:00,43.33,44.15,-0.01892453,0.07569813,-0.0726979
600519SS_2022-01-11T000000_BUY_SETUP_PERFECT_1_2022-01-11T000000_9,2022-01-11 00:00:00,600519.SS,BUY_SETUP_PERFECT,1,20,2022-02-15 00:00:00,1745.63,1695.7,-0.02860285,0.04025481,-0.08624393
000858SZ_2022-01-11T000000_BUY_SETUP_PERFECT_1_2022-01-11T000000_9,2022-01-11 00:00:00,000858.SZ,BUY_SETUP_PERFECT,1,20,2022-02-15 00:00:00,193.56,180.0,-0.0700558,0.02934491,-0.14703451
000858SZ_2022-01-11T000000_SELL_COUNTDOWN_CANCEL_-1_2021-11-26T000000_7,2022-01-11 00:00:00,000858.SZ,SELL_COUNTDOWN_CANCEL,-1,20,2022-02-15 00:00:00,193.56,180.0,0.0700558,0.14703451,-0.02934491
000858SZ_2022-02-11T000000_BUY_SETUP_1_2022-02-11T000000_9,2022-02-11 00:00:00,000858.SZ,BUY_SETUP,1,5,2022-02-18 00:00:00,174.47,179.2,0.02711068,0.03645326,-0.01587666
000858SZ_2022-02-11T000000_BUY_COUNTDOWN_CANCEL_1_2022-01-11T000000_9,2022-02-11 00:00:00,000858.SZ,BUY_COUNTDOWN_CANCEL,1,5,2022-02-18 00:00:00,174.47,179.2,0.02711068,0.03645326,-0.01587666
600036SS_2022-02-11T000000_BUY_COUNTDOWN_CANCEL_1_2021-12-24T000000_10,2022-02-11 00:00:00,600036.SS,BUY_COUNTDOWN_CANCEL,1,5,2022-02-18 00:00:00,44.52,43.82,-0.01572327,0.00516622,-0.0631177
600519SS_2021-08-23T000000_BUY_COUNTDOWN_COMPLETE_PERFECT_1_2021-07-14T000000_13,2021-08-23 00:00:00,600519.SS,BUY_COUNTDOWN_COMPLETE_PERFECT,1,120,2022-02-24 00:00:00,1375.27,1569.19,0.14100504,0.47028583,-0.02842351
000858SZ_2021-08-23T000000_BUY_COUNTDOWN_COMPLETE_PERFECT_1_2021-07-13T000000_13,2021-08-23 00:00:00,000858.SZ,BUY_COUNTDOWN_COMPLETE_PERFECT,1,120,2022-02-24 00:00:00,186.24,168.89,-0.09315936,0.27475301,-0.11350945
601318SS_2021-08-23T000000_BUY_COUNTDOWN_COMPLETE_1_2021-07-09T000000_13,2021-08-23 00:00:00,601318.SS,BUY_COUNTDOWN_COMPLETE,1,120,2022-02-24 00:00:00,42.08,41.71,-0.00879278,0.10456274,-0.128327
600519SS_2021-11-26T000000_SELL_SETUP_PERFECT_-1_2021-11-26T000000_9,2021-11-26 00:00:00,600519.SS,SELL_SETUP_PERFECT,-1,60,2022-02-28 00:00:00,1746.09,1595.48,0.08625558,0.11048113,-0.15803882
000858SZ_2021-11-26T000000_SELL_SETUP_PERFECT_-1_2021-11-26T000000_9,2021-11-26 00:00:00,000858.SZ,SELL_SETUP_PERFECT,-1,60,2022-02-28 00:00:00,203.06,170.2,0.16182409,0.18693982,-0.16916182
000858SZ_2021-11-26T000000_SELL_COUNTDOWN_CANCEL_-1_2021-10-13T000000_12,2021-11-26 00:00:00,000858.SZ,SELL_COUNTDOWN_CANCEL,-1,60,2022-02-28 00:00:00,203.06,170.2,0.16182409,0.18693982,-0.16916182
000651SZ_2021-08-30T000000_BUY_COUNTDOWN_COMPLETE_PERFECT_1_2021-07-13T000000_13,2021-08-30 00:00:00,000651.SZ,BUY_COUNTDOWN_COMPLETE_PERFECT,1,120,2022-03-03 00:00:00,29.78,24.88,-0.16453996,0.0322364,-0.23169913
000651SZ_2021-12-01T000000_BUY_SETUP_PERFECT_1_2021-12-01T000000_9,2021-12-01 00:00:00,000651.SZ,BUY_SETUP_PERFECT,1,60,2022-03-03 00:00:00,23.96,24.88,0.03839733,0.24749583,-0.0221202
000651SZ_2021-12-01T000000_BUY_COUNTDOWN_CANCEL_1_2021-11-08T000000_7,2021-12-01 00:00:00,000651.SZ,BUY_COUNTDOWN_CANCEL,1,60,2022-03-03 00:00:00,23.96,24.88,0.03839733,0.24749583,-0.0221202
601318SS_2021-08-31T000000_BUY_SETUP_PERFECT_1_2021-08-31T000000_9,2021-08-31 00:00:00,601318.SS,BUY_SETUP_PERFECT,1,120,2022-03-04 00:00:00,39.28,40.35,0.02724033,0.18329939,-0.06619145
601318SS_2022-01-28T000000_SELL_COUNTDOWN_CANCEL_-1_2022-01-10T000000_4,2022-01-28 00:00:00,601318.SS,SELL_COUNTDOWN_CANCEL,-1,20,2022-03-04 00:00:00,40.22,40.35,-0.00323222,0.00024863,-0.15564396
000651SZ_2022-03-01T000000_BUY_SETUP_PERFECT_1_2022-03-01T000000_9,2022-03-01 00:00:00,000651.SZ,BUY_SETUP_PERFECT,1,5,2022-03-08 00:00:00,25.61,22.71,-0.11323702,-0.00273331,-0.11518938
000651SZ_2021-09-03T000000_BUY_SETUP_PERFECT_1_2021-09-03T000000_9,2021-09-03 00:00:00,000651.SZ,BUY_SETUP_PERFECT,1,120,2022-03-09 00:00:00,29.37,22.12,-0.24685053,0.04221995,-0.3030303
000651SZ_2021-12-07T000000_BUY_COUNTDOWN_CANCEL_1_2021-12-01T000000_0,2021-12-07 00:00:00,000651.SZ,BUY_COUNTDOWN_CANCEL,1,60,2022-03-09 00:00:00,25.41,22.12,-0.12947658,0.17630854,-0.19441165
600519SS_2022-03-03T000000_BUY_COUNTDOWN_COMPLETE_PERFECT_1_2022-01-11T000000_13,2022-03-03 00:00:00,600519.SS,BUY_COUNTDOWN_COMPLETE_PERFECT,1,5,2022-03-10 00:00:00,1605.08,1599.51,-0.00347023,0.01308346,-0.05993471
000858SZ_2022-02-11T000000_BUY_SETUP_1_2022-02-11T000000_9,2022-02-11 00:00:00,000858.SZ,BUY_SETUP,1,20,2022-03-11 00:00:00,174.47,151.97,-0.128962,0.05553963,-0.21476472
000858SZ_2022-02-11T000000_BUY_COUNTDOWN_CANCEL_1_2022-01-11T000000_9,2022-02-11 00:00:00,000858.SZ,BUY_COUNTDOWN_CANCEL,1,20,2022-03-11 00:00:00,174.47,151.97,-0.128962,0.05553963,-0.21476472
601318SS_2022-03-04T000000_BUY_SETUP_PERFECT_1_2022-03-04T000000_9,2022-03-04 00:00:00,601318.SS,BUY_SETUP_PERFECT,1,5,2022-03-11 00:00:00,40.35,37.39,-0.07335812,-0.01189591,-0.11400248
600036SS_2022-02-11T000000_BUY_COUNTDOWN_CANCEL_1_2021-12-24T000000_10,2022-02-11 00:00:00,600036.SS,BUY_COUNTDOWN_CANCEL,1,20,2022-03-11 00:00:00,44.52,36.21,-0.18665768,0.00516622,-0.2190027
600036SS_2022-03-07T000000_BUY_SETUP_PERFECT_1_2022-03-07T000000_9,2022-03-07 00:00:00,600036.SS,BUY_SETUP_PERFECT,1,5,2022-03-14 00:00:00,38.52,33.91,-0.11967809,0.00025961,-0.12097612
601318SS_2021-12-14T000000_SELL_SETUP_PERFECT_-1_2021-12-14T000000_9,2021-12-14 00:00:00,601318.SS,SELL_SETUP_PERFECT,-1,60,2022-03-16 00:00:00,41.1,34.54,0.15961071,0.20729927,-0.13090024
600036SS_2021-09-13T000000_SELL_SETUP_PERFECT_-1_2021-09-13T000000_9,2021-09-13 00:00:00,600036.SS,SELL_SETUP_PERFECT,-1,120,2022-03-17 00:00:00,45.68,36.27,0.20599825,0.32267951,-0.05056918
600036SS_2021-09-13T000000_BUY_COUNTDOWN_CANCEL_1_2021-07-08T000000_12,2021-09-13 00:00:00,600036.SS,BUY_COUNTDOWN_CANCEL,1,120,2022-03-17 00:00:00,45.68,36.27,-0.20599825,0.05056918,-0.32267951
600519SS_2021-12-16T000000_SELL_SETUP_-1_2021-12-16T000000_9,2021-12-16 00:00:00,600519.SS,SELL_SETUP,-1,60,2022-03-18 00:00:00,1924.07,1512.87,0.21371364,0.27337363,-0.05091811
600519SS_2021-12-16T000000_SELL_COUNTDOWN_CANCEL_-1_2021-11-26T000000_7,2021-12-16 00:00:00,600519.SS,SELL_COUNTDOWN_CANCEL,-1,60,2022-03-18 00:00:00,1924.07,1512.87,0.21371364,0.27337363,-0.05091811
600036SS_2021-12-22T000000_BUY_COUNTDOWN_COMPLETE_1_2021-11-09T000000_13,2021-12-22 00:00:00,600036.SS,BUY_COUNTDOWN_COMPLETE,1,60,2022-03-24 00:00:00,41.77,37.53,-0.10150826,0.07158248,-0.25927699
600036SS_2021-12-24T000000_BUY_SETUP_PERFECT_1_2021-12-24T000000_9,2021-12-24 00:00:00,600036.SS,BUY_SETUP_PERFECT,1,60,2022-03-28 00:00:00,41.62,36.81,-0.11556944,0.0754445,-0.2566074
000651SZ_2021-09-24T000000_BUY_SETUP_1_2021-09-24T000000_9,2021-09-24 00:00:00,000651.SZ,BUY_SETUP,1,120,2022-03-28 00:00:00,26.69,20.42,-0.23491945,0.11989509,-0.27201199
000651SZ_2021-09-24T000000_BUY_COUNTDOWN_CANCEL_1_2021-09-03T000000_8,2021-09-24 00:00:00,000651.SZ,BUY_COUNTDOWN_CANCEL,1,120,2022-03-28 00:00:00,26.69,20.42,-0.23491945,0.11989509,-0.27201199
000858SZ_2022-03-22T000000_BUY_COUNTDOWN_COMPLETE_PERFECT_1_2022-02-11T000000_13,2022-03-22 00:00:00,000858.SZ,BUY_COUNTDOWN_COMPLETE_PERFECT,1,5,2022-03-29 00:00:00,144.5,129.38,-0.10463668,0.02069204,-0.10512111
000651SZ_2022-03-01T000000_BUY_SETUP_PERFECT_1_2022-03-01T000000_9,2022-03-01 00:00:00,000651.SZ,BUY_SETUP_PERFECT,1,20,2022-03-29 00:00:00,25.61,20.06,-0.21671222,-0.00273331,-0.24131199
600519SS_2022-03-03T000000_BUY_COUNTDOWN_COMPLETE_PERFECT_1_2022-01-11T000000_13,2022-03-03 00:00:00,600519.SS,BUY_COUNTDOWN_COMPLETE_PERFECT,1,20,2022-03-31 00:00:00,1605.08,1524.08,-0.05046477,0.01308346,-0.12896553
601318SS_2022-03-04T000000_BUY_SETUP_PERFECT_1_2022-03-04T000000_9,2022-03-04 00:00:00,601318.SS,BUY_SETUP_PERFECT,1,20,2022-04-01 00:00:00,40.35,39.21,-0.02825279,-0.01189591,-0.19256506
600036SS_2022-03-07T000000_BUY_SETUP_PERFECT_1_2022-03-07T000000_9,2022-03-07 00:00:00,600036.SS,BUY_SETUP_PERFECT,1,20,2022-04-06 00:00:00,38.52,39.15,0.01635514,0.02518172,-0.19678089
000651SZ_2022-03-29T000000_BUY_COUNTDOWN_COMPLETE_PERFECT_1_2022-03-01T000000_13,2022-03-29 00:00:00,000651.SZ,BUY_COUNTDOWN_COMPLETE_PERFECT,1,5,2022-04-07 00:00:00,20.06,21.86,0.08973081,0.10618146,0.00498504
000858SZ_2021-10-13T000000_SELL_SETUP_PERFECT_-1_2021-10-13T000000_9,2021-10-13 00:00:00,000858.SZ,SELL_SETUP_PERFECT,-1,120,2022-04-11 00:00:00,219.69,133.86,0.39068688,0.41139788,-0.08065911
600519SS_2022-01-07T000000_SELL_COUNTDOWN_CANCEL_-1_2021-12-16T000000_3,2022-01-07 00:00:00,600519.SS,SELL_COUNTDOWN_CANCEL,-1,60,2022-04-12 00:00:00,1747.08,1587.08,0.09158138,0.19976189,-0.03939144
601318SS_2022-01-10T000000_SELL_SETUP_PERFECT_-1_2022-01-10T000000_9,2022-01-10 00:00:00,601318.SS,SELL_SETUP_PERFECT,-1,60,2022-04-13 00:00:00,43.33,38.07,0.12139395,0.24809601,-0.0726979
601318SS_2022-01-10T000000_SELL_COUNTDOWN_CANCEL_-1_2021-12-14T000000_6,2022-01-10 00:00:00,601318.SS,SELL_COUNTDOWN_CANCEL,-1,60,2022-04-13 00:00:00,43.33,38.07,0.12139395,0.24809601,-0.0726979
600036SS_2021-10-15T000000_SELL_SETUP_-1_2021-10-15T000000_9,2021-10-15 00:00:00,600036.SS,SELL_SETUP,-1,120,2022-04-13 00:00:00,45.07,37.51,0.16773907,0.31351231,-0.06478811
600036SS_2021-10-15T000000_SELL_COUNTDOWN_CANCEL_-1_2021-09-13T000000_5,2021-10-15 00:00:00,600036.SS,SELL_COUNTDOWN_CANCEL,-1,120,2022-04-13 00:00:00,45.07,37.51,0.16773907,0.31351231,-0.06478811
600519SS_2022-01-11T000000_BUY_SETUP_PERFECT_1_2022-01-11T000000_9,2022-01-11 00:00:00,600519.SS,BUY_SETUP_PERFECT,1,60,2022-04-14 00:00:00,1745.63,1614.08,-0.07535961,0.04025481,-0.19909717
000858SZ_2022-01-11T000000_BUY_SETUP_PERFECT_1_2022-01-11T000000_9,2022-01-11 00:00:00,000858.SZ,BUY_SETUP_PERFECT,1,60,2022-04-14 00:00:00,193.56,151.77,-0.21590205,0.02934491,-0.33193842
000858SZ_2022-01-11T000000_SELL_COUNTDOWN_CANCEL_-1_2021-11-26T000000_7,2022-01-11 00:00:00,000858.SZ,SELL_COUNTDOWN_CANCEL,-1,60,2022-04-14 00:00:00,193.56,151.77,0.21590205,0.33193842,-0.02934491
000858SZ_2022-03-22T000000_BUY_COUNTDOWN_COMPLETE_PERFECT_1_2022-02-11T000000_13,2022-03-22 00:00:00,000858.SZ,BUY_COUNTDOWN_COMPLETE_PERFECT,1,20,2022-04-21 00:00:00,144.5,142.78,-0.01190311,0.06712803,-0.10512111
601318SS_2021-10-26T000000_BUY_COUNTDOWN_COMPLETE_1_2021-08-31T000000_13,2021-10-26 00:00:00,601318.SS,BUY_COUNTDOWN_COMPLETE,1,120,2022-04-22 00:00:00,42.42,36.71,-0.13460632,0.09570957,-0.23196605
601318SS_2022-04-20T000000_BUY_COUNTDOWN_COMPLETE_1_2022-03-04T000000_13,2022-04-20 00:00:00,601318.SS,BUY_COUNTDOWN_COMPLETE,1,5,2022-04-27 00:00:00,36.16,34.16,-0.05530973,0.03512168,-0.07549779
600036SS_2022-04-20T000000_BUY_COUNTDOWN_COMPLETE_PERFECT_1_2022-03-07T000000_13,2022-04-20 00:00:00,600036.SS,BUY_COUNTDOWN_COMPLETE_PERFECT,1,5,2022-04-27 00:00:00,32.86,29.8,-0.09312234,0.05690809,-0.10651248
000651SZ_2022-03-29T000000_BUY_COUNTDOWN_COMPLETE_PERFECT_1_2022-03-01T000000_13,2022-03-29 00:00:00,000651.SZ,BUY_COUNTDOWN_COMPLETE_PERFECT,1,20,2022-04-28 00:00:00,20.06,20.03,-0.00149551,0.1226321,-0.03439681
601318SS_2022-01-28T000000_SELL_COUNTDOWN_CANCEL_-1_2022-01-10T000000_4,2022-01-28 00:00:00,601318.SS,SELL_COUNTDOWN_CANCEL,-1,60,2022-05-06 00:00:00,40.22,34.31,0.14694182,0.18995525,-0.15564396
601318SS_2022-04-28T000000_BUY_SETUP_PERFECT_1_2022-04-28T000000_9,2022-04-28 00:00:00,601318.SS,BUY_SETUP_PERFECT,1,5,2022-05-10 00:00:00,33.91,34.72,0.02388676,0.05662047,-0.00176939
600036SS_2022-04-28T000000_BUY_SETUP_1_2022-04-28T000000_9,2022-04-28 00:00:00,600036.SS,BUY_SETUP,1,5,2022-05-10 00:00:00,31.38,28.74,-0.08413002,0.01880178,-0.138942
000651SZ_2021-11-08T000000_BUY_SETUP_1_2021-11-08T000000_9,2021-11-08 00:00:00,000651.SZ,BUY_SETUP,1,120,2022-05-10 00:00:00,24.79,23.27,-0.06131505,0.20572812,-0.21863655
000651SZ_2021-11-08T000000_BUY_COUNTDOWN_CANCEL_1_2021-09-24T000000_6,2021-11-08 00:00:00,000651.SZ,BUY_COUNTDOWN_CANCEL,1,120,2022-05-10 00:00:00,24.79,23.27,-0.06131505,0.20572812,-0.21863655
000651SZ_2022-04-28T000000_BUY_SETUP_PERFECT_1_2022-04-28T000000_9,2022-04-28 00:00:00,000651.SZ,BUY_SETUP_PERFECT,1,5,2022-05-10 00:00:00,20.03,23.27,0.16175736,0.19570644,-0.00049925
600036SS_2021-11-09T000000_BUY_SETUP_PERFECT_1_2021-11-09T000000_9,2021-11-09 00:00:00,600036.SS,BUY_SETUP_PERFECT,1,120,2022-05-11 00:00:00,42.82,28.97,-0.32344699,0.07333022,-0.36898645
600036SS_2021-11-09T000000_SELL_COUNTDOWN_CANCEL_-1_2021-10-15T000000_4,2021-11-09 00:00:00,600036.SS,SELL_COUNTDOWN_CANCEL,-1,120,2022-05-11 00:00:00,42.82,28.97,0.32344699,0.36898645,-0.07333022
000651SZ_2022-05-05T000000_BUY_COUNTDOWN_CANCEL_1_2022-04-28T000000_0,2022-05-05 00:00:00,000651.SZ,BUY_COUNTDOWN_CANCEL,1,5,2022-05-12 00:00:00,23.94,22.97,-0.04051796,-0.00208855,-0.06349206
000858SZ_2022-02-11T000000_BUY_SETUP_1_2022-02-11T000000_9,2022-02-11 00:00:00,000858.SZ,BUY_SETUP,1,60,2022-05-13 00:00:00,174.47,137.14,-0.21396229,0.05553963,-0.25884106
000858SZ_2022-02-11T000000_BUY_COUNTDOWN_CANCEL_1_2022-01-11T000000_9,2022-02-11 00:00:00,000858.SZ,BUY_COUNTDOWN_CANCEL,1,60,2022-05-13 00:00:00,174.47,137.14,-0.21396229,0.05553963,-0.25884106
600036SS_2022-02-11T000000_BUY_COUNTDOWN_CANCEL_1_2021-12-24T000000_10,2022-02-11 00:00:00,600036.SS,BUY_COUNTDOWN_CANCEL,1,60,2022-05-13 00:00:00,44.52,28.91,-0.35062893,0.00516622,-0.39308176
601318SS_2022-04-20T000000_BUY_COUNTDOWN_COMPLETE_1_2022-03-04T000000_13,2022-04-20 00:00:00,601318.SS,BUY_COUNTDOWN_COMPLETE,1,20,2022-05-23 00:00:00,36.16,34.14,-0.05586283,0.03512168,-0.07964602
600036SS_2022-04-20T000000_BUY_COUNTDOWN_COMPLETE_PERFECT_1_2022-03-07T000000_13,2022-04-20 00:00:00,600036.SS,BUY_COUNTDOWN_COMPLETE_PERFECT,1,20,2022-05-23 00:00:00,32.86,31.25,-0.04899574,0.05690809,-0.17772368
600519SS_2021-11-26T000000_SELL_SETUP_PERFECT_-1_2021-11-26T000000_9,2021-11-26 00:00:00,600519.SS,SELL_SETUP_PERFECT,-1,120,2022-05-30 00:00:00,1746.09,1583.49,0.09312235,0.19930817,-0.15803882
000858SZ_2021-11-26T000000_SELL_SETUP_PERFECT_-1_2021-11-26T000000_9,2021-11-26 00:00:00,000858.SZ,SELL_SETUP_PERFECT,-1,120,2022-05-30 00:00:00,203.06,146.38,0.27912932,0.36319314,-0.16916182
000858SZ_2021-11-26T000000_SELL_COUNTDOWN_CANCEL_-1_2021-10-13T000000_12,2021-11-26 00:00:00,000858.SZ,SELL_COUNTDOWN_CANCEL,-1,120,2022-05-30 00:00:00,203.06,146.38,0.27912932,0.36319314,-0.16916182
601318SS_2022-04-28T000000_BUY_SETUP_PERFECT_1_2022-04-28T000000_9,2022-04-28 00:00:00,601318.SS,BUY_SETUP_PERFECT,1,20,2022-05-31 00:00:00,33.91,34.45,0.01592451,0.05662047,-0.02093778
600036SS_2022-04-28T000000_BUY_SETUP_1_2022-04-28T000000_9,2022-04-28 00:00:00,600036.SS,BUY_SETUP,1,20,2022-05-31 00:00:00,31.38,31.45,0.00223072,0.01880178,-0.138942
000651SZ_2022-03-01T000000_BUY_SETUP_PERFECT_1_2022-03-01T000000_9,2022-03-01 00:00:00,000651.SZ,BUY_SETUP_PERFECT,1,60,2022-05-31 00:00:00,25.61,21.89,-0.14525576,-0.00273331,-0.24365482
000651SZ_2022-04-28T000000_BUY_SETUP_PERFECT_1_2022-04-28T000000_9,2022-04-28 00:00:00,000651.SZ,BUY_SETUP_PERFECT,1,20,2022-05-31 00:00:00,20.03,21.89,0.09286071,0.19570644,-0.00049925
600519SS_2022-03-03T000000_BUY_COUNTDOWN_COMPLETE_PERFECT_1_2022-01-11T000000_13,2022-03-03 00:00:00,600519.SS,BUY_COUNTDOWN_COMPLETE_PERFECT,1,60,2022-06-02 00:00:00,1605.08,1591.08,-0.00872231,0.04361153,-0.12896553
000651SZ_2021-12-01T000000_BUY_SETUP_PERFECT_1_2021-12-01T000000_9,2021-12-01 00:00:00,000651.SZ,BUY_SETUP_PERFECT,1,120,2022-06-02 00:00:00,23.96,21.24,-0.11352254,0.24749583,-0.19156928
000651SZ_2021-12-01T000000_BUY_COUNTDOWN_CANCEL_1_2021-11-08T000000_7,2021-12-01 00:00:00,000651.SZ,BUY_COUNTDOWN_CANCEL,1,120,2022-06-02 00:00:00,23.96,21.24,-0.11352254,0.24749583,-0.19156928
000651SZ_2022-05-05T000000_BUY_COUNTDOWN_CANCEL_1_2022-04-28T000000_0,2022-05-05 00:00:00,000651.SZ,BUY_COUNTDOWN_CANCEL,1,20,2022-06-02 00:00:00,23.94,21.24,-0.11278195,-0.00208855,-0.13408521
601318SS_2022-03-04T000000_BUY_SETUP_PERFECT_1_2022-03-04T000000_9,2022-03-04 00:00:00,601318.SS,BUY_SETUP_PERFECT,1,60,2022-06-06 00:00:00,40.35,34.51,-0.14473358,-0.00446097,-0.19256506
600036SS_2022-03-07T000000_BUY_SETUP_PERFECT_1_2022-03-07T000000_9,2022-03-07 00:00:00,600036.SS,BUY_SETUP_PERFECT,1,60,2022-06-07 00:00:00,38.52,31.11,-0.1923676,0.02518172,-0.29854621
000651SZ_2021-12-07T000000_BUY_COUNTDOWN_CANCEL_1_2021-12-01T000000_0,2021-12-07 00:00:00,000651.SZ,BUY_COUNTDOWN_CANCEL,1,120,2022-06-09 00:00:00,25.41,21.03,-0.17237308,0.17630854,-0.23770169
601318SS_2021-12-14T000000_SELL_SETUP_PERFECT_-1_2021-12-14T000000_9,2021-12-14 00:00:00,601318.SS,SELL_SETUP_PERFECT,-1,120,2022-06-16 00:00:00,41.1,36.75,0.10583942,0.20729927,-0.13090024
600519SS_2022-06-10T000000_SELL_SETUP_PERFECT_-1_2022-06-10T000000_9,2022-06-10 00:00:00,600519.SS,SELL_SETUP_PERFECT,-1,5,2022-06-17 00:00:00,1705.68,1756.08,-0.02954833,0.04021856,-0.03013461
000858SZ_2022-06-10T000000_SELL_SETUP_-1_2022-06-10T000000_9,2022-06-10 00:00:00,000858.SZ,SELL_SETUP,-1,5,2022-06-17 00:00:00,157.62,161.38,-0.02385484,0.04929577,-0.02385484
600519SS_2021-12-16T000000_SELL_SETUP_-1_2021-12-16T000000_9,2021-12-16 00:00:00,600519.SS,SELL_SETUP,-1,120,2022-06-20 00:00:00,1924.07,1747.1,0.0919769,0.27337363,-0.05091811
600519SS_2021-12-16T000000_SELL_COUNTDOWN_CANCEL_-1_2021-11-26T000000_7,2021-12-16 00:00:00,600519.SS,SELL_COUNTDOWN_CANCEL,-1,120,2022-06-20 00:00:00,1924.07,1747.1,0.0919769,0.27337363,-0.05091811
000858SZ_2022-03-22T000000_BUY_COUNTDOWN_COMPLETE_PERFECT_1_2022-02-11T000000_13,2022-03-22 00:00:00,000858.SZ,BUY_COUNTDOWN_COMPLETE_PERFECT,1,60,2022-06-22 00:00:00,144.5,158.27,0.09529412,0.15709343,-0.10512111
600036SS_2021-12-22T000000_BUY_COUNTDOWN_COMPLETE_1_2021-11-09T000000_13,2021-12-22 00:00:00,600036.SS,BUY_COUNTDOWN_COMPLETE,1,120,2022-06-24 00:00:00,41.77,31.96,-0.23485755,0.07158248,-0.35312425
600036SS_2021-12-24T000000_BUY_SETUP_PERFECT_1_2021-12-24T000000_9,2021-12-24 00:00:00,600036.SS,BUY_SETUP_PERFECT,1,120,2022-06-28 00:00:00,41.62,33.04,-0.20615089,0.0754445,-0.35079289
000651SZ_2022-03-29T000000_BUY_COUNTDOWN_COMPLETE_PERFECT_1_2022-03-01T000000_13,2022-03-29 00:00:00,000651.SZ,BUY_COUNTDOWN_COMPLETE_PERFECT,1,60,2022-06-29 00:00:00,20.06,22.99,0.14606181,0.24227318,-0.03439681
601318SS_2022-06-24T000000_BUY_COUNTDOWN_CANCEL_1_2022-04-28T000000_7,2022-06-24 00:00:00,601318.SS,BUY_COUNTDOWN_CANCEL,1,5,2022-07-01 00:00:00,38.5,38.05,-0.01168831,0.01766234,-0.01662338
600519SS_2022-06-29T000000_SELL_SETUP_-1_2022-06-29T000000_9,2022-06-29 00:00:00,600519.SS,SELL_SETUP,-1,5,2022-07-06 00:00:00,1835.08,1828.76,0.00344399,0.01216296,-0.03742616
600519SS_2022-06-29T000000_SELL_COUNTDOWN_CANCEL_-1_2022-06-10T000000_7,2022-06-29 00:00:00,600519.SS,SELL_COUNTDOWN_CANCEL,-1,5,2022-07-06 00:00:00,1835.08,1828.76,0.00344399,0.01216296,-0.03742616
600519SS_2022-06-10T000000_SELL_SETUP_PERFECT_-1_2022-06-10T000000_9,2022-06-10 00:00:00,600519.SS,SELL_SETUP_PERFECT,-1,20,2022-07-08 00:00:00,1705.68,1825.76,-0.07040008,0.04021856,-0.11612964
000858SZ_2022-06-10T000000_SELL_SETUP_-1_2022-06-10T000000_9,2022-06-10 00:00:00,000858.SZ,SELL_SETUP,-1,20,2022-07-08 00:00:00,157.62,175.93,-0.11616546,0.04929577,-0.19420124
600519SS_2022-01-07T000000_SELL_COUNTDOWN_CANCEL_-1_2021-12-16T000000_3,2022-01-07 00:00:00,600519.SS,SELL_COUNTDOWN_CANCEL,-1,120,2022-07-11 00:00:00,1747.08,1790.36,-0.02477276,0.19976189,-0.08968107
601318SS_2022-01-10T000000_SELL_SETUP_PERFECT_-1_2022-01-10T000000_9,2022-01-10 00:00:00,601318.SS,SELL_SETUP_PERFECT,-1,120,2022-07-12 00:00:00,43.33,37.25,0.14031849,0.24809601,-0.0726979
601318SS_2022-01-10T000000_SELL_COUNTDOWN_CANCEL_-1_2021-12-14T000000_6,2022-01-10 00:00:00,601318.SS,SELL_COUNTDOWN_CANCEL,-1,120,2022-07-12 00:00:00,43.33,37.25,0.14031849,0.24809601,-0.0726979
600519SS_2022-01-11T000000_BUY_SETUP_PERFECT_1_2022-01-11T000000_9,2022-01-11 00:00:00,600519.SS,BUY_SETUP_PERFECT,1,120,2022-07-13 00:00:00,1745.63,1785.65,0.02292582,0.09058621,-0.19909717
000858SZ_2022-01-11T000000_BUY_SETUP_PERFECT_1_2022-01-11T000000_9,2022-01-11 00:00:00,000858.SZ,BUY_SETUP_PERFECT,1,120,2022-07-13 00:00:00,193.56,176.33,-0.08901633,0.02934491,-0.33193842
000858SZ_2022-01-11T000000_SELL_COUNTDOWN_CANCEL_-1_2021-11-26T000000_7,2022-01-11 00:00:00,000858.SZ,SELL_COUNTDOWN_CANCEL,-1,120,2022-07-13 00:00:00,193.56,176.33,0.08901633,0.33193842,-0.02934491
600036SS_2022-07-07T000000_BUY_COUNTDOWN_COMPLETE_1_2022-04-28T000000_13,2022-07-07 00:00:00,600036.SS,BUY_COUNTDOWN_COMPLETE,1,5,2022-07-14 00:00:00,31.51,28.24,-0.10377658,0.0149159,-0.13487782
601318SS_2022-04-20T000000_BUY_COUNTDOWN_COMPLETE_1_2022-03-04T000000_13,2022-04-20 00:00:00,601318.SS,BUY_COUNTDOWN_COMPLETE,1,60,2022-07-19 00:00:00,36.16,35.14,-0.02820796,0.08655973,-0.08185841
601318SS_2022-07-12T000000_BUY_SETUP_PERFECT_1_2022-07-12T000000_9,2022-07-12 00:00:00,601318.SS,BUY_SETUP_PERFECT,1,5,2022-07-19 00:00:00,37.25,35.14,-0.0566443,0.00322148,-0.07543624
600036SS_2022-04-20T000000_BUY_COUNTDOWN_COMPLETE_PERFECT_1_2022-03-07T000000_13,2022-04-20 00:00:00,600036.SS,BUY_COUNTDOWN_COMPLETE_PERFECT,1,60,2022-07-19 00:00:00,32.86,28.99,-0.11777237,0.05690809,-0.17772368
600036SS_2022-07-14T000000_BUY_SETUP_PERFECT_1_2022-07-14T000000_9,2022-07-14 00:00:00,600036.SS,BUY_SETUP_PERFECT,1,5,2022-07-21 00:00:00,28.24,28.74,0.01770538,0.04107649,-0.00354108
601318SS_2022-06-24T000000_BUY_COUNTDOWN_CANCEL_1_2022-04-28T000000_7,2022-06-24 00:00:00,601318.SS,BUY_COUNTDOWN_CANCEL,1,20,2022-07-22 00:00:00,38.5,34.79,-0.09636364,0.02051948,-0.10675325
600519SS_2022-06-29T000000_SELL_SETUP_-1_2022-06-29T000000_9,2022-06-29 00:00:00,600519.SS,SELL_SETUP,-1,20,2022-07-27 00:00:00,1835.08,1746.36,0.04834667,0.0497635,-0.03742616
600519SS_2022-06-29T000000_SELL_COUNTDOWN_CANCEL_-1_2022-06-10T000000_7,2022-06-29 00:00:00,600519.SS,SELL_COUNTDOWN_CANCEL,-1,20,2022-07-27 00:00:00,1835.08,1746.36,0.04834667,0.0497635,-0.03742616
601318SS_2022-04-28T000000_BUY_SETUP_PERFECT_1_2022-04-28T000000_9,2022-04-28 00:00:00,601318.SS,BUY_SETUP_PERFECT,1,60,2022-07-27 00:00:00,33.91,34.53,0.01828369,0.15865526,-0.02093778
600036SS_2022-04-28T000000_BUY_SETUP_1_2022-04-28T000000_9,2022-04-28 00:00:00,600036.SS,BUY_SETUP,1,60,2022-07-27 00:00:00,31.38,29.33,-0.06532823,0.09815169,-0.138942
000651SZ_2022-04-28T000000_BUY_SETUP_PERFECT_1_2022-04-28T000000_9,2022-04-28 00:00:00,000651.SZ,BUY_SETUP_PERFECT,1,60,2022-07-27 00:00:00,20.03,23.13,0.15476785,0.27558662,-0.00049925
000651SZ_2022-05-05T000000_BUY_COUNTDOWN_CANCEL_1_2022-04-28T000000_0,2022-05-05 00:00:00,000651.SZ,BUY_COUNTDOWN_CANCEL,1,60,2022-07-29 00:00:00,23.94,22.98,-0.04010025,0.06725146,-0.13408521
601318SS_2022-01-28T000000_SELL_COUNTDOWN_CANCEL_-1_2022-01-10T000000_4,2022-01-28 00:00:00,601318.SS,SELL_COUNTDOWN_CANCEL,-1,120,2022-08-01 00:00:00,40.22,33.58,0.16509199,0.18995525,-0.15564396
600036SS_2022-07-07T000000_BUY_COUNTDOWN_COMPLETE_1_2022-04-28T000000_13,2022-07-07 00:00:00,600036.SS,BUY_COUNTDOWN_COMPLETE,1,20,2022-08-04 00:00:00,31.51,26.94,-0.14503332,0.0149159,-0.16756585
000858SZ_2022-02-11T000000_BUY_SETUP_1_2022-02-11T000000_9,2022-02-11 00:00:00,000858.SZ,BUY_SETUP,1,120,2022-08-08 00:00:00,174.47,161.14,-0.07640282,0.07886743,-0.25884106
000858SZ_2022-02-11T000000_BUY_COUNTDOWN_CANCEL_1_2022-01-11T000000_9,2022-02-11 00:00:00,000858.SZ,BUY_COUNTDOWN_CANCEL,1,120,2022-08-08 00:00:00,174.47,161.14,-0.07640282,0.07886743,-0.25884106
600036SS_2022-02-11T000000_BUY_COUNTDOWN_CANCEL_1_2021-12-24T000000_10,2022-02-11 00:00:00,600036.SS,BUY_COUNTDOWN_CANCEL,1,120,2022-08-08 00:00:00,44.52,27.19,-0.38926325,0.00516622,-0.41082659
601318SS_2022-07-12T000000_BUY_SETUP_PERFECT_1_2022-07-12T000000_9,2022-07-12 00:00:00,601318.SS,BUY_SETUP_PERFECT,1,20,2022-08-09 00:00:00,37.25,32.7,-0.12214765,0.00322148,-0.13369128
600036SS_2022-07-14T000000_BUY_SETUP_PERFECT_1_2022-07-14T000000_9,2022-07-14 00:00:00,600036.SS,BUY_SETUP_PERFECT,1,20,2022-08-11 00:00:00,28.24,27.64,-0.02124646,0.04922096,-0.07117564
000858SZ_2022-08-08T000000_SELL_COUNTDOWN_COMPLETE_-1_2022-06-10T000000_13,2022-08-08 00:00:00,000858.SZ,SELL_COUNTDOWN_COMPLETE,-1,5,2022-08-15 00:00:00,161.14,159.23,0.01185305,0.0304704,-0.01086012
601318SS_2022-08-10T000000_BUY_COUNTDOWN_COMPLETE_PERFECT_1_2022-07-12T000000_13,2022-08-10 00:00:00,601318.SS,BUY_COUNTDOWN_COMPLETE_PERFECT,1,5,2022-08-17 00:00:00,32.14,33.03,0.02769135,0.04231487,0.00062228
000651SZ_2022-03-01T000000_BUY_SETUP_PERFECT_1_2022-03-01T000000_9,2022-03-01 00:00:00,000651.SZ,BUY_SETUP_PERFECT,1,120,2022-08-24 00:00:00,25.61,21.73,-0.15150332,-0.00234283,-0.24365482
600519SS_2022-03-03T000000_BUY_COUNTDOWN_COMPLETE_PERFECT_1_2022-01-11T000000_13,2022-03-03 00:00:00,600519.SS,BUY_COUNTDOWN_COMPLETE_PERFECT,1,120,2022-08-26 00:00:00,1605.08,1724.76,0.07456326,0.18608418,-0.12896553
601318SS_2022-03-04T000000_BUY_SETUP_PERFECT_1_2022-03-04T000000_9,2022-03-04 00:00:00,601318.SS,BUY_SETUP_PERFECT,1,120,2022-08-29 00:00:00,40.35,34.81,-0.13729864,-0.00446097,-0.20446097
600036SS_2022-03-07T000000_BUY_SETUP_PERFECT_1_2022-03-07T000000_9,2022-03-07 00:00:00,600036.SS,BUY_SETUP_PERFECT,1,120,2022-08-30 00:00:00,38.52,27.07,-0.29724818,0.02518172,-0.32840083
600036SS_2022-08-23T000000_BUY_COUNTDOWN_COMPLETE_1_2022-07-14T000000_13,2022-08-23 00:00:00,600036.SS,BUY_COUNTDOWN_COMPLETE,1,5,2022-08-30 00:00:00,26.38,27.07,0.02615618,0.03563306,-0.01933283
600519SS_2022-08-24T000000_SELL_COUNTDOWN_CANCEL_-1_2022-06-29T000000_6,2022-08-24 00:00:00,600519.SS,SELL_COUNTDOWN_CANCEL,-1,5,2022-08-31 00:00:00,1680.96,1750.76,-0.04152389,0.0,-0.04245193
600519SS_2022-06-10T000000_SELL_SETUP_PERFECT_-1_2022-06-10T000000_9,2022-06-10 00:00:00,600519.SS,SELL_SETUP_PERFECT,-1,60,2022-09-02 00:00:00,1705.68,1701.76,0.0022982,0.04021856,-0.11612964
000858SZ_2022-06-10T000000_SELL_SETUP_-1_2022-06-10T000000_9,2022-06-10 00:00:00,000858.SZ,SELL_SETUP,-1,60,2022-09-02 00:00:00,157.62,145.07,0.07962188,0.08495115,-0.19420124
000858SZ_2022-08-08T000000_SELL_COUNTDOWN_COMPLETE_-1_2022-06-10T000000_13,2022-08-08 00:00:00,000858.SZ,SELL_COUNTDOWN_COMPLETE,-1,20,2022-09-05 00:00:00,161.14,142.25,0.11722726,0.12939059,-0.01086012
000858SZ_2022-08-29T000000_BUY_SETUP_PERFECT_1_2022-08-29T000000_9,2022-08-29 00:00:00,000858.SZ,BUY_SETUP_PERFECT,1,5,2022-09-05 00:00:00,148.57,142.25,-0.04253887,0.01770209,-0.05573131
601318SS_2022-08-10T000000_BUY_COUNTDOWN_COMPLETE_PERFECT_1_2022-07-12T000000_13,2022-08-10 00:00:00,601318.SS,BUY_COUNTDOWN_COMPLETE_PERFECT,1,20,2022-09-07 00:00:00,32.14,35.34,0.09956441,0.1260112,0.00062228
601318SS_2022-09-05T000000_SELL_SETUP_PERFECT_-1_2022-09-05T000000_9,2022-09-05 00:00:00,601318.SS,SELL_SETUP_PERFECT,-1,5,2022-09-13 00:00:00,35.54,36.8,-0.03545301,0.01800788,-0.04417558
000858SZ_2022-03-22T000000_BUY_COUNTDOWN_COMPLETE_PERFECT_1_2022-02-11T000000_13,2022-03-22 00:00:00,000858.SZ,BUY_COUNTDOWN_COMPLETE_PERFECT,1,120,2022-09-15 00:00:00,144.5,147.63,0.0216609,0.30262976,-0.10512111
000651SZ_2022-09-08T000000_SELL_SETUP_-1_2022-09-08T000000_9,2022-09-08 00:00:00,000651.SZ,SELL_SETUP,-1,5,2022-09-16 00:00:00,24.87,26.28,-0.05669481,-0.00321673,-0.10213108
601318SS_2022-06-24T000000_BUY_COUNTDOWN_CANCEL_1_2022-04-28T000000_7,2022-06-24 00:00:00,601318.SS,BUY_COUNTDOWN_CANCEL,1,60,2022-09-19 00:00:00,38.5,35.67,-0.07350649,0.02051948,-0.16623377
600036SS_2022-08-23T000000_BUY_COUNTDOWN_COMPLETE_1_2022-07-14T000000_13,2022-08-23 00:00:00,600036.SS,BUY_COUNTDOWN_COMPLETE,1,20,2022-09-21 00:00:00,26.38,27.69,0.04965883,0.11220622,-0.01933283
600519SS_2022-06-29T000000_SELL_SETUP_-1_2022-06-29T000000_9,2022-06-29 00:00:00,600519.SS,SELL_SETUP,-1,60,2022-09-22 00:00:00,1835.08,1647.57,0.10218083,0.1075212,-0.03742616
600519SS_2022-06-29T000000_SELL_COUNTDOWN_CANCEL_-1_2022-06-10T000000_7,2022-06-29 00:00:00,600519.SS,SELL_COUNTDOWN_CANCEL,-1,60,2022-09-22 00:00:00,1835.08,1647.57,0.10218083,0.1075212,-0.03742616
600519SS_2022-08-24T000000_SELL_COUNTDOWN_CANCEL_-1_2022-06-29T000000_6,2022-08-24 00:00:00,600519.SS,SELL_COUNTDOWN_CANCEL,-1,20,2022-09-22 00:00:00,1680.96,1647.57,0.01986365,0.02569365,-0.04245193
000651SZ_2022-03-29T000000_BUY_COUNTDOWN_COMPLETE_PERFECT_1_2022-03-01T000000_13,2022-03-29 00:00:00,000651.SZ,BUY_COUNTDOWN_COMPLETE_PERFECT,1,120,2022-09-22 00:00:00,20.06,24.81,0.23678963,0.3664008,-0.03439681
000858SZ_2022-08-29T000000_BUY_SETUP_PERFECT_1_2022-08-29T000000_9,2022-08-29 00:00:00,000858.SZ,BUY_SETUP_PERFECT,1,20,2022-09-27 00:00:00,148.57,154.06,0.03695228,0.04078885,-0.05573131
600036SS_2022-07-07T000000_BUY_COUNTDOWN_COMPLETE_1_2022-04-28T000000_13,2022-07-07 00:00:00,600036.SS,BUY_COUNTDOWN_COMPLETE,1,60,2022-09-30 00:00:00,31.51,26.93,-0.14535068,0.0149159,-0.1789908
601318SS_2022-09-05T000000_SELL_SETUP_PERFECT_-1_2022-09-05T000000_9,2022-09-05 00:00:00,601318.SS,SELL_SETUP_PERFECT,-1,20,2022-10-11 00:00:00,35.54,32.94,0.07315701,0.07540799,-0.05064716
601318SS_2022-07-12T000000_BUY_SETUP_PERFECT_1_2022-07-12T000000_9,2022-07-12 00:00:00,601318.SS,BUY_SETUP_PERFECT,1,60,2022-10-12 00:00:00,37.25,33.66,-0.09637584,0.00322148,-0.13825503
601318SS_2022-09-28T000000_BUY_SETUP_PERFECT_1_2022-09-28T000000_9,2022-09-28 00:00:00,601318.SS,BUY_SETUP_PERFECT,1,5,2022-10-12 00:00:00,33.63,33.66,0.00089206,0.01338091,-0.03241154
601318SS_2022-09-28T000000_SELL_COUNTDOWN_CANCEL_-1_2022-09-05T000000_2,2022-09-28 00:00:00,601318.SS,SELL_COUNTDOWN_CANCEL,-1,5,2022-10-12 00:00:00,33.63,33.66,-0.00089206,0.03241154,-0.01338091
000651SZ_2022-09-28T000000_BUY_SETUP_PERFECT_1_2022-09-28T000000_9,2022-09-28 00:00:00,000651.SZ,BUY_SETUP_PERFECT,1,5,2022-10-12 00:00:00,24.69,23.97,-0.0291616,0.01012556,-0.06399352
000651SZ_2022-09-28T000000_SELL_COUNTDOWN_CANCEL_-1_2022-09-08T000000_3,2022-09-28 00:00:00,000651.SZ,SELL_COUNTDOWN_CANCEL,-1,5,2022-10-12 00:00:00,24.69,23.97,0.0291616,0.06399352,-0.01012556
600036SS_2022-09-29T000000_BUY_SETUP_PERFECT_1_2022-09-29T000000_9,2022-09-29 00:00:00,600036.SS,BUY_SETUP_PERFECT,1,5,2022-10-13 00:00:00,26.43,23.17,-0.12334468,0.03026863,-0.13053348
600036SS_2022-07-14T000000_BUY_SETUP_PERFECT_1_2022-07-14T000000_9,2022-07-14 00:00:00,600036.SS,BUY_SETUP_PERFECT,1,60,2022-10-14 00:00:00,28.24,24.36,-0.13739377,0.04922096,-0.18626062
000651SZ_2022-09-08T000000_SELL_SETUP_-1_2022-09-08T000000_9,2022-09-08 00:00:00,000651.SZ,SELL_SETUP,-1,20,2022-10-14 00:00:00,24.87,24.08,0.03176518,0.07076799,-0.10213108
601318SS_2022-04-20T000000_BUY_COUNTDOWN_COMPLETE_1_2022-03-04T000000_13,2022-04-20 00:00:00,601318.SS,BUY_COUNTDOWN_COMPLETE,1,120,2022-10-19 00:00:00,36.16,33.01,-0.08711283,0.08655973,-0.11227876
600036SS_2022-04-20T000000_BUY_COUNTDOWN_COMPLETE_PERFECT_1_2022-03-07T000000_13,2022-04-20 00:00:00,600036.SS,BUY_COUNTDOWN_COMPLETE_PERFECT,1,120,2022-10-19 00:00:00,32.86,23.54,-0.28362751,0.05690809,-0.30066951
000858SZ_2022-10-19T000000_BUY_COUNTDOWN_COMPLETE_PERFECT_1_2022-08-29T000000_13,2022-10-19 00:00:00,000858.SZ,BUY_COUNTDOWN_COMPLETE_PERFECT,1,5,2022-10-26 00:00:00,137.73,126.63,-0.08059246,0.01669934,-0.10164815
600519SS_2022-10-20T000000_BUY_SETUP_PERFECT_1_2022-10-20T000000_9,2022-10-20 00:00:00,600519.SS,BUY_SETUP_PERFECT,1,5,2022-10-27 00:00:00,1470.26,1227.76,-0.16493681,0.00292465,-0.17660142
601318SS_2022-04-28T000000_BUY_SETUP_PERFECT_1_2022-04-28T000000_9,2022-04-28 00:00:00,601318.SS,BUY_SETUP_PERFECT,1,120,2022-10-27 00:00:00,33.91,30.3,-0.10645827,0.15865526,-0.12120318
600036SS_2022-04-28T000000_BUY_SETUP_1_2022-04-28T000000_9,2022-04-28 00:00:00,600036.SS,BUY_SETUP,1,120,2022-10-27 00:00:00,31.38,21.22,-0.3237731,0.09815169,-0.32950924
000651SZ_2022-04-28T000000_BUY_SETUP_PERFECT_1_2022-04-28T000000_9,2022-04-28 00:00:00,000651.SZ,BUY_SETUP_PERFECT,1,120,2022-10-27 00:00:00,20.03,22.1,0.10334498,0.36844733,-0.00049925
000651SZ_2022-05-05T000000_BUY_COUNTDOWN_CANCEL_1_2022-04-28T000000_0,2022-05-05 00:00:00,000651.SZ,BUY_COUNTDOWN_CANCEL,1,120,2022-10-31 00:00:00,23.94,20.36,-0.14954052,0.1449457,-0.15747703
601318SS_2022-09-28T000000_BUY_SETUP_PERFECT_1_2022-09-28T000000_9,2022-09-28 00:00:00,601318.SS,BUY_SETUP_PERFECT,1,20,2022-11-02 00:00:00,33.63,30.04,-0.10674993,0.01635445,-0.15135296
601318SS_2022-09-28T000000_SELL_COUNTDOWN_CANCEL_-1_2022-09-05T000000_2,2022-09-28 00:00:00,601318.SS,SELL_COUNTDOWN_CANCEL,-1,20,2022-11-02 00:00:00,33.63,30.04,0.10674993,0.15135296,-0.01635445
000651SZ_2022-09-28T000000_BUY_SETUP_PERFECT_1_2022-09-28T000000_9,2022-09-28 00:00:00,000651.SZ,BUY_SETUP_PERFECT,1,20,2022-11-02 00:00:00,24.69,21.24,-0.13973269,0.01012556,-0.18307007
000651SZ_2022-09-28T000000_SELL_COUNTDOWN_CANCEL_-1_2022-09-08T000000_3,2022-09-28 00:00:00,000651.SZ,SELL_COUNTDOWN_CANCEL,-1,20,2022-11-02 00:00:00,24.69,21.24,0.13973269,0.18307007,-0.01012556
600036SS_2022-09-29T000000_BUY_SETUP_PERFECT_1_2022-09-29T000000_9,2022-09-29 00:00:00,600036.SS,BUY_SETUP_PERFECT,1,20,2022-11-03 00:00:00,26.43,21.33,-0.19296254,0.03026863,-0.25917518
601318SS_2022-10-28T000000_BUY_SETUP_PERFECT_1_2022-10-28T000000_9,2022-10-28 00:00:00,601318.SS,BUY_SETUP_PERFECT,1,5,2022-11-04 00:00:00,29.37,30.95,0.05379639,0.06537283,-0.02826013
601318SS_2022-10-28T000000_BUY_COUNTDOWN_CANCEL_1_2022-09-28T000000_9,2022-10-28 00:00:00,601318.SS,BUY_COUNTDOWN_CANCEL,1,5,2022-11-04 00:00:00,29.37,30.95,0.05379639,0.06537283,-0.02826013
600036SS_2022-10-31T000000_BUY_COUNTDOWN_COMPLETE_PERFECT_1_2022-09-29T000000_13,2022-10-31 00:00:00,600036.SS,BUY_COUNTDOWN_COMPLETE_PERFECT,1,5,2022-11-07 00:00:00,20.1,22.44,0.11641791,0.12985075,0.00945274
000858SZ_2022-08-08T000000_SELL_COUNTDOWN_COMPLETE_-1_2022-06-10T000000_13,2022-08-08 00:00:00,000858.SZ,SELL_COUNTDOWN_COMPLETE,-1,60,2022-11-08 00:00:00,161.14,130.72,0.18877994,0.28285963,-0.01086012
000858SZ_2022-11-01T000000_BUY_SETUP_PERFECT_1_2022-11-01T000000_9,2022-11-01 00:00:00,000858.SZ,BUY_SETUP_PERFECT,1,5,2022-11-08 00:00:00,125.81,130.72,0.0390271,0.08035927,-0.02281218
601318SS_2022-08-10T000000_BUY_COUNTDOWN_COMPLETE_PERFECT_1_2022-07-12T000000_13,2022-08-10 00:00:00,601318.SS,BUY_COUNTDOWN_COMPLETE_PERFECT,1,60,2022-11-10 00:00:00,32.14,31.1,-0.03235843,0.16179216,-0.11200996
000858SZ_2022-10-19T000000_BUY_COUNTDOWN_COMPLETE_PERFECT_1_2022-08-29T000000_13,2022-10-19 00:00:00,000858.SZ,BUY_COUNTDOWN_COMPLETE_PERFECT,1,20,2022-11-16 00:00:00,137.73,137.44,-0.00210557,0.01669934,-0.16096711
600519SS_2022-10-20T000000_BUY_SETUP_PERFECT_1_2022-10-20T000000_9,2022-10-20 00:00:00,600519.SS,BUY_SETUP_PERFECT,1,20,2022-11-17 00:00:00,1470.26,1393.76,-0.05203161,0.00292465,-0.21118714
600036SS_2022-11-11T000000_SELL_SETUP_PERFECT_-1_2022-11-11T000000_9,2022-11-11 00:00:00,600036.SS,SELL_SETUP_PERFECT,-1,5,2022-11-18 00:00:00,24.52,25.35,-0.03384992,-0.02406199,-0.10562806
601318SS_2022-11-14T000000_BUY_COUNTDOWN_CANCEL_1_2022-10-28T000000_2,2022-11-14 00:00:00,601318.SS,BUY_COUNTDOWN_CANCEL,1,5,2022-11-21 00:00:00,34.24,33.85,-0.01139019,0.03942757,-0.02745327
601318SS_2022-11-15T000000_SELL_SETUP_PERFECT_-1_2022-11-15T000000_9,2022-11-15 00:00:00,601318.SS,SELL_SETUP_PERFECT,-1,5,2022-11-22 00:00:00,35.13,34.61,0.01480216,0.05209223,-0.00939368
600036SS_2022-08-23T000000_BUY_COUNTDOWN_COMPLETE_1_2022-07-14T000000_13,2022-08-23 00:00:00,600036.SS,BUY_COUNTDOWN_COMPLETE,1,60,2022-11-23 00:00:00,26.38,25.5,-0.03335861,0.11220622,-0.25777104
600519SS_2022-08-24T000000_SELL_COUNTDOWN_CANCEL_-1_2022-06-29T000000_6,2022-08-24 00:00:00,600519.SS,SELL_COUNTDOWN_CANCEL,-1,60,2022-11-24 00:00:00,1680.96,1346.75,0.19882091,0.31006092,-0.04245193
601318SS_2022-10-28T000000_BUY_SETUP_PERFECT_1_2022-10-28T000000_9,2022-10-28 00:00:00,601318.SS,BUY_SETUP_PERFECT,1,20,2022-11-25 00:00:00,29.37,35.39,0.20497106,0.21178073,-0.02826013
601318SS_2022-10-28T000000_BUY_COUNTDOWN_CANCEL_1_2022-09-28T000000_9,2022-10-28 00:00:00,601318.SS,BUY_COUNTDOWN_CANCEL,1,20,2022-11-25 00:00:00,29.37,35.39,0.20497106,0.21178073,-0.02826013
600036SS_2022-10-31T000000_BUY_COUNTDOWN_COMPLETE_PERFECT_1_2022-09-29T000000_13,2022-10-31 00:00:00,600036.SS,BUY_COUNTDOWN_COMPLETE_PERFECT,1,20,2022-11-28 00:00:00,20.1,25.24,0.25572139,0.34875622,0.00945274
000651SZ_2022-11-21T000000_BUY_COUNTDOWN_COMPLETE_1_2022-09-28T000000_13,2022-11-21 00:00:00,000651.SZ,BUY_COUNTDOWN_COMPLETE,1,5,2022-11-28 00:00:00,22.79,23.19,0.01755156,0.03773585,-0.01053093
000858SZ_2022-08-29T000000_BUY_SETUP_PERFECT_1_2022-08-29T000000_9,2022-08-29 00:00:00,000858.SZ,BUY_SETUP_PERFECT,1,60,2022-11-29 00:00:00,148.57,138.28,-0.06926028,0.0483947,-0.22218483
000858SZ_2022-11-01T000000_BUY_SETUP_PERFECT_1_2022-11-01T000000_9,2022-11-01 00:00:00,000858.SZ,BUY_SETUP_PERFECT,1,20,2022-11-29 00:00:00,125.81,138.28,0.09911772,0.11064303,-0.02281218
600519SS_2022-06-10T000000_SELL_SETUP_PERFECT_-1_2022-06-10T000000_9,2022-06-10 00:00:00,600519.SS,SELL_SETUP_PERFECT,-1,120,2022-12-05 00:00:00,1705.68,1491.66,0.12547488,0.32006003,-0.11612964
600519SS_2022-11-28T000000_BUY_COUNTDOWN_COMPLETE_1_2022-10-20T000000_13,2022-11-28 00:00:00,600519.SS,BUY_COUNTDOWN_COMPLETE,1,5,2022-12-05 00:00:00,1336.64,1491.66,0.11597738,0.12727436,0.03076371
000858SZ_2022-06-10T000000_SELL_SETUP_-1_2022-06-10T000000_9,2022-06-10 00:00:00,000858.SZ,SELL_SETUP,-1,120,2022-12-05 00:00:00,157.62,151.73,0.03736835,0.26684431,-0.19420124
601318SS_2022-09-05T000000_SELL_SETUP_PERFECT_-1_2022-09-05T000000_9,2022-09-05 00:00:00,601318.SS,SELL_SETUP_PERFECT,-1,60,2022-12-06 00:00:00,35.54,40.08,-0.12774339,0.19696117,-0.13449634
000858SZ_2022-11-30T000000_BUY_COUNTDOWN_CANCEL_1_2022-11-01T000000_6,2022-11-30 00:00:00,000858.SZ,BUY_COUNTDOWN_CANCEL,1,5,2022-12-07 00:00:00,140.09,156.91,0.12006567,0.15247341,0.03847527
600036SS_2022-11-11T000000_SELL_SETUP_PERFECT_-1_2022-11-11T000000_9,2022-11-11 00:00:00,600036.SS,SELL_SETUP_PERFECT,-1,20,2022-12-09 00:00:00,24.52,30.03,-0.22471452,0.00774878,-0.23205546
000651SZ_2022-09-08T000000_SELL_SETUP_-1_2022-09-08T000000_9,2022-09-08 00:00:00,000651.SZ,SELL_SETUP,-1,60,2022-12-09 00:00:00,24.87,25.57,-0.02814636,0.18898271,-0.10213108
601318SS_2022-11-14T000000_BUY_COUNTDOWN_CANCEL_1_2022-10-28T000000_2,2022-11-14 00:00:00,601318.SS,BUY_COUNTDOWN_CANCEL,1,20,2022-12-12 00:00:00,34.24,38.81,0.13346963,0.18341121,-0.02745327
601318SS_2022-11-15T000000_SELL_SETUP_PERFECT_-1_2022-11-15T000000_9,2022-11-15 00:00:00,601318.SS,SELL_SETUP_PERFECT,-1,20,2022-12-13 00:00:00,35.13,39.34,-0.11984059,0.05209223,-0.15343012
000651SZ_2022-12-07T000000_SELL_SETUP_PERFECT_-1_2022-12-07T000000_9,2022-12-07 00:00:00,000651.SZ,SELL_SETUP_PERFECT,-1,5,2022-12-14 00:00:00,24.81,25.09,-0.01128577,0.00846433,-0.0395002
600519SS_2022-12-09T000000_SELL_SETUP_PERFECT_-1_2022-12-09T000000_9,2022-12-09 00:00:00,600519.SS,SELL_SETUP_PERFECT,-1,5,2022-12-16 00:00:00,1556.76,1613.63,-0.036531,0.0096354,-0.05524294
000858SZ_2022-12-09T000000_SELL_SETUP_PERFECT_-1_2022-12-09T000000_9,2022-12-09 00:00:00,000858.SZ,SELL_SETUP_PERFECT,-1,5,2022-12-16 00:00:00,166.5,165.75,0.0045045,0.04354354,-0.0151952
601318SS_2022-12-09T000000_SELL_SETUP_PERFECT_-1_2022-12-09T000000_9,2022-12-09 00:00:00,601318.SS,SELL_SETUP_PERFECT,-1,5,2022-12-16 00:00:00,40.24,39.54,0.01739563,0.04473161,0.00795229
601318SS_2022-12-09T000000_SELL_COUNTDOWN_CANCEL_-1_2022-11-15T000000_8,2022-12-09 00:00:00,601318.SS,SELL_COUNTDOWN_CANCEL,-1,5,2022-12-16 00:00:00,40.24,39.54,0.01739563,0.04473161,0.00795229
600036SS_2022-12-09T000000_SELL_SETUP_PERFECT_-1_2022-12-09T000000_9,2022-12-09 00:00:00,600036.SS,SELL_SETUP_PERFECT,-1,5,2022-12-16 00:00:00,30.03,30.37,-0.01132201,0.03796204,-0.01498501
600036SS_2022-12-09T000000_SELL_COUNTDOWN_CANCEL_-1_2022-11-11T000000_9,2022-12-09 00:00:00,600036.SS,SELL_COUNTDOWN_CANCEL,-1,5,2022-12-16 00:00:00,30.03,30.37,-0.01132201,0.03796204,-0.01498501
601318SS_2022-06-24T000000_BUY_COUNTDOWN_CANCEL_1_2022-04-28T000000_7,2022-06-24 00:00:00,601318.SS,BUY_COUNTDOWN_CANCEL,1,120,2022-12-19 00:00:00,38.5,38.41,-0.00233766,0.05246753,-0.2587013
000651SZ_2022-11-21T000000_BUY_COUNTDOWN_COMPLETE_1_2022-09-28T000000_13,2022-11-21 00:00:00,000651.SZ,BUY_COUNTDOWN_COMPLETE,1,20,2022-12-19 00:00:00,22.79,24.51,0.0754717,0.13163668,-0.01053093
600519SS_2022-06-29T000000_SELL_SETUP_-1_2022-06-29T000000_9,2022-06-29 00:00:00,600519.SS,SELL_SETUP,-1,120,2022-12-22 00:00:00,1835.08,1594.76,0.13095887,0.36800575,-0.03742616
600519SS_2022-06-29T000000_SELL_COUNTDOWN_CANCEL_-1_2022-06-10T000000_7,2022-06-29 00:00:00,600519.SS,SELL_COUNTDOWN_CANCEL,-1,120,2022-12-22 00:00:00,1835.08,1594.76,0.13095887,0.36800575,-0.03742616
600519SS_2022-11-28T000000_BUY_COUNTDOWN_COMPLETE_1_2022-10-20T000000_13,2022-11-28 00:00:00,600519.SS,BUY_COUNTDOWN_COMPLETE,1,20,2022-12-26 00:00:00,1336.64,1568.82,0.17370421,0.22902203,0.03076371
000858SZ_2022-11-30T000000_BUY_COUNTDOWN_CANCEL_1_2022-11-01T000000_6,2022-11-30 00:00:00,000858.SZ,BUY_COUNTDOWN_CANCEL,1,20,2022-12-28 00:00:00,140.09,163.41,0.16646442,0.20658148,0.03847527
601318SS_2022-09-28T000000_BUY_SETUP_PERFECT_1_2022-09-28T000000_9,2022-09-28 00:00:00,601318.SS,BUY_SETUP_PERFECT,1,60,2022-12-28 00:00:00,33.63,38.92,0.15730003,0.2048766,-0.15135296
601318SS_2022-09-28T000000_SELL_COUNTDOWN_CANCEL_-1_2022-09-05T000000_2,2022-09-28 00:00:00,601318.SS,SELL_COUNTDOWN_CANCEL,-1,60,2022-12-28 00:00:00,33.63,38.92,-0.15730003,0.15135296,-0.2048766
000651SZ_2022-09-28T000000_BUY_SETUP_PERFECT_1_2022-09-28T000000_9,2022-09-28 00:00:00,000651.SZ,BUY_SETUP_PERFECT,1,60,2022-12-28 00:00:00,24.69,24.26,-0.01741596,0.04455245,-0.18307007
000651SZ_2022-09-28T000000_SELL_COUNTDOWN_CANCEL_-1_2022-09-08T000000_3,2022-09-28 00:00:00,000651.SZ,SELL_COUNTDOWN_CANCEL,-1,60,2022-12-28 00:00:00,24.69,24.26,0.01741596,0.18307007,-0.04455245
600036SS_2022-09-29T000000_BUY_SETUP_PERFECT_1_2022-09-29T000000_9,2022-09-29 00:00:00,600036.SS,BUY_SETUP_PERFECT,1,60,2022-12-29 00:00:00,26.43,30.51,0.15437003,0.16534241,-0.25917518
600036SS_2022-07-07T000000_BUY_COUNTDOWN_COMPLETE_1_2022-04-28T000000_13,2022-07-07 00:00:00,600036.SS,BUY_COUNTDOWN_COMPLETE,1,120,2022-12-30 00:00:00,31.51,30.54,-0.03078388,0.0149159,-0.37860997
601318SS_2022-07-12T000000_BUY_SETUP_PERFECT_1_2022-07-12T000000_9,2022-07-12 00:00:00,601318.SS,BUY_SETUP_PERFECT,1,120,2023-01-05 00:00:00,37.25,41.57,0.11597315,0.13127517,-0.2338255
000651SZ_2022-12-07T000000_SELL_SETUP_PERFECT_-1_2022-12-07T000000_9,2022-12-07 00:00:00,000651.SZ,SELL_SETUP_PERFECT,-1,20,2023-01-05 00:00:00,24.81,25.89,-0.04353083,0.04474002,-0.05360742
600519SS_2022-12-09T000000_SELL_SETUP_PERFECT_-1_2022-12-09T000000_9,2022-12-09 00:00:00,600519.SS,SELL_SETUP_PERFECT,-1,20,2023-01-09 00:00:00,1556.76,1689.87,-0.08550451,0.03054421,-0.09114443
000858SZ_2022-12-09T000000_SELL_SETUP_PERFECT_-1_2022-12-09T000000_9,2022-12-09 00:00:00,000858.SZ,SELL_SETUP_PERFECT,-1,20,2023-01-09 00:00:00,166.5,179.11,-0.07573574,0.08048048,-0.08174174
601318SS_2022-12-09T000000_SELL_SETUP_PERFECT_-1_2022-12-09T000000_9,2022-12-09 00:00:00,601318.SS,SELL_SETUP_PERFECT,-1,20,2023-01-09 00:00:00,40.24,43.55,-0.08225646,0.0750497,-0.0832505
601318SS_2022-12-09T000000_SELL_COUNTDOWN_CANCEL_-1_2022-11-15T000000_8,2022-12-09 00:00:00,601318.SS,SELL_COUNTDOWN_CANCEL,-1,20,2023-01-09 00:00:00,40.24,43.55,-0.08225646,0.0750497,-0.0832505
600036SS_2022-07-14T000000_BUY_SETUP_PERFECT_1_2022-07-14T000000_9,2022-07-14 00:00:00,600036.SS,BUY_SETUP_PERFECT,1,120,2023-01-09 00:00:00,28.24,32.08,0.13597734,0.1526204,-0.30665722
600036SS_2022-12-09T000000_SELL_SETUP_PERFECT_-1_2022-12-09T000000_9,2022-12-09 00:00:00,600036.SS,SELL_SETUP_PERFECT,-1,20,2023-01-09 00:00:00,30.03,32.08,-0.06826507,0.04828505,-0.08391608
600036SS_2022-12-09T000000_SELL_COUNTDOWN_CANCEL_-1_2022-11-11T000000_9,2022-12-09 00:00:00,600036.SS,SELL_COUNTDOWN_CANCEL,-1,20,2023-01-09 00:00:00,30.03,32.08,-0.06826507,0.04828505,-0.08391608
000858SZ_2022-10-19T000000_BUY_COUNTDOWN_COMPLETE_PERFECT_1_2022-08-29T000000_13,2022-10-19 00:00:00,000858.SZ,BUY_COUNTDOWN_COMPLETE_PERFECT,1,60,2023-01-12 00:00:00,137.73,176.61,0.28229144,0.30770348,-0.16096711
600519SS_2022-10-20T000000_BUY_SETUP_PERFECT_1_2022-10-20T000000_9,2022-10-20 00:00:00,600519.SS,BUY_SETUP_PERFECT,1,60,2023-01-13 00:00:00,1470.26,1735.67,0.18051909,0.18119924,-0.21118714
600036SS_2023-01-06T000000_SELL_SETUP_PERFECT_-1_2023-01-06T000000_9,2023-01-06 00:00:00,600036.SS,SELL_SETUP_PERFECT,-1,5,2023-01-13 00:00:00,31.66,32.94,-0.04042956,0.00758054,-0.04042956
600036SS_2023-01-06T000000_SELL_COUNTDOWN_CANCEL_-1_2022-12-09T000000_11,2023-01-06 00:00:00,600036.SS,SELL_COUNTDOWN_CANCEL,-1,5,2023-01-13 00:00:00,31.66,32.94,-0.04042956,0.00758054,-0.04042956
601318SS_2023-01-09T000000_SELL_SETUP_PERFECT_-1_2023-01-09T000000_9,2023-01-09 00:00:00,601318.SS,SELL_SETUP_PERFECT,-1,5,2023-01-16 00:00:00,43.55,44.73,-0.02709529,0.04064294,-0.05901263
601318SS_2023-01-09T000000_SELL_COUNTDOWN_CANCEL_-1_2022-12-09T000000_9,2023-01-09 00:00:00,601318.SS,SELL_COUNTDOWN_CANCEL,-1,5,2023-01-16 00:00:00,43.55,44.73,-0.02709529,0.04064294,-0.05901263
600519SS_2023-01-10T000000_SELL_COUNTDOWN_COMPLETE_PERFECT_-1_2022-12-09T000000_13,2023-01-10 00:00:00,600519.SS,SELL_COUNTDOWN_COMPLETE_PERFECT,-1,5,2023-01-17 00:00:00,1703.12,1756.67,-0.03144229,0.01259453,-0.04729555
601318SS_2022-10-28T000000_BUY_SETUP_PERFECT_1_2022-10-28T000000_9,2022-10-28 00:00:00,601318.SS,BUY_SETUP_PERFECT,1,60,2023-01-30 00:00:00,29.37,44.12,0.50221314,0.57439564,-0.02826013
601318SS_2022-10-28T000000_BUY_COUNTDOWN_CANCEL_1_2022-09-28T000000_9,2022-10-28 00:00:00,601318.SS,BUY_COUNTDOWN_CANCEL,1,60,2023-01-30 00:00:00,29.37,44.12,0.50221314,0.57439564,-0.02826013
000651SZ_2023-01-16T000000_SELL_SETUP_PERFECT_-1_2023-01-16T000000_9,2023-01-16 00:00:00,000651.SZ,SELL_SETUP_PERFECT,-1,5,2023-01-30 00:00:00,27.17,26.74,0.01582628,0.02797203,-0.00993743
000651SZ_2023-01-16T000000_SELL_COUNTDOWN_CANCEL_-1_2022-12-07T000000_8,2023-01-16 00:00:00,000651.SZ,SELL_COUNTDOWN_CANCEL,-1,5,2023-01-30 00:00:00,27.17,26.74,0.01582628,0.02797203,-0.00993743
600519SS_2023-01-17T000000_SELL_SETUP_PERFECT_-1_2023-01-17T000000_9,2023-01-17 00:00:00,600519.SS,SELL_SETUP_PERFECT,-1,5,2023-01-31 00:00:00,1756.67,1694.43,0.03543067,0.04265457,-0.00984818
000858SZ_2023-01-17T000000_SELL_SETUP_PERFECT_-1_2023-01-17T000000_9,2023-01-17 00:00:00,000858.SZ,SELL_SETUP_PERFECT,-1,5,2023-01-31 00:00:00,186.09,192.23,-0.03299479,0.00274061,-0.09146112
000858SZ_2023-01-17T000000_SELL_COUNTDOWN_CANCEL_-1_2022-12-09T000000_11,2023-01-17 00:00:00,000858.SZ,SELL_COUNTDOWN_CANCEL,-1,5,2023-01-31 00:00:00,186.09,192.23,-0.03299479,0.00274061,-0.09146112
600036SS_2022-10-31T000000_BUY_COUNTDOWN_COMPLETE_PERFECT_1_2022-09-29T000000_13,2022-10-31 00:00:00,600036.SS,BUY_COUNTDOWN_COMPLETE_PERFECT,1,60,2023-01-31 00:00:00,20.1,34.49,0.7159204,0.78656716,0.00945274
000858SZ_2022-11-01T000000_BUY_SETUP_PERFECT_1_2022-11-01T000000_9,2022-11-01 00:00:00,000858.SZ,BUY_SETUP_PERFECT,1,60,2023-02-01 00:00:00,125.81,193.29,0.53636436,0.61441857,-0.02281218
600036SS_2023-01-30T000000_SELL_SETUP_PERFECT_-1_2023-01-30T000000_9,2023-01-30 00:00:00,600036.SS,SELL_SETUP_PERFECT,-1,5,2023-02-06 00:00:00,35.31,31.63,0.10421977,0.11753044,-0.00906259
600036SS_2023-01-30T000000_SELL_COUNTDOWN_CANCEL_-1_2023-01-06T000000_5,2023-01-30 00:00:00,600036.SS,SELL_COUNTDOWN_CANCEL,-1,5,2023-02-06 00:00:00,35.31,31.63,0.10421977,0.11753044,-0.00906259
000858SZ_2022-08-08T000000_SELL_COUNTDOWN_COMPLETE_-1_2022-06-10T000000_13,2022-08-08 00:00:00,000858.SZ,SELL_COUNTDOWN_COMPLETE,-1,120,2023-02-08 00:00:00,161.14,182.78,-0.13429316,0.28285963,-0.26045675
601318SS_2022-08-10T000000_BUY_COUNTDOWN_COMPLETE_PERFECT_1_2022-07-12T000000_13,2022-08-10 00:00:00,601318.SS,BUY_COUNTDOWN_COMPLETE_PERFECT,1,120,2023-02-10 00:00:00,32.14,41.94,0.30491599,0.43870566,-0.11200996
600036SS_2023-01-06T000000_SELL_SETUP_PERFECT_-1_2023-01-06T000000_9,2023-01-06 00:00:00,600036.SS,SELL_SETUP_PERFECT,-1,20,2023-02-10 00:00:00,31.66,31.44,0.00694883,0.0157928,-0.13423879
600036SS_2023-01-06T000000_SELL_COUNTDOWN_CANCEL_-1_2022-12-09T000000_11,2023-01-06 00:00:00,600036.SS,SELL_COUNTDOWN_CANCEL,-1,20,2023-02-10 00:00:00,31.66,31.44,0.00694883,0.0157928,-0.13423879
601318SS_2023-01-09T000000_SELL_SETUP_PERFECT_-1_2023-01-09T000000_9,2023-01-09 00:00:00,601318.SS,SELL_SETUP_PERFECT,-1,20,2023-02-13 00:00:00,43.55,41.89,0.03811711,0.07324914,-0.06176808
601318SS_2023-01-09T000000_SELL_COUNTDOWN_CANCEL_-1_2022-12-09T000000_9,2023-01-09 00:00:00,601318.SS,SELL_COUNTDOWN_CANCEL,-1,20,2023-02-13 00:00:00,43.55,41.89,0.03811711,0.07324914,-0.06176808
600036SS_2022-11-11T000000_SELL_SETUP_PERFECT_-1_2022-11-11T000000_9,2022-11-11 00:00:00,600036.SS,SELL_SETUP_PERFECT,-1,60,2023-02-13 00:00:00,24.52,31.0,-0.26427406,0.00774878,-0.46451876
600519SS_2023-01-10T000000_SELL_COUNTDOWN_COMPLETE_PERFECT_-1_2022-12-09T000000_13,2023-01-10 00:00:00,600519.SS,SELL_COUNTDOWN_COMPLETE_PERFECT,-1,20,2023-02-14 00:00:00,1703.12,1692.46,0.0062591,0.05545704,-0.04729555
600519SS_2023-02-07T000000_BUY_SETUP_PERFECT_1_2023-02-07T000000_9,2023-02-07 00:00:00,600519.SS,BUY_SETUP_PERFECT,1,5,2023-02-14 00:00:00,1645.67,1692.46,0.02843219,0.04709328,-0.01336842
600519SS_2023-02-07T000000_SELL_COUNTDOWN_CANCEL_-1_2023-01-17T000000_1,2023-02-07 00:00:00,600519.SS,SELL_COUNTDOWN_CANCEL,-1,5,2023-02-14 00:00:00,1645.67,1692.46,-0.02843219,0.01336842,-0.04709328
601318SS_2022-11-14T000000_BUY_COUNTDOWN_CANCEL_1_2022-10-28T000000_2,2022-11-14 00:00:00,601318.SS,BUY_COUNTDOWN_CANCEL,1,60,2023-02-14 00:00:00,34.24,42.54,0.24240654,0.35046729,-0.02745327
601318SS_2022-11-15T000000_SELL_SETUP_PERFECT_-1_2022-11-15T000000_9,2022-11-15 00:00:00,601318.SS,SELL_SETUP_PERFECT,-1,60,2023-02-15 00:00:00,35.13,41.52,-0.18189582,0.05209223,-0.31625391
000651SZ_2023-02-08T000000_BUY_SETUP_1_2023-02-08T000000_9,2023-02-08 00:00:00,000651.SZ,BUY_SETUP,1,5,2023-02-15 00:00:00,25.98,26.23,0.00962279,0.02424942,-0.01077752
000651SZ_2023-02-08T000000_SELL_COUNTDOWN_CANCEL_-1_2023-01-16T000000_2,2023-02-08 00:00:00,000651.SZ,SELL_COUNTDOWN_CANCEL,-1,5,2023-02-15 00:00:00,25.98,26.23,-0.00962279,0.01077752,-0.02424942
601318SS_2023-02-09T000000_BUY_SETUP_1_2023-02-09T000000_9,2023-02-09 00:00:00,601318.SS,BUY_SETUP,1,5,2023-02-16 00:00:00,41.96,41.84,-0.00285987,0.01739752,-0.02454719
601318SS_2023-02-09T000000_SELL_COUNTDOWN_CANCEL_-1_2023-01-09T000000_5,2023-02-09 00:00:00,601318.SS,SELL_COUNTDOWN_CANCEL,-1,5,2023-02-16 00:00:00,41.96,41.84,0.00285987,0.02454719,-0.01739752
600036SS_2023-02-13T000000_BUY_SETUP_PERFECT_1_2023-02-13T000000_9,2023-02-13 00:00:00,600036.SS,BUY_SETUP_PERFECT,1,5,2023-02-20 00:00:00,31.0,31.77,0.02483871,0.02548387,-0.03354839
600036SS_2023-02-13T000000_SELL_COUNTDOWN_CANCEL_-1_2023-01-30T000000_2,2023-02-13 00:00:00,600036.SS,SELL_COUNTDOWN_CANCEL,-1,5,2023-02-20 00:00:00,31.0,31.77,-0.02483871,0.03354839,-0.02548387
000651SZ_2023-01-16T000000_SELL_SETUP_PERFECT_-1_2023-01-16T000000_9,2023-01-16 00:00:00,000651.SZ,SELL_SETUP_PERFECT,-1,20,2023-02-20 00:00:00,27.17,26.84,0.01214575,0.0610968,-0.00993743
000651SZ_2023-01-16T000000_SELL_COUNTDOWN_CANCEL_-1_2022-12-07T000000_8,2023-01-16 00:00:00,000651.SZ,SELL_COUNTDOWN_CANCEL,-1,20,2023-02-20 00:00:00,27.17,26.84,0.01214575,0.0610968,-0.00993743
600519SS_2023-01-17T000000_SELL_SETUP_PERFECT_-1_2023-01-17T000000_9,2023-01-17 00:00:00,600519.SS,SELL_SETUP_PERFECT,-1,20,2023-02-21 00:00:00,1756.67,1715.67,0.02333961,0.08425031,-0.00984818
000858SZ_2023-01-17T000000_SELL_SETUP_PERFECT_-1_2023-01-17T000000_9,2023-01-17 00:00:00,000858.SZ,SELL_SETUP_PERFECT,-1,20,2023-02-21 00:00:00,186.09,193.31,-0.03879843,0.02998549,-0.09146112
000858SZ_2023-01-17T000000_SELL_COUNTDOWN_CANCEL_-1_2022-12-09T000000_11,2023-01-17 00:00:00,000858.SZ,SELL_COUNTDOWN_CANCEL,-1,20,2023-02-21 00:00:00,186.09,193.31,-0.03879843,0.02998549,-0.09146112
000651SZ_2022-11-21T000000_BUY_COUNTDOWN_COMPLETE_1_2022-09-28T000000_13,2022-11-21 00:00:00,000651.SZ,BUY_COUNTDOWN_COMPLETE,1,60,2023-02-21 00:00:00,22.79,27.83,0.22114963,0.22773146,-0.01053093
600036SS_2022-08-23T000000_BUY_COUNTDOWN_COMPLETE_1_2022-07-14T000000_13,2022-08-23 00:00:00,600036.SS,BUY_COUNTDOWN_COMPLETE,1,120,2023-02-23 00:00:00,26.38,31.55,0.1959818,0.36125853,-0.25777104
600519SS_2022-08-24T000000_SELL_COUNTDOWN_CANCEL_-1_2022-06-29T000000_6,2022-08-24 00:00:00,600519.SS,SELL_COUNTDOWN_CANCEL,-1,120,2023-02-24 00:00:00,1680.96,1636.67,0.02634804,0.31006092,-0.06110199
600036SS_2023-01-30T000000_SELL_SETUP_PERFECT_-1_2023-01-30T000000_9,2023-01-30 00:00:00,600036.SS,SELL_SETUP_PERFECT,-1,20,2023-02-27 00:00:00,35.31,30.44,0.13792127,0.15151515,-0.00906259
600036SS_2023-01-30T000000_SELL_COUNTDOWN_CANCEL_-1_2023-01-06T000000_5,2023-01-30 00:00:00,600036.SS,SELL_COUNTDOWN_CANCEL,-1,20,2023-02-27 00:00:00,35.31,30.44,0.13792127,0.15151515,-0.00906259
600519SS_2022-11-28T000000_BUY_COUNTDOWN_COMPLETE_1_2022-10-20T000000_13,2022-11-28 00:00:00,600519.SS,BUY_COUNTDOWN_COMPLETE,1,60,2023-02-28 00:00:00,1336.64,1662.41,0.24372307,0.33444308,0.03076371
000651SZ_2023-02-21T000000_BUY_COUNTDOWN_CANCEL_1_2023-02-08T000000_2,2023-02-21 00:00:00,000651.SZ,BUY_COUNTDOWN_CANCEL,1,5,2023-02-28 00:00:00,27.83,28.2,0.01329501,0.04204096,-0.02191879
000858SZ_2022-08-29T000000_BUY_SETUP_PERFECT_1_2022-08-29T000000_9,2022-08-29 00:00:00,000858.SZ,BUY_SETUP_PERFECT,1,120,2023-03-01 00:00:00,148.57,190.61,0.28296426,0.36709968,-0.22218483
000858SZ_2022-11-30T000000_BUY_COUNTDOWN_CANCEL_1_2022-11-01T000000_6,2022-11-30 00:00:00,000858.SZ,BUY_COUNTDOWN_CANCEL,1,60,2023-03-02 00:00:00,140.09,189.47,0.35248769,0.44985367,0.03847527
600519SS_2023-02-07T000000_BUY_SETUP_PERFECT_1_2023-02-07T000000_9,2023-02-07 00:00:00,600519.SS,BUY_SETUP_PERFECT,1,20,2023-03-07 00:00:00,1645.67,1636.97,-0.0052866,0.05468897,-0.01336842
600519SS_2023-02-07T000000_SELL_COUNTDOWN_CANCEL_-1_2023-01-17T000000_1,2023-02-07 00:00:00,600519.SS,SELL_COUNTDOWN_CANCEL,-1,20,2023-03-07 00:00:00,1645.67,1636.97,0.0052866,0.01336842,-0.05468897
601318SS_2022-09-05T000000_SELL_SETUP_PERFECT_-1_2022-09-05T000000_9,2022-09-05 00:00:00,601318.SS,SELL_SETUP_PERFECT,-1,120,2023-03-08 00:00:00,35.54,39.87,-0.12183455,0.19696117,-0.30106922
000651SZ_2023-02-08T000000_BUY_SETUP_1_2023-02-08T000000_9,2023-02-08 00:00:00,000651.SZ,BUY_SETUP,1,20,2023-03-08 00:00:00,25.98,29.17,0.12278676,0.16281755,-0.01385681
000651SZ_2023-02-08T000000_SELL_COUNTDOWN_CANCEL_-1_2023-01-16T000000_2,2023-02-08 00:00:00,000651.SZ,SELL_COUNTDOWN_CANCEL,-1,20,2023-03-08 00:00:00,25.98,29.17,-0.12278676,0.01385681,-0.16281755
601318SS_2023-02-09T000000_BUY_SETUP_1_2023-02-09T000000_9,2023-02-09 00:00:00,601318.SS,BUY_SETUP,1,20,2023-03-09 00:00:00,41.96,39.28,-0.06387035,0.03193518,-0.06792183
601318SS_2023-02-09T000000_SELL_COUNTDOWN_CANCEL_-1_2023-01-09T000000_5,2023-02-09 00:00:00,601318.SS,SELL_COUNTDOWN_CANCEL,-1,20,2023-03-09 00:00:00,41.96,39.28,0.06387035,0.06792183,-0.03193518
000651SZ_2022-12-07T000000_SELL_SETUP_PERFECT_-1_2022-12-07T000000_9,2022-12-07 00:00:00,000651.SZ,SELL_SETUP_PERFECT,-1,60,2023-03-09 00:00:00,24.81,29.3,-0.18097541,0.04474002,-0.21765417
000651SZ_2023-03-02T000000_SELL_SETUP_PERFECT_-1_2023-03-02T000000_9,2023-03-02 00:00:00,000651.SZ,SELL_SETUP_PERFECT,-1,5,2023-03-09 00:00:00,29.29,29.3,-0.00034141,0.02082622,-0.03141004
600519SS_2022-12-09T000000_SELL_SETUP_PERFECT_-1_2022-12-09T000000_9,2022-12-09 00:00:00,600519.SS,SELL_SETUP_PERFECT,-1,60,2023-03-13 00:00:00,1556.76,1610.67,-0.03462962,0.03054421,-0.14575786
000858SZ_2022-12-09T000000_SELL_SETUP_PERFECT_-1_2022-12-09T000000_9,2022-12-09 00:00:00,000858.SZ,SELL_SETUP_PERFECT,-1,60,2023-03-13 00:00:00,166.5,181.83,-0.09207207,0.08048048,-0.21987988
601318SS_2022-12-09T000000_SELL_SETUP_PERFECT_-1_2022-12-09T000000_9,2022-12-09 00:00:00,601318.SS,SELL_SETUP_PERFECT,-1,60,2023-03-13 00:00:00,40.24,39.14,0.02733598,0.0750497,-0.14910537
601318SS_2022-12-09T000000_SELL_COUNTDOWN_CANCEL_-1_2022-11-15T000000_8,2022-12-09 00:00:00,601318.SS,SELL_COUNTDOWN_CANCEL,-1,60,2023-03-13 00:00:00,40.24,39.14,0.02733598,0.0750497,-0.14910537
600036SS_2022-12-09T000000_SELL_SETUP_PERFECT_-1_2022-12-09T000000_9,2022-12-09 00:00:00,600036.SS,SELL_SETUP_PERFECT,-1,60,2023-03-13 00:00:00,30.03,28.33,0.05661006,0.06793207,-0.1958042
600036SS_2022-12-09T000000_SELL_COUNTDOWN_CANCEL_-1_2022-11-11T000000_9,2022-12-09 00:00:00,600036.SS,SELL_COUNTDOWN_CANCEL,-1,60,2023-03-13 00:00:00,30.03,28.33,0.05661006,0.06793207,-0.1958042
600036SS_2023-02-13T000000_BUY_SETUP_PERFECT_1_2023-02-13T000000_9,2023-02-13 00:00:00,600036.SS,BUY_SETUP_PERFECT,1,20,2023-03-13 00:00:00,31.0,28.33,-0.08612903,0.03548387,-0.09709677
600036SS_2023-02-13T000000_SELL_COUNTDOWN_CANCEL_-1_2023-01-30T000000_2,2023-02-13 00:00:00,600036.SS,SELL_COUNTDOWN_CANCEL,-1,20,2023-03-13 00:00:00,31.0,28.33,0.08612903,0.09709677,-0.03548387
000651SZ_2022-09-08T000000_SELL_SETUP_-1_2022-09-08T000000_9,2022-09-08 00:00:00,000651.SZ,SELL_SETUP,-1,120,2023-03-13 00:00:00,24.87,29.79,-0.19782871,0.18898271,-0.21471653
600036SS_2023-03-14T000000_BUY_COUNTDOWN_COMPLETE_PERFECT_1_2023-02-13T000000_13,2023-03-14 00:00:00,600036.SS,BUY_COUNTDOWN_COMPLETE_PERFECT,1,5,2023-03-21 00:00:00,27.86,27.51,-0.01256281,0.04055994,-0.02045944
000651SZ_2023-02-21T000000_BUY_COUNTDOWN_CANCEL_1_2023-02-08T000000_2,2023-02-21 00:00:00,000651.SZ,BUY_COUNTDOWN_CANCEL,1,20,2023-03-21 00:00:00,27.83,30.3,0.08875314,0.10097018,-0.02191879
600036SS_2023-03-16T000000_BUY_SETUP_PERFECT_1_2023-03-16T000000_9,2023-03-16 00:00:00,600036.SS,BUY_SETUP_PERFECT,1,5,2023-03-23 00:00:00,27.93,28.48,0.01969209,0.02577873,-0.02291443
000858SZ_2023-03-17T000000_BUY_SETUP_PERFECT_1_2023-03-17T000000_9,2023-03-17 00:00:00,000858.SZ,BUY_SETUP_PERFECT,1,5,2023-03-24 00:00:00,171.73,176.25,0.02632039,0.04413906,-0.02038083
000858SZ_2023-03-17T000000_SELL_COUNTDOWN_CANCEL_-1_2023-01-17T000000_7,2023-03-17 00:00:00,000858.SZ,SELL_COUNTDOWN_CANCEL,-1,5,2023-03-24 00:00:00,171.73,176.25,-0.02632039,0.02038083,-0.04413906
601318SS_2023-03-17T000000_BUY_SETUP_PERFECT_1_2023-03-17T000000_9,2023-03-17 00:00:00,601318.SS,BUY_SETUP_PERFECT,1,5,2023-03-24 00:00:00,38.84,38.84,0.0,0.01776519,-0.01647786
601318SS_2023-03-17T000000_BUY_COUNTDOWN_CANCEL_1_2023-02-09T000000_10,2023-03-17 00:00:00,601318.SS,BUY_COUNTDOWN_CANCEL,1,5,2023-03-24 00:00:00,38.84,38.84,0.0,0.01776519,-0.01647786
601318SS_2022-09-28T000000_BUY_SETUP_PERFECT_1_2022-09-28T000000_9,2022-09-28 00:00:00,601318.SS,BUY_SETUP_PERFECT,1,120,2023-03-30 00:00:00,33.63,38.12,0.13351175,0.37496283,-0.15135296
601318SS_2022-09-28T000000_SELL_COUNTDOWN_CANCEL_-1_2022-09-05T000000_2,2022-09-28 00:00:00,601318.SS,SELL_COUNTDOWN_CANCEL,-1,120,2023-03-30 00:00:00,33.63,38.12,-0.13351175,0.15135296,-0.37496283
000651SZ_2022-09-28T000000_BUY_SETUP_PERFECT_1_2022-09-28T000000_9,2022-09-28 00:00:00,000651.SZ,BUY_SETUP_PERFECT,1,120,2023-03-30 00:00:00,24.69,29.91,0.21142163,0.24098825,-0.18307007
000651SZ_2022-09-28T000000_SELL_COUNTDOWN_CANCEL_-1_2022-09-08T000000_3,2022-09-28 00:00:00,000651.SZ,SELL_COUNTDOWN_CANCEL,-1,120,2023-03-30 00:00:00,24.69,29.91,-0.21142163,0.18307007,-0.24098825
000651SZ_2023-03-02T000000_SELL_SETUP_PERFECT_-1_2023-03-02T000000_9,2023-03-02 00:00:00,000651.SZ,SELL_SETUP_PERFECT,-1,20,2023-03-30 00:00:00,29.29,29.91,-0.02116763,0.03687265,-0.04609082
600036SS_2022-09-29T000000_BUY_SETUP_PERFECT_1_2022-09-29T000000_9,2022-09-29 00:00:00,600036.SS,BUY_SETUP_PERFECT,1,120,2023-03-31 00:00:00,26.43,27.55,0.04237609,0.35868331,-0.25917518
600036SS_2023-01-06T000000_SELL_SETUP_PERFECT_-1_2023-01-06T000000_9,2023-01-06 00:00:00,600036.SS,SELL_SETUP_PERFECT,-1,60,2023-04-10 00:00:00,31.66,27.52,0.13076437,0.14750474,-0.13423879
600036SS_2023-01-06T000000_SELL_COUNTDOWN_CANCEL_-1_2022-12-09T000000_11,2023-01-06 00:00:00,600036.SS,SELL_COUNTDOWN_CANCEL,-1,60,2023-04-10 00:00:00,31.66,27.52,0.13076437,0.14750474,-0.13423879
601318SS_2023-01-09T000000_SELL_SETUP_PERFECT_-1_2023-01-09T000000_9,2023-01-09 00:00:00,601318.SS,SELL_SETUP_PERFECT,-1,60,2023-04-11 00:00:00,43.55,38.3,0.12055109,0.14144661,-0.06176808
601318SS_2023-01-09T000000_SELL_COUNTDOWN_CANCEL_-1_2022-12-09T000000_9,2023-01-09 00:00:00,601318.SS,SELL_COUNTDOWN_CANCEL,-1,60,2023-04-11 00:00:00,43.55,38.3,0.12055109,0.14144661,-0.06176808
600519SS_2023-01-10T000000_SELL_COUNTDOWN_COMPLETE_PERFECT_-1_2022-12-09T000000_13,2023-01-10 00:00:00,600519.SS,SELL_COUNTDOWN_COMPLETE_PERFECT,-1,60,2023-04-12 00:00:00,1703.12,1542.77,0.09415074,0.0949023,-0.04729555
600036SS_2023-03-14T000000_BUY_COUNTDOWN_COMPLETE_PERFECT_1_2023-02-13T000000_13,2023-03-14 00:00:00,600036.SS,BUY_COUNTDOWN_COMPLETE_PERFECT,1,20,2023-04-12 00:00:00,27.86,27.02,-0.03015075,0.04055994,-0.03409907
000858SZ_2022-10-19T000000_BUY_COUNTDOWN_COMPLETE_PERFECT_1_2022-08-29T000000_13,2022-10-19 00:00:00,000858.SZ,BUY_COUNTDOWN_COMPLETE_PERFECT,1,120,2023-04-14 00:00:00,137.73,158.82,0.15312568,0.47469687,-0.16096711
600036SS_2023-03-16T000000_BUY_SETUP_PERFECT_1_2023-03-16T000000_9,2023-03-16 00:00:00,600036.SS,BUY_SETUP_PERFECT,1,20,2023-04-14 00:00:00,27.93,27.67,-0.00930899,0.02577873,-0.05012531
600519SS_2022-10-20T000000_BUY_SETUP_PERFECT_1_2022-10-20T000000_9,2022-10-20 00:00:00,600519.SS,BUY_SETUP_PERFECT,1,120,2023-04-17 00:00:00,1470.26,1601.67,0.08937875,0.21316638,-0.21118714
600519SS_2023-04-10T000000_BUY_COUNTDOWN_COMPLETE_1_2023-02-07T000000_13,2023-04-10 00:00:00,600519.SS,BUY_COUNTDOWN_COMPLETE,1,5,2023-04-17 00:00:00,1620.37,1601.67,-0.01154057,0.01314515,-0.05411727
000858SZ_2023-03-17T000000_BUY_SETUP_PERFECT_1_2023-03-17T000000_9,2023-03-17 00:00:00,000858.SZ,BUY_SETUP_PERFECT,1,20,2023-04-17 00:00:00,171.73,161.41,-0.06009433,0.07861177,-0.07843708
000858SZ_2023-03-17T000000_SELL_COUNTDOWN_CANCEL_-1_2023-01-17T000000_7,2023-03-17 00:00:00,000858.SZ,SELL_COUNTDOWN_CANCEL,-1,20,2023-04-17 00:00:00,171.73,161.41,0.06009433,0.07843708,-0.07861177
601318SS_2023-03-17T000000_BUY_SETUP_PERFECT_1_2023-03-17T000000_9,2023-03-17 00:00:00,601318.SS,BUY_SETUP_PERFECT,1,20,2023-04-17 00:00:00,38.84,40.12,0.03295572,0.03295572,-0.03578785
601318SS_2023-03-17T000000_BUY_COUNTDOWN_CANCEL_1_2023-02-09T000000_10,2023-03-17 00:00:00,601318.SS,BUY_COUNTDOWN_CANCEL,1,20,2023-04-17 00:00:00,38.84,40.12,0.03295572,0.03295572,-0.03578785
000651SZ_2023-01-16T000000_SELL_SETUP_PERFECT_-1_2023-01-16T000000_9,2023-01-16 00:00:00,000651.SZ,SELL_SETUP_PERFECT,-1,60,2023-04-18 00:00:00,27.17,33.26,-0.22414428,0.0610968,-0.24622746
000651SZ_2023-01-16T000000_SELL_COUNTDOWN_CANCEL_-1_2022-12-07T000000_8,2023-01-16 00:00:00,000651.SZ,SELL_COUNTDOWN_CANCEL,-1,60,2023-04-18 00:00:00,27.17,33.26,-0.22414428,0.0610968,-0.24622746
600519SS_2023-01-17T000000_SELL_SETUP_PERFECT_-1_2023-01-17T000000_9,2023-01-17 00:00:00,600519.SS,SELL_SETUP_PERFECT,-1,60,2023-04-19 00:00:00,1756.67,1607.67,0.08481957,0.1275083,-0.00984818
000858SZ_2023-01-17T000000_SELL_SETUP_PERFECT_-1_2023-01-17T000000_9,2023-01-17 00:00:00,000858.SZ,SELL_SETUP_PERFECT,-1,60,2023-04-19 00:00:00,186.09,159.51,0.14283411,0.14955129,-0.09146112
000858SZ_2023-01-17T000000_SELL_COUNTDOWN_CANCEL_-1_2022-12-09T000000_11,2023-01-17 00:00:00,000858.SZ,SELL_COUNTDOWN_CANCEL,-1,60,2023-04-19 00:00:00,186.09,159.51,0.14283411,0.14955129,-0.09146112
000651SZ_2023-04-17T000000_SELL_COUNTDOWN_COMPLETE_PERFECT_-1_2023-03-02T000000_13,2023-04-17 00:00:00,000651.SZ,SELL_COUNTDOWN_COMPLETE_PERFECT,-1,5,2023-04-24 00:00:00,32.94,33.97,-0.03126897,0.00971463,-0.07164542
601318SS_2022-10-28T000000_BUY_SETUP_PERFECT_1_2022-10-28T000000_9,2022-10-28 00:00:00,601318.SS,BUY_SETUP_PERFECT,1,120,2023-04-25 00:00:00,29.37,38.73,0.31869254,0.57439564,-0.02826013
601318SS_2022-10-28T000000_BUY_COUNTDOWN_CANCEL_1_2022-09-28T000000_9,2022-10-28 00:00:00,601318.SS,BUY_COUNTDOWN_CANCEL,1,120,2023-04-25 00:00:00,29.37,38.73,0.31869254,0.57439564,-0.02826013
600036SS_2023-01-30T000000_SELL_SETUP_PERFECT_-1_2023-01-30T000000_9,2023-01-30 00:00:00,600036.SS,SELL_SETUP_PERFECT,-1,60,2023-04-25 00:00:00,35.31,27.31,0.22656471,0.24865477,-0.00906259
600036SS_2023-01-30T000000_SELL_COUNTDOWN_CANCEL_-1_2023-01-06T000000_5,2023-01-30 00:00:00,600036.SS,SELL_COUNTDOWN_CANCEL,-1,60,2023-04-25 00:00:00,35.31,27.31,0.22656471,0.24865477,-0.00906259
600036SS_2022-10-31T000000_BUY_COUNTDOWN_COMPLETE_PERFECT_1_2022-09-29T000000_13,2022-10-31 00:00:00,600036.SS,BUY_COUNTDOWN_COMPLETE_PERFECT,1,120,2023-04-26 00:00:00,20.1,27.1,0.34825871,0.78656716,0.00945274
000651SZ_2023-04-19T000000_SELL_SETUP_PERFECT_-1_2023-04-19T000000_9,2023-04-19 00:00:00,000651.SZ,SELL_SETUP_PERFECT,-1,5,2023-04-26 00:00:00,32.7,32.68,0.00061162,0.01498471,-0.0795107
000858SZ_2022-11-01T000000_BUY_SETUP_PERFECT_1_2022-11-01T000000_9,2022-11-01 00:00:00,000858.SZ,BUY_SETUP_PERFECT,1,120,2023-04-27 00:00:00,125.81,152.39,0.21127096,0.61441857,-0.02281218
000858SZ_2023-04-24T000000_BUY_COUNTDOWN_COMPLETE_PERFECT_1_2023-03-17T000000_13,2023-04-24 00:00:00,000858.SZ,BUY_COUNTDOWN_COMPLETE_PERFECT,1,5,2023-05-04 00:00:00,151.23,152.17,0.0062157,0.03266548,-0.01553924
600519SS_2023-02-07T000000_BUY_SETUP_PERFECT_1_2023-02-07T000000_9,2023-02-07 00:00:00,600519.SS,BUY_SETUP_PERFECT,1,60,2023-05-08 00:00:00,1645.67,1569.19,-0.04647347,0.05468897,-0.06865897
600519SS_2023-02-07T000000_SELL_COUNTDOWN_CANCEL_-1_2023-01-17T000000_1,2023-02-07 00:00:00,600519.SS,SELL_COUNTDOWN_CANCEL,-1,60,2023-05-08 00:00:00,1645.67,1569.19,0.04647347,0.06865897,-0.05468897
601318SS_2023-04-27T000000_BUY_COUNTDOWN_CANCEL_1_2023-03-17T000000_11,2023-04-27 00:00:00,601318.SS,BUY_COUNTDOWN_CANCEL,1,5,2023-05-09 00:00:00,43.01,46.12,0.07230877,0.13089979,-0.00209254
000651SZ_2023-02-08T000000_BUY_SETUP_1_2023-02-08T000000_9,2023-02-08 00:00:00,000651.SZ,BUY_SETUP,1,60,2023-05-09 00:00:00,25.98,27.35,0.05273287,0.35873749,-0.01385681
000651SZ_2023-02-08T000000_SELL_COUNTDOWN_CANCEL_-1_2023-01-16T000000_2,2023-02-08 00:00:00,000651.SZ,SELL_COUNTDOWN_CANCEL,-1,60,2023-05-09 00:00:00,25.98,27.35,-0.05273287,0.01385681,-0.35873749
601318SS_2023-02-09T000000_BUY_SETUP_1_2023-02-09T000000_9,2023-02-09 00:00:00,601318.SS,BUY_SETUP,1,60,2023-05-10 00:00:00,41.96,44.95,0.07125834,0.15919924,-0.10891325
601318SS_2023-02-09T000000_SELL_COUNTDOWN_CANCEL_-1_2023-01-09T000000_5,2023-02-09 00:00:00,601318.SS,SELL_COUNTDOWN_CANCEL,-1,60,2023-05-10 00:00:00,41.96,44.95,-0.07125834,0.10891325,-0.15919924
600519SS_2023-04-10T000000_BUY_COUNTDOWN_COMPLETE_1_2023-02-07T000000_13,2023-04-10 00:00:00,600519.SS,BUY_COUNTDOWN_COMPLETE,1,20,2023-05-11 00:00:00,1620.37,1565.74,-0.03371452,0.01314515,-0.05411727
000651SZ_2023-05-04T000000_SELL_COUNTDOWN_CANCEL_-1_2023-04-19T000000_2,2023-05-04 00:00:00,000651.SZ,SELL_COUNTDOWN_CANCEL,-1,5,2023-05-11 00:00:00,28.1,26.69,0.05017794,0.05480427,-0.01637011
600036SS_2022-11-11T000000_SELL_SETUP_PERFECT_-1_2022-11-11T000000_9,2022-11-11 00:00:00,600036.SS,SELL_SETUP_PERFECT,-1,120,2023-05-12 00:00:00,24.52,27.32,-0.1141925,0.00774878,-0.46451876
600036SS_2023-02-13T000000_BUY_SETUP_PERFECT_1_2023-02-13T000000_9,2023-02-13 00:00:00,600036.SS,BUY_SETUP_PERFECT,1,60,2023-05-12 00:00:00,31.0,27.32,-0.11870968,0.03548387,-0.18
600036SS_2023-02-13T000000_SELL_COUNTDOWN_CANCEL_-1_2023-01-30T000000_2,2023-02-13 00:00:00,600036.SS,SELL_COUNTDOWN_CANCEL,-1,60,2023-05-12 00:00:00,31.0,27.32,0.11870968,0.18,-0.03548387
601318SS_2022-11-14T000000_BUY_COUNTDOWN_CANCEL_1_2022-10-28T000000_2,2022-11-14 00:00:00,601318.SS,BUY_COUNTDOWN_CANCEL,1,120,2023-05-15 00:00:00,34.24,46.35,0.35367991,0.42056075,-0.02745327
601318SS_2022-11-15T000000_SELL_SETUP_PERFECT_-1_2022-11-15T000000_9,2022-11-15 00:00:00,601318.SS,SELL_SETUP_PERFECT,-1,120,2023-05-16 00:00:00,35.13,45.84,-0.30486763,0.05209223,-0.38457159
600036SS_2023-05-11T000000_BUY_COUNTDOWN_COMPLETE_PERFECT_1_2023-03-16T000000_13,2023-05-11 00:00:00,600036.SS,BUY_COUNTDOWN_COMPLETE_PERFECT,1,5,2023-05-18 00:00:00,27.73,27.73,0.0,0.02704652,-0.0266859
000651SZ_2023-04-17T000000_SELL_COUNTDOWN_COMPLETE_PERFECT_-1_2023-03-02T000000_13,2023-04-17 00:00:00,000651.SZ,SELL_COUNTDOWN_COMPLETE_PERFECT,-1,20,2023-05-18 00:00:00,32.94,27.02,0.1797207,0.20491803,-0.07164542
000651SZ_2023-05-11T000000_BUY_SETUP_PERFECT_1_2023-05-11T000000_9,2023-05-11 00:00:00,000651.SZ,BUY_SETUP_PERFECT,1,5,2023-05-18 00:00:00,26.69,27.02,0.01236418,0.02847508,-0.01873361
000651SZ_2022-11-21T000000_BUY_COUNTDOWN_COMPLETE_1_2022-09-28T000000_13,2022-11-21 00:00:00,000651.SZ,BUY_COUNTDOWN_COMPLETE,1,120,2023-05-22 00:00:00,22.79,27.88,0.22334357,0.54892497,-0.01053093
000651SZ_2023-02-21T000000_BUY_COUNTDOWN_CANCEL_1_2023-02-08T000000_2,2023-02-21 00:00:00,000651.SZ,BUY_COUNTDOWN_CANCEL,1,60,2023-05-22 00:00:00,27.83,27.88,0.00179662,0.26841538,-0.05892921
000651SZ_2023-04-19T000000_SELL_SETUP_PERFECT_-1_2023-04-19T000000_9,2023-04-19 00:00:00,000651.SZ,SELL_SETUP_PERFECT,-1,20,2023-05-22 00:00:00,32.7,27.88,0.14740061,0.19908257,-0.0795107
600519SS_2023-05-18T000000_BUY_SETUP_PERFECT_1_2023-05-18T000000_9,2023-05-18 00:00:00,600519.SS,BUY_SETUP_PERFECT,1,5,2023-05-25 00:00:00,1539.67,1549.67,0.0064949,0.04091786,-0.02302441
000858SZ_2023-04-24T000000_BUY_COUNTDOWN_COMPLETE_PERFECT_1_2023-03-17T000000_13,2023-04-24 00:00:00,000858.SZ,BUY_COUNTDOWN_COMPLETE_PERFECT,1,20,2023-05-25 00:00:00,151.23,151.42,0.00125636,0.07313364,-0.01553924
600519SS_2022-11-28T000000_BUY_COUNTDOWN_COMPLETE_1_2022-10-20T000000_13,2022-11-28 00:00:00,600519.SS,BUY_COUNTDOWN_COMPLETE,1,120,2023-05-29 00:00:00,1336.64,1537.67,0.15039951,0.33444308,0.03076371
601318SS_2023-04-27T000000_BUY_COUNTDOWN_CANCEL_1_2023-03-17T000000_11,2023-04-27 00:00:00,601318.SS,BUY_COUNTDOWN_CANCEL,1,20,2023-05-30 00:00:00,43.01,40.63,-0.05533597,0.13089979,-0.0685887
000858SZ_2022-11-30T000000_BUY_COUNTDOWN_CANCEL_1_2022-11-01T000000_6,2022-11-30 00:00:00,000858.SZ,BUY_COUNTDOWN_CANCEL,1,120,2023-05-31 00:00:00,140.09,144.41,0.03083732,0.44985367,0.02255693
000651SZ_2023-03-02T000000_SELL_SETUP_PERFECT_-1_2023-03-02T000000_9,2023-03-02 00:00:00,000651.SZ,SELL_SETUP_PERFECT,-1,60,2023-05-31 00:00:00,29.29,25.66,0.12393308,0.13280983,-0.20518948
000651SZ_2023-05-04T000000_SELL_COUNTDOWN_CANCEL_-1_2023-04-19T000000_2,2023-05-04 00:00:00,000651.SZ,SELL_COUNTDOWN_CANCEL,-1,20,2023-06-01 00:00:00,28.1,25.21,0.10284698,0.10355872,-0.01637011
601318SS_2023-05-31T000000_BUY_SETUP_PERFECT_1_2023-05-31T000000_9,2023-05-31 00:00:00,601318.SS,BUY_SETUP_PERFECT,1,5,2023-06-07 00:00:00,39.64,41.65,0.05070636,0.07391524,-0.0025227
600036SS_2023-05-31T000000_BUY_SETUP_1_2023-05-31T000000_9,2023-05-31 00:00:00,600036.SS,BUY_SETUP,1,5,2023-06-07 00:00:00,25.58,26.58,0.03909304,0.05863956,-0.01094605
000651SZ_2022-12-07T000000_SELL_SETUP_PERFECT_-1_2022-12-07T000000_9,2022-12-07 00:00:00,000651.SZ,SELL_SETUP_PERFECT,-1,120,2023-06-07 00:00:00,24.81,27.15,-0.09431681,0.04474002,-0.42281338
600036SS_2023-05-11T000000_BUY_COUNTDOWN_COMPLETE_PERFECT_1_2023-03-16T000000_13,2023-05-11 00:00:00,600036.SS,BUY_COUNTDOWN_COMPLETE_PERFECT,1,20,2023-06-08 00:00:00,27.73,27.36,-0.01334295,0.02704652,-0.08763072
000651SZ_2023-05-11T000000_BUY_SETUP_PERFECT_1_2023-05-11T000000_9,2023-05-11 00:00:00,000651.SZ,BUY_SETUP_PERFECT,1,20,2023-06-08 00:00:00,26.69,28.17,0.05545148,0.06069689,-0.05620082
600519SS_2022-12-09T000000_SELL_SETUP_PERFECT_-1_2022-12-09T000000_9,2022-12-09 00:00:00,600519.SS,SELL_SETUP_PERFECT,-1,120,2023-06-09 00:00:00,1556.76,1514.67,0.02703692,0.05787019,-0.14575786
000858SZ_2022-12-09T000000_SELL_SETUP_PERFECT_-1_2022-12-09T000000_9,2022-12-09 00:00:00,000858.SZ,SELL_SETUP_PERFECT,-1,120,2023-06-09 00:00:00,166.5,147.82,0.11219219,0.13963964,-0.21987988
601318SS_2022-12-09T000000_SELL_SETUP_PERFECT_-1_2022-12-09T000000_9,2022-12-09 00:00:00,601318.SS,SELL_SETUP_PERFECT,-1,120,2023-06-09 00:00:00,40.24,42.12,-0.04671968,0.0750497,-0.20874751
601318SS_2022-12-09T000000_SELL_COUNTDOWN_CANCEL_-1_2022-11-15T000000_8,2022-12-09 00:00:00,601318.SS,SELL_COUNTDOWN_CANCEL,-1,120,2023-06-09 00:00:00,40.24,42.12,-0.04671968,0.0750497,-0.20874751
600036SS_2022-12-09T000000_SELL_SETUP_PERFECT_-1_2022-12-09T000000_9,2022-12-09 00:00:00,600036.SS,SELL_SETUP_PERFECT,-1,120,2023-06-09 00:00:00,30.03,27.02,0.1002331,0.15750916,-0.1958042
600036SS_2022-12-09T000000_SELL_COUNTDOWN_CANCEL_-1_2022-11-11T000000_9,2022-12-09 00:00:00,600036.SS,SELL_COUNTDOWN_CANCEL,-1,120,2023-06-09 00:00:00,30.03,27.02,0.1002331,0.15750916,-0.1958042
600036SS_2023-03-14T000000_BUY_COUNTDOWN_COMPLETE_PERFECT_1_2023-02-13T000000_13,2023-03-14 00:00:00,600036.SS,BUY_COUNTDOWN_COMPLETE_PERFECT,1,60,2023-06-12 00:00:00,27.86,27.01,-0.03050969,0.06353195,-0.09188801
600036SS_2023-03-16T000000_BUY_SETUP_PERFECT_1_2023-03-16T000000_9,2023-03-16 00:00:00,600036.SS,BUY_SETUP_PERFECT,1,60,2023-06-14 00:00:00,27.93,26.67,-0.04511278,0.06086645,-0.09416398
600519SS_2023-05-18T000000_BUY_SETUP_PERFECT_1_2023-05-18T000000_9,2023-05-18 00:00:00,600519.SS,BUY_SETUP_PERFECT,1,20,2023-06-15 00:00:00,1539.67,1603.67,0.04156735,0.04198952,-0.04741276
000858SZ_2023-03-17T000000_BUY_SETUP_PERFECT_1_2023-03-17T000000_9,2023-03-17 00:00:00,000858.SZ,BUY_SETUP_PERFECT,1,60,2023-06-15 00:00:00,171.73,165.23,-0.03785011,0.07861177,-0.16584173
000858SZ_2023-03-17T000000_SELL_COUNTDOWN_CANCEL_-1_2023-01-17T000000_7,2023-03-17 00:00:00,000858.SZ,SELL_COUNTDOWN_CANCEL,-1,60,2023-06-15 00:00:00,171.73,165.23,0.03785011,0.16584173,-0.07861177
601318SS_2023-03-17T000000_BUY_SETUP_PERFECT_1_2023-03-17T000000_9,2023-03-17 00:00:00,601318.SS,BUY_SETUP_PERFECT,1,60,2023-06-15 00:00:00,38.84,42.54,0.09526262,0.2523172,-0.03578785
601318SS_2023-03-17T000000_BUY_COUNTDOWN_CANCEL_1_2023-02-09T000000_10,2023-03-17 00:00:00,601318.SS,BUY_COUNTDOWN_CANCEL,1,60,2023-06-15 00:00:00,38.84,42.54,0.09526262,0.2523172,-0.03578785
000651SZ_2023-06-14T000000_SELL_SETUP_PERFECT_-1_2023-06-14T000000_9,2023-06-14 00:00:00,000651.SZ,SELL_SETUP_PERFECT,-1,5,2023-06-21 00:00:00,29.3,28.84,0.01569966,0.021843,-0.02320819
000651SZ_2023-06-14T000000_BUY_COUNTDOWN_CANCEL_1_2023-05-11T000000_8,2023-06-14 00:00:00,000651.SZ,BUY_COUNTDOWN_CANCEL,1,5,2023-06-21 00:00:00,29.3,28.84,-0.01569966,0.02320819,-0.021843
600519SS_2023-06-16T000000_BUY_COUNTDOWN_CANCEL_1_2023-05-18T000000_8,2023-06-16 00:00:00,600519.SS,BUY_COUNTDOWN_CANCEL,1,5,2023-06-27 00:00:00,1646.36,1559.72,-0.05262519,0.00015792,-0.06237396
601318SS_2023-05-31T000000_BUY_SETUP_PERFECT_1_2023-05-31T000000_9,2023-05-31 00:00:00,601318.SS,BUY_SETUP_PERFECT,1,20,2023-06-30 00:00:00,39.64,40.52,0.0221998,0.09031282,-0.0025227
600036SS_2023-05-31T000000_BUY_SETUP_1_2023-05-31T000000_9,2023-05-31 00:00:00,600036.SS,BUY_SETUP,1,20,2023-06-30 00:00:00,25.58,26.04,0.0179828,0.07623143,-0.01094605
600519SS_2023-04-10T000000_BUY_COUNTDOWN_COMPLETE_1_2023-02-07T000000_13,2023-04-10 00:00:00,600519.SS,BUY_COUNTDOWN_COMPLETE,1,60,2023-07-10 00:00:00,1620.37,1575.48,-0.02770355,0.01746515,-0.09485488
600036SS_2023-01-06T000000_SELL_SETUP_PERFECT_-1_2023-01-06T000000_9,2023-01-06 00:00:00,600036.SS,SELL_SETUP_PERFECT,-1,120,2023-07-10 00:00:00,31.66,25.73,0.18730259,0.2008844,-0.13423879
600036SS_2023-01-06T000000_SELL_COUNTDOWN_CANCEL_-1_2022-12-09T000000_11,2023-01-06 00:00:00,600036.SS,SELL_COUNTDOWN_CANCEL,-1,120,2023-07-10 00:00:00,31.66,25.73,0.18730259,0.2008844,-0.13423879
601318SS_2023-01-09T000000_SELL_SETUP_PERFECT_-1_2023-01-09T000000_9,2023-01-09 00:00:00,601318.SS,SELL_SETUP_PERFECT,-1,120,2023-07-11 00:00:00,43.55,41.32,0.05120551,0.14144661,-0.11687715
601318SS_2023-01-09T000000_SELL_COUNTDOWN_CANCEL_-1_2022-12-09T000000_9,2023-01-09 00:00:00,601318.SS,SELL_COUNTDOWN_CANCEL,-1,120,2023-07-11 00:00:00,43.55,41.32,0.05120551,0.14144661,-0.11687715
600519SS_2023-01-10T000000_SELL_COUNTDOWN_COMPLETE_PERFECT_-1_2022-12-09T000000_13,2023-01-10 00:00:00,600519.SS,SELL_COUNTDOWN_COMPLETE_PERFECT,-1,120,2023-07-12 00:00:00,1703.12,1588.38,0.06737047,0.13883344,-0.04729555
000651SZ_2023-06-14T000000_SELL_SETUP_PERFECT_-1_2023-06-14T000000_9,2023-06-14 00:00:00,000651.SZ,SELL_SETUP_PERFECT,-1,20,2023-07-14 00:00:00,29.3,29.42,-0.00409556,0.03037543,-0.03617747
000651SZ_2023-06-14T000000_BUY_COUNTDOWN_CANCEL_1_2023-05-11T000000_8,2023-06-14 00:00:00,000651.SZ,BUY_COUNTDOWN_CANCEL,1,20,2023-07-14 00:00:00,29.3,29.42,0.00409556,0.03617747,-0.03037543
000651SZ_2023-04-17T000000_SELL_COUNTDOWN_COMPLETE_PERFECT_-1_2023-03-02T000000_13,2023-04-17 00:00:00,000651.SZ,SELL_COUNTDOWN_COMPLETE_PERFECT,-1,60,2023-07-17 00:00:00,32.94,29.56,0.10261081,0.23527626,-0.07164542
600519SS_2023-06-16T000000_BUY_COUNTDOWN_CANCEL_1_2023-05-18T000000_8,2023-06-16 00:00:00,600519.SS,BUY_COUNTDOWN_CANCEL,1,20,2023-07-18 00:00:00,1646.36,1597.38,-0.02975048,0.00015792,-0.06237396
000651SZ_2023-01-16T000000_SELL_SETUP_PERFECT_-1_2023-01-16T000000_9,2023-01-16 00:00:00,000651.SZ,SELL_SETUP_PERFECT,-1,120,2023-07-18 00:00:00,27.17,29.92,-0.10121457,0.07287449,-0.29922709
000651SZ_2023-01-16T000000_SELL_COUNTDOWN_CANCEL_-1_2022-12-07T000000_8,2023-01-16 00:00:00,000651.SZ,SELL_COUNTDOWN_CANCEL,-1,120,2023-07-18 00:00:00,27.17,29.92,-0.10121457,0.07287449,-0.29922709
600519SS_2023-01-17T000000_SELL_SETUP_PERFECT_-1_2023-01-17T000000_9,2023-01-17 00:00:00,600519.SS,SELL_SETUP_PERFECT,-1,120,2023-07-19 00:00:00,1756.67,1597.58,0.0905634,0.16508508,-0.00984818
000858SZ_2023-01-17T000000_SELL_SETUP_PERFECT_-1_2023-01-17T000000_9,2023-01-17 00:00:00,000858.SZ,SELL_SETUP_PERFECT,-1,120,2023-07-19 00:00:00,186.09,155.33,0.16529636,0.23021119,-0.09146112
000858SZ_2023-01-17T000000_SELL_COUNTDOWN_CANCEL_-1_2022-12-09T000000_11,2023-01-17 00:00:00,000858.SZ,SELL_COUNTDOWN_CANCEL,-1,120,2023-07-19 00:00:00,186.09,155.33,0.16529636,0.23021119,-0.09146112
000651SZ_2023-04-19T000000_SELL_SETUP_PERFECT_-1_2023-04-19T000000_9,2023-04-19 00:00:00,000651.SZ,SELL_SETUP_PERFECT,-1,60,2023-07-19 00:00:00,32.7,30.19,0.07675841,0.22966361,-0.0795107
000858SZ_2023-04-24T000000_BUY_COUNTDOWN_COMPLETE_PERFECT_1_2023-03-17T000000_13,2023-04-24 00:00:00,000858.SZ,BUY_COUNTDOWN_COMPLETE_PERFECT,1,60,2023-07-24 00:00:00,151.23,156.37,0.03398797,0.11637903,-0.05276731
600036SS_2023-01-30T000000_SELL_SETUP_PERFECT_-1_2023-01-30T000000_9,2023-01-30 00:00:00,600036.SS,SELL_SETUP_PERFECT,-1,120,2023-07-25 00:00:00,35.31,28.29,0.19881054,0.2834891,-0.00906259
600036SS_2023-01-30T000000_SELL_COUNTDOWN_CANCEL_-1_2023-01-06T000000_5,2023-01-30 00:00:00,600036.SS,SELL_COUNTDOWN_CANCEL,-1,120,2023-07-25 00:00:00,35.31,28.29,0.19881054,0.2834891,-0.00906259
601318SS_2023-04-27T000000_BUY_COUNTDOWN_CANCEL_1_2023-03-17T000000_11,2023-04-27 00:00:00,601318.SS,BUY_COUNTDOWN_CANCEL,1,60,2023-07-27 00:00:00,43.01,44.0,0.0230179,0.13089979,-0.08067891
601318SS_2023-07-21T000000_BUY_COUNTDOWN_COMPLETE_PERFECT_1_2023-05-31T000000_13,2023-07-21 00:00:00,601318.SS,BUY_COUNTDOWN_COMPLETE_PERFECT,1,5,2023-07-28 00:00:00,41.09,46.05,0.12071064,0.13117547,-0.01143831
000651SZ_2023-05-04T000000_SELL_COUNTDOWN_CANCEL_-1_2023-04-19T000000_2,2023-05-04 00:00:00,000651.SZ,SELL_COUNTDOWN_CANCEL,-1,60,2023-07-31 00:00:00,28.1,31.44,-0.11886121,0.10355872,-0.14519573
600036SS_2023-07-25T000000_BUY_COUNTDOWN_CANCEL_1_2023-05-31T000000_12,2023-07-25 00:00:00,600036.SS,BUY_COUNTDOWN_CANCEL,1,5,2023-08-01 00:00:00,28.29,30.01,0.06079887,0.09791446,-0.00706964
600519SS_2023-02-07T000000_BUY_SETUP_PERFECT_1_2023-02-07T000000_9,2023-02-07 00:00:00,600519.SS,BUY_SETUP_PERFECT,1,120,2023-08-02 00:00:00,1645.67,1754.58,0.06617973,0.09960077,-0.10877029
600519SS_2023-02-07T000000_SELL_COUNTDOWN_CANCEL_-1_2023-01-17T000000_1,2023-02-07 00:00:00,600519.SS,SELL_COUNTDOWN_CANCEL,-1,120,2023-08-02 00:00:00,1645.67,1754.58,-0.06617973,0.10877029,-0.09960077
000651SZ_2023-02-08T000000_BUY_SETUP_1_2023-02-08T000000_9,2023-02-08 00:00:00,000651.SZ,BUY_SETUP,1,120,2023-08-03 00:00:00,25.98,30.9,0.18937644,0.35873749,-0.03040801
000651SZ_2023-02-08T000000_SELL_COUNTDOWN_CANCEL_-1_2023-01-16T000000_2,2023-02-08 00:00:00,000651.SZ,SELL_COUNTDOWN_CANCEL,-1,120,2023-08-03 00:00:00,25.98,30.9,-0.18937644,0.03040801,-0.35873749
601318SS_2023-02-09T000000_BUY_SETUP_1_2023-02-09T000000_9,2023-02-09 00:00:00,601318.SS,BUY_SETUP,1,120,2023-08-04 00:00:00,41.96,46.02,0.09675882,0.15919924,-0.10891325
601318SS_2023-02-09T000000_SELL_COUNTDOWN_CANCEL_-1_2023-01-09T000000_5,2023-02-09 00:00:00,601318.SS,SELL_COUNTDOWN_CANCEL,-1,120,2023-08-04 00:00:00,41.96,46.02,-0.09675882,0.10891325,-0.15919924
600036SS_2023-05-11T000000_BUY_COUNTDOWN_COMPLETE_PERFECT_1_2023-03-16T000000_13,2023-05-11 00:00:00,600036.SS,BUY_COUNTDOWN_COMPLETE_PERFECT,1,60,2023-08-07 00:00:00,27.73,29.52,0.06455103,0.12008655,-0.08763072
000651SZ_2023-05-11T000000_BUY_SETUP_PERFECT_1_2023-05-11T000000_9,2023-05-11 00:00:00,000651.SZ,BUY_SETUP_PERFECT,1,60,2023-08-07 00:00:00,26.69,30.73,0.15136755,0.20569502,-0.05620082
600036SS_2023-02-13T000000_BUY_SETUP_PERFECT_1_2023-02-13T000000_9,2023-02-13 00:00:00,600036.SS,BUY_SETUP_PERFECT,1,120,2023-08-08 00:00:00,31.0,29.17,-0.05903226,0.03548387,-0.18387097
600036SS_2023-02-13T000000_SELL_COUNTDOWN_CANCEL_-1_2023-01-30T000000_2,2023-02-13 00:00:00,600036.SS,SELL_COUNTDOWN_CANCEL,-1,120,2023-08-08 00:00:00,31.0,29.17,0.05903226,0.18387097,-0.03548387
600519SS_2023-08-02T000000_SELL_SETUP_-1_2023-08-02T000000_9,2023-08-02 00:00:00,600519.SS,SELL_SETUP,-1,5,2023-08-09 00:00:00,1754.58,1764.86,-0.00585895,0.01681314,-0.01511473
600519SS_2023-05-18T000000_BUY_SETUP_PERFECT_1_2023-05-18T000000_9,2023-05-18 00:00:00,600519.SS,BUY_SETUP_PERFECT,1,60,2023-08-14 00:00:00,1539.67,1677.58,0.08957114,0.1753038,-0.04741276
000651SZ_2023-02-21T000000_BUY_COUNTDOWN_CANCEL_1_2023-02-08T000000_2,2023-02-21 00:00:00,000651.SZ,BUY_COUNTDOWN_CANCEL,1,120,2023-08-16 00:00:00,27.83,29.5,0.06000719,0.26841538,-0.09486166
601318SS_2023-07-21T000000_BUY_COUNTDOWN_COMPLETE_PERFECT_1_2023-05-31T000000_13,2023-07-21 00:00:00,601318.SS,BUY_COUNTDOWN_COMPLETE_PERFECT,1,20,2023-08-18 00:00:00,41.09,41.64,0.01338525,0.16743733,-0.01143831
000858SZ_2023-08-14T000000_BUY_SETUP_PERFECT_1_2023-08-14T000000_9,2023-08-14 00:00:00,000858.SZ,BUY_SETUP_PERFECT,1,5,2023-08-21 00:00:00,155.63,148.98,-0.04272955,0.00179914,-0.04652059
600036SS_2023-07-25T000000_BUY_COUNTDOWN_CANCEL_1_2023-05-31T000000_12,2023-07-25 00:00:00,600036.SS,BUY_COUNTDOWN_CANCEL,1,20,2023-08-22 00:00:00,28.29,26.34,-0.06892895,0.09791446,-0.08024037
000651SZ_2023-08-15T000000_BUY_SETUP_PERFECT_1_2023-08-15T000000_9,2023-08-15 00:00:00,000651.SZ,BUY_SETUP_PERFECT,1,5,2023-08-22 00:00:00,29.42,28.18,-0.0421482,0.01155676,-0.04758668
000651SZ_2023-08-15T000000_SELL_COUNTDOWN_CANCEL_-1_2023-06-14T000000_11,2023-08-15 00:00:00,000651.SZ,SELL_COUNTDOWN_CANCEL,-1,5,2023-08-22 00:00:00,29.42,28.18,0.0421482,0.04758668,-0.01155676
601318SS_2023-08-16T000000_BUY_SETUP_PERFECT_1_2023-08-16T000000_9,2023-08-16 00:00:00,601318.SS,BUY_SETUP_PERFECT,1,5,2023-08-23 00:00:00,42.47,40.58,-0.044502,0.01530492,-0.04615022
601318SS_2023-05-31T000000_BUY_SETUP_PERFECT_1_2023-05-31T000000_9,2023-05-31 00:00:00,601318.SS,BUY_SETUP_PERFECT,1,60,2023-08-25 00:00:00,39.64,41.13,0.03758829,0.21014127,-0.0025227
600036SS_2023-05-31T000000_BUY_SETUP_1_2023-05-31T000000_9,2023-05-31 00:00:00,600036.SS,BUY_SETUP,1,60,2023-08-25 00:00:00,25.58,26.58,0.03909304,0.21422987,-0.01094605
000651SZ_2023-03-02T000000_SELL_SETUP_PERFECT_-1_2023-03-02T000000_9,2023-03-02 00:00:00,000651.SZ,SELL_SETUP_PERFECT,-1,120,2023-08-25 00:00:00,29.29,28.33,0.03277569,0.13997952,-0.20518948
600036SS_2023-08-21T000000_BUY_SETUP_PERFECT_1_2023-08-21T000000_9,2023-08-21 00:00:00,600036.SS,BUY_SETUP_PERFECT,1,5,2023-08-28 00:00:00,26.15,27.28,0.04321224,0.10707457,-0.0126195
600519SS_2023-08-22T000000_BUY_SETUP_PERFECT_1_2023-08-22T000000_9,2023-08-22 00:00:00,600519.SS,BUY_SETUP_PERFECT,1,5,2023-08-29 00:00:00,1662.58,1725.91,0.0380914,0.06651109,-0.01077843
600519SS_2023-08-22T000000_SELL_COUNTDOWN_CANCEL_-1_2023-08-02T000000_2,2023-08-22 00:00:00,600519.SS,SELL_COUNTDOWN_CANCEL,-1,5,2023-08-29 00:00:00,1662.58,1725.91,-0.0380914,0.01077843,-0.06651109
600519SS_2023-08-02T000000_SELL_SETUP_-1_2023-08-02T000000_9,2023-08-02 00:00:00,600519.SS,SELL_SETUP,-1,20,2023-08-30 00:00:00,1754.58,1730.58,0.01367849,0.06264747,-0.01511473
600036SS_2023-03-14T000000_BUY_COUNTDOWN_COMPLETE_PERFECT_1_2023-02-13T000000_13,2023-03-14 00:00:00,600036.SS,BUY_COUNTDOWN_COMPLETE_PERFECT,1,120,2023-09-06 00:00:00,27.86,28.38,0.01866475,0.11486001,-0.09188801
600036SS_2023-03-16T000000_BUY_SETUP_PERFECT_1_2023-03-16T000000_9,2023-03-16 00:00:00,600036.SS,BUY_SETUP_PERFECT,1,120,2023-09-08 00:00:00,27.93,28.19,0.00930899,0.11206588,-0.09416398
000651SZ_2023-06-14T000000_SELL_SETUP_PERFECT_-1_2023-06-14T000000_9,2023-06-14 00:00:00,000651.SZ,SELL_SETUP_PERFECT,-1,60,2023-09-08 00:00:00,29.3,29.74,-0.01501706,0.05017065,-0.09829352
000651SZ_2023-06-14T000000_BUY_COUNTDOWN_CANCEL_1_2023-05-11T000000_8,2023-06-14 00:00:00,000651.SZ,BUY_COUNTDOWN_CANCEL,1,60,2023-09-08 00:00:00,29.3,29.74,0.01501706,0.09829352,-0.05017065
000858SZ_2023-03-17T000000_BUY_SETUP_PERFECT_1_2023-03-17T000000_9,2023-03-17 00:00:00,000858.SZ,BUY_SETUP_PERFECT,1,120,2023-09-11 00:00:00,171.73,151.36,-0.11861643,0.07861177,-0.17114074
000858SZ_2023-03-17T000000_SELL_COUNTDOWN_CANCEL_-1_2023-01-17T000000_7,2023-03-17 00:00:00,000858.SZ,SELL_COUNTDOWN_CANCEL,-1,120,2023-09-11 00:00:00,171.73,151.36,0.11861643,0.17114074,-0.07861177
000858SZ_2023-08-14T000000_BUY_SETUP_PERFECT_1_2023-08-14T000000_9,2023-08-14 00:00:00,000858.SZ,BUY_SETUP_PERFECT,1,20,2023-09-11 00:00:00,155.63,151.36,-0.02743687,0.00237743,-0.08539485
601318SS_2023-03-17T000000_BUY_SETUP_PERFECT_1_2023-03-17T000000_9,2023-03-17 00:00:00,601318.SS,BUY_SETUP_PERFECT,1,120,2023-09-11 00:00:00,38.84,44.48,0.14521112,0.2523172,-0.03578785
601318SS_2023-03-17T000000_BUY_COUNTDOWN_CANCEL_1_2023-02-09T000000_10,2023-03-17 00:00:00,601318.SS,BUY_COUNTDOWN_CANCEL,1,120,2023-09-11 00:00:00,38.84,44.48,0.14521112,0.2523172,-0.03578785
600519SS_2023-06-16T000000_BUY_COUNTDOWN_CANCEL_1_2023-05-18T000000_8,2023-06-16 00:00:00,600519.SS,BUY_COUNTDOWN_CANCEL,1,60,2023-09-12 00:00:00,1646.36,1694.54,0.02926456,0.09913992,-0.06237396
600519SS_2023-09-05T000000_SELL_SETUP_PERFECT_-1_2023-09-05T000000_9,2023-09-05 00:00:00,600519.SS,SELL_SETUP_PERFECT,-1,5,2023-09-12 00:00:00,1733.28,1694.54,0.02235069,0.0292509,-0.00459245
600519SS_2023-09-05T000000_BUY_COUNTDOWN_CANCEL_1_2023-08-22T000000_2,2023-09-05 00:00:00,600519.SS,BUY_COUNTDOWN_CANCEL,1,5,2023-09-12 00:00:00,1733.28,1694.54,-0.02235069,0.00459245,-0.0292509
000651SZ_2023-08-15T000000_BUY_SETUP_PERFECT_1_2023-08-15T000000_9,2023-08-15 00:00:00,000651.SZ,BUY_SETUP_PERFECT,1,20,2023-09-12 00:00:00,29.42,30.23,0.02753229,0.05404487,-0.05404487
000651SZ_2023-08-15T000000_SELL_COUNTDOWN_CANCEL_-1_2023-06-14T000000_11,2023-08-15 00:00:00,000651.SZ,SELL_COUNTDOWN_CANCEL,-1,20,2023-09-12 00:00:00,29.42,30.23,-0.02753229,0.05404487,-0.05404487
601318SS_2023-08-16T000000_BUY_SETUP_PERFECT_1_2023-08-16T000000_9,2023-08-16 00:00:00,601318.SS,BUY_SETUP_PERFECT,1,20,2023-09-13 00:00:00,42.47,43.62,0.02707794,0.08358842,-0.05085943
601318SS_2023-09-06T000000_SELL_SETUP_-1_2023-09-06T000000_9,2023-09-06 00:00:00,601318.SS,SELL_SETUP,-1,5,2023-09-13 00:00:00,45.15,43.62,0.03388704,0.04008859,0.00332226
601318SS_2023-09-06T000000_BUY_COUNTDOWN_CANCEL_1_2023-08-16T000000_5,2023-09-06 00:00:00,601318.SS,BUY_COUNTDOWN_CANCEL,1,5,2023-09-13 00:00:00,45.15,43.62,-0.03388704,-0.00332226,-0.04008859
000651SZ_2023-09-06T000000_SELL_SETUP_-1_2023-09-06T000000_9,2023-09-06 00:00:00,000651.SZ,SELL_SETUP,-1,5,2023-09-13 00:00:00,30.41,29.95,0.0151266,0.02663598,-0.00328839
000651SZ_2023-09-06T000000_BUY_COUNTDOWN_CANCEL_1_2023-08-15T000000_4,2023-09-06 00:00:00,000651.SZ,BUY_COUNTDOWN_CANCEL,1,5,2023-09-13 00:00:00,30.41,29.95,-0.0151266,0.00328839,-0.02663598
600036SS_2023-08-21T000000_BUY_SETUP_PERFECT_1_2023-08-21T000000_9,2023-08-21 00:00:00,600036.SS,BUY_SETUP_PERFECT,1,20,2023-09-18 00:00:00,26.15,28.04,0.07227533,0.10707457,-0.0126195
600519SS_2023-08-22T000000_BUY_SETUP_PERFECT_1_2023-08-22T000000_9,2023-08-22 00:00:00,600519.SS,BUY_SETUP_PERFECT,1,20,2023-09-19 00:00:00,1662.58,1701.52,0.02342143,0.06651109,-0.01077843
600519SS_2023-08-22T000000_SELL_COUNTDOWN_CANCEL_-1_2023-08-02T000000_2,2023-08-22 00:00:00,600519.SS,SELL_COUNTDOWN_CANCEL,-1,20,2023-09-19 00:00:00,1662.58,1701.52,-0.02342143,0.01077843,-0.06651109
000858SZ_2023-09-21T000000_BUY_COUNTDOWN_COMPLETE_PERFECT_1_2023-08-14T000000_13,2023-09-21 00:00:00,000858.SZ,BUY_COUNTDOWN_COMPLETE_PERFECT,1,5,2023-09-28 00:00:00,144.67,143.11,-0.01078316,0.01831755,-0.01368632
600519SS_2023-04-10T000000_BUY_COUNTDOWN_COMPLETE_1_2023-02-07T000000_13,2023-04-10 00:00:00,600519.SS,BUY_COUNTDOWN_COMPLETE,1,120,2023-10-10 00:00:00,1620.37,1644.58,0.01494103,0.11676963,-0.09485488
600519SS_2023-09-05T000000_SELL_SETUP_PERFECT_-1_2023-09-05T000000_9,2023-09-05 00:00:00,600519.SS,SELL_SETUP_PERFECT,-1,20,2023-10-11 00:00:00,1733.28,1653.08,0.04627065,0.05411705,-0.00459245
600519SS_2023-09-05T000000_BUY_COUNTDOWN_CANCEL_1_2023-08-22T000000_2,2023-09-05 00:00:00,600519.SS,BUY_COUNTDOWN_CANCEL,1,20,2023-10-11 00:00:00,1733.28,1653.08,-0.04627065,0.00459245,-0.05411705
000858SZ_2023-09-27T000000_BUY_SETUP_PERFECT_1_2023-09-27T000000_9,2023-09-27 00:00:00,000858.SZ,BUY_SETUP_PERFECT,1,5,2023-10-12 00:00:00,143.6,142.74,-0.00598886,0.00550139,-0.03335655
601318SS_2023-09-06T000000_SELL_SETUP_-1_2023-09-06T000000_9,2023-09-06 00:00:00,601318.SS,SELL_SETUP,-1,20,2023-10-12 00:00:00,45.15,42.55,0.05758583,0.07796235,0.00332226
601318SS_2023-09-06T000000_BUY_COUNTDOWN_CANCEL_1_2023-08-16T000000_5,2023-09-06 00:00:00,601318.SS,BUY_COUNTDOWN_CANCEL,1,20,2023-10-12 00:00:00,45.15,42.55,-0.05758583,-0.00332226,-0.07796235
000651SZ_2023-09-06T000000_SELL_SETUP_-1_2023-09-06T000000_9,2023-09-06 00:00:00,000651.SZ,SELL_SETUP,-1,20,2023-10-12 00:00:00,30.41,28.84,0.05162775,0.05853338,-0.00624794
000651SZ_2023-09-06T000000_BUY_COUNTDOWN_CANCEL_1_2023-08-15T000000_4,2023-09-06 00:00:00,000651.SZ,BUY_COUNTDOWN_CANCEL,1,20,2023-10-12 00:00:00,30.41,28.84,-0.05162775,0.00624794,-0.05853338
600519SS_2023-10-10T000000_SELL_COUNTDOWN_CANCEL_-1_2023-09-05T000000_4,2023-10-10 00:00:00,600519.SS,SELL_COUNTDOWN_CANCEL,-1,5,2023-10-17 00:00:00,1644.58,1600.58,0.02675455,0.03283513,-0.01716548
000651SZ_2023-04-17T000000_SELL_COUNTDOWN_COMPLETE_PERFECT_-1_2023-03-02T000000_13,2023-04-17 00:00:00,000651.SZ,SELL_COUNTDOWN_COMPLETE_PERFECT,-1,120,2023-10-17 00:00:00,32.94,28.47,0.13570128,0.23527626,-0.07164542
000651SZ_2023-04-19T000000_SELL_SETUP_PERFECT_-1_2023-04-19T000000_9,2023-04-19 00:00:00,000651.SZ,SELL_SETUP_PERFECT,-1,120,2023-10-19 00:00:00,32.7,27.39,0.16238532,0.22966361,-0.0795107
601318SS_2023-07-21T000000_BUY_COUNTDOWN_COMPLETE_PERFECT_1_2023-05-31T000000_13,2023-07-21 00:00:00,601318.SS,BUY_COUNTDOWN_COMPLETE_PERFECT,1,60,2023-10-23 00:00:00,41.09,40.06,-0.02506693,0.16743733,-0.03577513
600036SS_2023-10-16T000000_BUY_COUNTDOWN_COMPLETE_PERFECT_1_2023-08-21T000000_13,2023-10-16 00:00:00,600036.SS,BUY_COUNTDOWN_COMPLETE_PERFECT,1,5,2023-10-23 00:00:00,27.33,26.25,-0.03951701,0.01207464,-0.04793267
000858SZ_2023-04-24T000000_BUY_COUNTDOWN_COMPLETE_PERFECT_1_2023-03-17T000000_13,2023-04-24 00:00:00,000858.SZ,BUY_COUNTDOWN_COMPLETE_PERFECT,1,120,2023-10-24 00:00:00,151.23,131.06,-0.13337301,0.16101303,-0.14891225
600519SS_2023-10-18T000000_BUY_SETUP_PERFECT_1_2023-10-18T000000_9,2023-10-18 00:00:00,600519.SS,BUY_SETUP_PERFECT,1,5,2023-10-25 00:00:00,1602.58,1552.08,-0.03151169,-0.01745311,-0.06973131
600036SS_2023-07-25T000000_BUY_COUNTDOWN_CANCEL_1_2023-05-31T000000_12,2023-07-25 00:00:00,600036.SS,BUY_COUNTDOWN_CANCEL,1,60,2023-10-25 00:00:00,28.29,26.44,-0.06539413,0.09791446,-0.08731
000651SZ_2023-10-18T000000_BUY_SETUP_PERFECT_1_2023-10-18T000000_9,2023-10-18 00:00:00,000651.SZ,BUY_SETUP_PERFECT,1,5,2023-10-25 00:00:00,28.07,27.17,-0.0320627,-0.00285002,-0.04560029
000651SZ_2023-10-18T000000_SELL_COUNTDOWN_CANCEL_-1_2023-09-06T000000_4,2023-10-18 00:00:00,000651.SZ,SELL_COUNTDOWN_CANCEL,-1,5,2023-10-25 00:00:00,28.07,27.17,0.0320627,0.04560029,0.00285002
601318SS_2023-10-19T000000_SELL_COUNTDOWN_CANCEL_-1_2023-09-06T000000_3,2023-10-19 00:00:00,601318.SS,SELL_COUNTDOWN_CANCEL,-1,5,2023-10-26 00:00:00,40.17,40.74,-0.01418969,0.01369181,-0.02165795
000858SZ_2023-09-21T000000_BUY_COUNTDOWN_COMPLETE_PERFECT_1_2023-08-14T000000_13,2023-09-21 00:00:00,000858.SZ,BUY_COUNTDOWN_COMPLETE_PERFECT,1,20,2023-10-27 00:00:00,144.67,140.0,-0.03228036,0.01831755,-0.11032004
601318SS_2023-04-27T000000_BUY_COUNTDOWN_CANCEL_1_2023-03-17T000000_11,2023-04-27 00:00:00,601318.SS,BUY_COUNTDOWN_CANCEL,1,120,2023-10-27 00:00:00,43.01,40.22,-0.06486864,0.13089979,-0.08067891
000651SZ_2023-05-04T000000_SELL_COUNTDOWN_CANCEL_-1_2023-04-19T000000_2,2023-05-04 00:00:00,000651.SZ,SELL_COUNTDOWN_CANCEL,-1,120,2023-10-31 00:00:00,28.1,27.61,0.01743772,0.10355872,-0.14519573
600519SS_2023-08-02T000000_SELL_SETUP_-1_2023-08-02T000000_9,2023-08-02 00:00:00,600519.SS,SELL_SETUP,-1,60,2023-11-02 00:00:00,1754.58,1654.08,0.05727866,0.15032087,-0.01511473
000858SZ_2023-09-27T000000_BUY_SETUP_PERFECT_1_2023-09-27T000000_9,2023-09-27 00:00:00,000858.SZ,BUY_SETUP_PERFECT,1,20,2023-11-02 00:00:00,143.6,144.91,0.00912256,0.0744429,-0.10369081
600519SS_2023-10-10T000000_SELL_COUNTDOWN_CANCEL_-1_2023-09-05T000000_4,2023-10-10 00:00:00,600519.SS,SELL_COUNTDOWN_CANCEL,-1,20,2023-11-07 00:00:00,1644.58,1665.75,-0.01287259,0.09348892,-0.04864464
600036SS_2023-05-11T000000_BUY_COUNTDOWN_COMPLETE_PERFECT_1_2023-03-16T000000_13,2023-05-11 00:00:00,600036.SS,BUY_COUNTDOWN_COMPLETE_PERFECT,1,120,2023-11-07 00:00:00,27.73,25.82,-0.06887847,0.12008655,-0.08763072
000651SZ_2023-05-11T000000_BUY_SETUP_PERFECT_1_2023-05-11T000000_9,2023-05-11 00:00:00,000651.SZ,BUY_SETUP_PERFECT,1,120,2023-11-07 00:00:00,26.69,27.47,0.02922443,0.20569502,-0.05620082
600519SS_2023-11-06T000000_SELL_SETUP_-1_2023-11-06T000000_9,2023-11-06 00:00:00,600519.SS,SELL_SETUP,-1,5,2023-11-13 00:00:00,1686.58,1638.58,0.02845996,0.03262223,0.00118583
600519SS_2023-11-06T000000_BUY_COUNTDOWN_CANCEL_1_2023-10-18T000000_2,2023-11-06 00:00:00,600519.SS,BUY_COUNTDOWN_CANCEL,1,5,2023-11-13 00:00:00,1686.58,1638.58,-0.02845996,-0.00118583,-0.03262223
000858SZ_2023-11-06T000000_SELL_SETUP_-1_2023-11-06T000000_9,2023-11-06 00:00:00,000858.SZ,SELL_SETUP,-1,5,2023-11-13 00:00:00,146.85,141.89,0.03377596,0.03935989,-0.00040858
000858SZ_2023-11-06T000000_BUY_COUNTDOWN_CANCEL_1_2023-09-27T000000_11,2023-11-06 00:00:00,000858.SZ,BUY_COUNTDOWN_CANCEL,1,5,2023-11-13 00:00:00,146.85,141.89,-0.03377596,0.00040858,-0.03935989
600036SS_2023-10-16T000000_BUY_COUNTDOWN_COMPLETE_PERFECT_1_2023-08-21T000000_13,2023-10-16 00:00:00,600036.SS,BUY_COUNTDOWN_COMPLETE_PERFECT,1,20,2023-11-13 00:00:00,27.33,24.84,-0.09110867,0.01207464,-0.09879254
600519SS_2023-05-18T000000_BUY_SETUP_PERFECT_1_2023-05-18T000000_9,2023-05-18 00:00:00,600519.SS,BUY_SETUP_PERFECT,1,120,2023-11-14 00:00:00,1539.67,1639.85,0.06506589,0.1753038,-0.04741276
000858SZ_2023-08-14T000000_BUY_SETUP_PERFECT_1_2023-08-14T000000_9,2023-08-14 00:00:00,000858.SZ,BUY_SETUP_PERFECT,1,60,2023-11-14 00:00:00,155.63,142.91,-0.08173231,0.00237743,-0.17297436
600519SS_2023-10-18T000000_BUY_SETUP_PERFECT_1_2023-10-18T000000_9,2023-10-18 00:00:00,600519.SS,BUY_SETUP_PERFECT,1,20,2023-11-15 00:00:00,1602.58,1647.51,0.02803604,0.07612724,-0.06973131
000651SZ_2023-08-15T000000_BUY_SETUP_PERFECT_1_2023-08-15T000000_9,2023-08-15 00:00:00,000651.SZ,BUY_SETUP_PERFECT,1,60,2023-11-15 00:00:00,29.42,26.53,-0.09823249,0.05404487,-0.12032631
000651SZ_2023-08-15T000000_SELL_COUNTDOWN_CANCEL_-1_2023-06-14T000000_11,2023-08-15 00:00:00,000651.SZ,SELL_COUNTDOWN_CANCEL,-1,60,2023-11-15 00:00:00,29.42,26.53,0.09823249,0.12032631,-0.05404487
000651SZ_2023-10-18T000000_BUY_SETUP_PERFECT_1_2023-10-18T000000_9,2023-10-18 00:00:00,000651.SZ,BUY_SETUP_PERFECT,1,20,2023-11-15 00:00:00,28.07,26.53,-0.05486284,0.00106876,-0.07801924
000651SZ_2023-10-18T000000_SELL_COUNTDOWN_CANCEL_-1_2023-09-06T000000_4,2023-10-18 00:00:00,000651.SZ,SELL_COUNTDOWN_CANCEL,-1,20,2023-11-15 00:00:00,28.07,26.53,0.05486284,0.07801924,-0.00106876
601318SS_2023-08-16T000000_BUY_SETUP_PERFECT_1_2023-08-16T000000_9,2023-08-16 00:00:00,601318.SS,BUY_SETUP_PERFECT,1,60,2023-11-16 00:00:00,42.47,37.91,-0.10736991,0.08358842,-0.12714858
601318SS_2023-10-19T000000_SELL_COUNTDOWN_CANCEL_-1_2023-09-06T000000_3,2023-10-19 00:00:00,601318.SS,SELL_COUNTDOWN_CANCEL,-1,20,2023-11-16 00:00:00,40.17,37.91,0.05626089,0.07717202,-0.02588997
600036SS_2023-08-21T000000_BUY_SETUP_PERFECT_1_2023-08-21T000000_9,2023-08-21 00:00:00,600036.SS,BUY_SETUP_PERFECT,1,60,2023-11-21 00:00:00,26.15,25.45,-0.02676864,0.10707457,-0.0581262
600519SS_2023-08-22T000000_BUY_SETUP_PERFECT_1_2023-08-22T000000_9,2023-08-22 00:00:00,600519.SS,BUY_SETUP_PERFECT,1,60,2023-11-22 00:00:00,1662.58,1656.09,-0.00390357,0.06651109,-0.1033033
600519SS_2023-08-22T000000_SELL_COUNTDOWN_CANCEL_-1_2023-08-02T000000_2,2023-08-22 00:00:00,600519.SS,SELL_COUNTDOWN_CANCEL,-1,60,2023-11-22 00:00:00,1662.58,1656.09,0.00390357,0.1033033,-0.06651109
000651SZ_2023-11-17T000000_BUY_SETUP_1_2023-11-17T000000_9,2023-11-17 00:00:00,000651.SZ,BUY_SETUP,1,5,2023-11-24 00:00:00,26.18,26.68,0.01909855,0.02902979,-0.01107716
000651SZ_2023-11-17T000000_BUY_COUNTDOWN_CANCEL_1_2023-10-18T000000_9,2023-11-17 00:00:00,000651.SZ,BUY_COUNTDOWN_CANCEL,1,5,2023-11-24 00:00:00,26.18,26.68,0.01909855,0.02902979,-0.01107716
601318SS_2023-05-31T000000_BUY_SETUP_PERFECT_1_2023-05-31T000000_9,2023-05-31 00:00:00,601318.SS,BUY_SETUP_PERFECT,1,120,2023-11-27 00:00:00,39.64,36.89,-0.06937437,0.21014127,-0.07542886
600036SS_2023-05-31T000000_BUY_SETUP_1_2023-05-31T000000_9,2023-05-31 00:00:00,600036.SS,BUY_SETUP,1,120,2023-11-27 00:00:00,25.58,24.42,-0.04534793,0.21422987,-0.04964816
600519SS_2023-11-06T000000_SELL_SETUP_-1_2023-11-06T000000_9,2023-11-06 00:00:00,600519.SS,SELL_SETUP,-1,20,2023-12-04 00:00:00,1686.58,1625.29,0.03633981,0.04467028,0.00118583
600519SS_2023-11-06T000000_BUY_COUNTDOWN_CANCEL_1_2023-10-18T000000_2,2023-11-06 00:00:00,600519.SS,BUY_COUNTDOWN_CANCEL,1,20,2023-12-04 00:00:00,1686.58,1625.29,-0.03633981,-0.00118583,-0.04467028
000858SZ_2023-11-06T000000_SELL_SETUP_-1_2023-11-06T000000_9,2023-11-06 00:00:00,000858.SZ,SELL_SETUP,-1,20,2023-12-04 00:00:00,146.85,132.86,0.09526728,0.09703779,-0.00040858
000858SZ_2023-11-06T000000_BUY_COUNTDOWN_CANCEL_1_2023-09-27T000000_11,2023-11-06 00:00:00,000858.SZ,BUY_COUNTDOWN_CANCEL,1,20,2023-12-04 00:00:00,146.85,132.86,-0.09526728,0.00040858,-0.09703779
600519SS_2023-09-05T000000_SELL_SETUP_PERFECT_-1_2023-09-05T000000_9,2023-09-05 00:00:00,600519.SS,SELL_SETUP_PERFECT,-1,60,2023-12-06 00:00:00,1733.28,1577.58,0.08982969,0.1398793,-0.00459245
600519SS_2023-09-05T000000_BUY_COUNTDOWN_CANCEL_1_2023-08-22T000000_2,2023-09-05 00:00:00,600519.SS,BUY_COUNTDOWN_CANCEL,1,60,2023-12-06 00:00:00,1733.28,1577.58,-0.08982969,0.00459245,-0.1398793
000858SZ_2023-11-30T000000_BUY_SETUP_PERFECT_1_2023-11-30T000000_9,2023-11-30 00:00:00,000858.SZ,BUY_SETUP_PERFECT,1,5,2023-12-07 00:00:00,136.16,129.53,-0.04869271,-0.00110165,-0.0561839
000858SZ_2023-11-30T000000_SELL_COUNTDOWN_CANCEL_-1_2023-11-06T000000_1,2023-11-30 00:00:00,000858.SZ,SELL_COUNTDOWN_CANCEL,-1,5,2023-12-07 00:00:00,136.16,129.53,0.04869271,0.0561839,0.00110165
601318SS_2023-09-06T000000_SELL_SETUP_-1_2023-09-06T000000_9,2023-09-06 00:00:00,601318.SS,SELL_SETUP,-1,60,2023-12-07 00:00:00,45.15,34.38,0.23853821,0.24872647,0.00332226
601318SS_2023-09-06T000000_BUY_COUNTDOWN_CANCEL_1_2023-08-16T000000_5,2023-09-06 00:00:00,601318.SS,BUY_COUNTDOWN_CANCEL,1,60,2023-12-07 00:00:00,45.15,34.38,-0.23853821,-0.00332226,-0.24872647
000651SZ_2023-09-06T000000_SELL_SETUP_-1_2023-09-06T000000_9,2023-09-06 00:00:00,000651.SZ,SELL_SETUP,-1,60,2023-12-07 00:00:00,30.41,26.5,0.12857613,0.14896416,-0.00624794
000651SZ_2023-09-06T000000_BUY_COUNTDOWN_CANCEL_1_2023-08-15T000000_4,2023-09-06 00:00:00,000651.SZ,BUY_COUNTDOWN_CANCEL,1,60,2023-12-07 00:00:00,30.41,26.5,-0.12857613,0.00624794,-0.14896416
600036SS_2023-12-01T000000_BUY_SETUP_PERFECT_1_2023-12-01T000000_9,2023-12-01 00:00:00,600036.SS,BUY_SETUP_PERFECT,1,5,2023-12-08 00:00:00,23.28,22.52,-0.03264605,0.00859107,-0.04166667
000651SZ_2023-06-14T000000_SELL_SETUP_PERFECT_-1_2023-06-14T000000_9,2023-06-14 00:00:00,000651.SZ,SELL_SETUP_PERFECT,-1,120,2023-12-11 00:00:00,29.3,26.52,0.09488055,0.11672355,-0.09829352
000651SZ_2023-06-14T000000_BUY_COUNTDOWN_CANCEL_1_2023-05-11T000000_8,2023-06-14 00:00:00,000651.SZ,BUY_COUNTDOWN_CANCEL,1,120,2023-12-11 00:00:00,29.3,26.52,-0.09488055,0.09829352,-0.11672355
600519SS_2023-06-16T000000_BUY_COUNTDOWN_CANCEL_1_2023-05-18T000000_8,2023-06-16 00:00:00,600519.SS,BUY_COUNTDOWN_CANCEL,1,120,2023-12-13 00:00:00,1646.36,1534.58,-0.06789524,0.09913992,-0.09446901
601318SS_2023-12-06T000000_BUY_SETUP_PERFECT_1_2023-12-06T000000_9,2023-12-06 00:00:00,601318.SS,BUY_SETUP_PERFECT,1,5,2023-12-13 00:00:00,34.57,33.93,-0.01851316,0.00809951,-0.02805901
000651SZ_2023-11-17T000000_BUY_SETUP_1_2023-11-17T000000_9,2023-11-17 00:00:00,000651.SZ,BUY_SETUP,1,20,2023-12-15 00:00:00,26.18,26.78,0.02291826,0.03437739,-0.01107716
000651SZ_2023-11-17T000000_BUY_COUNTDOWN_CANCEL_1_2023-10-18T000000_9,2023-11-17 00:00:00,000651.SZ,BUY_COUNTDOWN_CANCEL,1,20,2023-12-15 00:00:00,26.18,26.78,0.02291826,0.03437739,-0.01107716
600519SS_2023-12-13T000000_SELL_COUNTDOWN_CANCEL_-1_2023-11-06T000000_6,2023-12-13 00:00:00,600519.SS,SELL_COUNTDOWN_CANCEL,-1,5,2023-12-20 00:00:00,1534.58,1543.48,-0.00579963,0.0162911,-0.01294817
000858SZ_2023-09-21T000000_BUY_COUNTDOWN_COMPLETE_PERFECT_1_2023-08-14T000000_13,2023-09-21 00:00:00,000858.SZ,BUY_COUNTDOWN_COMPLETE_PERFECT,1,60,2023-12-22 00:00:00,144.67,120.43,-0.16755374,0.06649616,-0.18096357
000858SZ_2023-09-27T000000_BUY_SETUP_PERFECT_1_2023-09-27T000000_9,2023-09-27 00:00:00,000858.SZ,BUY_SETUP_PERFECT,1,60,2023-12-28 00:00:00,143.6,127.11,-0.11483287,0.0744429,-0.17486072
000858SZ_2023-11-30T000000_BUY_SETUP_PERFECT_1_2023-11-30T000000_9,2023-11-30 00:00:00,000858.SZ,BUY_SETUP_PERFECT,1,20,2023-12-28 00:00:00,136.16,127.11,-0.06646592,-0.00110165,-0.1297738
000858SZ_2023-11-30T000000_SELL_COUNTDOWN_CANCEL_-1_2023-11-06T000000_1,2023-11-30 00:00:00,000858.SZ,SELL_COUNTDOWN_CANCEL,-1,20,2023-12-28 00:00:00,136.16,127.11,0.06646592,0.1297738,0.00110165
600036SS_2023-12-01T000000_BUY_SETUP_PERFECT_1_2023-12-01T000000_9,2023-12-01 00:00:00,600036.SS,BUY_SETUP_PERFECT,1,20,2023-12-29 00:00:00,23.28,22.84,-0.01890034,0.00859107,-0.05841924
600519SS_2023-10-10T000000_SELL_COUNTDOWN_CANCEL_-1_2023-09-05T000000_4,2023-10-10 00:00:00,600519.SS,SELL_COUNTDOWN_CANCEL,-1,60,2024-01-03 00:00:00,1644.58,1587.69,0.03459242,0.09348892,-0.04864464
601318SS_2023-12-06T000000_BUY_SETUP_PERFECT_1_2023-12-06T000000_9,2023-12-06 00:00:00,601318.SS,BUY_SETUP_PERFECT,1,20,2024-01-04 00:00:00,34.57,33.94,-0.01822389,0.0263234,-0.04049754
600036SS_2023-10-16T000000_BUY_COUNTDOWN_COMPLETE_PERFECT_1_2023-08-21T000000_13,2023-10-16 00:00:00,600036.SS,BUY_COUNTDOWN_COMPLETE_PERFECT,1,60,2024-01-09 00:00:00,27.33,23.19,-0.15148189,0.01207464,-0.19795097
601318SS_2024-01-03T000000_SELL_SETUP_-1_2024-01-03T000000_9,2024-01-03 00:00:00,601318.SS,SELL_SETUP,-1,5,2024-01-10 00:00:00,34.44,32.86,0.04587689,0.04587689,-0.00522648
601318SS_2024-01-03T000000_BUY_COUNTDOWN_CANCEL_1_2023-12-06T000000_7,2024-01-03 00:00:00,601318.SS,BUY_COUNTDOWN_CANCEL,1,5,2024-01-10 00:00:00,34.44,32.86,-0.04587689,0.00522648,-0.04587689
600519SS_2023-10-18T000000_BUY_SETUP_PERFECT_1_2023-10-18T000000_9,2023-10-18 00:00:00,600519.SS,BUY_SETUP_PERFECT,1,60,2024-01-11 00:00:00,1602.58,1540.26,-0.03888729,0.07612724,-0.06973131
600519SS_2023-12-13T000000_SELL_COUNTDOWN_CANCEL_-1_2023-11-06T000000_6,2023-12-13 00:00:00,600519.SS,SELL_COUNTDOWN_CANCEL,-1,20,2024-01-11 00:00:00,1534.58,1540.26,-0.00370134,0.0162911,-0.0708272
000651SZ_2023-10-18T000000_BUY_SETUP_PERFECT_1_2023-10-18T000000_9,2023-10-18 00:00:00,000651.SZ,BUY_SETUP_PERFECT,1,60,2024-01-11 00:00:00,28.07,27.27,-0.02850018,0.00106876,-0.12860705
000651SZ_2023-10-18T000000_SELL_COUNTDOWN_CANCEL_-1_2023-09-06T000000_4,2023-10-18 00:00:00,000651.SZ,SELL_COUNTDOWN_CANCEL,-1,60,2024-01-11 00:00:00,28.07,27.27,0.02850018,0.12860705,-0.00106876
601318SS_2023-10-19T000000_SELL_COUNTDOWN_CANCEL_-1_2023-09-06T000000_3,2023-10-19 00:00:00,601318.SS,SELL_COUNTDOWN_CANCEL,-1,60,2024-01-12 00:00:00,40.17,33.07,0.17674882,0.18695544,-0.02588997
601318SS_2023-07-21T000000_BUY_COUNTDOWN_COMPLETE_PERFECT_1_2023-05-31T000000_13,2023-07-21 00:00:00,601318.SS,BUY_COUNTDOWN_COMPLETE_PERFECT,1,120,2024-01-16 00:00:00,41.09,33.74,-0.17887564,0.16743733,-0.20515941
601318SS_2024-01-10T000000_SELL_COUNTDOWN_CANCEL_-1_2024-01-03T000000_0,2024-01-10 00:00:00,601318.SS,SELL_COUNTDOWN_CANCEL,-1,5,2024-01-17 00:00:00,32.86,33.05,-0.00578211,0.00608643,-0.02860621
600036SS_2023-07-25T000000_BUY_COUNTDOWN_CANCEL_1_2023-05-31T000000_12,2023-07-25 00:00:00,600036.SS,BUY_COUNTDOWN_CANCEL,1,120,2024-01-18 00:00:00,28.29,24.6,-0.13043478,0.09791446,-0.2251679
600519SS_2024-01-16T000000_BUY_SETUP_PERFECT_1_2024-01-16T000000_9,2024-01-16 00:00:00,600519.SS,BUY_SETUP_PERFECT,1,5,2024-01-23 00:00:00,1533.12,1512.69,-0.01332577,0.00232858,-0.05471196
000651SZ_2024-01-16T000000_BUY_COUNTDOWN_CANCEL_1_2023-11-17T000000_6,2024-01-16 00:00:00,000651.SZ,BUY_COUNTDOWN_CANCEL,1,5,2024-01-23 00:00:00,27.79,26.63,-0.04174163,0.00215905,-0.04965815
000858SZ_2024-01-17T000000_BUY_COUNTDOWN_COMPLETE_PERFECT_1_2023-11-30T000000_13,2024-01-17 00:00:00,000858.SZ,BUY_COUNTDOWN_COMPLETE_PERFECT,1,5,2024-01-24 00:00:00,112.15,115.06,0.02594739,0.03896567,-0.01738743
600036SS_2024-01-17T000000_SELL_SETUP_PERFECT_-1_2024-01-17T000000_9,2024-01-17 00:00:00,600036.SS,SELL_SETUP_PERFECT,-1,5,2024-01-24 00:00:00,24.21,25.11,-0.03717472,0.0243701,-0.05410987
600036SS_2024-01-17T000000_BUY_COUNTDOWN_CANCEL_1_2023-12-01T000000_8,2024-01-17 00:00:00,600036.SS,BUY_COUNTDOWN_CANCEL,1,5,2024-01-24 00:00:00,24.21,25.11,0.03717472,0.05410987,-0.0243701
000651SZ_2024-01-17T000000_SELL_SETUP_PERFECT_-1_2024-01-17T000000_9,2024-01-17 00:00:00,000651.SZ,SELL_SETUP_PERFECT,-1,5,2024-01-24 00:00:00,27.35,27.33,0.00073126,0.03436929,-0.0047532
600519SS_2023-08-02T000000_SELL_SETUP_-1_2023-08-02T000000_9,2023-08-02 00:00:00,600519.SS,SELL_SETUP,-1,120,2024-01-26 00:00:00,1754.58,1531.01,0.12742081,0.17402455,-0.01511473
600519SS_2023-11-06T000000_SELL_SETUP_-1_2023-11-06T000000_9,2023-11-06 00:00:00,600519.SS,SELL_SETUP,-1,60,2024-01-30 00:00:00,1686.58,1506.69,0.10665963,0.14072265,0.00118583
600519SS_2023-11-06T000000_BUY_COUNTDOWN_CANCEL_1_2023-10-18T000000_2,2023-11-06 00:00:00,600519.SS,BUY_COUNTDOWN_CANCEL,1,60,2024-01-30 00:00:00,1686.58,1506.69,-0.10665963,-0.00118583,-0.14072265
000858SZ_2023-11-06T000000_SELL_SETUP_-1_2023-11-06T000000_9,2023-11-06 00:00:00,000858.SZ,SELL_SETUP,-1,60,2024-01-30 00:00:00,146.85,114.72,0.21879469,0.2495744,-0.00040858
000858SZ_2023-11-06T000000_BUY_COUNTDOWN_CANCEL_1_2023-09-27T000000_11,2023-11-06 00:00:00,000858.SZ,BUY_COUNTDOWN_CANCEL,1,60,2024-01-30 00:00:00,146.85,114.72,-0.21879469,0.00040858,-0.2495744
601318SS_2024-01-03T000000_SELL_SETUP_-1_2024-01-03T000000_9,2024-01-03 00:00:00,601318.SS,SELL_SETUP,-1,20,2024-01-31 00:00:00,34.44,35.55,-0.03222997,0.05168409,-0.06649245
601318SS_2024-01-03T000000_BUY_COUNTDOWN_CANCEL_1_2023-12-06T000000_7,2024-01-03 00:00:00,601318.SS,BUY_COUNTDOWN_CANCEL,1,20,2024-01-31 00:00:00,34.44,35.55,0.03222997,0.06649245,-0.05168409
601318SS_2024-01-30T000000_SELL_SETUP_PERFECT_-1_2024-01-30T000000_9,2024-01-30 00:00:00,601318.SS,SELL_SETUP_PERFECT,-1,5,2024-02-06 00:00:00,35.23,36.6,-0.03888731,0.03377803,-0.0422935
600036SS_2024-01-30T000000_SELL_SETUP_PERFECT_-1_2024-01-30T000000_9,2024-01-30 00:00:00,600036.SS,SELL_SETUP_PERFECT,-1,5,2024-02-06 00:00:00,26.02,26.35,-0.01268255,0.05226749,-0.01345119
600036SS_2024-01-30T000000_SELL_COUNTDOWN_CANCEL_-1_2024-01-17T000000_8,2024-01-30 00:00:00,600036.SS,SELL_COUNTDOWN_CANCEL,-1,5,2024-02-06 00:00:00,26.02,26.35,-0.01268255,0.05226749,-0.01345119
000858SZ_2023-08-14T000000_BUY_SETUP_PERFECT_1_2023-08-14T000000_9,2023-08-14 00:00:00,000858.SZ,BUY_SETUP_PERFECT,1,120,2024-02-07 00:00:00,155.63,120.88,-0.223286,0.00237743,-0.29595836
601318SS_2024-01-10T000000_SELL_COUNTDOWN_CANCEL_-1_2024-01-03T000000_0,2024-01-10 00:00:00,601318.SS,SELL_COUNTDOWN_CANCEL,-1,20,2024-02-07 00:00:00,32.86,37.42,-0.13877054,0.00608643,-0.13937918
000651SZ_2023-08-15T000000_BUY_SETUP_PERFECT_1_2023-08-15T000000_9,2023-08-15 00:00:00,000651.SZ,BUY_SETUP_PERFECT,1,120,2024-02-08 00:00:00,29.42,29.82,0.01359619,0.05404487,-0.16859279
000651SZ_2023-08-15T000000_SELL_COUNTDOWN_CANCEL_-1_2023-06-14T000000_11,2023-08-15 00:00:00,000651.SZ,SELL_COUNTDOWN_CANCEL,-1,120,2024-02-08 00:00:00,29.42,29.82,-0.01359619,0.16859279,-0.05404487
601318SS_2023-08-16T000000_BUY_SETUP_PERFECT_1_2023-08-16T000000_9,2023-08-16 00:00:00,601318.SS,BUY_SETUP_PERFECT,1,120,2024-02-19 00:00:00,42.47,37.77,-0.11066635,0.08358842,-0.23098658
000651SZ_2023-11-17T000000_BUY_SETUP_1_2023-11-17T000000_9,2023-11-17 00:00:00,000651.SZ,BUY_SETUP,1,60,2024-02-20 00:00:00,26.18,31.64,0.20855615,0.21008403,-0.06569901
000651SZ_2023-11-17T000000_BUY_COUNTDOWN_CANCEL_1_2023-10-18T000000_9,2023-11-17 00:00:00,000651.SZ,BUY_COUNTDOWN_CANCEL,1,60,2024-02-20 00:00:00,26.18,31.64,0.20855615,0.21008403,-0.06569901
000651SZ_2024-02-05T000000_SELL_SETUP_PERFECT_-1_2024-02-05T000000_9,2024-02-05 00:00:00,000651.SZ,SELL_SETUP_PERFECT,-1,5,2024-02-20 00:00:00,29.76,31.64,-0.06317204,0.02049731,-0.06451613
000651SZ_2024-02-05T000000_SELL_COUNTDOWN_CANCEL_-1_2024-01-17T000000_4,2024-02-05 00:00:00,000651.SZ,SELL_COUNTDOWN_CANCEL,-1,5,2024-02-20 00:00:00,29.76,31.64,-0.06317204,0.02049731,-0.06451613
600519SS_2024-01-16T000000_BUY_SETUP_PERFECT_1_2024-01-16T000000_9,2024-01-16 00:00:00,600519.SS,BUY_SETUP_PERFECT,1,20,2024-02-21 00:00:00,1533.12,1611.35,0.05102666,0.06424807,-0.05471196
000651SZ_2024-01-16T000000_BUY_COUNTDOWN_CANCEL_1_2023-11-17T000000_6,2024-01-16 00:00:00,000651.SZ,BUY_COUNTDOWN_CANCEL,1,20,2024-02-21 00:00:00,27.79,31.55,0.13530047,0.15257287,-0.04965815
600519SS_2024-02-07T000000_BUY_COUNTDOWN_CANCEL_1_2024-01-16T000000_5,2024-02-07 00:00:00,600519.SS,BUY_COUNTDOWN_CANCEL,1,5,2024-02-22 00:00:00,1604.68,1612.07,0.00460528,0.01678839,-0.03391954
000858SZ_2024-01-17T000000_BUY_COUNTDOWN_COMPLETE_PERFECT_1_2023-11-30T000000_13,2024-01-17 00:00:00,000858.SZ,BUY_COUNTDOWN_COMPLETE_PERFECT,1,20,2024-02-22 00:00:00,112.15,128.11,0.14230941,0.15639768,-0.0230049
600036SS_2023-08-21T000000_BUY_SETUP_PERFECT_1_2023-08-21T000000_9,2023-08-21 00:00:00,600036.SS,BUY_SETUP_PERFECT,1,120,2024-02-22 00:00:00,26.15,27.82,0.06386233,0.10707457,-0.16175908
600036SS_2024-01-17T000000_SELL_SETUP_PERFECT_-1_2024-01-17T000000_9,2024-01-17 00:00:00,600036.SS,SELL_SETUP_PERFECT,-1,20,2024-02-22 00:00:00,24.21,27.82,-0.14911194,0.0243701,-0.17348203
600036SS_2024-01-17T000000_BUY_COUNTDOWN_CANCEL_1_2023-12-01T000000_8,2024-01-17 00:00:00,600036.SS,BUY_COUNTDOWN_CANCEL,1,20,2024-02-22 00:00:00,24.21,27.82,0.14911194,0.17348203,-0.0243701
000651SZ_2024-01-17T000000_SELL_SETUP_PERFECT_-1_2024-01-17T000000_9,2024-01-17 00:00:00,000651.SZ,SELL_SETUP_PERFECT,-1,20,2024-02-22 00:00:00,27.35,31.96,-0.16855576,0.03436929,-0.17111517
600519SS_2023-08-22T000000_BUY_SETUP_PERFECT_1_2023-08-22T000000_9,2023-08-22 00:00:00,600519.SS,BUY_SETUP_PERFECT,1,120,2024-02-23 00:00:00,1662.58,1607.78,-0.03296082,0.06651109,-0.12831864
600519SS_2023-08-22T000000_SELL_COUNTDOWN_CANCEL_-1_2023-08-02T000000_2,2023-08-22 00:00:00,600519.SS,SELL_COUNTDOWN_CANCEL,-1,120,2024-02-23 00:00:00,1662.58,1607.78,0.03296082,0.12831864,-0.06651109
601318SS_2024-02-23T000000_SELL_SETUP_PERFECT_-1_2024-02-23T000000_9,2024-02-23 00:00:00,601318.SS,SELL_SETUP_PERFECT,-1,5,2024-03-01 00:00:00,39.11,38.03,0.02761442,0.04014319,0.00409103
601318SS_2024-02-23T000000_SELL_COUNTDOWN_CANCEL_-1_2024-01-30T000000_7,2024-02-23 00:00:00,601318.SS,SELL_COUNTDOWN_CANCEL,-1,5,2024-03-01 00:00:00,39.11,38.03,0.02761442,0.04014319,0.00409103
000858SZ_2023-11-30T000000_BUY_SETUP_PERFECT_1_2023-11-30T000000_9,2023-11-30 00:00:00,000858.SZ,BUY_SETUP_PERFECT,1,60,2024-03-04 00:00:00,136.16,127.34,-0.06477673,-0.00110165,-0.19528496
000858SZ_2023-11-30T000000_SELL_COUNTDOWN_CANCEL_-1_2023-11-06T000000_1,2023-11-30 00:00:00,000858.SZ,SELL_COUNTDOWN_CANCEL,-1,60,2024-03-04 00:00:00,136.16,127.34,0.06477673,0.19528496,0.00110165
000858SZ_2024-02-26T000000_SELL_SETUP_PERFECT_-1_2024-02-26T000000_9,2024-02-26 00:00:00,000858.SZ,SELL_SETUP_PERFECT,-1,5,2024-03-04 00:00:00,126.77,127.34,-0.00449633,0.013489,-0.03171097
600036SS_2024-02-26T000000_SELL_SETUP_PERFECT_-1_2024-02-26T000000_9,2024-02-26 00:00:00,600036.SS,SELL_SETUP_PERFECT,-1,5,2024-03-04 00:00:00,27.27,26.54,0.02676934,0.02860286,-0.00550055
600036SS_2024-02-26T000000_SELL_COUNTDOWN_CANCEL_-1_2024-01-30T000000_6,2024-02-26 00:00:00,600036.SS,SELL_COUNTDOWN_CANCEL,-1,5,2024-03-04 00:00:00,27.27,26.54,0.02676934,0.02860286,-0.00550055
000651SZ_2024-02-26T000000_SELL_SETUP_PERFECT_-1_2024-02-26T000000_9,2024-02-26 00:00:00,000651.SZ,SELL_SETUP_PERFECT,-1,5,2024-03-04 00:00:00,32.56,33.75,-0.03654791,0.01105651,-0.06511057
000651SZ_2024-02-26T000000_SELL_COUNTDOWN_CANCEL_-1_2024-02-05T000000_7,2024-02-26 00:00:00,000651.SZ,SELL_COUNTDOWN_CANCEL,-1,5,2024-03-04 00:00:00,32.56,33.75,-0.03654791,0.01105651,-0.06511057
600036SS_2023-12-01T000000_BUY_SETUP_PERFECT_1_2023-12-01T000000_9,2023-12-01 00:00:00,600036.SS,BUY_SETUP_PERFECT,1,60,2024-03-05 00:00:00,23.28,27.2,0.16838488,0.22079038,-0.05841924
601318SS_2024-01-30T000000_SELL_SETUP_PERFECT_-1_2024-01-30T000000_9,2024-01-30 00:00:00,601318.SS,SELL_SETUP_PERFECT,-1,20,2024-03-06 00:00:00,35.23,37.54,-0.06556912,0.03377803,-0.12091967
600036SS_2024-01-30T000000_SELL_SETUP_PERFECT_-1_2024-01-30T000000_9,2024-01-30 00:00:00,600036.SS,SELL_SETUP_PERFECT,-1,20,2024-03-06 00:00:00,26.02,26.89,-0.03343582,0.05226749,-0.09223674
600036SS_2024-01-30T000000_SELL_COUNTDOWN_CANCEL_-1_2024-01-17T000000_8,2024-01-30 00:00:00,600036.SS,SELL_COUNTDOWN_CANCEL,-1,20,2024-03-06 00:00:00,26.02,26.89,-0.03343582,0.05226749,-0.09223674
600519SS_2023-09-05T000000_SELL_SETUP_PERFECT_-1_2023-09-05T000000_9,2023-09-05 00:00:00,600519.SS,SELL_SETUP_PERFECT,-1,120,2024-03-08 00:00:00,1733.28,1565.12,0.09701837,0.16387427,-0.00459245
600519SS_2023-09-05T000000_BUY_COUNTDOWN_CANCEL_1_2023-08-22T000000_2,2023-09-05 00:00:00,600519.SS,BUY_COUNTDOWN_CANCEL,1,120,2024-03-08 00:00:00,1733.28,1565.12,-0.09701837,0.00459245,-0.16387427
601318SS_2023-12-06T000000_BUY_SETUP_PERFECT_1_2023-12-06T000000_9,2023-12-06 00:00:00,601318.SS,BUY_SETUP_PERFECT,1,60,2024-03-08 00:00:00,34.57,37.92,0.09690483,0.14231993,-0.05525022
601318SS_2023-09-06T000000_SELL_SETUP_-1_2023-09-06T000000_9,2023-09-06 00:00:00,601318.SS,SELL_SETUP,-1,120,2024-03-11 00:00:00,45.15,38.2,0.15393134,0.27663344,0.00332226
601318SS_2023-09-06T000000_BUY_COUNTDOWN_CANCEL_1_2023-08-16T000000_5,2023-09-06 00:00:00,601318.SS,BUY_COUNTDOWN_CANCEL,1,120,2024-03-11 00:00:00,45.15,38.2,-0.15393134,-0.00332226,-0.27663344
000651SZ_2023-09-06T000000_SELL_SETUP_-1_2023-09-06T000000_9,2023-09-06 00:00:00,000651.SZ,SELL_SETUP,-1,120,2024-03-11 00:00:00,30.41,34.15,-0.12298586,0.19565932,-0.14863532
000651SZ_2023-09-06T000000_BUY_COUNTDOWN_CANCEL_1_2023-08-15T000000_4,2023-09-06 00:00:00,000651.SZ,BUY_COUNTDOWN_CANCEL,1,120,2024-03-11 00:00:00,30.41,34.15,0.12298586,0.14863532,-0.19565932
000651SZ_2024-02-05T000000_SELL_SETUP_PERFECT_-1_2024-02-05T000000_9,2024-02-05 00:00:00,000651.SZ,SELL_SETUP_PERFECT,-1,20,2024-03-12 00:00:00,29.76,32.94,-0.10685484,0.02049731,-0.17372312
000651SZ_2024-02-05T000000_SELL_COUNTDOWN_CANCEL_-1_2024-01-17T000000_4,2024-02-05 00:00:00,000651.SZ,SELL_COUNTDOWN_CANCEL,-1,20,2024-03-12 00:00:00,29.76,32.94,-0.10685484,0.02049731,-0.17372312
600519SS_2024-02-07T000000_BUY_COUNTDOWN_CANCEL_1_2024-01-16T000000_5,2024-02-07 00:00:00,600519.SS,BUY_COUNTDOWN_CANCEL,1,20,2024-03-14 00:00:00,1604.68,1610.32,0.00351472,0.02374928,-0.03391954
600519SS_2023-12-13T000000_SELL_COUNTDOWN_CANCEL_-1_2023-11-06T000000_6,2023-12-13 00:00:00,600519.SS,SELL_COUNTDOWN_CANCEL,-1,60,2024-03-15 00:00:00,1534.58,1611.18,-0.04991594,0.05561131,-0.0708272
000651SZ_2024-03-08T000000_SELL_SETUP_PERFECT_-1_2024-03-08T000000_9,2024-03-08 00:00:00,000651.SZ,SELL_SETUP_PERFECT,-1,5,2024-03-15 00:00:00,34.65,32.5,0.06204906,0.07099567,-0.00808081
000651SZ_2024-03-08T000000_SELL_COUNTDOWN_CANCEL_-1_2024-02-26T000000_7,2024-03-08 00:00:00,000651.SZ,SELL_COUNTDOWN_CANCEL,-1,5,2024-03-15 00:00:00,34.65,32.5,0.06204906,0.07099567,-0.00808081
601318SS_2024-02-23T000000_SELL_SETUP_PERFECT_-1_2024-02-23T000000_9,2024-02-23 00:00:00,601318.SS,SELL_SETUP_PERFECT,-1,20,2024-03-22 00:00:00,39.11,35.6,0.08974687,0.09767323,0.00409103
601318SS_2024-02-23T000000_SELL_COUNTDOWN_CANCEL_-1_2024-01-30T000000_7,2024-02-23 00:00:00,601318.SS,SELL_COUNTDOWN_CANCEL,-1,20,2024-03-22 00:00:00,39.11,35.6,0.08974687,0.09767323,0.00409103
000858SZ_2024-02-26T000000_SELL_SETUP_PERFECT_-1_2024-02-26T000000_9,2024-02-26 00:00:00,000858.SZ,SELL_SETUP_PERFECT,-1,20,2024-03-25 00:00:00,126.77,138.73,-0.09434409,0.02445374,-0.15153427
600036SS_2024-02-26T000000_SELL_SETUP_PERFECT_-1_2024-02-26T000000_9,2024-02-26 00:00:00,600036.SS,SELL_SETUP_PERFECT,-1,20,2024-03-25 00:00:00,27.27,26.37,0.0330033,0.05830583,-0.00550055
600036SS_2024-02-26T000000_SELL_COUNTDOWN_CANCEL_-1_2024-01-30T000000_6,2024-02-26 00:00:00,600036.SS,SELL_COUNTDOWN_CANCEL,-1,20,2024-03-25 00:00:00,27.27,26.37,0.0330033,0.05830583,-0.00550055
000651SZ_2024-02-26T000000_SELL_SETUP_PERFECT_-1_2024-02-26T000000_9,2024-02-26 00:00:00,000651.SZ,SELL_SETUP_PERFECT,-1,20,2024-03-25 00:00:00,32.56,31.84,0.02211302,0.03470516,-0.0727887
000651SZ_2024-02-26T000000_SELL_COUNTDOWN_CANCEL_-1_2024-02-05T000000_7,2024-02-26 00:00:00,000651.SZ,SELL_COUNTDOWN_CANCEL,-1,20,2024-03-25 00:00:00,32.56,31.84,0.02211302,0.03470516,-0.0727887
000651SZ_2024-03-18T000000_SELL_COUNTDOWN_CANCEL_-1_2024-03-08T000000_1,2024-03-18 00:00:00,000651.SZ,SELL_COUNTDOWN_CANCEL,-1,5,2024-03-25 00:00:00,31.98,31.84,0.00437774,0.01719825,-0.01000625
000858SZ_2023-09-21T000000_BUY_COUNTDOWN_COMPLETE_PERFECT_1_2023-08-14T000000_13,2023-09-21 00:00:00,000858.SZ,BUY_COUNTDOWN_COMPLETE_PERFECT,1,120,2024-03-26 00:00:00,144.67,142.23,-0.01686597,0.06649616,-0.24262114
000651SZ_2024-03-22T000000_BUY_SETUP_1_2024-03-22T000000_9,2024-03-22 00:00:00,000651.SZ,BUY_SETUP,1,5,2024-03-29 00:00:00,31.82,32.99,0.03676933,0.04274041,-0.0106851
000858SZ_2023-09-27T000000_BUY_SETUP_PERFECT_1_2023-09-27T000000_9,2023-09-27 00:00:00,000858.SZ,BUY_SETUP_PERFECT,1,120,2024-04-01 00:00:00,143.6,144.29,0.00480501,0.0744429,-0.23697772
601318SS_2024-03-25T000000_BUY_SETUP_PERFECT_1_2024-03-25T000000_9,2024-03-25 00:00:00,601318.SS,BUY_SETUP_PERFECT,1,5,2024-04-01 00:00:00,35.48,36.29,0.02282976,0.02311161,0.0
601318SS_2024-03-25T000000_SELL_COUNTDOWN_CANCEL_-1_2024-02-23T000000_2,2024-03-25 00:00:00,601318.SS,SELL_COUNTDOWN_CANCEL,-1,5,2024-04-01 00:00:00,35.48,36.29,-0.02282976,0.0,-0.02311161
600519SS_2023-10-10T000000_SELL_COUNTDOWN_CANCEL_-1_2023-09-05T000000_4,2023-10-10 00:00:00,600519.SS,SELL_COUNTDOWN_CANCEL,-1,120,2024-04-08 00:00:00,1644.58,1560.35,0.05121672,0.11877805,-0.04864464
601318SS_2024-01-03T000000_SELL_SETUP_-1_2024-01-03T000000_9,2024-01-03 00:00:00,601318.SS,SELL_SETUP,-1,60,2024-04-08 00:00:00,34.44,35.26,-0.02380952,0.05168409,-0.14663182
601318SS_2024-01-03T000000_BUY_COUNTDOWN_CANCEL_1_2023-12-06T000000_7,2024-01-03 00:00:00,601318.SS,BUY_COUNTDOWN_CANCEL,1,60,2024-04-08 00:00:00,34.44,35.26,0.02380952,0.14663182,-0.05168409
000651SZ_2024-03-08T000000_SELL_SETUP_PERFECT_-1_2024-03-08T000000_9,2024-03-08 00:00:00,000651.SZ,SELL_SETUP_PERFECT,-1,20,2024-04-09 00:00:00,34.65,31.78,0.08282828,0.09292929,-0.00808081
000651SZ_2024-03-08T000000_SELL_COUNTDOWN_CANCEL_-1_2024-02-26T000000_7,2024-03-08 00:00:00,000651.SZ,SELL_COUNTDOWN_CANCEL,-1,20,2024-04-09 00:00:00,34.65,31.78,0.08282828,0.09292929,-0.00808081
600036SS_2024-04-02T000000_SELL_SETUP_PERFECT_-1_2024-04-02T000000_9,2024-04-02 00:00:00,600036.SS,SELL_SETUP_PERFECT,-1,5,2024-04-11 00:00:00,27.57,27.32,0.00906783,0.01886108,-0.00471527
600036SS_2024-04-02T000000_SELL_COUNTDOWN_CANCEL_-1_2024-02-26T000000_7,2024-04-02 00:00:00,600036.SS,SELL_COUNTDOWN_CANCEL,-1,5,2024-04-11 00:00:00,27.57,27.32,0.00906783,0.01886108,-0.00471527
600036SS_2023-10-16T000000_BUY_COUNTDOWN_COMPLETE_PERFECT_1_2023-08-21T000000_13,2023-10-16 00:00:00,600036.SS,BUY_COUNTDOWN_COMPLETE_PERFECT,1,120,2024-04-12 00:00:00,27.33,27.14,-0.00695207,0.03988291,-0.19795097
601318SS_2024-01-10T000000_SELL_COUNTDOWN_CANCEL_-1_2024-01-03T000000_0,2024-01-10 00:00:00,601318.SS,SELL_COUNTDOWN_CANCEL,-1,60,2024-04-15 00:00:00,32.86,33.4,-0.01643335,0.00608643,-0.20176506
600519SS_2023-10-18T000000_BUY_SETUP_PERFECT_1_2023-10-18T000000_9,2023-10-18 00:00:00,600519.SS,BUY_SETUP_PERFECT,1,120,2024-04-16 00:00:00,1602.58,1563.69,-0.02426712,0.07612724,-0.09568321
000651SZ_2023-10-18T000000_BUY_SETUP_PERFECT_1_2023-10-18T000000_9,2023-10-18 00:00:00,000651.SZ,BUY_SETUP_PERFECT,1,120,2024-04-16 00:00:00,28.07,33.06,0.17776986,0.24438903,-0.12860705
000651SZ_2023-10-18T000000_SELL_COUNTDOWN_CANCEL_-1_2023-09-06T000000_4,2023-10-18 00:00:00,000651.SZ,SELL_COUNTDOWN_CANCEL,-1,120,2024-04-16 00:00:00,28.07,33.06,-0.17776986,0.12860705,-0.24438903
601318SS_2023-10-19T000000_SELL_COUNTDOWN_CANCEL_-1_2023-09-06T000000_3,2023-10-19 00:00:00,601318.SS,SELL_COUNTDOWN_CANCEL,-1,120,2024-04-17 00:00:00,40.17,33.99,0.15384615,0.18695544,-0.02588997
000651SZ_2024-03-18T000000_SELL_COUNTDOWN_CANCEL_-1_2024-03-08T000000_1,2024-03-18 00:00:00,000651.SZ,SELL_COUNTDOWN_CANCEL,-1,20,2024-04-17 00:00:00,31.98,33.25,-0.03971232,0.02657911,-0.0681676
600519SS_2024-01-16T000000_BUY_SETUP_PERFECT_1_2024-01-16T000000_9,2024-01-16 00:00:00,600519.SS,BUY_SETUP_PERFECT,1,60,2024-04-19 00:00:00,1533.12,1540.33,0.00470283,0.07153387,-0.05471196
000651SZ_2024-01-16T000000_BUY_COUNTDOWN_CANCEL_1_2023-11-17T000000_6,2024-01-16 00:00:00,000651.SZ,BUY_COUNTDOWN_CANCEL,1,60,2024-04-19 00:00:00,27.79,33.62,0.20978769,0.25692695,-0.04965815
000858SZ_2024-01-17T000000_BUY_COUNTDOWN_COMPLETE_PERFECT_1_2023-11-30T000000_13,2024-01-17 00:00:00,000858.SZ,BUY_COUNTDOWN_COMPLETE_PERFECT,1,60,2024-04-22 00:00:00,112.15,131.57,0.17316095,0.30164958,-0.0230049
000858SZ_2024-04-15T000000_SELL_COUNTDOWN_COMPLETE_-1_2024-02-26T000000_13,2024-04-15 00:00:00,000858.SZ,SELL_COUNTDOWN_COMPLETE,-1,5,2024-04-22 00:00:00,134.33,131.57,0.02054642,0.0396784,0.0011911
600036SS_2024-01-17T000000_SELL_SETUP_PERFECT_-1_2024-01-17T000000_9,2024-01-17 00:00:00,600036.SS,SELL_SETUP_PERFECT,-1,60,2024-04-22 00:00:00,24.21,28.36,-0.17141677,0.0243701,-0.20652623
600036SS_2024-01-17T000000_BUY_COUNTDOWN_CANCEL_1_2023-12-01T000000_8,2024-01-17 00:00:00,600036.SS,BUY_COUNTDOWN_CANCEL,1,60,2024-04-22 00:00:00,24.21,28.36,0.17141677,0.20652623,-0.0243701
000651SZ_2024-01-17T000000_SELL_SETUP_PERFECT_-1_2024-01-17T000000_9,2024-01-17 00:00:00,000651.SZ,SELL_SETUP_PERFECT,-1,60,2024-04-22 00:00:00,27.35,33.25,-0.21572212,0.03436929,-0.27714808
000651SZ_2024-03-22T000000_BUY_SETUP_1_2024-03-22T000000_9,2024-03-22 00:00:00,000651.SZ,BUY_SETUP,1,20,2024-04-23 00:00:00,31.82,32.83,0.03174104,0.07730987,-0.02168448
601318SS_2024-03-25T000000_BUY_SETUP_PERFECT_1_2024-03-25T000000_9,2024-03-25 00:00:00,601318.SS,BUY_SETUP_PERFECT,1,20,2024-04-24 00:00:00,35.48,35.64,0.00450958,0.02874859,-0.07807215
601318SS_2024-03-25T000000_SELL_COUNTDOWN_CANCEL_-1_2024-02-23T000000_2,2024-03-25 00:00:00,601318.SS,SELL_COUNTDOWN_CANCEL,-1,20,2024-04-24 00:00:00,35.48,35.64,-0.00450958,0.07807215,-0.02874859
600036SS_2024-04-02T000000_SELL_SETUP_PERFECT_-1_2024-04-02T000000_9,2024-04-02 00:00:00,600036.SS,SELL_SETUP_PERFECT,-1,20,2024-05-07 00:00:00,27.57,29.89,-0.08414944,0.01886108,-0.10192238
600036SS_2024-04-02T000000_SELL_COUNTDOWN_CANCEL_-1_2024-02-26T000000_7,2024-04-02 00:00:00,600036.SS,SELL_COUNTDOWN_CANCEL,-1,20,2024-05-07 00:00:00,27.57,29.89,-0.08414944,0.01886108,-0.10192238
600519SS_2023-11-06T000000_SELL_SETUP_-1_2023-11-06T000000_9,2023-11-06 00:00:00,600519.SS,SELL_SETUP,-1,120,2024-05-08 00:00:00,1686.58,1657.66,0.01714713,0.14072265,0.00118583
600519SS_2023-11-06T000000_BUY_COUNTDOWN_CANCEL_1_2023-10-18T000000_2,2023-11-06 00:00:00,600519.SS,BUY_COUNTDOWN_CANCEL,1,120,2024-05-08 00:00:00,1686.58,1657.66,-0.01714713,-0.00118583,-0.14072265
000858SZ_2023-11-06T000000_SELL_SETUP_-1_2023-11-06T000000_9,2023-11-06 00:00:00,000858.SZ,SELL_SETUP,-1,120,2024-05-08 00:00:00,146.85,142.01,0.0329588,0.25386449,-0.00040858
000858SZ_2023-11-06T000000_BUY_COUNTDOWN_CANCEL_1_2023-09-27T000000_11,2023-11-06 00:00:00,000858.SZ,BUY_COUNTDOWN_CANCEL,1,120,2024-05-08 00:00:00,146.85,142.01,-0.0329588,0.00040858,-0.25386449
601318SS_2024-01-30T000000_SELL_SETUP_PERFECT_-1_2024-01-30T000000_9,2024-01-30 00:00:00,601318.SS,SELL_SETUP_PERFECT,-1,60,2024-05-08 00:00:00,35.23,36.99,-0.04995742,0.07152995,-0.12091967
600036SS_2024-01-30T000000_SELL_SETUP_PERFECT_-1_2024-01-30T000000_9,2024-01-30 00:00:00,600036.SS,SELL_SETUP_PERFECT,-1,60,2024-05-08 00:00:00,26.02,29.59,-0.13720215,0.05226749,-0.16756341
600036SS_2024-01-30T000000_SELL_COUNTDOWN_CANCEL_-1_2024-01-17T000000_8,2024-01-30 00:00:00,600036.SS,SELL_COUNTDOWN_CANCEL,-1,60,2024-05-08 00:00:00,26.02,29.59,-0.13720215,0.05226749,-0.16756341
000651SZ_2024-04-29T000000_BUY_COUNTDOWN_CANCEL_1_2024-03-22T000000_6,2024-04-29 00:00:00,000651.SZ,BUY_COUNTDOWN_CANCEL,1,5,2024-05-09 00:00:00,34.19,36.36,0.06346885,0.09417958,0.00116993
600519SS_2024-05-07T000000_SELL_SETUP_PERFECT_-1_2024-05-07T000000_9,2024-05-07 00:00:00,600519.SS,SELL_SETUP_PERFECT,-1,5,2024-05-14 00:00:00,1663.69,1595.67,0.04088502,0.04206914,1.803e-05
000651SZ_2024-02-05T000000_SELL_SETUP_PERFECT_-1_2024-02-05T000000_9,2024-02-05 00:00:00,000651.SZ,SELL_SETUP_PERFECT,-1,60,2024-05-14 00:00:00,29.76,36.32,-0.22043011,0.02049731,-0.26041667
000651SZ_2024-02-05T000000_SELL_COUNTDOWN_CANCEL_-1_2024-01-17T000000_4,2024-02-05 00:00:00,000651.SZ,SELL_COUNTDOWN_CANCEL,-1,60,2024-05-14 00:00:00,29.76,36.32,-0.22043011,0.02049731,-0.26041667
000858SZ_2024-05-08T000000_SELL_SETUP_-1_2024-05-08T000000_9,2024-05-08 00:00:00,000858.SZ,SELL_SETUP,-1,5,2024-05-15 00:00:00,142.01,138.38,0.02556158,0.03499754,-0.00626716
600519SS_2024-02-07T000000_BUY_COUNTDOWN_CANCEL_1_2024-01-16T000000_5,2024-02-07 00:00:00,600519.SS,BUY_COUNTDOWN_CANCEL,1,60,2024-05-16 00:00:00,1604.68,1598.19,-0.00404442,0.04163447,-0.04795972
000858SZ_2024-04-15T000000_SELL_COUNTDOWN_COMPLETE_-1_2024-02-26T000000_13,2024-04-15 00:00:00,000858.SZ,SELL_COUNTDOWN_COMPLETE,-1,20,2024-05-16 00:00:00,134.33,141.06,-0.0501005,0.0396784,-0.08196233
000651SZ_2023-11-17T000000_BUY_SETUP_1_2023-11-17T000000_9,2023-11-17 00:00:00,000651.SZ,BUY_SETUP,1,120,2024-05-21 00:00:00,26.18,35.48,0.355233,0.43277311,-0.06569901
000651SZ_2023-11-17T000000_BUY_COUNTDOWN_CANCEL_1_2023-10-18T000000_9,2023-11-17 00:00:00,000651.SZ,BUY_COUNTDOWN_CANCEL,1,120,2024-05-21 00:00:00,26.18,35.48,0.355233,0.43277311,-0.06569901
601318SS_2024-02-23T000000_SELL_SETUP_PERFECT_-1_2024-02-23T000000_9,2024-02-23 00:00:00,601318.SS,SELL_SETUP_PERFECT,-1,60,2024-05-24 00:00:00,39.11,38.93,0.0046024,0.16364101,-0.05113782
601318SS_2024-02-23T000000_SELL_COUNTDOWN_CANCEL_-1_2024-01-30T000000_7,2024-02-23 00:00:00,601318.SS,SELL_COUNTDOWN_CANCEL,-1,60,2024-05-24 00:00:00,39.11,38.93,0.0046024,0.16364101,-0.05113782
601318SS_2024-05-17T000000_BUY_COUNTDOWN_CANCEL_1_2024-03-25T000000_11,2024-05-17 00:00:00,601318.SS,BUY_COUNTDOWN_CANCEL,1,5,2024-05-24 00:00:00,40.24,38.93,-0.03255467,0.02162028,-0.0333002
600036SS_2024-05-17T000000_SELL_COUNTDOWN_COMPLETE_PERFECT_-1_2024-04-02T000000_13,2024-05-17 00:00:00,600036.SS,SELL_COUNTDOWN_COMPLETE_PERFECT,-1,5,2024-05-24 00:00:00,31.87,29.76,0.06620646,0.06903044,-0.00470662
000858SZ_2024-02-26T000000_SELL_SETUP_PERFECT_-1_2024-02-26T000000_9,2024-02-26 00:00:00,000858.SZ,SELL_SETUP_PERFECT,-1,60,2024-05-27 00:00:00,126.77,138.59,-0.09323973,0.02445374,-0.15808157
600036SS_2024-02-26T000000_SELL_SETUP_PERFECT_-1_2024-02-26T000000_9,2024-02-26 00:00:00,600036.SS,SELL_SETUP_PERFECT,-1,60,2024-05-27 00:00:00,27.27,30.16,-0.10597726,0.05830583,-0.17418409
600036SS_2024-02-26T000000_SELL_COUNTDOWN_CANCEL_-1_2024-01-30T000000_6,2024-02-26 00:00:00,600036.SS,SELL_COUNTDOWN_CANCEL,-1,60,2024-05-27 00:00:00,27.27,30.16,-0.10597726,0.05830583,-0.17418409
000651SZ_2024-02-26T000000_SELL_SETUP_PERFECT_-1_2024-02-26T000000_9,2024-02-26 00:00:00,000651.SZ,SELL_SETUP_PERFECT,-1,60,2024-05-27 00:00:00,32.56,35.6,-0.09336609,0.04391892,-0.15202703
000651SZ_2024-02-26T000000_SELL_COUNTDOWN_CANCEL_-1_2024-02-05T000000_7,2024-02-26 00:00:00,000651.SZ,SELL_COUNTDOWN_CANCEL,-1,60,2024-05-27 00:00:00,32.56,35.6,-0.09336609,0.04391892,-0.15202703
600036SS_2024-05-21T000000_SELL_SETUP_PERFECT_-1_2024-05-21T000000_9,2024-05-21 00:00:00,600036.SS,SELL_SETUP_PERFECT,-1,5,2024-05-28 00:00:00,31.26,29.85,0.04510557,0.05086372,-0.00447857
000651SZ_2024-04-29T000000_BUY_COUNTDOWN_CANCEL_1_2024-03-22T000000_6,2024-04-29 00:00:00,000651.SZ,BUY_COUNTDOWN_CANCEL,1,20,2024-05-30 00:00:00,34.19,34.78,0.01725651,0.09710442,0.00116993
000858SZ_2023-11-30T000000_BUY_SETUP_PERFECT_1_2023-11-30T000000_9,2023-11-30 00:00:00,000858.SZ,BUY_SETUP_PERFECT,1,120,2024-06-03 00:00:00,136.16,132.99,-0.02328143,0.0782168,-0.19528496
000858SZ_2023-11-30T000000_SELL_COUNTDOWN_CANCEL_-1_2023-11-06T000000_1,2023-11-30 00:00:00,000858.SZ,SELL_COUNTDOWN_CANCEL,-1,120,2024-06-03 00:00:00,136.16,132.99,0.02328143,0.19528496,-0.0782168
600519SS_2024-05-07T000000_SELL_SETUP_PERFECT_-1_2024-05-07T000000_9,2024-05-07 00:00:00,600519.SS,SELL_SETUP_PERFECT,-1,20,2024-06-04 00:00:00,1663.69,1546.89,0.07020539,0.08108482,1.803e-05
600036SS_2023-12-01T000000_BUY_SETUP_PERFECT_1_2023-12-01T000000_9,2023-12-01 00:00:00,600036.SS,BUY_SETUP_PERFECT,1,120,2024-06-04 00:00:00,23.28,29.56,0.26975945,0.37542955,-0.05841924
000858SZ_2024-05-08T000000_SELL_SETUP_-1_2024-05-08T000000_9,2024-05-08 00:00:00,000858.SZ,SELL_SETUP,-1,20,2024-06-05 00:00:00,142.01,132.77,0.06506584,0.07288219,-0.03380044
600036SS_2024-05-29T000000_SELL_COUNTDOWN_CANCEL_-1_2024-05-21T000000_0,2024-05-29 00:00:00,600036.SS,SELL_COUNTDOWN_CANCEL,-1,5,2024-06-05 00:00:00,29.59,29.01,0.01960122,0.02298074,-0.01115242
601318SS_2023-12-06T000000_BUY_SETUP_PERFECT_1_2023-12-06T000000_9,2023-12-06 00:00:00,601318.SS,BUY_SETUP_PERFECT,1,120,2024-06-07 00:00:00,34.57,37.16,0.07492045,0.18918137,-0.05525022
000651SZ_2024-03-08T000000_SELL_SETUP_PERFECT_-1_2024-03-08T000000_9,2024-03-08 00:00:00,000651.SZ,SELL_SETUP_PERFECT,-1,60,2024-06-07 00:00:00,34.65,34.78,-0.0037518,0.1015873,-0.08253968
000651SZ_2024-03-08T000000_SELL_COUNTDOWN_CANCEL_-1_2024-02-26T000000_7,2024-03-08 00:00:00,000651.SZ,SELL_COUNTDOWN_CANCEL,-1,60,2024-06-07 00:00:00,34.65,34.78,-0.0037518,0.1015873,-0.08253968
600519SS_2024-06-03T000000_BUY_SETUP_PERFECT_1_2024-06-03T000000_9,2024-06-03 00:00:00,600519.SS,BUY_SETUP_PERFECT,1,5,2024-06-11 00:00:00,1533.08,1462.69,-0.04591411,0.01258251,-0.04721867
600519SS_2024-06-03T000000_SELL_COUNTDOWN_CANCEL_-1_2024-05-07T000000_2,2024-06-03 00:00:00,600519.SS,SELL_COUNTDOWN_CANCEL,-1,5,2024-06-11 00:00:00,1533.08,1462.69,0.04591411,0.04721867,-0.01258251
000858SZ_2024-06-04T000000_BUY_SETUP_PERFECT_1_2024-06-04T000000_9,2024-06-04 00:00:00,000858.SZ,BUY_SETUP_PERFECT,1,5,2024-06-12 00:00:00,134.79,124.91,-0.07329921,0.00163217,-0.07589584
000858SZ_2024-06-04T000000_SELL_COUNTDOWN_CANCEL_-1_2024-05-08T000000_4,2024-06-04 00:00:00,000858.SZ,SELL_COUNTDOWN_CANCEL,-1,5,2024-06-12 00:00:00,134.79,124.91,0.07329921,0.07589584,-0.00163217
601318SS_2024-06-04T000000_BUY_SETUP_PERFECT_1_2024-06-04T000000_9,2024-06-04 00:00:00,601318.SS,BUY_SETUP_PERFECT,1,5,2024-06-12 00:00:00,38.31,36.44,-0.04881232,0.00156617,-0.04985643
600519SS_2023-12-13T000000_SELL_COUNTDOWN_CANCEL_-1_2023-11-06T000000_6,2023-12-13 00:00:00,600519.SS,SELL_COUNTDOWN_CANCEL,-1,120,2024-06-17 00:00:00,1534.58,1435.19,0.06476691,0.08463554,-0.08921659
601318SS_2024-05-17T000000_BUY_COUNTDOWN_CANCEL_1_2024-03-25T000000_11,2024-05-17 00:00:00,601318.SS,BUY_COUNTDOWN_CANCEL,1,20,2024-06-17 00:00:00,40.24,36.62,-0.08996024,0.02162028,-0.10039761
600036SS_2024-05-17T000000_SELL_COUNTDOWN_COMPLETE_PERFECT_-1_2024-04-02T000000_13,2024-05-17 00:00:00,600036.SS,SELL_COUNTDOWN_COMPLETE_PERFECT,-1,20,2024-06-17 00:00:00,31.87,28.74,0.09821148,0.12958896,-0.00470662
000651SZ_2024-03-18T000000_SELL_COUNTDOWN_CANCEL_-1_2024-03-08T000000_1,2024-03-18 00:00:00,000651.SZ,SELL_COUNTDOWN_CANCEL,-1,60,2024-06-18 00:00:00,31.98,34.09,-0.06597874,0.02657911,-0.17292058
600036SS_2024-05-21T000000_SELL_SETUP_PERFECT_-1_2024-05-21T000000_9,2024-05-21 00:00:00,600036.SS,SELL_SETUP_PERFECT,-1,20,2024-06-19 00:00:00,31.26,29.17,0.06685861,0.11260397,-0.00447857
000651SZ_2024-03-22T000000_BUY_SETUP_1_2024-03-22T000000_9,2024-03-22 00:00:00,000651.SZ,BUY_SETUP,1,60,2024-06-24 00:00:00,31.82,33.73,0.06002514,0.17881835,-0.02168448
601318SS_2024-03-25T000000_BUY_SETUP_PERFECT_1_2024-03-25T000000_9,2024-03-25 00:00:00,601318.SS,BUY_SETUP_PERFECT,1,60,2024-06-25 00:00:00,35.48,36.59,0.03128523,0.15868095,-0.07807215
601318SS_2024-03-25T000000_SELL_COUNTDOWN_CANCEL_-1_2024-02-23T000000_2,2024-03-25 00:00:00,601318.SS,SELL_COUNTDOWN_CANCEL,-1,60,2024-06-25 00:00:00,35.48,36.59,-0.03128523,0.07807215,-0.15868095
600036SS_2024-05-29T000000_SELL_COUNTDOWN_CANCEL_-1_2024-05-21T000000_0,2024-05-29 00:00:00,600036.SS,SELL_COUNTDOWN_CANCEL,-1,20,2024-06-27 00:00:00,29.59,29.28,0.01047651,0.06252112,-0.01115242
000651SZ_2024-06-20T000000_BUY_SETUP_PERFECT_1_2024-06-20T000000_9,2024-06-20 00:00:00,000651.SZ,BUY_SETUP_PERFECT,1,5,2024-06-27 00:00:00,33.45,33.16,-0.00866966,0.03258595,-0.02571001
600519SS_2024-06-03T000000_BUY_SETUP_PERFECT_1_2024-06-03T000000_9,2024-06-03 00:00:00,600519.SS,BUY_SETUP_PERFECT,1,20,2024-07-02 00:00:00,1533.08,1415.26,-0.07685183,0.01258251,-0.12687531
600519SS_2024-06-03T000000_SELL_COUNTDOWN_CANCEL_-1_2024-05-07T000000_2,2024-06-03 00:00:00,600519.SS,SELL_COUNTDOWN_CANCEL,-1,20,2024-07-02 00:00:00,1533.08,1415.26,0.07685183,0.12687531,-0.01258251
000858SZ_2024-06-04T000000_BUY_SETUP_PERFECT_1_2024-06-04T000000_9,2024-06-04 00:00:00,000858.SZ,BUY_SETUP_PERFECT,1,20,2024-07-03 00:00:00,134.79,118.01,-0.12448995,0.00163217,-0.16455227
000858SZ_2024-06-04T000000_SELL_COUNTDOWN_CANCEL_-1_2024-05-08T000000_4,2024-06-04 00:00:00,000858.SZ,SELL_COUNTDOWN_CANCEL,-1,20,2024-07-03 00:00:00,134.79,118.01,0.12448995,0.16455227,-0.00163217
601318SS_2024-06-04T000000_BUY_SETUP_PERFECT_1_2024-06-04T000000_9,2024-06-04 00:00:00,601318.SS,BUY_SETUP_PERFECT,1,20,2024-07-03 00:00:00,38.31,37.31,-0.02610285,0.00156617,-0.06865048
600036SS_2024-04-02T000000_SELL_SETUP_PERFECT_-1_2024-04-02T000000_9,2024-04-02 00:00:00,600036.SS,SELL_SETUP_PERFECT,-1,60,2024-07-03 00:00:00,27.57,29.48,-0.0692782,0.01886108,-0.16140733
600036SS_2024-04-02T000000_SELL_COUNTDOWN_CANCEL_-1_2024-02-26T000000_7,2024-04-02 00:00:00,600036.SS,SELL_COUNTDOWN_CANCEL,-1,60,2024-07-03 00:00:00,27.57,29.48,-0.0692782,0.01886108,-0.16140733
601318SS_2024-01-03T000000_SELL_SETUP_-1_2024-01-03T000000_9,2024-01-03 00:00:00,601318.SS,SELL_SETUP,-1,120,2024-07-05 00:00:00,34.44,36.16,-0.04994193,0.05168409,-0.19367015
601318SS_2024-01-03T000000_BUY_COUNTDOWN_CANCEL_1_2023-12-06T000000_7,2024-01-03 00:00:00,601318.SS,BUY_COUNTDOWN_CANCEL,1,120,2024-07-05 00:00:00,34.44,36.16,0.04994193,0.19367015,-0.05168409
600036SS_2024-07-04T000000_SELL_SETUP_-1_2024-07-04T000000_9,2024-07-04 00:00:00,600036.SS,SELL_SETUP,-1,5,2024-07-11 00:00:00,29.73,29.89,-0.00538177,0.03565422,-0.01311806
000858SZ_2024-04-15T000000_SELL_COUNTDOWN_COMPLETE_-1_2024-02-26T000000_13,2024-04-15 00:00:00,000858.SZ,SELL_COUNTDOWN_COMPLETE,-1,60,2024-07-12 00:00:00,134.33,119.08,0.11352639,0.16481799,-0.09290553
000858SZ_2024-07-05T000000_BUY_COUNTDOWN_COMPLETE_PERFECT_1_2024-06-04T000000_13,2024-07-05 00:00:00,000858.SZ,BUY_COUNTDOWN_COMPLETE_PERFECT,1,5,2024-07-12 00:00:00,115.96,119.08,0.02690583,0.03026906,-0.03251121
601318SS_2024-01-10T000000_SELL_COUNTDOWN_CANCEL_-1_2024-01-03T000000_0,2024-01-10 00:00:00,601318.SS,SELL_COUNTDOWN_CANCEL,-1,120,2024-07-12 00:00:00,32.86,37.72,-0.14790018,0.00608643,-0.25106512
600519SS_2024-07-08T000000_BUY_COUNTDOWN_COMPLETE_PERFECT_1_2024-06-03T000000_13,2024-07-08 00:00:00,600519.SS,BUY_COUNTDOWN_COMPLETE_PERFECT,1,5,2024-07-15 00:00:00,1344.56,1399.46,0.0408312,0.05057417,-0.007363
600519SS_2024-01-16T000000_BUY_SETUP_PERFECT_1_2024-01-16T000000_9,2024-01-16 00:00:00,600519.SS,BUY_SETUP_PERFECT,1,120,2024-07-18 00:00:00,1533.12,1422.07,-0.07243399,0.09025386,-0.12944845
000651SZ_2024-01-16T000000_BUY_COUNTDOWN_CANCEL_1_2023-11-17T000000_6,2024-01-16 00:00:00,000651.SZ,BUY_COUNTDOWN_CANCEL,1,120,2024-07-18 00:00:00,27.79,33.04,0.18891688,0.3497661,-0.04965815
000651SZ_2024-06-20T000000_BUY_SETUP_PERFECT_1_2024-06-20T000000_9,2024-06-20 00:00:00,000651.SZ,BUY_SETUP_PERFECT,1,20,2024-07-18 00:00:00,33.45,33.04,-0.0122571,0.03258595,-0.07683109
000858SZ_2024-01-17T000000_BUY_COUNTDOWN_COMPLETE_PERFECT_1_2023-11-30T000000_13,2024-01-17 00:00:00,000858.SZ,BUY_COUNTDOWN_COMPLETE_PERFECT,1,120,2024-07-19 00:00:00,112.15,125.1,0.11547035,0.30905038,-0.0230049
600036SS_2024-01-17T000000_SELL_SETUP_PERFECT_-1_2024-01-17T000000_9,2024-01-17 00:00:00,600036.SS,SELL_SETUP_PERFECT,-1,120,2024-07-19 00:00:00,24.21,31.24,-0.29037588,0.0243701,-0.32259397
600036SS_2024-01-17T000000_BUY_COUNTDOWN_CANCEL_1_2023-12-01T000000_8,2024-01-17 00:00:00,600036.SS,BUY_COUNTDOWN_CANCEL,1,120,2024-07-19 00:00:00,24.21,31.24,0.29037588,0.32259397,-0.0243701
000651SZ_2024-01-17T000000_SELL_SETUP_PERFECT_-1_2024-01-17T000000_9,2024-01-17 00:00:00,000651.SZ,SELL_SETUP_PERFECT,-1,120,2024-07-19 00:00:00,27.35,32.93,-0.20402194,0.03436929,-0.3714808
000651SZ_2024-04-29T000000_BUY_COUNTDOWN_CANCEL_1_2024-03-22T000000_6,2024-04-29 00:00:00,000651.SZ,BUY_COUNTDOWN_CANCEL,1,60,2024-07-26 00:00:00,34.19,33.51,-0.01988886,0.09710442,-0.11026616
600519SS_2024-05-07T000000_SELL_SETUP_PERFECT_-1_2024-05-07T000000_9,2024-05-07 00:00:00,600519.SS,SELL_SETUP_PERFECT,-1,60,2024-07-31 00:00:00,1663.69,1345.84,0.19105122,0.22710361,1.803e-05
000858SZ_2024-05-08T000000_SELL_SETUP_-1_2024-05-08T000000_9,2024-05-08 00:00:00,000858.SZ,SELL_SETUP,-1,60,2024-08-01 00:00:00,142.01,115.68,0.18540948,0.20998521,-0.03380044
601318SS_2024-01-30T000000_SELL_SETUP_PERFECT_-1_2024-01-30T000000_9,2024-01-30 00:00:00,601318.SS,SELL_SETUP_PERFECT,-1,120,2024-08-01 00:00:00,35.23,39.03,-0.10786262,0.07152995,-0.16690321
601318SS_2024-07-25T000000_BUY_COUNTDOWN_COMPLETE_1_2024-06-04T000000_13,2024-07-25 00:00:00,601318.SS,BUY_COUNTDOWN_COMPLETE,1,5,2024-08-01 00:00:00,37.61,39.03,0.03775592,0.04706195,-0.00877426
600036SS_2024-01-30T000000_SELL_SETUP_PERFECT_-1_2024-01-30T000000_9,2024-01-30 00:00:00,600036.SS,SELL_SETUP_PERFECT,-1,120,2024-08-01 00:00:00,26.02,29.7,-0.14142967,0.05226749,-0.23059185
600036SS_2024-01-30T000000_SELL_COUNTDOWN_CANCEL_-1_2024-01-17T000000_8,2024-01-30 00:00:00,600036.SS,SELL_COUNTDOWN_CANCEL,-1,120,2024-08-01 00:00:00,26.02,29.7,-0.14142967,0.05226749,-0.23059185
600036SS_2024-07-04T000000_SELL_SETUP_-1_2024-07-04T000000_9,2024-07-04 00:00:00,600036.SS,SELL_SETUP,-1,20,2024-08-01 00:00:00,29.73,29.7,0.00100908,0.03565422,-0.05247225
000858SZ_2024-07-05T000000_BUY_COUNTDOWN_COMPLETE_PERFECT_1_2024-06-04T000000_13,2024-07-05 00:00:00,000858.SZ,BUY_COUNTDOWN_COMPLETE_PERFECT,1,20,2024-08-02 00:00:00,115.96,115.38,-0.00500172,0.08339082,-0.03251121
600519SS_2024-07-08T000000_BUY_COUNTDOWN_COMPLETE_PERFECT_1_2024-06-03T000000_13,2024-07-08 00:00:00,600519.SS,BUY_COUNTDOWN_COMPLETE_PERFECT,1,20,2024-08-05 00:00:00,1344.56,1334.57,-0.00742994,0.08179628,-0.0436574
000651SZ_2024-02-05T000000_SELL_SETUP_PERFECT_-1_2024-02-05T000000_9,2024-02-05 00:00:00,000651.SZ,SELL_SETUP_PERFECT,-1,120,2024-08-07 00:00:00,29.76,34.15,-0.14751344,0.02049731,-0.26041667
000651SZ_2024-02-05T000000_SELL_COUNTDOWN_CANCEL_-1_2024-01-17T000000_4,2024-02-05 00:00:00,000651.SZ,SELL_COUNTDOWN_CANCEL,-1,120,2024-08-07 00:00:00,29.76,34.15,-0.14751344,0.02049731,-0.26041667
600519SS_2024-02-07T000000_BUY_COUNTDOWN_CANCEL_1_2024-01-16T000000_5,2024-02-07 00:00:00,600519.SS,BUY_COUNTDOWN_CANCEL,1,120,2024-08-09 00:00:00,1604.68,1361.36,-0.15163148,0.04163447,-0.19868136
600519SS_2024-08-02T000000_BUY_SETUP_1_2024-08-02T000000_9,2024-08-02 00:00:00,600519.SS,BUY_SETUP,1,5,2024-08-09 00:00:00,1310.01,1361.36,0.03919817,0.06377814,5.343e-05
601318SS_2024-05-17T000000_BUY_COUNTDOWN_CANCEL_1_2024-03-25T000000_11,2024-05-17 00:00:00,601318.SS,BUY_COUNTDOWN_CANCEL,1,60,2024-08-12 00:00:00,40.24,37.14,-0.07703777,0.02162028,-0.11779324
600036SS_2024-05-17T000000_SELL_COUNTDOWN_COMPLETE_PERFECT_-1_2024-04-02T000000_13,2024-05-17 00:00:00,600036.SS,SELL_COUNTDOWN_COMPLETE_PERFECT,-1,60,2024-08-12 00:00:00,31.87,29.11,0.08660182,0.12958896,-0.00470662
600036SS_2024-05-21T000000_SELL_SETUP_PERFECT_-1_2024-05-21T000000_9,2024-05-21 00:00:00,600036.SS,SELL_SETUP_PERFECT,-1,60,2024-08-14 00:00:00,31.26,28.85,0.07709533,0.11260397,-0.00447857
000651SZ_2024-08-07T000000_BUY_COUNTDOWN_COMPLETE_1_2024-06-20T000000_13,2024-08-07 00:00:00,000651.SZ,BUY_COUNTDOWN_COMPLETE,1,5,2024-08-14 00:00:00,34.15,33.8,-0.0102489,0.00819912,-0.02166911
601318SS_2024-02-23T000000_SELL_SETUP_PERFECT_-1_2024-02-23T000000_9,2024-02-23 00:00:00,601318.SS,SELL_SETUP_PERFECT,-1,120,2024-08-19 00:00:00,39.11,38.6,0.01304014,0.16364101,-0.05113782
601318SS_2024-02-23T000000_SELL_COUNTDOWN_CANCEL_-1_2024-01-30T000000_7,2024-02-23 00:00:00,601318.SS,SELL_COUNTDOWN_CANCEL,-1,120,2024-08-19 00:00:00,39.11,38.6,0.01304014,0.16364101,-0.05113782
000858SZ_2024-02-26T000000_SELL_SETUP_PERFECT_-1_2024-02-26T000000_9,2024-02-26 00:00:00,000858.SZ,SELL_SETUP_PERFECT,-1,120,2024-08-20 00:00:00,126.77,114.83,0.09418632,0.11501144,-0.15808157
600036SS_2024-02-26T000000_SELL_SETUP_PERFECT_-1_2024-02-26T000000_9,2024-02-26 00:00:00,600036.SS,SELL_SETUP_PERFECT,-1,120,2024-08-20 00:00:00,27.27,30.47,-0.11734507,0.05830583,-0.17418409
600036SS_2024-02-26T000000_SELL_COUNTDOWN_CANCEL_-1_2024-01-30T000000_6,2024-02-26 00:00:00,600036.SS,SELL_COUNTDOWN_CANCEL,-1,120,2024-08-20 00:00:00,27.27,30.47,-0.11734507,0.05830583,-0.17418409
000651SZ_2024-02-26T000000_SELL_SETUP_PERFECT_-1_2024-02-26T000000_9,2024-02-26 00:00:00,000651.SZ,SELL_SETUP_PERFECT,-1,120,2024-08-20 00:00:00,32.56,34.64,-0.06388206,0.06572482,-0.15202703
000651SZ_2024-02-26T000000_SELL_COUNTDOWN_CANCEL_-1_2024-02-05T000000_7,2024-02-26 00:00:00,000651.SZ,SELL_COUNTDOWN_CANCEL,-1,120,2024-08-20 00:00:00,32.56,34.64,-0.06388206,0.06572482,-0.15202703
601318SS_2024-07-25T000000_BUY_COUNTDOWN_COMPLETE_1_2024-06-04T000000_13,2024-07-25 00:00:00,601318.SS,BUY_COUNTDOWN_COMPLETE,1,20,2024-08-22 00:00:00,37.61,38.24,0.01675086,0.04706195,-0.02313215
600036SS_2024-05-29T000000_SELL_COUNTDOWN_CANCEL_-1_2024-05-21T000000_0,2024-05-29 00:00:00,600036.SS,SELL_COUNTDOWN_CANCEL,-1,60,2024-08-22 00:00:00,29.59,30.29,-0.02365664,0.06252112,-0.05745184
600036SS_2024-08-16T000000_SELL_COUNTDOWN_COMPLETE_PERFECT_-1_2024-07-04T000000_13,2024-08-16 00:00:00,600036.SS,SELL_COUNTDOWN_COMPLETE_PERFECT,-1,5,2024-08-23 00:00:00,30.14,30.69,-0.01824818,0.01094891,-0.02322495
600519SS_2024-06-03T000000_BUY_SETUP_PERFECT_1_2024-06-03T000000_9,2024-06-03 00:00:00,600519.SS,BUY_SETUP_PERFECT,1,60,2024-08-27 00:00:00,1533.08,1328.63,-0.13335899,0.01258251,-0.16125708
600519SS_2024-06-03T000000_SELL_COUNTDOWN_CANCEL_-1_2024-05-07T000000_2,2024-06-03 00:00:00,600519.SS,SELL_COUNTDOWN_CANCEL,-1,60,2024-08-27 00:00:00,1533.08,1328.63,0.13335899,0.16125708,-0.01258251
000858SZ_2024-06-04T000000_BUY_SETUP_PERFECT_1_2024-06-04T000000_9,2024-06-04 00:00:00,000858.SZ,BUY_SETUP_PERFECT,1,60,2024-08-28 00:00:00,134.79,105.68,-0.21596558,0.00163217,-0.22397804
000858SZ_2024-06-04T000000_SELL_COUNTDOWN_CANCEL_-1_2024-05-08T000000_4,2024-06-04 00:00:00,000858.SZ,SELL_COUNTDOWN_CANCEL,-1,60,2024-08-28 00:00:00,134.79,105.68,0.21596558,0.22397804,-0.00163217
601318SS_2024-06-04T000000_BUY_SETUP_PERFECT_1_2024-06-04T000000_9,2024-06-04 00:00:00,601318.SS,BUY_SETUP_PERFECT,1,60,2024-08-28 00:00:00,38.31,39.71,0.03654398,0.04855129,-0.073349
600519SS_2024-08-02T000000_BUY_SETUP_1_2024-08-02T000000_9,2024-08-02 00:00:00,600519.SS,BUY_SETUP,1,20,2024-08-30 00:00:00,1310.01,1367.75,0.044076,0.06377814,-0.00797704
000858SZ_2024-08-23T000000_BUY_SETUP_PERFECT_1_2024-08-23T000000_9,2024-08-23 00:00:00,000858.SZ,BUY_SETUP_PERFECT,1,5,2024-08-30 00:00:00,112.79,114.71,0.01702279,0.03147442,-0.07261282
000651SZ_2024-03-08T000000_SELL_SETUP_PERFECT_-1_2024-03-08T000000_9,2024-03-08 00:00:00,000651.SZ,SELL_SETUP_PERFECT,-1,120,2024-09-02 00:00:00,34.65,36.06,-0.04069264,0.12207792,-0.08253968
000651SZ_2024-03-08T000000_SELL_COUNTDOWN_CANCEL_-1_2024-02-26T000000_7,2024-03-08 00:00:00,000651.SZ,SELL_COUNTDOWN_CANCEL,-1,120,2024-09-02 00:00:00,34.65,36.06,-0.04069264,0.12207792,-0.08253968
601318SS_2024-08-27T000000_SELL_SETUP_PERFECT_-1_2024-08-27T000000_9,2024-08-27 00:00:00,601318.SS,SELL_SETUP_PERFECT,-1,5,2024-09-03 00:00:00,39.67,39.74,-0.00176456,0.01714142,-0.03503907
600036SS_2024-08-27T000000_SELL_SETUP_PERFECT_-1_2024-08-27T000000_9,2024-08-27 00:00:00,600036.SS,SELL_SETUP_PERFECT,-1,5,2024-09-03 00:00:00,30.69,28.61,0.06777452,0.07494298,-0.00912349
000651SZ_2024-08-27T000000_SELL_SETUP_PERFECT_-1_2024-08-27T000000_9,2024-08-27 00:00:00,000651.SZ,SELL_SETUP_PERFECT,-1,5,2024-09-03 00:00:00,35.45,36.64,-0.03356841,0.03046544,-0.03921016
000651SZ_2024-08-07T000000_BUY_COUNTDOWN_COMPLETE_1_2024-06-20T000000_13,2024-08-07 00:00:00,000651.SZ,BUY_COUNTDOWN_COMPLETE,1,20,2024-09-04 00:00:00,34.15,36.54,0.06998536,0.08081991,-0.02166911
600036SS_2024-09-03T000000_SELL_COUNTDOWN_CANCEL_-1_2024-08-27T000000_0,2024-09-03 00:00:00,600036.SS,SELL_COUNTDOWN_CANCEL,-1,5,2024-09-10 00:00:00,28.61,27.18,0.04998252,0.05872073,-0.01083537
000651SZ_2024-03-18T000000_SELL_COUNTDOWN_CANCEL_-1_2024-03-08T000000_1,2024-03-18 00:00:00,000651.SZ,SELL_COUNTDOWN_CANCEL,-1,120,2024-09-10 00:00:00,31.98,35.01,-0.09474672,0.04878049,-0.17292058
000651SZ_2024-06-20T000000_BUY_SETUP_PERFECT_1_2024-06-20T000000_9,2024-06-20 00:00:00,000651.SZ,BUY_SETUP_PERFECT,1,60,2024-09-12 00:00:00,33.45,34.67,0.03647235,0.10343797,-0.09058296
600036SS_2024-08-16T000000_SELL_COUNTDOWN_COMPLETE_PERFECT_-1_2024-07-04T000000_13,2024-08-16 00:00:00,600036.SS,SELL_COUNTDOWN_COMPLETE_PERFECT,-1,20,2024-09-13 00:00:00,30.14,27.59,0.08460518,0.10683477,-0.02753816
000651SZ_2024-03-22T000000_BUY_SETUP_1_2024-03-22T000000_9,2024-03-22 00:00:00,000651.SZ,BUY_SETUP,1,120,2024-09-18 00:00:00,31.82,36.53,0.14802011,0.17881835,-0.04399749
601318SS_2024-03-25T000000_BUY_SETUP_PERFECT_1_2024-03-25T000000_9,2024-03-25 00:00:00,601318.SS,BUY_SETUP_PERFECT,1,120,2024-09-19 00:00:00,35.48,40.56,0.14317926,0.15868095,-0.07807215
601318SS_2024-03-25T000000_SELL_COUNTDOWN_CANCEL_-1_2024-02-23T000000_2,2024-03-25 00:00:00,601318.SS,SELL_COUNTDOWN_CANCEL,-1,120,2024-09-19 00:00:00,35.48,40.56,-0.14317926,0.07807215,-0.15868095
600036SS_2024-09-10T000000_BUY_SETUP_PERFECT_1_2024-09-10T000000_9,2024-09-10 00:00:00,600036.SS,BUY_SETUP_PERFECT,1,5,2024-09-19 00:00:00,27.18,27.81,0.02317881,0.03826343,-0.00956586
000858SZ_2024-08-23T000000_BUY_SETUP_PERFECT_1_2024-08-23T000000_9,2024-08-23 00:00:00,000858.SZ,BUY_SETUP_PERFECT,1,20,2024-09-24 00:00:00,112.79,112.04,-0.00664953,0.03147442,-0.13103999
600519SS_2024-09-18T000000_BUY_COUNTDOWN_COMPLETE_PERFECT_1_2024-08-02T000000_13,2024-09-18 00:00:00,600519.SS,BUY_COUNTDOWN_COMPLETE_PERFECT,1,5,2024-09-25 00:00:00,1191.46,1323.56,0.11087238,0.13437295,-0.01768419
000858SZ_2024-09-19T000000_BUY_SETUP_PERFECT_1_2024-09-19T000000_9,2024-09-19 00:00:00,000858.SZ,BUY_SETUP_PERFECT,1,5,2024-09-26 00:00:00,102.58,125.99,0.22821213,0.22821213,-0.02242152
000858SZ_2024-09-19T000000_BUY_COUNTDOWN_CANCEL_1_2024-08-23T000000_10,2024-09-19 00:00:00,000858.SZ,BUY_COUNTDOWN_CANCEL,1,5,2024-09-26 00:00:00,102.58,125.99,0.22821213,0.22821213,-0.02242152
601318SS_2024-08-27T000000_SELL_SETUP_PERFECT_-1_2024-08-27T000000_9,2024-08-27 00:00:00,601318.SS,SELL_SETUP_PERFECT,-1,20,2024-09-26 00:00:00,39.67,46.95,-0.18351399,0.03327451,-0.18401815
600036SS_2024-08-27T000000_SELL_SETUP_PERFECT_-1_2024-08-27T000000_9,2024-08-27 00:00:00,600036.SS,SELL_SETUP_PERFECT,-1,20,2024-09-26 00:00:00,30.69,32.37,-0.05474096,0.12284132,-0.05474096
000651SZ_2024-08-27T000000_SELL_SETUP_PERFECT_-1_2024-08-27T000000_9,2024-08-27 00:00:00,000651.SZ,SELL_SETUP_PERFECT,-1,20,2024-09-26 00:00:00,35.45,40.39,-0.1393512,0.03272214,-0.13991537
600036SS_2024-04-02T000000_SELL_SETUP_PERFECT_-1_2024-04-02T000000_9,2024-04-02 00:00:00,600036.SS,SELL_SETUP_PERFECT,-1,120,2024-09-27 00:00:00,27.57,32.62,-0.18317011,0.02357635,-0.21472615
600036SS_2024-04-02T000000_SELL_COUNTDOWN_CANCEL_-1_2024-02-26T000000_7,2024-04-02 00:00:00,600036.SS,SELL_COUNTDOWN_CANCEL,-1,120,2024-09-27 00:00:00,27.57,32.62,-0.18317011,0.02357635,-0.21472615
600519SS_2024-09-23T000000_BUY_SETUP_1_2024-09-23T000000_9,2024-09-23 00:00:00,600519.SS,BUY_SETUP,1,5,2024-09-30 00:00:00,1186.1,1672.56,0.41013405,0.42015007,0.002993
600036SS_2024-07-04T000000_SELL_SETUP_-1_2024-07-04T000000_9,2024-07-04 00:00:00,600036.SS,SELL_SETUP,-1,60,2024-09-30 00:00:00,29.73,34.6,-0.1638076,0.09451732,-0.17692566
000858SZ_2024-07-05T000000_BUY_COUNTDOWN_COMPLETE_PERFECT_1_2024-06-04T000000_13,2024-07-05 00:00:00,000858.SZ,BUY_COUNTDOWN_COMPLETE_PERFECT,1,60,2024-10-08 00:00:00,115.96,155.73,0.34296309,0.46981718,-0.15479476
000858SZ_2024-09-24T000000_BUY_COUNTDOWN_CANCEL_1_2024-09-19T000000_0,2024-09-24 00:00:00,000858.SZ,BUY_COUNTDOWN_CANCEL,1,5,2024-10-08 00:00:00,112.04,155.73,0.38995002,0.52124241,0.01356658
600519SS_2024-07-08T000000_BUY_COUNTDOWN_COMPLETE_PERFECT_1_2024-06-03T000000_13,2024-07-08 00:00:00,600519.SS,BUY_COUNTDOWN_COMPLETE_PERFECT,1,60,2024-10-09 00:00:00,1344.56,1519.71,0.13026566,0.36443149,-0.1295368
600519SS_2024-09-25T000000_BUY_COUNTDOWN_CANCEL_1_2024-09-23T000000_0,2024-09-25 00:00:00,600519.SS,BUY_COUNTDOWN_CANCEL,1,5,2024-10-09 00:00:00,1323.56,1519.71,0.1481988,0.38607997,-0.00226661
600036SS_2024-09-25T000000_BUY_COUNTDOWN_CANCEL_1_2024-09-10T000000_1,2024-09-25 00:00:00,600036.SS,BUY_COUNTDOWN_CANCEL,1,5,2024-10-09 00:00:00,31.14,34.0,0.09184329,0.23185613,-0.00770713
600036SS_2024-09-03T000000_SELL_COUNTDOWN_CANCEL_-1_2024-08-27T000000_0,2024-09-03 00:00:00,600036.SS,SELL_COUNTDOWN_CANCEL,-1,20,2024-10-10 00:00:00,28.61,35.72,-0.24851451,0.05907026,-0.34078993
601318SS_2024-09-27T000000_SELL_SETUP_PERFECT_-1_2024-09-27T000000_9,2024-09-27 00:00:00,601318.SS,SELL_SETUP_PERFECT,-1,5,2024-10-11 00:00:00,48.43,54.07,-0.11645674,-0.0516209,-0.22506711
601318SS_2024-09-27T000000_SELL_COUNTDOWN_CANCEL_-1_2024-08-27T000000_7,2024-09-27 00:00:00,601318.SS,SELL_COUNTDOWN_CANCEL,-1,5,2024-10-11 00:00:00,48.43,54.07,-0.11645674,-0.0516209,-0.22506711
600036SS_2024-09-27T000000_SELL_SETUP_PERFECT_-1_2024-09-27T000000_9,2024-09-27 00:00:00,600036.SS,SELL_SETUP_PERFECT,-1,5,2024-10-11 00:00:00,32.62,35.42,-0.08583691,-0.00889025,-0.17596567
000651SZ_2024-09-27T000000_SELL_SETUP_PERFECT_-1_2024-09-27T000000_9,2024-09-27 00:00:00,000651.SZ,SELL_SETUP_PERFECT,-1,5,2024-10-11 00:00:00,40.41,44.6,-0.10368721,-0.02722098,-0.20613709
000651SZ_2024-09-27T000000_SELL_COUNTDOWN_CANCEL_-1_2024-08-27T000000_10,2024-09-27 00:00:00,000651.SZ,SELL_COUNTDOWN_CANCEL,-1,5,2024-10-11 00:00:00,40.41,44.6,-0.10368721,-0.02722098,-0.20613709
000858SZ_2024-04-15T000000_SELL_COUNTDOWN_COMPLETE_-1_2024-02-26T000000_13,2024-04-15 00:00:00,000858.SZ,SELL_COUNTDOWN_COMPLETE,-1,120,2024-10-15 00:00:00,134.33,135.68,-0.01004988,0.27037892,-0.2688156
000858SZ_2024-10-10T000000_SELL_SETUP_-1_2024-10-10T000000_9,2024-10-10 00:00:00,000858.SZ,SELL_SETUP,-1,5,2024-10-17 00:00:00,143.66,129.63,0.09766114,0.0980788,-0.00932758
600036SS_2024-09-10T000000_BUY_SETUP_PERFECT_1_2024-09-10T000000_9,2024-09-10 00:00:00,600036.SS,BUY_SETUP_PERFECT,1,20,2024-10-17 00:00:00,27.18,35.48,0.3053716,0.41133186,-0.00956586
600519SS_2024-09-18T000000_BUY_COUNTDOWN_COMPLETE_PERFECT_1_2024-08-02T000000_13,2024-09-18 00:00:00,600519.SS,BUY_COUNTDOWN_COMPLETE_PERFECT,1,20,2024-10-23 00:00:00,1191.46,1492.06,0.2522955,0.53975794,-0.01768419
000858SZ_2024-09-19T000000_BUY_SETUP_PERFECT_1_2024-09-19T000000_9,2024-09-19 00:00:00,000858.SZ,BUY_SETUP_PERFECT,1,20,2024-10-24 00:00:00,102.58,138.14,0.34665627,0.66153246,-0.02242152
000858SZ_2024-09-19T000000_BUY_COUNTDOWN_CANCEL_1_2024-08-23T000000_10,2024-09-19 00:00:00,000858.SZ,BUY_COUNTDOWN_CANCEL,1,20,2024-10-24 00:00:00,102.58,138.14,0.34665627,0.66153246,-0.02242152
600519SS_2024-09-23T000000_BUY_SETUP_1_2024-09-23T000000_9,2024-09-23 00:00:00,600519.SS,BUY_SETUP,1,20,2024-10-28 00:00:00,1186.1,1489.56,0.25584689,0.54671613,0.002993
601318SS_2024-07-25T000000_BUY_COUNTDOWN_COMPLETE_1_2024-06-04T000000_13,2024-07-25 00:00:00,601318.SS,BUY_COUNTDOWN_COMPLETE,1,60,2024-10-28 00:00:00,37.61,54.95,0.46104759,0.57750598,-0.02313215
000858SZ_2024-09-24T000000_BUY_COUNTDOWN_CANCEL_1_2024-09-19T000000_0,2024-09-24 00:00:00,000858.SZ,BUY_COUNTDOWN_CANCEL,1,20,2024-10-29 00:00:00,112.04,142.48,0.27168868,0.52124241,0.01356658
000651SZ_2024-04-29T000000_BUY_COUNTDOWN_CANCEL_1_2024-03-22T000000_6,2024-04-29 00:00:00,000651.SZ,BUY_COUNTDOWN_CANCEL,1,120,2024-10-29 00:00:00,34.19,42.6,0.24597836,0.42556303,-0.11026616
600519SS_2024-09-25T000000_BUY_COUNTDOWN_CANCEL_1_2024-09-23T000000_0,2024-09-25 00:00:00,600519.SS,BUY_COUNTDOWN_CANCEL,1,20,2024-10-30 00:00:00,1323.56,1456.56,0.10048657,0.38607997,-0.00226661
600036SS_2024-09-25T000000_BUY_COUNTDOWN_CANCEL_1_2024-09-10T000000_1,2024-09-25 00:00:00,600036.SS,BUY_COUNTDOWN_CANCEL,1,20,2024-10-30 00:00:00,31.14,34.87,0.11978163,0.23185613,-0.00770713
600519SS_2024-05-07T000000_SELL_SETUP_PERFECT_-1_2024-05-07T000000_9,2024-05-07 00:00:00,600519.SS,SELL_SETUP_PERFECT,-1,120,2024-11-01 00:00:00,1663.69,1458.31,0.12344848,0.29650957,-0.10270543
601318SS_2024-09-27T000000_SELL_SETUP_PERFECT_-1_2024-09-27T000000_9,2024-09-27 00:00:00,601318.SS,SELL_SETUP_PERFECT,-1,20,2024-11-01 00:00:00,48.43,53.6,-0.10675201,-0.0516209,-0.22506711
601318SS_2024-09-27T000000_SELL_COUNTDOWN_CANCEL_-1_2024-08-27T000000_7,2024-09-27 00:00:00,601318.SS,SELL_COUNTDOWN_CANCEL,-1,20,2024-11-01 00:00:00,48.43,53.6,-0.10675201,-0.0516209,-0.22506711
600036SS_2024-09-27T000000_SELL_SETUP_PERFECT_-1_2024-09-27T000000_9,2024-09-27 00:00:00,600036.SS,SELL_SETUP_PERFECT,-1,20,2024-11-01 00:00:00,32.62,35.0,-0.07296137,-0.00889025,-0.17596567
000651SZ_2024-09-27T000000_SELL_SETUP_PERFECT_-1_2024-09-27T000000_9,2024-09-27 00:00:00,000651.SZ,SELL_SETUP_PERFECT,-1,20,2024-11-01 00:00:00,40.41,39.53,0.02177679,0.03266518,-0.20613709
000651SZ_2024-09-27T000000_SELL_COUNTDOWN_CANCEL_-1_2024-08-27T000000_10,2024-09-27 00:00:00,000651.SZ,SELL_COUNTDOWN_CANCEL,-1,20,2024-11-01 00:00:00,40.41,39.53,0.02177679,0.03266518,-0.20613709
000858SZ_2024-05-08T000000_SELL_SETUP_-1_2024-05-08T000000_9,2024-05-08 00:00:00,000858.SZ,SELL_SETUP,-1,120,2024-11-04 00:00:00,142.01,140.28,0.01218224,0.30983734,-0.20019717
600519SS_2024-08-02T000000_BUY_SETUP_1_2024-08-02T000000_9,2024-08-02 00:00:00,600519.SS,BUY_SETUP,1,60,2024-11-05 00:00:00,1310.01,1501.55,0.14621262,0.40041679,-0.10657934
000858SZ_2024-10-10T000000_SELL_SETUP_-1_2024-10-10T000000_9,2024-10-10 00:00:00,000858.SZ,SELL_SETUP,-1,20,2024-11-07 00:00:00,143.66,153.92,-0.07141863,0.10872894,-0.07684811
000651SZ_2024-08-07T000000_BUY_COUNTDOWN_COMPLETE_1_2024-06-20T000000_13,2024-08-07 00:00:00,000651.SZ,BUY_COUNTDOWN_COMPLETE,1,60,2024-11-08 00:00:00,34.15,40.26,0.17891654,0.4272328,-0.02166911
601318SS_2024-05-17T000000_BUY_COUNTDOWN_CANCEL_1_2024-03-25T000000_11,2024-05-17 00:00:00,601318.SS,BUY_COUNTDOWN_CANCEL,1,120,2024-11-13 00:00:00,40.24,54.64,0.35785288,0.47440358,-0.11779324
600036SS_2024-05-17T000000_SELL_COUNTDOWN_COMPLETE_PERFECT_-1_2024-04-02T000000_13,2024-05-17 00:00:00,600036.SS,SELL_COUNTDOWN_COMPLETE_PERFECT,-1,120,2024-11-13 00:00:00,31.87,34.81,-0.09224976,0.15531848,-0.20363979
000651SZ_2024-11-06T000000_BUY_SETUP_PERFECT_1_2024-11-06T000000_9,2024-11-06 00:00:00,000651.SZ,BUY_SETUP_PERFECT,1,5,2024-11-13 00:00:00,38.85,39.93,0.02779923,0.05868726,-0.00797941
000651SZ_2024-11-06T000000_SELL_COUNTDOWN_CANCEL_-1_2024-09-27T000000_4,2024-11-06 00:00:00,000651.SZ,SELL_COUNTDOWN_CANCEL,-1,5,2024-11-13 00:00:00,38.85,39.93,-0.02779923,0.00797941,-0.05868726
600036SS_2024-05-21T000000_SELL_SETUP_PERFECT_-1_2024-05-21T000000_9,2024-05-21 00:00:00,600036.SS,SELL_SETUP_PERFECT,-1,120,2024-11-15 00:00:00,31.26,34.81,-0.11356366,0.13883557,-0.22712732
600036SS_2024-08-16T000000_SELL_COUNTDOWN_COMPLETE_PERFECT_-1_2024-07-04T000000_13,2024-08-16 00:00:00,600036.SS,SELL_COUNTDOWN_COMPLETE_PERFECT,-1,60,2024-11-19 00:00:00,30.14,34.71,-0.15162575,0.10683477,-0.27272727
600036SS_2024-05-29T000000_SELL_COUNTDOWN_CANCEL_-1_2024-05-21T000000_0,2024-05-29 00:00:00,600036.SS,SELL_COUNTDOWN_CANCEL,-1,120,2024-11-25 00:00:00,29.59,33.21,-0.12233863,0.09023319,-0.29638391
000858SZ_2024-08-23T000000_BUY_SETUP_PERFECT_1_2024-08-23T000000_9,2024-08-23 00:00:00,000858.SZ,BUY_SETUP_PERFECT,1,60,2024-11-26 00:00:00,112.79,136.48,0.21003635,0.51112687,-0.13103999
600519SS_2024-06-03T000000_BUY_SETUP_PERFECT_1_2024-06-03T000000_9,2024-06-03 00:00:00,600519.SS,BUY_SETUP_PERFECT,1,120,2024-11-28 00:00:00,1533.08,1442.56,-0.05904454,0.19664988,-0.23657604
600519SS_2024-06-03T000000_SELL_COUNTDOWN_CANCEL_-1_2024-05-07T000000_2,2024-06-03 00:00:00,600519.SS,SELL_COUNTDOWN_CANCEL,-1,120,2024-11-28 00:00:00,1533.08,1442.56,0.05904454,0.23657604,-0.19664988
601318SS_2024-08-27T000000_SELL_SETUP_PERFECT_-1_2024-08-27T000000_9,2024-08-27 00:00:00,601318.SS,SELL_SETUP_PERFECT,-1,60,2024-11-28 00:00:00,39.67,50.62,-0.27602722,0.03327451,-0.49558861
601318SS_2024-11-21T000000_BUY_SETUP_1_2024-11-21T000000_9,2024-11-21 00:00:00,601318.SS,BUY_SETUP,1,5,2024-11-28 00:00:00,52.94,50.62,-0.0438232,-0.00037779,-0.06327918
601318SS_2024-11-21T000000_SELL_COUNTDOWN_CANCEL_-1_2024-09-27T000000_10,2024-11-21 00:00:00,601318.SS,SELL_COUNTDOWN_CANCEL,-1,5,2024-11-28 00:00:00,52.94,50.62,0.0438232,0.06327918,0.00037779
600036SS_2024-08-27T000000_SELL_SETUP_PERFECT_-1_2024-08-27T000000_9,2024-08-27 00:00:00,600036.SS,SELL_SETUP_PERFECT,-1,60,2024-11-28 00:00:00,30.69,33.46,-0.09025741,0.12284132,-0.24991854
000651SZ_2024-08-27T000000_SELL_SETUP_PERFECT_-1_2024-08-27T000000_9,2024-08-27 00:00:00,000651.SZ,SELL_SETUP_PERFECT,-1,60,2024-11-28 00:00:00,35.45,37.61,-0.06093089,0.03272214,-0.37489422
000858SZ_2024-06-04T000000_BUY_SETUP_PERFECT_1_2024-06-04T000000_9,2024-06-04 00:00:00,000858.SZ,BUY_SETUP_PERFECT,1,120,2024-11-29 00:00:00,134.79,138.45,0.02715335,0.2644855,-0.27286891
000858SZ_2024-06-04T000000_SELL_COUNTDOWN_CANCEL_-1_2024-05-08T000000_4,2024-06-04 00:00:00,000858.SZ,SELL_COUNTDOWN_CANCEL,-1,120,2024-11-29 00:00:00,134.79,138.45,-0.02715335,0.27286891,-0.2644855
601318SS_2024-06-04T000000_BUY_SETUP_PERFECT_1_2024-06-04T000000_9,2024-06-04 00:00:00,601318.SS,BUY_SETUP_PERFECT,1,120,2024-11-29 00:00:00,38.31,50.7,0.32341425,0.54868181,-0.073349
600519SS_2024-11-25T000000_BUY_SETUP_PERFECT_1_2024-11-25T000000_9,2024-11-25 00:00:00,600519.SS,BUY_SETUP_PERFECT,1,5,2024-12-02 00:00:00,1423.13,1449.56,0.01857174,0.03965203,-0.00680894
000858SZ_2024-11-25T000000_BUY_SETUP_PERFECT_1_2024-11-25T000000_9,2024-11-25 00:00:00,000858.SZ,BUY_SETUP_PERFECT,1,5,2024-12-02 00:00:00,135.48,139.08,0.02657219,0.04347505,-0.00959551
000858SZ_2024-11-25T000000_SELL_COUNTDOWN_CANCEL_-1_2024-10-10T000000_9,2024-11-25 00:00:00,000858.SZ,SELL_COUNTDOWN_CANCEL,-1,5,2024-12-02 00:00:00,135.48,139.08,-0.02657219,0.00959551,-0.04347505
000651SZ_2024-11-25T000000_BUY_SETUP_PERFECT_1_2024-11-25T000000_9,2024-11-25 00:00:00,000651.SZ,BUY_SETUP_PERFECT,1,5,2024-12-02 00:00:00,36.98,38.05,0.02893456,0.03353164,-0.01243916
000651SZ_2024-11-25T000000_BUY_COUNTDOWN_CANCEL_1_2024-11-06T000000_6,2024-11-25 00:00:00,000651.SZ,BUY_COUNTDOWN_CANCEL,1,5,2024-12-02 00:00:00,36.98,38.05,0.02893456,0.03353164,-0.01243916
000651SZ_2024-11-06T000000_BUY_SETUP_PERFECT_1_2024-11-06T000000_9,2024-11-06 00:00:00,000651.SZ,BUY_SETUP_PERFECT,1,20,2024-12-04 00:00:00,38.85,38.64,-0.00540541,0.05868726,-0.05997426
000651SZ_2024-11-06T000000_SELL_COUNTDOWN_CANCEL_-1_2024-09-27T000000_4,2024-11-06 00:00:00,000651.SZ,SELL_COUNTDOWN_CANCEL,-1,20,2024-12-04 00:00:00,38.85,38.64,0.00540541,0.05997426,-0.05868726
600036SS_2024-09-03T000000_SELL_COUNTDOWN_CANCEL_-1_2024-08-27T000000_0,2024-09-03 00:00:00,600036.SS,SELL_COUNTDOWN_CANCEL,-1,60,2024-12-05 00:00:00,28.61,33.9,-0.18490038,0.05907026,-0.34078993
600036SS_2024-09-10T000000_BUY_SETUP_PERFECT_1_2024-09-10T000000_9,2024-09-10 00:00:00,600036.SS,BUY_SETUP_PERFECT,1,60,2024-12-12 00:00:00,27.18,35.79,0.31677704,0.41133186,-0.00956586
000651SZ_2024-06-20T000000_BUY_SETUP_PERFECT_1_2024-06-20T000000_9,2024-06-20 00:00:00,000651.SZ,BUY_SETUP_PERFECT,1,120,2024-12-16 00:00:00,33.45,38.89,0.16263079,0.45710015,-0.09058296
601318SS_2024-12-10T000000_SELL_SETUP_PERFECT_-1_2024-12-10T000000_9,2024-12-10 00:00:00,601318.SS,SELL_SETUP_PERFECT,-1,5,2024-12-17 00:00:00,53.07,50.46,0.04918033,0.05426795,-0.00584134
601318SS_2024-12-10T000000_BUY_COUNTDOWN_CANCEL_1_2024-11-21T000000_2,2024-12-10 00:00:00,601318.SS,BUY_COUNTDOWN_CANCEL,1,5,2024-12-17 00:00:00,53.07,50.46,-0.04918033,0.00584134,-0.05426795
600036SS_2024-12-10T000000_SELL_SETUP_PERFECT_-1_2024-12-10T000000_9,2024-12-10 00:00:00,600036.SS,SELL_SETUP_PERFECT,-1,5,2024-12-17 00:00:00,35.59,34.84,0.02107334,0.03708907,-0.00646249
600036SS_2024-12-10T000000_SELL_COUNTDOWN_CANCEL_-1_2024-09-27T000000_11,2024-12-10 00:00:00,600036.SS,SELL_COUNTDOWN_CANCEL,-1,5,2024-12-17 00:00:00,35.59,34.84,0.02107334,0.03708907,-0.00646249
600519SS_2024-09-18T000000_BUY_COUNTDOWN_COMPLETE_PERFECT_1_2024-08-02T000000_13,2024-09-18 00:00:00,600519.SS,BUY_COUNTDOWN_COMPLETE_PERFECT,1,60,2024-12-18 00:00:00,1191.46,1496.06,0.25565273,0.53975794,-0.01768419
000858SZ_2024-09-19T000000_BUY_SETUP_PERFECT_1_2024-09-19T000000_9,2024-09-19 00:00:00,000858.SZ,BUY_SETUP_PERFECT,1,60,2024-12-19 00:00:00,102.58,135.23,0.31828817,0.66153246,-0.02242152
000858SZ_2024-09-19T000000_BUY_COUNTDOWN_CANCEL_1_2024-08-23T000000_10,2024-09-19 00:00:00,000858.SZ,BUY_COUNTDOWN_CANCEL,1,60,2024-12-19 00:00:00,102.58,135.23,0.31828817,0.66153246,-0.02242152
601318SS_2024-11-21T000000_BUY_SETUP_1_2024-11-21T000000_9,2024-11-21 00:00:00,601318.SS,BUY_SETUP,1,20,2024-12-19 00:00:00,52.94,50.34,-0.0491122,0.03192293,-0.06327918
601318SS_2024-11-21T000000_SELL_COUNTDOWN_CANCEL_-1_2024-09-27T000000_10,2024-11-21 00:00:00,601318.SS,SELL_COUNTDOWN_CANCEL,-1,20,2024-12-19 00:00:00,52.94,50.34,0.0491122,0.06327918,-0.03192293
600519SS_2024-09-23T000000_BUY_SETUP_1_2024-09-23T000000_9,2024-09-23 00:00:00,600519.SS,BUY_SETUP,1,60,2024-12-23 00:00:00,1186.1,1474.89,0.24347863,0.54671613,0.002993
600519SS_2024-11-25T000000_BUY_SETUP_PERFECT_1_2024-11-25T000000_9,2024-11-25 00:00:00,600519.SS,BUY_SETUP_PERFECT,1,20,2024-12-23 00:00:00,1423.13,1474.89,0.03637054,0.05702922,-0.00680894
000858SZ_2024-11-25T000000_BUY_SETUP_PERFECT_1_2024-11-25T000000_9,2024-11-25 00:00:00,000858.SZ,BUY_SETUP_PERFECT,1,20,2024-12-23 00:00:00,135.48,134.13,-0.00996457,0.08178329,-0.0114408
000858SZ_2024-11-25T000000_SELL_COUNTDOWN_CANCEL_-1_2024-10-10T000000_9,2024-11-25 00:00:00,000858.SZ,SELL_COUNTDOWN_CANCEL,-1,20,2024-12-23 00:00:00,135.48,134.13,0.00996457,0.0114408,-0.08178329
000651SZ_2024-11-25T000000_BUY_SETUP_PERFECT_1_2024-11-25T000000_9,2024-11-25 00:00:00,000651.SZ,BUY_SETUP_PERFECT,1,20,2024-12-23 00:00:00,36.98,40.5,0.09518659,0.10086533,-0.01243916
000651SZ_2024-11-25T000000_BUY_COUNTDOWN_CANCEL_1_2024-11-06T000000_6,2024-11-25 00:00:00,000651.SZ,BUY_COUNTDOWN_CANCEL,1,20,2024-12-23 00:00:00,36.98,40.5,0.09518659,0.10086533,-0.01243916
000858SZ_2024-09-24T000000_BUY_COUNTDOWN_CANCEL_1_2024-09-19T000000_0,2024-09-24 00:00:00,000858.SZ,BUY_COUNTDOWN_CANCEL,1,60,2024-12-24 00:00:00,112.04,135.16,0.20635487,0.52124241,0.01356658
600519SS_2024-09-25T000000_BUY_COUNTDOWN_CANCEL_1_2024-09-23T000000_0,2024-09-25 00:00:00,600519.SS,BUY_COUNTDOWN_CANCEL,1,60,2024-12-25 00:00:00,1323.56,1478.44,0.11701774,0.38607997,-0.00226661
600036SS_2024-09-25T000000_BUY_COUNTDOWN_CANCEL_1_2024-09-10T000000_1,2024-09-25 00:00:00,600036.SS,BUY_COUNTDOWN_CANCEL,1,60,2024-12-25 00:00:00,31.14,36.39,0.16859345,0.23185613,-0.00770713
601318SS_2024-09-27T000000_SELL_SETUP_PERFECT_-1_2024-09-27T000000_9,2024-09-27 00:00:00,601318.SS,SELL_SETUP_PERFECT,-1,60,2024-12-27 00:00:00,48.43,50.72,-0.04728474,-0.0239521,-0.22506711
601318SS_2024-09-27T000000_SELL_COUNTDOWN_CANCEL_-1_2024-08-27T000000_7,2024-09-27 00:00:00,601318.SS,SELL_COUNTDOWN_CANCEL,-1,60,2024-12-27 00:00:00,48.43,50.72,-0.04728474,-0.0239521,-0.22506711
601318SS_2024-12-20T000000_SELL_COUNTDOWN_CANCEL_-1_2024-12-10T000000_0,2024-12-20 00:00:00,601318.SS,SELL_COUNTDOWN_CANCEL,-1,5,2024-12-27 00:00:00,50.07,50.72,-0.01298183,0.0,-0.03375275
600036SS_2024-09-27T000000_SELL_SETUP_PERFECT_-1_2024-09-27T000000_9,2024-09-27 00:00:00,600036.SS,SELL_SETUP_PERFECT,-1,60,2024-12-27 00:00:00,32.62,36.33,-0.11373391,-0.00643777,-0.17596567
000651SZ_2024-09-27T000000_SELL_SETUP_PERFECT_-1_2024-09-27T000000_9,2024-09-27 00:00:00,000651.SZ,SELL_SETUP_PERFECT,-1,60,2024-12-27 00:00:00,40.41,41.07,-0.01633259,0.0962633,-0.20613709
000651SZ_2024-09-27T000000_SELL_COUNTDOWN_CANCEL_-1_2024-08-27T000000_10,2024-09-27 00:00:00,000651.SZ,SELL_COUNTDOWN_CANCEL,-1,60,2024-12-27 00:00:00,40.41,41.07,-0.01633259,0.0962633,-0.20613709
600036SS_2024-07-04T000000_SELL_SETUP_-1_2024-07-04T000000_9,2024-07-04 00:00:00,600036.SS,SELL_SETUP,-1,120,2024-12-30 00:00:00,29.73,36.61,-0.23141608,0.09451732,-0.29027918
000651SZ_2024-12-23T000000_BUY_COUNTDOWN_CANCEL_1_2024-11-25T000000_3,2024-12-23 00:00:00,000651.SZ,BUY_COUNTDOWN_CANCEL,1,5,2024-12-30 00:00:00,40.5,41.58,0.02666667,0.04,0.00074074
000858SZ_2024-07-05T000000_BUY_COUNTDOWN_COMPLETE_PERFECT_1_2024-06-04T000000_13,2024-07-05 00:00:00,000858.SZ,BUY_COUNTDOWN_COMPLETE_PERFECT,1,120,2024-12-31 00:00:00,115.96,131.72,0.13590893,0.46981718,-0.15479476
600519SS_2024-07-08T000000_BUY_COUNTDOWN_COMPLETE_PERFECT_1_2024-06-03T000000_13,2024-07-08 00:00:00,600519.SS,BUY_COUNTDOWN_COMPLETE_PERFECT,1,120,2025-01-02 00:00:00,1344.56,1436.44,0.06833462,0.36443149,-0.1295368
000858SZ_2024-10-10T000000_SELL_SETUP_-1_2024-10-10T000000_9,2024-10-10 00:00:00,000858.SZ,SELL_SETUP,-1,60,2025-01-03 00:00:00,143.66,127.08,0.11541139,0.11993596,-0.0878463
000858SZ_2024-12-26T000000_BUY_SETUP_1_2024-12-26T000000_9,2024-12-26 00:00:00,000858.SZ,BUY_SETUP,1,5,2025-01-03 00:00:00,134.17,127.08,-0.05284341,0.00827309,-0.05768801
000858SZ_2024-12-26T000000_BUY_COUNTDOWN_CANCEL_1_2024-11-25T000000_7,2024-12-26 00:00:00,000858.SZ,BUY_COUNTDOWN_CANCEL,1,5,2025-01-03 00:00:00,134.17,127.08,-0.05284341,0.00827309,-0.05768801
601318SS_2024-12-10T000000_SELL_SETUP_PERFECT_-1_2024-12-10T000000_9,2024-12-10 00:00:00,601318.SS,SELL_SETUP_PERFECT,-1,20,2025-01-08 00:00:00,53.07,47.75,0.10024496,0.11437724,-0.00584134
601318SS_2024-12-10T000000_BUY_COUNTDOWN_CANCEL_1_2024-11-21T000000_2,2024-12-10 00:00:00,601318.SS,BUY_COUNTDOWN_CANCEL,1,20,2025-01-08 00:00:00,53.07,47.75,-0.10024496,0.00584134,-0.11437724
600036SS_2024-12-10T000000_SELL_SETUP_PERFECT_-1_2024-12-10T000000_9,2024-12-10 00:00:00,600036.SS,SELL_SETUP_PERFECT,-1,20,2025-01-08 00:00:00,35.59,36.27,-0.01910649,0.03708907,-0.03652711
600036SS_2024-12-10T000000_SELL_COUNTDOWN_CANCEL_-1_2024-09-27T000000_11,2024-12-10 00:00:00,600036.SS,SELL_COUNTDOWN_CANCEL,-1,20,2025-01-08 00:00:00,35.59,36.27,-0.01910649,0.03708907,-0.03652711
600519SS_2025-01-10T000000_BUY_SETUP_1_2025-01-10T000000_9,2025-01-10 00:00:00,600519.SS,BUY_SETUP,1,5,2025-01-17 00:00:00,1384.44,1403.19,0.01354338,0.03370316,-0.01010517
600519SS_2025-01-10T000000_BUY_COUNTDOWN_CANCEL_1_2024-11-25T000000_10,2025-01-10 00:00:00,600519.SS,BUY_COUNTDOWN_CANCEL,1,5,2025-01-17 00:00:00,1384.44,1403.19,0.01354338,0.03370316,-0.01010517
000858SZ_2025-01-10T000000_BUY_SETUP_1_2025-01-10T000000_9,2025-01-10 00:00:00,000858.SZ,BUY_SETUP,1,5,2025-01-17 00:00:00,120.28,123.98,0.03076156,0.04738942,-0.01363485
000858SZ_2025-01-10T000000_BUY_COUNTDOWN_CANCEL_1_2024-12-26T000000_8,2025-01-10 00:00:00,000858.SZ,BUY_COUNTDOWN_CANCEL,1,5,2025-01-17 00:00:00,120.28,123.98,0.03076156,0.04738942,-0.01363485
601318SS_2024-12-20T000000_SELL_COUNTDOWN_CANCEL_-1_2024-12-10T000000_0,2024-12-20 00:00:00,601318.SS,SELL_COUNTDOWN_CANCEL,-1,20,2025-01-20 00:00:00,50.07,47.26,0.05612143,0.09027362,-0.03375275
601318SS_2025-01-13T000000_BUY_SETUP_PERFECT_1_2025-01-13T000000_9,2025-01-13 00:00:00,601318.SS,BUY_SETUP_PERFECT,1,5,2025-01-20 00:00:00,46.04,47.26,0.0264987,0.03714162,-0.00195482
601318SS_2024-07-25T000000_BUY_COUNTDOWN_COMPLETE_1_2024-06-04T000000_13,2024-07-25 00:00:00,601318.SS,BUY_COUNTDOWN_COMPLETE,1,120,2025-01-21 00:00:00,37.61,47.35,0.25897368,0.57750598,-0.02313215
000651SZ_2024-12-23T000000_BUY_COUNTDOWN_CANCEL_1_2024-11-25T000000_3,2024-12-23 00:00:00,000651.SZ,BUY_COUNTDOWN_CANCEL,1,20,2025-01-21 00:00:00,40.5,40.77,0.00666667,0.08074074,0.00074074
000858SZ_2024-12-26T000000_BUY_SETUP_1_2024-12-26T000000_9,2024-12-26 00:00:00,000858.SZ,BUY_SETUP,1,20,2025-01-24 00:00:00,134.17,121.97,-0.09092942,0.00827309,-0.11574868
000858SZ_2024-12-26T000000_BUY_COUNTDOWN_CANCEL_1_2024-11-25T000000_7,2024-12-26 00:00:00,000858.SZ,BUY_COUNTDOWN_CANCEL,1,20,2025-01-24 00:00:00,134.17,121.97,-0.09092942,0.00827309,-0.11574868
600519SS_2024-08-02T000000_BUY_SETUP_1_2024-08-02T000000_9,2024-08-02 00:00:00,600519.SS,BUY_SETUP,1,120,2025-02-06 00:00:00,1310.01,1361.28,0.03913711,0.40041679,-0.10657934
000651SZ_2024-11-06T000000_BUY_SETUP_PERFECT_1_2024-11-06T000000_9,2024-11-06 00:00:00,000651.SZ,BUY_SETUP_PERFECT,1,60,2025-02-07 00:00:00,38.85,40.13,0.03294723,0.12664093,-0.05997426
000651SZ_2024-11-06T000000_SELL_COUNTDOWN_CANCEL_-1_2024-09-27T000000_4,2024-11-06 00:00:00,000651.SZ,SELL_COUNTDOWN_CANCEL,-1,60,2025-02-07 00:00:00,38.85,40.13,-0.03294723,0.05997426,-0.12664093
600036SS_2025-01-27T000000_SELL_COUNTDOWN_COMPLETE_PERFECT_-1_2024-12-10T000000_13,2025-01-27 00:00:00,600036.SS,SELL_COUNTDOWN_COMPLETE_PERFECT,-1,5,2025-02-11 00:00:00,37.64,37.97,-0.00876727,0.02444208,-0.01036132
000651SZ_2024-08-07T000000_BUY_COUNTDOWN_COMPLETE_1_2024-06-20T000000_13,2024-08-07 00:00:00,000651.SZ,BUY_COUNTDOWN_COMPLETE,1,120,2025-02-11 00:00:00,34.15,39.67,0.16163982,0.4272328,-0.02166911
600519SS_2025-01-10T000000_BUY_SETUP_1_2025-01-10T000000_9,2025-01-10 00:00:00,600519.SS,BUY_SETUP,1,20,2025-02-17 00:00:00,1384.44,1420.06,0.02572881,0.04260206,-0.02599607
600519SS_2025-01-10T000000_BUY_COUNTDOWN_CANCEL_1_2024-11-25T000000_10,2025-01-10 00:00:00,600519.SS,BUY_COUNTDOWN_CANCEL,1,20,2025-02-17 00:00:00,1384.44,1420.06,0.02572881,0.04260206,-0.02599607
000858SZ_2025-01-10T000000_BUY_SETUP_1_2025-01-10T000000_9,2025-01-10 00:00:00,000858.SZ,BUY_SETUP,1,20,2025-02-17 00:00:00,120.28,125.8,0.04589292,0.06235451,-0.01363485
000858SZ_2025-01-10T000000_BUY_COUNTDOWN_CANCEL_1_2024-12-26T000000_8,2025-01-10 00:00:00,000858.SZ,BUY_COUNTDOWN_CANCEL,1,20,2025-02-17 00:00:00,120.28,125.8,0.04589292,0.06235451,-0.01363485
601318SS_2025-01-13T000000_BUY_SETUP_PERFECT_1_2025-01-13T000000_9,2025-01-13 00:00:00,601318.SS,BUY_SETUP_PERFECT,1,20,2025-02-18 00:00:00,46.04,48.76,0.05907906,0.08231972,-0.00195482
600036SS_2024-08-16T000000_SELL_COUNTDOWN_COMPLETE_PERFECT_-1_2024-07-04T000000_13,2024-08-16 00:00:00,600036.SS,SELL_COUNTDOWN_COMPLETE_PERFECT,-1,120,2025-02-20 00:00:00,30.14,38.84,-0.28865295,0.10683477,-0.30955541
601318SS_2024-11-21T000000_BUY_SETUP_1_2024-11-21T000000_9,2024-11-21 00:00:00,601318.SS,BUY_SETUP,1,60,2025-02-24 00:00:00,52.94,49.45,-0.06592369,0.03192293,-0.13959199
601318SS_2024-11-21T000000_SELL_COUNTDOWN_CANCEL_-1_2024-09-27T000000_10,2024-11-21 00:00:00,601318.SS,SELL_COUNTDOWN_CANCEL,-1,60,2025-02-24 00:00:00,52.94,49.45,0.06592369,0.13959199,-0.03192293
600519SS_2024-11-25T000000_BUY_SETUP_PERFECT_1_2024-11-25T000000_9,2024-11-25 00:00:00,600519.SS,BUY_SETUP_PERFECT,1,60,2025-02-26 00:00:00,1423.13,1408.45,-0.01031529,0.05702922,-0.05247588
000858SZ_2024-11-25T000000_BUY_SETUP_PERFECT_1_2024-11-25T000000_9,2024-11-25 00:00:00,000858.SZ,BUY_SETUP_PERFECT,1,60,2025-02-26 00:00:00,135.48,124.05,-0.0843667,0.08178329,-0.12429879
000858SZ_2024-11-25T000000_SELL_COUNTDOWN_CANCEL_-1_2024-10-10T000000_9,2024-11-25 00:00:00,000858.SZ,SELL_COUNTDOWN_CANCEL,-1,60,2025-02-26 00:00:00,135.48,124.05,0.0843667,0.12429879,-0.08178329
601318SS_2025-02-19T000000_SELL_SETUP_-1_2025-02-19T000000_9,2025-02-19 00:00:00,601318.SS,SELL_SETUP,-1,5,2025-02-26 00:00:00,48.9,49.07,-0.00347648,0.0202454,-0.02106339
601318SS_2025-02-19T000000_BUY_COUNTDOWN_CANCEL_1_2025-01-13T000000_4,2025-02-19 00:00:00,601318.SS,BUY_COUNTDOWN_CANCEL,1,5,2025-02-26 00:00:00,48.9,49.07,0.00347648,0.02106339,-0.0202454
000651SZ_2024-11-25T000000_BUY_SETUP_PERFECT_1_2024-11-25T000000_9,2024-11-25 00:00:00,000651.SZ,BUY_SETUP_PERFECT,1,60,2025-02-26 00:00:00,36.98,36.93,-0.00135208,0.18361276,-0.01541374
000651SZ_2024-11-25T000000_BUY_COUNTDOWN_CANCEL_1_2024-11-06T000000_6,2024-11-25 00:00:00,000651.SZ,BUY_COUNTDOWN_CANCEL,1,60,2025-02-26 00:00:00,36.98,36.93,-0.00135208,0.18361276,-0.01541374
000858SZ_2024-08-23T000000_BUY_SETUP_PERFECT_1_2024-08-23T000000_9,2024-08-23 00:00:00,000858.SZ,BUY_SETUP_PERFECT,1,120,2025-02-27 00:00:00,112.79,127.0,0.12598635,0.51112687,-0.13103999
601318SS_2024-08-27T000000_SELL_SETUP_PERFECT_-1_2024-08-27T000000_9,2024-08-27 00:00:00,601318.SS,SELL_SETUP_PERFECT,-1,120,2025-03-03 00:00:00,39.67,47.78,-0.2044366,0.03327451,-0.49558861
600036SS_2024-08-27T000000_SELL_SETUP_PERFECT_-1_2024-08-27T000000_9,2024-08-27 00:00:00,600036.SS,SELL_SETUP_PERFECT,-1,120,2025-03-03 00:00:00,30.69,39.04,-0.27207559,0.12284132,-0.29195178
000651SZ_2024-08-27T000000_SELL_SETUP_PERFECT_-1_2024-08-27T000000_9,2024-08-27 00:00:00,000651.SZ,SELL_SETUP_PERFECT,-1,120,2025-03-03 00:00:00,35.45,36.57,-0.03159379,0.03272214,-0.37489422
600036SS_2025-01-27T000000_SELL_COUNTDOWN_COMPLETE_PERFECT_-1_2024-12-10T000000_13,2025-01-27 00:00:00,600036.SS,SELL_COUNTDOWN_COMPLETE_PERFECT,-1,20,2025-03-04 00:00:00,37.64,38.79,-0.0305526,0.02444208,-0.05340064
600036SS_2024-09-03T000000_SELL_COUNTDOWN_CANCEL_-1_2024-08-27T000000_0,2024-09-03 00:00:00,600036.SS,SELL_COUNTDOWN_CANCEL,-1,120,2025-03-10 00:00:00,28.61,40.06,-0.40020972,0.05907026,-0.42572527
601318SS_2024-12-10T000000_SELL_SETUP_PERFECT_-1_2024-12-10T000000_9,2024-12-10 00:00:00,601318.SS,SELL_SETUP_PERFECT,-1,60,2025-03-13 00:00:00,53.07,48.59,0.08441681,0.14169964,-0.00584134
601318SS_2024-12-10T000000_BUY_COUNTDOWN_CANCEL_1_2024-11-21T000000_2,2024-12-10 00:00:00,601318.SS,BUY_COUNTDOWN_CANCEL,1,60,2025-03-13 00:00:00,53.07,48.59,-0.08441681,0.00584134,-0.14169964
600036SS_2024-12-10T000000_SELL_SETUP_PERFECT_-1_2024-12-10T000000_9,2024-12-10 00:00:00,600036.SS,SELL_SETUP_PERFECT,-1,60,2025-03-13 00:00:00,35.59,40.83,-0.14723237,0.03708907,-0.16240517
600036SS_2024-12-10T000000_SELL_COUNTDOWN_CANCEL_-1_2024-09-27T000000_11,2024-12-10 00:00:00,600036.SS,SELL_COUNTDOWN_CANCEL,-1,60,2025-03-13 00:00:00,35.59,40.83,-0.14723237,0.03708907,-0.16240517
600036SS_2024-09-10T000000_BUY_SETUP_PERFECT_1_2024-09-10T000000_9,2024-09-10 00:00:00,600036.SS,BUY_SETUP_PERFECT,1,120,2025-03-17 00:00:00,27.18,42.03,0.54635762,0.56328182,-0.00956586
600519SS_2025-03-11T000000_BUY_COUNTDOWN_CANCEL_1_2025-01-10T000000_11,2025-03-11 00:00:00,600519.SS,BUY_COUNTDOWN_CANCEL,1,5,2025-03-18 00:00:00,1497.12,1572.44,0.05030993,0.07301352,-0.0149153
600036SS_2025-03-11T000000_SELL_SETUP_-1_2025-03-11T000000_9,2025-03-11 00:00:00,600036.SS,SELL_SETUP,-1,5,2025-03-18 00:00:00,40.5,42.13,-0.04024691,0.00641975,-0.0491358
601318SS_2025-02-19T000000_SELL_SETUP_-1_2025-02-19T000000_9,2025-02-19 00:00:00,601318.SS,SELL_SETUP,-1,20,2025-03-19 00:00:00,48.9,51.52,-0.05357873,0.02965235,-0.05828221
601318SS_2025-02-19T000000_BUY_COUNTDOWN_CANCEL_1_2025-01-13T000000_4,2025-02-19 00:00:00,601318.SS,BUY_COUNTDOWN_CANCEL,1,20,2025-03-19 00:00:00,48.9,51.52,0.05357873,0.05828221,-0.02965235
000651SZ_2025-03-13T000000_SELL_SETUP_PERFECT_-1_2025-03-13T000000_9,2025-03-13 00:00:00,000651.SZ,SELL_SETUP_PERFECT,-1,5,2025-03-20 00:00:00,38.54,38.72,-0.00467047,-0.00025947,-0.04229372
600519SS_2024-09-18T000000_BUY_COUNTDOWN_COMPLETE_PERFECT_1_2024-08-02T000000_13,2024-09-18 00:00:00,600519.SS,BUY_COUNTDOWN_COMPLETE_PERFECT,1,120,2025-03-21 00:00:00,1191.46,1522.19,0.2775838,0.53975794,-0.01768419
000858SZ_2024-09-19T000000_BUY_SETUP_PERFECT_1_2024-09-19T000000_9,2024-09-19 00:00:00,000858.SZ,BUY_SETUP_PERFECT,1,120,2025-03-24 00:00:00,102.58,128.56,0.25326574,0.66153246,-0.02242152
000858SZ_2024-09-19T000000_BUY_COUNTDOWN_CANCEL_1_2024-08-23T000000_10,2024-09-19 00:00:00,000858.SZ,BUY_COUNTDOWN_CANCEL,1,120,2025-03-24 00:00:00,102.58,128.56,0.25326574,0.66153246,-0.02242152
600519SS_2025-03-18T000000_SELL_SETUP_PERFECT_-1_2025-03-18T000000_9,2025-03-18 00:00:00,600519.SS,SELL_SETUP_PERFECT,-1,5,2025-03-25 00:00:00,1572.44,1523.94,0.03084378,0.0391875,-0.0152629
601318SS_2024-12-20T000000_SELL_COUNTDOWN_CANCEL_-1_2024-12-10T000000_0,2024-12-20 00:00:00,601318.SS,SELL_COUNTDOWN_CANCEL,-1,60,2025-03-25 00:00:00,50.07,49.41,0.01318155,0.09027362,-0.03375275
600519SS_2024-09-23T000000_BUY_SETUP_1_2024-09-23T000000_9,2024-09-23 00:00:00,600519.SS,BUY_SETUP,1,120,2025-03-26 00:00:00,1186.1,1524.44,0.28525419,0.54671613,0.002993
000651SZ_2024-12-23T000000_BUY_COUNTDOWN_CANCEL_1_2024-11-25T000000_3,2024-12-23 00:00:00,000651.SZ,BUY_COUNTDOWN_CANCEL,1,60,2025-03-26 00:00:00,40.5,40.96,0.01135802,0.08074074,-0.10098765
000858SZ_2024-09-24T000000_BUY_COUNTDOWN_CANCEL_1_2024-09-19T000000_0,2024-09-24 00:00:00,000858.SZ,BUY_COUNTDOWN_CANCEL,1,120,2025-03-27 00:00:00,112.04,128.15,0.14378793,0.52124241,0.01356658
600519SS_2024-09-25T000000_BUY_COUNTDOWN_CANCEL_1_2024-09-23T000000_0,2024-09-25 00:00:00,600519.SS,BUY_COUNTDOWN_CANCEL,1,120,2025-03-28 00:00:00,1323.56,1533.65,0.158731,0.38607997,-0.00226661
600036SS_2024-09-25T000000_BUY_COUNTDOWN_CANCEL_1_2024-09-10T000000_1,2024-09-25 00:00:00,600036.SS,BUY_COUNTDOWN_CANCEL,1,120,2025-03-28 00:00:00,31.14,40.21,0.29126525,0.3837508,-0.00770713
000858SZ_2024-12-26T000000_BUY_SETUP_1_2024-12-26T000000_9,2024-12-26 00:00:00,000858.SZ,BUY_SETUP,1,60,2025-03-31 00:00:00,134.17,125.6,-0.06387419,0.02265782,-0.11574868
000858SZ_2024-12-26T000000_BUY_COUNTDOWN_CANCEL_1_2024-11-25T000000_7,2024-12-26 00:00:00,000858.SZ,BUY_COUNTDOWN_CANCEL,1,60,2025-03-31 00:00:00,134.17,125.6,-0.06387419,0.02265782,-0.11574868
000858SZ_2025-03-24T000000_BUY_COUNTDOWN_COMPLETE_1_2025-01-10T000000_13,2025-03-24 00:00:00,000858.SZ,BUY_COUNTDOWN_COMPLETE,1,5,2025-03-31 00:00:00,128.56,125.6,-0.02302427,0.0035781,-0.02302427
601318SS_2024-09-27T000000_SELL_SETUP_PERFECT_-1_2024-09-27T000000_9,2024-09-27 00:00:00,601318.SS,SELL_SETUP_PERFECT,-1,120,2025-04-01 00:00:00,48.43,49.07,-0.01321495,0.05946727,-0.22506711
601318SS_2024-09-27T000000_SELL_COUNTDOWN_CANCEL_-1_2024-08-27T000000_7,2024-09-27 00:00:00,601318.SS,SELL_COUNTDOWN_CANCEL,-1,120,2025-04-01 00:00:00,48.43,49.07,-0.01321495,0.05946727,-0.22506711
600036SS_2024-09-27T000000_SELL_SETUP_PERFECT_-1_2024-09-27T000000_9,2024-09-27 00:00:00,600036.SS,SELL_SETUP_PERFECT,-1,120,2025-04-01 00:00:00,32.62,39.86,-0.22194972,-0.00643777,-0.32096873
000651SZ_2024-09-27T000000_SELL_SETUP_PERFECT_-1_2024-09-27T000000_9,2024-09-27 00:00:00,000651.SZ,SELL_SETUP_PERFECT,-1,120,2025-04-01 00:00:00,40.41,41.14,-0.01806484,0.0989854,-0.20613709
000651SZ_2024-09-27T000000_SELL_COUNTDOWN_CANCEL_-1_2024-08-27T000000_10,2024-09-27 00:00:00,000651.SZ,SELL_COUNTDOWN_CANCEL,-1,120,2025-04-01 00:00:00,40.41,41.14,-0.01806484,0.0989854,-0.20613709
000858SZ_2024-10-10T000000_SELL_SETUP_-1_2024-10-10T000000_9,2024-10-10 00:00:00,000858.SZ,SELL_SETUP,-1,120,2025-04-08 00:00:00,143.66,125.01,0.12982041,0.17826813,-0.0878463
600519SS_2025-03-11T000000_BUY_COUNTDOWN_CANCEL_1_2025-01-10T000000_11,2025-03-11 00:00:00,600519.SS,BUY_COUNTDOWN_CANCEL,1,20,2025-04-09 00:00:00,1497.12,1489.48,-0.00510313,0.07301352,-0.05789783
000858SZ_2025-04-01T000000_BUY_SETUP_PERFECT_1_2025-04-01T000000_9,2025-04-01 00:00:00,000858.SZ,BUY_SETUP_PERFECT,1,5,2025-04-09 00:00:00,126.04,126.5,0.00364964,0.01340844,-0.06339257
600036SS_2025-03-11T000000_SELL_SETUP_-1_2025-03-11T000000_9,2025-03-11 00:00:00,600036.SS,SELL_SETUP,-1,20,2025-04-09 00:00:00,40.5,37.45,0.07530864,0.1017284,-0.06395062
000651SZ_2025-03-13T000000_SELL_SETUP_PERFECT_-1_2025-03-13T000000_9,2025-03-13 00:00:00,000651.SZ,SELL_SETUP_PERFECT,-1,20,2025-04-11 00:00:00,38.54,41.11,-0.06668396,0.00856253,-0.09600415
601318SS_2025-04-07T000000_SELL_COUNTDOWN_CANCEL_-1_2025-02-19T000000_6,2025-04-07 00:00:00,601318.SS,SELL_COUNTDOWN_CANCEL,-1,5,2025-04-14 00:00:00,46.01,46.93,-0.01999565,0.00999783,-0.02803738
600036SS_2025-04-07T000000_SELL_COUNTDOWN_CANCEL_-1_2025-03-11T000000_4,2025-04-07 00:00:00,600036.SS,SELL_COUNTDOWN_CANCEL,-1,5,2025-04-14 00:00:00,37.82,38.47,-0.01718667,0.01401375,-0.02855632
600519SS_2025-01-10T000000_BUY_SETUP_1_2025-01-10T000000_9,2025-01-10 00:00:00,600519.SS,BUY_SETUP,1,60,2025-04-15 00:00:00,1384.44,1506.44,0.08812227,0.16034642,-0.02599607
600519SS_2025-01-10T000000_BUY_COUNTDOWN_CANCEL_1_2024-11-25T000000_10,2025-01-10 00:00:00,600519.SS,BUY_COUNTDOWN_CANCEL,1,60,2025-04-15 00:00:00,1384.44,1506.44,0.08812227,0.16034642,-0.02599607
000858SZ_2025-01-10T000000_BUY_SETUP_1_2025-01-10T000000_9,2025-01-10 00:00:00,000858.SZ,BUY_SETUP,1,60,2025-04-15 00:00:00,120.28,125.6,0.04423013,0.14075491,-0.01854007
000858SZ_2025-01-10T000000_BUY_COUNTDOWN_CANCEL_1_2024-12-26T000000_8,2025-01-10 00:00:00,000858.SZ,BUY_COUNTDOWN_CANCEL,1,60,2025-04-15 00:00:00,120.28,125.6,0.04423013,0.14075491,-0.01854007
600519SS_2025-03-18T000000_SELL_SETUP_PERFECT_-1_2025-03-18T000000_9,2025-03-18 00:00:00,600519.SS,SELL_SETUP_PERFECT,-1,20,2025-04-16 00:00:00,1572.44,1507.61,0.04122892,0.1030246,-0.0152629
601318SS_2025-01-13T000000_BUY_SETUP_PERFECT_1_2025-01-13T000000_9,2025-01-13 00:00:00,601318.SS,BUY_SETUP_PERFECT,1,60,2025-04-16 00:00:00,46.04,47.33,0.02801911,0.12402259,-0.03453519
601318SS_2025-04-10T000000_BUY_SETUP_1_2025-04-10T000000_9,2025-04-10 00:00:00,601318.SS,BUY_SETUP,1,5,2025-04-17 00:00:00,46.93,47.61,0.01448967,0.01704667,-0.01065417
000858SZ_2025-03-24T000000_BUY_COUNTDOWN_COMPLETE_1_2025-01-10T000000_13,2025-03-24 00:00:00,000858.SZ,BUY_COUNTDOWN_COMPLETE,1,20,2025-04-22 00:00:00,128.56,124.35,-0.03274736,0.0035781,-0.08175171
000651SZ_2025-04-21T000000_SELL_COUNTDOWN_COMPLETE_-1_2025-03-13T000000_13,2025-04-21 00:00:00,000651.SZ,SELL_COUNTDOWN_COMPLETE,-1,5,2025-04-28 00:00:00,41.2,42.56,-0.03300971,0.00461165,-0.05121359
000858SZ_2025-04-01T000000_BUY_SETUP_PERFECT_1_2025-04-01T000000_9,2025-04-01 00:00:00,000858.SZ,BUY_SETUP_PERFECT,1,20,2025-04-30 00:00:00,126.04,122.95,-0.02451603,0.01348778,-0.06339257
601318SS_2025-04-23T000000_SELL_SETUP_PERFECT_-1_2025-04-23T000000_9,2025-04-23 00:00:00,601318.SS,SELL_SETUP_PERFECT,-1,5,2025-04-30 00:00:00,48.15,48.16,-0.00020768,0.01391485,-0.01952233
601318SS_2025-04-23T000000_BUY_COUNTDOWN_CANCEL_1_2025-04-10T000000_0,2025-04-23 00:00:00,601318.SS,BUY_COUNTDOWN_CANCEL,1,5,2025-04-30 00:00:00,48.15,48.16,0.00020768,0.01952233,-0.01391485
600036SS_2025-01-27T000000_SELL_COUNTDOWN_COMPLETE_PERFECT_-1_2024-12-10T000000_13,2025-01-27 00:00:00,600036.SS,SELL_COUNTDOWN_COMPLETE_PERFECT,-1,60,2025-04-30 00:00:00,37.64,37.73,-0.00239107,0.03347503,-0.14479277
601318SS_2025-04-07T000000_SELL_COUNTDOWN_CANCEL_-1_2025-02-19T000000_6,2025-04-07 00:00:00,601318.SS,SELL_COUNTDOWN_CANCEL,-1,20,2025-05-08 00:00:00,46.01,49.41,-0.07389698,0.00999783,-0.0823734
600036SS_2025-04-07T000000_SELL_COUNTDOWN_CANCEL_-1_2025-03-11T000000_4,2025-04-07 00:00:00,600036.SS,SELL_COUNTDOWN_CANCEL,-1,20,2025-05-08 00:00:00,37.82,39.79,-0.05208884,0.01401375,-0.06848228
000651SZ_2024-11-06T000000_BUY_SETUP_PERFECT_1_2024-11-06T000000_9,2024-11-06 00:00:00,000651.SZ,BUY_SETUP_PERFECT,1,120,2025-05-08 00:00:00,38.85,42.53,0.09472329,0.12664093,-0.06280566
000651SZ_2024-11-06T000000_SELL_COUNTDOWN_CANCEL_-1_2024-09-27T000000_4,2024-11-06 00:00:00,000651.SZ,SELL_COUNTDOWN_CANCEL,-1,120,2025-05-08 00:00:00,38.85,42.53,-0.09472329,0.06280566,-0.12664093
000651SZ_2025-04-30T000000_SELL_SETUP_-1_2025-04-30T000000_9,2025-04-30 00:00:00,000651.SZ,SELL_SETUP,-1,5,2025-05-12 00:00:00,41.57,42.91,-0.03223478,0.00601395,-0.04185711
601318SS_2025-04-10T000000_BUY_SETUP_1_2025-04-10T000000_9,2025-04-10 00:00:00,601318.SS,BUY_SETUP,1,20,2025-05-13 00:00:00,46.93,49.91,0.06349883,0.07053058,-0.01065417
601318SS_2025-02-19T000000_SELL_SETUP_-1_2025-02-19T000000_9,2025-02-19 00:00:00,601318.SS,SELL_SETUP,-1,60,2025-05-20 00:00:00,48.9,51.13,-0.04560327,0.09100204,-0.07627812
601318SS_2025-02-19T000000_BUY_COUNTDOWN_CANCEL_1_2025-01-13T000000_4,2025-02-19 00:00:00,601318.SS,BUY_COUNTDOWN_CANCEL,1,60,2025-05-20 00:00:00,48.9,51.13,0.04560327,0.07627812,-0.09100204
000651SZ_2025-04-21T000000_SELL_COUNTDOWN_COMPLETE_-1_2025-03-13T000000_13,2025-04-21 00:00:00,000651.SZ,SELL_COUNTDOWN_COMPLETE,-1,20,2025-05-22 00:00:00,41.2,44.09,-0.07014563,0.00461165,-0.07572816
600519SS_2025-05-16T000000_SELL_SETUP_-1_2025-05-16T000000_9,2025-05-16 00:00:00,600519.SS,SELL_SETUP,-1,5,2025-05-23 00:00:00,1562.57,1521.04,0.02657801,0.02817794,0.00904279
600519SS_2025-05-16T000000_SELL_COUNTDOWN_CANCEL_-1_2025-03-18T000000_10,2025-05-16 00:00:00,600519.SS,SELL_COUNTDOWN_CANCEL,-1,5,2025-05-23 00:00:00,1562.57,1521.04,0.02657801,0.02817794,0.00904279
601318SS_2024-11-21T000000_BUY_SETUP_1_2024-11-21T000000_9,2024-11-21 00:00:00,601318.SS,BUY_SETUP,1,120,2025-05-23 00:00:00,52.94,50.68,-0.04268984,0.03192293,-0.16037023
601318SS_2024-11-21T000000_SELL_COUNTDOWN_CANCEL_-1_2024-09-27T000000_10,2024-11-21 00:00:00,601318.SS,SELL_COUNTDOWN_CANCEL,-1,120,2025-05-23 00:00:00,52.94,50.68,0.04268984,0.16037023,-0.03192293
601318SS_2025-04-23T000000_SELL_SETUP_PERFECT_-1_2025-04-23T000000_9,2025-04-23 00:00:00,601318.SS,SELL_SETUP_PERFECT,-1,20,2025-05-26 00:00:00,48.15,50.85,-0.05607477,0.01391485,-0.09304258
601318SS_2025-04-23T000000_BUY_COUNTDOWN_CANCEL_1_2025-04-10T000000_0,2025-04-23 00:00:00,601318.SS,BUY_COUNTDOWN_CANCEL,1,20,2025-05-26 00:00:00,48.15,50.85,0.05607477,0.09304258,-0.01391485
600519SS_2024-11-25T000000_BUY_SETUP_PERFECT_1_2024-11-25T000000_9,2024-11-25 00:00:00,600519.SS,BUY_SETUP_PERFECT,1,120,2025-05-27 00:00:00,1423.13,1492.34,0.04863224,0.1288006,-0.05247588
000858SZ_2024-11-25T000000_BUY_SETUP_PERFECT_1_2024-11-25T000000_9,2024-11-25 00:00:00,000858.SZ,BUY_SETUP_PERFECT,1,120,2025-05-27 00:00:00,135.48,120.41,-0.11123413,0.08178329,-0.12865368
000858SZ_2024-11-25T000000_SELL_COUNTDOWN_CANCEL_-1_2024-10-10T000000_9,2024-11-25 00:00:00,000858.SZ,SELL_COUNTDOWN_CANCEL,-1,120,2025-05-27 00:00:00,135.48,120.41,0.11123413,0.12865368,-0.08178329
000651SZ_2024-11-25T000000_BUY_SETUP_PERFECT_1_2024-11-25T000000_9,2024-11-25 00:00:00,000651.SZ,BUY_SETUP_PERFECT,1,120,2025-05-27 00:00:00,36.98,43.19,0.16792861,0.20173067,-0.01541374
000651SZ_2024-11-25T000000_BUY_COUNTDOWN_CANCEL_1_2024-11-06T000000_6,2024-11-25 00:00:00,000651.SZ,BUY_COUNTDOWN_CANCEL,1,120,2025-05-27 00:00:00,36.98,43.19,0.16792861,0.20173067,-0.01541374
000858SZ_2025-05-23T000000_BUY_COUNTDOWN_COMPLETE_PERFECT_1_2025-04-01T000000_13,2025-05-23 00:00:00,000858.SZ,BUY_COUNTDOWN_COMPLETE_PERFECT,1,5,2025-05-30 00:00:00,122.4,120.69,-0.01397059,0.0,-0.02165033
000651SZ_2025-04-30T000000_SELL_SETUP_-1_2025-04-30T000000_9,2025-04-30 00:00:00,000651.SZ,SELL_SETUP,-1,20,2025-06-03 00:00:00,41.57,41.99,-0.01010344,0.00601395,-0.06904017
600519SS_2025-05-27T000000_SELL_COUNTDOWN_CANCEL_-1_2025-05-16T000000_0,2025-05-27 00:00:00,600519.SS,SELL_COUNTDOWN_CANCEL,-1,5,2025-06-04 00:00:00,1492.34,1458.4,0.02274281,0.02605304,-0.00743798
000858SZ_2025-05-28T000000_BUY_SETUP_PERFECT_1_2025-05-28T000000_9,2025-05-28 00:00:00,000858.SZ,BUY_SETUP_PERFECT,1,5,2025-06-05 00:00:00,121.17,119.28,-0.01559792,0.00519931,-0.02327309
600519SS_2025-03-11T000000_BUY_COUNTDOWN_CANCEL_1_2025-01-10T000000_11,2025-03-11 00:00:00,600519.SS,BUY_COUNTDOWN_CANCEL,1,60,2025-06-10 00:00:00,1497.12,1423.45,-0.04920781,0.07301352,-0.05789783
600036SS_2025-03-11T000000_SELL_SETUP_-1_2025-03-11T000000_9,2025-03-11 00:00:00,600036.SS,SELL_SETUP,-1,60,2025-06-10 00:00:00,40.5,41.66,-0.02864198,0.1017284,-0.06395062
601318SS_2024-12-10T000000_SELL_SETUP_PERFECT_-1_2024-12-10T000000_9,2024-12-10 00:00:00,601318.SS,SELL_SETUP_PERFECT,-1,120,2025-06-12 00:00:00,53.07,52.26,0.01526286,0.16242698,-0.00584134
601318SS_2024-12-10T000000_BUY_COUNTDOWN_CANCEL_1_2024-11-21T000000_2,2024-12-10 00:00:00,601318.SS,BUY_COUNTDOWN_CANCEL,1,120,2025-06-12 00:00:00,53.07,52.26,-0.01526286,0.00584134,-0.16242698
600036SS_2024-12-10T000000_SELL_SETUP_PERFECT_-1_2024-12-10T000000_9,2024-12-10 00:00:00,600036.SS,SELL_SETUP_PERFECT,-1,120,2025-06-12 00:00:00,35.59,42.22,-0.18628828,0.03708907,-0.21073335
600036SS_2024-12-10T000000_SELL_COUNTDOWN_CANCEL_-1_2024-09-27T000000_11,2024-12-10 00:00:00,600036.SS,SELL_COUNTDOWN_CANCEL,-1,120,2025-06-12 00:00:00,35.59,42.22,-0.18628828,0.03708907,-0.21073335
000651SZ_2025-03-13T000000_SELL_SETUP_PERFECT_-1_2025-03-13T000000_9,2025-03-13 00:00:00,000651.SZ,SELL_SETUP_PERFECT,-1,60,2025-06-12 00:00:00,38.54,41.87,-0.08640374,0.00856253,-0.1530877
600519SS_2025-05-16T000000_SELL_SETUP_-1_2025-05-16T000000_9,2025-05-16 00:00:00,600519.SS,SELL_SETUP,-1,20,2025-06-16 00:00:00,1562.57,1370.73,0.1227721,0.13628189,0.00904279
600519SS_2025-05-16T000000_SELL_COUNTDOWN_CANCEL_-1_2025-03-18T000000_10,2025-05-16 00:00:00,600519.SS,SELL_COUNTDOWN_CANCEL,-1,20,2025-06-16 00:00:00,1562.57,1370.73,0.1227721,0.13628189,0.00904279
600519SS_2025-03-18T000000_SELL_SETUP_PERFECT_-1_2025-03-18T000000_9,2025-03-18 00:00:00,600519.SS,SELL_SETUP_PERFECT,-1,60,2025-06-17 00:00:00,1572.44,1375.44,0.125283,0.14170334,-0.0152629
601318SS_2025-06-11T000000_SELL_COUNTDOWN_COMPLETE_-1_2025-04-23T000000_13,2025-06-11 00:00:00,601318.SS,SELL_COUNTDOWN_COMPLETE,-1,5,2025-06-18 00:00:00,51.91,51.26,0.01252167,0.02234637,-0.01675978
600036SS_2025-06-13T000000_SELL_SETUP_-1_2025-06-13T000000_9,2025-06-13 00:00:00,600036.SS,SELL_SETUP,-1,5,2025-06-20 00:00:00,42.17,42.98,-0.01920797,0.00545411,-0.02371354
000858SZ_2025-03-24T000000_BUY_COUNTDOWN_COMPLETE_1_2025-01-10T000000_13,2025-03-24 00:00:00,000858.SZ,BUY_COUNTDOWN_COMPLETE,1,60,2025-06-23 00:00:00,128.56,112.53,-0.12468886,0.02232421,-0.1346453
000858SZ_2025-05-23T000000_BUY_COUNTDOWN_COMPLETE_PERFECT_1_2025-04-01T000000_13,2025-05-23 00:00:00,000858.SZ,BUY_COUNTDOWN_COMPLETE_PERFECT,1,20,2025-06-23 00:00:00,122.4,112.53,-0.08063725,0.0,-0.09109477
601318SS_2024-12-20T000000_SELL_COUNTDOWN_CANCEL_-1_2024-12-10T000000_0,2024-12-20 00:00:00,601318.SS,SELL_COUNTDOWN_CANCEL,-1,120,2025-06-24 00:00:00,50.07,54.24,-0.0832834,0.11224286,-0.08687837
600519SS_2025-05-27T000000_SELL_COUNTDOWN_CANCEL_-1_2025-05-16T000000_0,2025-05-27 00:00:00,600519.SS,SELL_COUNTDOWN_CANCEL,-1,20,2025-06-25 00:00:00,1492.34,1384.3,0.07239637,0.09563504,-0.00743798
000651SZ_2024-12-23T000000_BUY_COUNTDOWN_CANCEL_1_2024-11-25T000000_3,2024-12-23 00:00:00,000651.SZ,BUY_COUNTDOWN_CANCEL,1,120,2025-06-25 00:00:00,40.5,42.38,0.04641975,0.09728395,-0.10098765
000858SZ_2025-05-28T000000_BUY_SETUP_PERFECT_1_2025-05-28T000000_9,2025-05-28 00:00:00,000858.SZ,BUY_SETUP_PERFECT,1,20,2025-06-26 00:00:00,121.17,113.98,-0.05933812,0.00519931,-0.08186845
000858SZ_2024-12-26T000000_BUY_SETUP_1_2024-12-26T000000_9,2024-12-26 00:00:00,000858.SZ,BUY_SETUP,1,120,2025-06-30 00:00:00,134.17,113.15,-0.15666692,0.02265782,-0.17082805
000858SZ_2024-12-26T000000_BUY_COUNTDOWN_CANCEL_1_2024-11-25T000000_7,2024-12-26 00:00:00,000858.SZ,BUY_COUNTDOWN_CANCEL,1,120,2025-06-30 00:00:00,134.17,113.15,-0.15666692,0.02265782,-0.17082805
000858SZ_2025-04-01T000000_BUY_SETUP_PERFECT_1_2025-04-01T000000_9,2025-04-01 00:00:00,000858.SZ,BUY_SETUP_PERFECT,1,60,2025-07-01 00:00:00,126.04,112.88,-0.1044113,0.0427642,-0.1173437
600036SS_2025-06-26T000000_SELL_SETUP_PERFECT_-1_2025-06-26T000000_9,2025-06-26 00:00:00,600036.SS,SELL_SETUP_PERFECT,-1,5,2025-07-03 00:00:00,44.87,43.6,0.02830399,0.04702474,0.00022287
600036SS_2025-06-26T000000_SELL_COUNTDOWN_CANCEL_-1_2025-06-13T000000_6,2025-06-26 00:00:00,600036.SS,SELL_COUNTDOWN_CANCEL,-1,5,2025-07-03 00:00:00,44.87,43.6,0.02830399,0.04702474,0.00022287
601318SS_2025-04-07T000000_SELL_COUNTDOWN_CANCEL_-1_2025-02-19T000000_6,2025-04-07 00:00:00,601318.SS,SELL_COUNTDOWN_CANCEL,-1,60,2025-07-04 00:00:00,46.01,55.62,-0.20886764,0.00999783,-0.22668985
600036SS_2025-04-07T000000_SELL_COUNTDOWN_CANCEL_-1_2025-03-11T000000_4,2025-04-07 00:00:00,600036.SS,SELL_COUNTDOWN_CANCEL,-1,60,2025-07-04 00:00:00,37.82,44.06,-0.16499207,0.01401375,-0.18640931
601318SS_2025-04-10T000000_BUY_SETUP_1_2025-04-10T000000_9,2025-04-10 00:00:00,601318.SS,BUY_SETUP,1,60,2025-07-09 00:00:00,46.93,54.95,0.17089282,0.20264223,-0.01065417
601318SS_2025-06-11T000000_SELL_COUNTDOWN_COMPLETE_-1_2025-04-23T000000_13,2025-06-11 00:00:00,601318.SS,SELL_COUNTDOWN_COMPLETE,-1,20,2025-07-09 00:00:00,51.91,54.95,-0.0585629,0.02581391,-0.08726642
600036SS_2025-06-13T000000_SELL_SETUP_-1_2025-06-13T000000_9,2025-06-13 00:00:00,600036.SS,SELL_SETUP,-1,20,2025-07-11 00:00:00,42.17,44.63,-0.05833531,0.00545411,-0.07991463
000651SZ_2025-07-04T000000_SELL_SETUP_PERFECT_-1_2025-07-04T000000_9,2025-07-04 00:00:00,000651.SZ,SELL_SETUP_PERFECT,-1,5,2025-07-11 00:00:00,43.75,43.96,-0.0048,0.01805714,-0.00937143
000651SZ_2025-07-04T000000_SELL_COUNTDOWN_CANCEL_-1_2025-04-30T000000_12,2025-07-04 00:00:00,000651.SZ,SELL_COUNTDOWN_CANCEL,-1,5,2025-07-11 00:00:00,43.75,43.96,-0.0048,0.01805714,-0.00937143
600519SS_2025-01-10T000000_BUY_SETUP_1_2025-01-10T000000_9,2025-01-10 00:00:00,600519.SS,BUY_SETUP,1,120,2025-07-14 00:00:00,1384.44,1399.64,0.01097917,0.16034642,-0.02599607
600519SS_2025-01-10T000000_BUY_COUNTDOWN_CANCEL_1_2024-11-25T000000_10,2025-01-10 00:00:00,600519.SS,BUY_COUNTDOWN_CANCEL,1,120,2025-07-14 00:00:00,1384.44,1399.64,0.01097917,0.16034642,-0.02599607
000858SZ_2025-01-10T000000_BUY_SETUP_1_2025-01-10T000000_9,2025-01-10 00:00:00,000858.SZ,BUY_SETUP,1,120,2025-07-14 00:00:00,120.28,119.66,-0.00515464,0.14075491,-0.07507483
000858SZ_2025-01-10T000000_BUY_COUNTDOWN_CANCEL_1_2024-12-26T000000_8,2025-01-10 00:00:00,000858.SZ,BUY_COUNTDOWN_CANCEL,1,120,2025-07-14 00:00:00,120.28,119.66,-0.00515464,0.14075491,-0.07507483
601318SS_2025-01-13T000000_BUY_SETUP_PERFECT_1_2025-01-13T000000_9,2025-01-13 00:00:00,601318.SS,BUY_SETUP_PERFECT,1,120,2025-07-15 00:00:00,46.04,56.15,0.21959166,0.26129453,-0.03453519
000651SZ_2025-04-21T000000_SELL_COUNTDOWN_COMPLETE_-1_2025-03-13T000000_13,2025-04-21 00:00:00,000651.SZ,SELL_COUNTDOWN_COMPLETE,-1,60,2025-07-18 00:00:00,41.2,44.89,-0.08956311,0.00461165,-0.09466019
000858SZ_2025-07-15T000000_SELL_SETUP_PERFECT_-1_2025-07-15T000000_9,2025-07-15 00:00:00,000858.SZ,SELL_SETUP_PERFECT,-1,5,2025-07-22 00:00:00,119.25,122.95,-0.03102725,0.0033543,-0.03404612
000858SZ_2025-07-15T000000_BUY_COUNTDOWN_CANCEL_1_2025-05-28T000000_10,2025-07-15 00:00:00,000858.SZ,BUY_COUNTDOWN_CANCEL,1,5,2025-07-22 00:00:00,119.25,122.95,0.03102725,0.03404612,-0.0033543
601318SS_2025-04-23T000000_SELL_SETUP_PERFECT_-1_2025-04-23T000000_9,2025-04-23 00:00:00,601318.SS,SELL_SETUP_PERFECT,-1,60,2025-07-22 00:00:00,48.15,55.75,-0.15784008,0.01391485,-0.20602285
601318SS_2025-04-23T000000_BUY_COUNTDOWN_CANCEL_1_2025-04-10T000000_0,2025-04-23 00:00:00,601318.SS,BUY_COUNTDOWN_CANCEL,1,60,2025-07-22 00:00:00,48.15,55.75,0.15784008,0.20602285,-0.01391485
601318SS_2025-07-15T000000_SELL_SETUP_-1_2025-07-15T000000_9,2025-07-15 00:00:00,601318.SS,SELL_SETUP,-1,5,2025-07-22 00:00:00,56.15,55.75,0.00712378,0.01780944,-0.01157614
600036SS_2025-06-26T000000_SELL_SETUP_PERFECT_-1_2025-06-26T000000_9,2025-06-26 00:00:00,600036.SS,SELL_SETUP_PERFECT,-1,20,2025-07-24 00:00:00,44.87,43.87,0.02228661,0.04702474,-0.01493203
600036SS_2025-06-26T000000_SELL_COUNTDOWN_CANCEL_-1_2025-06-13T000000_6,2025-06-26 00:00:00,600036.SS,SELL_COUNTDOWN_CANCEL,-1,20,2025-07-24 00:00:00,44.87,43.87,0.02228661,0.04702474,-0.01493203
600036SS_2025-01-27T000000_SELL_COUNTDOWN_COMPLETE_PERFECT_-1_2024-12-10T000000_13,2025-01-27 00:00:00,600036.SS,SELL_COUNTDOWN_COMPLETE_PERFECT,-1,120,2025-07-29 00:00:00,37.64,43.13,-0.14585547,0.03347503,-0.2098831
000651SZ_2025-04-30T000000_SELL_SETUP_-1_2025-04-30T000000_9,2025-04-30 00:00:00,000651.SZ,SELL_SETUP,-1,60,2025-07-29 00:00:00,41.57,43.13,-0.03752706,0.01274958,-0.09405822
000651SZ_2025-07-04T000000_SELL_SETUP_PERFECT_-1_2025-07-04T000000_9,2025-07-04 00:00:00,000651.SZ,SELL_SETUP_PERFECT,-1,20,2025-08-01 00:00:00,43.75,42.9,0.01942857,0.02834286,-0.03954286
000651SZ_2025-07-04T000000_SELL_COUNTDOWN_CANCEL_-1_2025-04-30T000000_12,2025-07-04 00:00:00,000651.SZ,SELL_COUNTDOWN_CANCEL,-1,20,2025-08-01 00:00:00,43.75,42.9,0.01942857,0.02834286,-0.03954286
600519SS_2025-05-16T000000_SELL_SETUP_-1_2025-05-16T000000_9,2025-05-16 00:00:00,600519.SS,SELL_SETUP,-1,60,2025-08-11 00:00:00,1562.57,1421.04,0.09057514,0.13628189,0.00904279
600519SS_2025-05-16T000000_SELL_COUNTDOWN_CANCEL_-1_2025-03-18T000000_10,2025-05-16 00:00:00,600519.SS,SELL_COUNTDOWN_CANCEL,-1,60,2025-08-11 00:00:00,1562.57,1421.04,0.09057514,0.13628189,0.00904279
000858SZ_2025-07-15T000000_SELL_SETUP_PERFECT_-1_2025-07-15T000000_9,2025-07-15 00:00:00,000858.SZ,SELL_SETUP_PERFECT,-1,20,2025-08-12 00:00:00,119.25,120.61,-0.01140461,0.01207547,-0.04234801
000858SZ_2025-07-15T000000_BUY_COUNTDOWN_CANCEL_1_2025-05-28T000000_10,2025-07-15 00:00:00,000858.SZ,BUY_COUNTDOWN_CANCEL,1,20,2025-08-12 00:00:00,119.25,120.61,0.01140461,0.04234801,-0.01207547
601318SS_2025-07-15T000000_SELL_SETUP_-1_2025-07-15T000000_9,2025-07-15 00:00:00,601318.SS,SELL_SETUP,-1,20,2025-08-12 00:00:00,56.15,57.8,-0.02938557,0.01780944,-0.07533393
601318SS_2025-02-19T000000_SELL_SETUP_-1_2025-02-19T000000_9,2025-02-19 00:00:00,601318.SS,SELL_SETUP,-1,120,2025-08-13 00:00:00,48.9,57.66,-0.1791411,0.09100204,-0.23476483
601318SS_2025-02-19T000000_BUY_COUNTDOWN_CANCEL_1_2025-01-13T000000_4,2025-02-19 00:00:00,601318.SS,BUY_COUNTDOWN_CANCEL,1,120,2025-08-13 00:00:00,48.9,57.66,0.1791411,0.23476483,-0.09100204
000858SZ_2025-05-23T000000_BUY_COUNTDOWN_COMPLETE_PERFECT_1_2025-04-01T000000_13,2025-05-23 00:00:00,000858.SZ,BUY_COUNTDOWN_COMPLETE_PERFECT,1,60,2025-08-18 00:00:00,122.4,121.17,-0.01004902,0.01552288,-0.09109477
600519SS_2025-05-27T000000_SELL_COUNTDOWN_CANCEL_-1_2025-05-16T000000_0,2025-05-27 00:00:00,600519.SS,SELL_COUNTDOWN_CANCEL,-1,60,2025-08-20 00:00:00,1492.34,1426.04,0.04442687,0.09563504,-0.00743798
000858SZ_2025-05-28T000000_BUY_SETUP_PERFECT_1_2025-05-28T000000_9,2025-05-28 00:00:00,000858.SZ,BUY_SETUP_PERFECT,1,60,2025-08-21 00:00:00,121.17,122.87,0.01402988,0.02583148,-0.08186845
000858SZ_2025-08-20T000000_SELL_COUNTDOWN_COMPLETE_PERFECT_-1_2025-07-15T000000_13,2025-08-20 00:00:00,000858.SZ,SELL_COUNTDOWN_COMPLETE_PERFECT,-1,5,2025-08-27 00:00:00,123.2,124.04,-0.00681818,0.00746753,-0.04926948
600036SS_2025-08-20T000000_BUY_SETUP_1_2025-08-20T000000_9,2025-08-20 00:00:00,600036.SS,BUY_SETUP,1,5,2025-08-27 00:00:00,42.44,41.99,-0.0106032,0.01343073,-0.0106032
600036SS_2025-08-20T000000_SELL_COUNTDOWN_CANCEL_-1_2025-06-26T000000_8,2025-08-20 00:00:00,600036.SS,SELL_COUNTDOWN_CANCEL,-1,5,2025-08-27 00:00:00,42.44,41.99,0.0106032,0.0106032,-0.01343073
000651SZ_2025-08-25T000000_SELL_COUNTDOWN_COMPLETE_PERFECT_-1_2025-07-04T000000_13,2025-08-25 00:00:00,000651.SZ,SELL_COUNTDOWN_COMPLETE_PERFECT,-1,5,2025-09-01 00:00:00,45.11,40.41,0.10418976,0.10551984,-0.00554201
600519SS_2025-03-11T000000_BUY_COUNTDOWN_CANCEL_1_2025-01-10T000000_11,2025-03-11 00:00:00,600519.SS,BUY_COUNTDOWN_CANCEL,1,120,2025-09-02 00:00:00,1497.12,1467.34,-0.01989153,0.07301352,-0.0985225
601318SS_2025-08-26T000000_SELL_COUNTDOWN_COMPLETE_PERFECT_-1_2025-07-15T000000_13,2025-08-26 00:00:00,601318.SS,SELL_COUNTDOWN_COMPLETE_PERFECT,-1,5,2025-09-02 00:00:00,59.57,57.71,0.03122377,0.03861004,-0.00973644
600036SS_2025-03-11T000000_SELL_SETUP_-1_2025-03-11T000000_9,2025-03-11 00:00:00,600036.SS,SELL_SETUP,-1,120,2025-09-02 00:00:00,40.5,42.43,-0.04765432,0.1017284,-0.12444444
601318SS_2025-06-11T000000_SELL_COUNTDOWN_COMPLETE_-1_2025-04-23T000000_13,2025-06-11 00:00:00,601318.SS,SELL_COUNTDOWN_COMPLETE,-1,60,2025-09-03 00:00:00,51.91,56.83,-0.09477943,0.02581391,-0.16316702
000651SZ_2025-03-13T000000_SELL_SETUP_PERFECT_-1_2025-03-13T000000_9,2025-03-13 00:00:00,000651.SZ,SELL_SETUP_PERFECT,-1,120,2025-09-04 00:00:00,38.54,40.19,-0.04281266,0.00856253,-0.18007265
600036SS_2025-06-13T000000_SELL_SETUP_-1_2025-06-13T000000_9,2025-06-13 00:00:00,600036.SS,SELL_SETUP,-1,60,2025-09-05 00:00:00,42.17,41.75,0.00995969,0.03130187,-0.07991463
600519SS_2025-03-18T000000_SELL_SETUP_PERFECT_-1_2025-03-18T000000_9,2025-03-18 00:00:00,600519.SS,SELL_SETUP_PERFECT,-1,120,2025-09-09 00:00:00,1572.44,1481.04,0.05812622,0.14170334,-0.0152629
000858SZ_2025-03-24T000000_BUY_COUNTDOWN_COMPLETE_1_2025-01-10T000000_13,2025-03-24 00:00:00,000858.SZ,BUY_COUNTDOWN_COMPLETE,1,120,2025-09-15 00:00:00,128.56,124.07,-0.03492533,0.02232421,-0.1346453
601318SS_2025-09-08T000000_BUY_SETUP_PERFECT_1_2025-09-08T000000_9,2025-09-08 00:00:00,601318.SS,BUY_SETUP_PERFECT,1,5,2025-09-15 00:00:00,56.75,56.38,-0.00651982,0.02643172,-0.0107489
000858SZ_2025-08-20T000000_SELL_COUNTDOWN_COMPLETE_PERFECT_-1_2025-07-15T000000_13,2025-08-20 00:00:00,000858.SZ,SELL_COUNTDOWN_COMPLETE_PERFECT,-1,20,2025-09-17 00:00:00,123.2,123.38,-0.00146104,0.01444805,-0.04926948
600036SS_2025-08-20T000000_BUY_SETUP_1_2025-08-20T000000_9,2025-08-20 00:00:00,600036.SS,BUY_SETUP,1,20,2025-09-17 00:00:00,42.44,40.75,-0.03982092,0.01343073,-0.04217719
600036SS_2025-08-20T000000_SELL_COUNTDOWN_CANCEL_-1_2025-06-26T000000_8,2025-08-20 00:00:00,600036.SS,SELL_COUNTDOWN_CANCEL,-1,20,2025-09-17 00:00:00,42.44,40.75,0.03982092,0.04217719,-0.01343073
000651SZ_2025-09-10T000000_BUY_SETUP_1_2025-09-10T000000_9,2025-09-10 00:00:00,000651.SZ,BUY_SETUP,1,5,2025-09-17 00:00:00,40.16,39.79,-0.00921315,0.00722112,-0.01967131
600036SS_2025-06-26T000000_SELL_SETUP_PERFECT_-1_2025-06-26T000000_9,2025-06-26 00:00:00,600036.SS,SELL_SETUP_PERFECT,-1,60,2025-09-18 00:00:00,44.87,39.82,0.11254736,0.11321596,-0.01493203
600036SS_2025-06-26T000000_SELL_COUNTDOWN_CANCEL_-1_2025-06-13T000000_6,2025-06-26 00:00:00,600036.SS,SELL_COUNTDOWN_CANCEL,-1,60,2025-09-18 00:00:00,44.87,39.82,0.11254736,0.11321596,-0.01493203
000651SZ_2025-08-25T000000_SELL_COUNTDOWN_COMPLETE_PERFECT_-1_2025-07-04T000000_13,2025-08-25 00:00:00,000651.SZ,SELL_COUNTDOWN_COMPLETE_PERFECT,-1,20,2025-09-22 00:00:00,45.11,38.83,0.13921525,0.1420971,-0.00554201
000858SZ_2025-04-01T000000_BUY_SETUP_PERFECT_1_2025-04-01T000000_9,2025-04-01 00:00:00,000858.SZ,BUY_SETUP_PERFECT,1,120,2025-09-23 00:00:00,126.04,119.61,-0.05101555,0.0427642,-0.1173437
601318SS_2025-08-26T000000_SELL_COUNTDOWN_COMPLETE_PERFECT_-1_2025-07-15T000000_13,2025-08-26 00:00:00,601318.SS,SELL_COUNTDOWN_COMPLETE_PERFECT,-1,20,2025-09-23 00:00:00,59.57,54.07,0.09232835,0.09702871,-0.00973644
601318SS_2025-04-07T000000_SELL_COUNTDOWN_CANCEL_-1_2025-02-19T000000_6,2025-04-07 00:00:00,601318.SS,SELL_COUNTDOWN_CANCEL,-1,120,2025-09-26 00:00:00,46.01,54.27,-0.17952619,0.00999783,-0.31232341
600036SS_2025-04-07T000000_SELL_COUNTDOWN_CANCEL_-1_2025-03-11T000000_4,2025-04-07 00:00:00,600036.SS,SELL_COUNTDOWN_CANCEL,-1,120,2025-09-26 00:00:00,37.82,39.79,-0.05208884,0.01401375,-0.2041248
000651SZ_2025-07-04T000000_SELL_SETUP_PERFECT_-1_2025-07-04T000000_9,2025-07-04 00:00:00,000651.SZ,SELL_SETUP_PERFECT,-1,60,2025-09-26 00:00:00,43.75,38.85,0.112,0.12457143,-0.03954286
000651SZ_2025-07-04T000000_SELL_COUNTDOWN_CANCEL_-1_2025-04-30T000000_12,2025-07-04 00:00:00,000651.SZ,SELL_COUNTDOWN_CANCEL,-1,60,2025-09-26 00:00:00,43.75,38.85,0.112,0.12457143,-0.03954286
000858SZ_2025-09-24T000000_BUY_SETUP_PERFECT_1_2025-09-24T000000_9,2025-09-24 00:00:00,000858.SZ,BUY_SETUP_PERFECT,1,5,2025-10-09 00:00:00,119.79,118.58,-0.01010101,0.0024209,-0.02153769
601318SS_2025-04-10T000000_BUY_SETUP_1_2025-04-10T000000_9,2025-04-10 00:00:00,601318.SS,BUY_SETUP,1,120,2025-10-09 00:00:00,46.93,54.09,0.15256765,0.28659706,-0.01065417
000651SZ_2025-09-24T000000_BUY_SETUP_PERFECT_1_2025-09-24T000000_9,2025-09-24 00:00:00,000651.SZ,BUY_SETUP_PERFECT,1,5,2025-10-09 00:00:00,38.99,39.38,0.01000256,0.01000256,-0.01769685
000651SZ_2025-09-24T000000_BUY_COUNTDOWN_CANCEL_1_2025-09-10T000000_7,2025-09-24 00:00:00,000651.SZ,BUY_COUNTDOWN_CANCEL,1,5,2025-10-09 00:00:00,38.99,39.38,0.01000256,0.01000256,-0.01769685
600519SS_2025-09-26T000000_BUY_SETUP_PERFECT_1_2025-09-26T000000_9,2025-09-26 00:00:00,600519.SS,BUY_SETUP_PERFECT,1,5,2025-10-13 00:00:00,1411.04,1395.24,-0.01119741,0.02479731,-0.0140889
601318SS_2025-09-08T000000_BUY_SETUP_PERFECT_1_2025-09-08T000000_9,2025-09-08 00:00:00,601318.SS,BUY_SETUP_PERFECT,1,20,2025-10-14 00:00:00,56.75,55.53,-0.0214978,0.02643172,-0.06079295
000858SZ_2025-07-15T000000_SELL_SETUP_PERFECT_-1_2025-07-15T000000_9,2025-07-15 00:00:00,000858.SZ,SELL_SETUP_PERFECT,-1,60,2025-10-15 00:00:00,119.25,119.49,-0.00201258,0.02171908,-0.08402516
000858SZ_2025-07-15T000000_BUY_COUNTDOWN_CANCEL_1_2025-05-28T000000_10,2025-07-15 00:00:00,000858.SZ,BUY_COUNTDOWN_CANCEL,1,60,2025-10-15 00:00:00,119.25,119.49,0.00201258,0.08402516,-0.02171908
601318SS_2025-07-15T000000_SELL_SETUP_-1_2025-07-15T000000_9,2025-07-15 00:00:00,601318.SS,SELL_SETUP,-1,60,2025-10-15 00:00:00,56.15,56.86,-0.0126447,0.0507569,-0.07533393
600036SS_2025-10-09T000000_BUY_COUNTDOWN_COMPLETE_PERFECT_1_2025-08-20T000000_13,2025-10-09 00:00:00,600036.SS,BUY_COUNTDOWN_COMPLETE_PERFECT,1,5,2025-10-16 00:00:00,39.32,40.92,0.04069176,0.0422177,-0.01602238
000651SZ_2025-09-10T000000_BUY_SETUP_1_2025-09-10T000000_9,2025-09-10 00:00:00,000651.SZ,BUY_SETUP,1,20,2025-10-16 00:00:00,40.16,39.77,-0.00971116,0.00722112,-0.04631474
000651SZ_2025-04-21T000000_SELL_COUNTDOWN_COMPLETE_-1_2025-03-13T000000_13,2025-04-21 00:00:00,000651.SZ,SELL_COUNTDOWN_COMPLETE,-1,120,2025-10-20 00:00:00,41.2,39.77,0.03470874,0.07038835,-0.1038835
601318SS_2025-04-23T000000_SELL_SETUP_PERFECT_-1_2025-04-23T000000_9,2025-04-23 00:00:00,601318.SS,SELL_SETUP_PERFECT,-1,120,2025-10-22 00:00:00,48.15,57.26,-0.18920042,0.01391485,-0.25399792
601318SS_2025-04-23T000000_BUY_COUNTDOWN_CANCEL_1_2025-04-10T000000_0,2025-04-23 00:00:00,601318.SS,BUY_COUNTDOWN_CANCEL,1,120,2025-10-22 00:00:00,48.15,57.26,0.18920042,0.25399792,-0.01391485
000651SZ_2025-04-30T000000_SELL_SETUP_-1_2025-04-30T000000_9,2025-04-30 00:00:00,000651.SZ,SELL_SETUP,-1,120,2025-10-29 00:00:00,41.57,39.69,0.04522492,0.0786625,-0.09405822
000858SZ_2025-09-24T000000_BUY_SETUP_PERFECT_1_2025-09-24T000000_9,2025-09-24 00:00:00,000858.SZ,BUY_SETUP_PERFECT,1,20,2025-10-30 00:00:00,119.79,115.89,-0.03255697,0.00492529,-0.03648051
000651SZ_2025-09-24T000000_BUY_SETUP_PERFECT_1_2025-09-24T000000_9,2025-09-24 00:00:00,000651.SZ,BUY_SETUP_PERFECT,1,20,2025-10-30 00:00:00,38.99,39.47,0.01231085,0.02975122,-0.01769685
000651SZ_2025-09-24T000000_BUY_COUNTDOWN_CANCEL_1_2025-09-10T000000_7,2025-09-24 00:00:00,000651.SZ,BUY_COUNTDOWN_CANCEL,1,20,2025-10-30 00:00:00,38.99,39.47,0.01231085,0.02975122,-0.01769685
601318SS_2025-10-24T000000_SELL_SETUP_PERFECT_-1_2025-10-24T000000_9,2025-10-24 00:00:00,601318.SS,SELL_SETUP_PERFECT,-1,5,2025-10-31 00:00:00,57.88,57.83,0.00086386,0.00656531,-0.03835522
601318SS_2025-10-24T000000_BUY_COUNTDOWN_CANCEL_1_2025-09-08T000000_5,2025-10-24 00:00:00,601318.SS,BUY_COUNTDOWN_CANCEL,1,5,2025-10-31 00:00:00,57.88,57.83,-0.00086386,0.03835522,-0.00656531
600036SS_2025-10-24T000000_SELL_SETUP_PERFECT_-1_2025-10-24T000000_9,2025-10-24 00:00:00,600036.SS,SELL_SETUP_PERFECT,-1,5,2025-10-31 00:00:00,40.94,39.88,0.02589155,0.03077675,-0.00048852
600519SS_2025-09-26T000000_BUY_SETUP_PERFECT_1_2025-09-26T000000_9,2025-09-26 00:00:00,600519.SS,BUY_SETUP_PERFECT,1,20,2025-11-03 00:00:00,1411.04,1411.04,0.0,0.03756095,-0.0140889
600036SS_2025-10-09T000000_BUY_COUNTDOWN_COMPLETE_PERFECT_1_2025-08-20T000000_13,2025-10-09 00:00:00,600036.SS,BUY_COUNTDOWN_COMPLETE_PERFECT,1,20,2025-11-06 00:00:00,39.32,41.33,0.05111902,0.07985758,-0.01602238
600519SS_2025-05-16T000000_SELL_SETUP_-1_2025-05-16T000000_9,2025-05-16 00:00:00,600519.SS,SELL_SETUP,-1,120,2025-11-11 00:00:00,1562.57,1435.03,0.08162194,0.13628189,0.00904279
600519SS_2025-05-16T000000_SELL_COUNTDOWN_CANCEL_-1_2025-03-18T000000_10,2025-05-16 00:00:00,600519.SS,SELL_COUNTDOWN_CANCEL,-1,120,2025-11-11 00:00:00,1562.57,1435.03,0.08162194,0.13628189,0.00904279
600519SS_2025-11-05T000000_BUY_SETUP_PERFECT_1_2025-11-05T000000_9,2025-11-05 00:00:00,600519.SS,BUY_SETUP_PERFECT,1,5,2025-11-12 00:00:00,1396.12,1441.19,0.03228233,0.04174426,0.00709824
600519SS_2025-11-05T000000_BUY_COUNTDOWN_CANCEL_1_2025-09-26T000000_9,2025-11-05 00:00:00,600519.SS,BUY_COUNTDOWN_CANCEL,1,5,2025-11-12 00:00:00,1396.12,1441.19,0.03228233,0.04174426,0.00709824
000858SZ_2025-05-23T000000_BUY_COUNTDOWN_COMPLETE_PERFECT_1_2025-04-01T000000_13,2025-05-23 00:00:00,000858.SZ,BUY_COUNTDOWN_COMPLETE_PERFECT,1,120,2025-11-18 00:00:00,122.4,117.78,-0.0377451,0.05612745,-0.09109477
600519SS_2025-05-27T000000_SELL_COUNTDOWN_CANCEL_-1_2025-05-16T000000_0,2025-05-27 00:00:00,600519.SS,SELL_COUNTDOWN_CANCEL,-1,120,2025-11-20 00:00:00,1492.34,1443.15,0.03296166,0.09563504,-0.01455432
000858SZ_2025-08-20T000000_SELL_COUNTDOWN_COMPLETE_PERFECT_-1_2025-07-15T000000_13,2025-08-20 00:00:00,000858.SZ,SELL_COUNTDOWN_COMPLETE_PERFECT,-1,60,2025-11-20 00:00:00,123.2,117.67,0.04488636,0.08425325,-0.04926948
600036SS_2025-08-20T000000_BUY_SETUP_1_2025-08-20T000000_9,2025-08-20 00:00:00,600036.SS,BUY_SETUP,1,60,2025-11-20 00:00:00,42.44,42.22,-0.00518379,0.01343073,-0.08836004
600036SS_2025-08-20T000000_SELL_COUNTDOWN_CANCEL_-1_2025-06-26T000000_8,2025-08-20 00:00:00,600036.SS,SELL_COUNTDOWN_CANCEL,-1,60,2025-11-20 00:00:00,42.44,42.22,0.00518379,0.08836004,-0.01343073
000858SZ_2025-05-28T000000_BUY_SETUP_PERFECT_1_2025-05-28T000000_9,2025-05-28 00:00:00,000858.SZ,BUY_SETUP_PERFECT,1,120,2025-11-21 00:00:00,121.17,117.1,-0.03358917,0.06684823,-0.08186845
000858SZ_2025-11-14T000000_BUY_COUNTDOWN_COMPLETE_1_2025-09-24T000000_13,2025-11-14 00:00:00,000858.SZ,BUY_COUNTDOWN_COMPLETE,1,5,2025-11-21 00:00:00,117.63,117.1,-0.00450565,0.0130919,-0.01020148
601318SS_2025-10-24T000000_SELL_SETUP_PERFECT_-1_2025-10-24T000000_9,2025-10-24 00:00:00,601318.SS,SELL_SETUP_PERFECT,-1,20,2025-11-21 00:00:00,57.88,58.91,-0.01779544,0.00656531,-0.07584658
601318SS_2025-10-24T000000_BUY_COUNTDOWN_CANCEL_1_2025-09-08T000000_5,2025-10-24 00:00:00,601318.SS,BUY_COUNTDOWN_CANCEL,1,20,2025-11-21 00:00:00,57.88,58.91,0.01779544,0.07584658,-0.00656531
600036SS_2025-10-24T000000_SELL_SETUP_PERFECT_-1_2025-10-24T000000_9,2025-10-24 00:00:00,600036.SS,SELL_SETUP_PERFECT,-1,20,2025-11-21 00:00:00,40.94,41.99,-0.02564729,0.03077675,-0.04494382
000651SZ_2025-08-25T000000_SELL_COUNTDOWN_COMPLETE_PERFECT_-1_2025-07-04T000000_13,2025-08-25 00:00:00,000651.SZ,SELL_COUNTDOWN_COMPLETE_PERFECT,-1,60,2025-11-25 00:00:00,45.11,39.07,0.13389492,0.15318111,-0.00554201
601318SS_2025-08-26T000000_SELL_COUNTDOWN_COMPLETE_PERFECT_-1_2025-07-15T000000_13,2025-08-26 00:00:00,601318.SS,SELL_COUNTDOWN_COMPLETE_PERFECT,-1,60,2025-11-26 00:00:00,59.57,59.78,-0.00352526,0.10525432,-0.04532483
600519SS_2025-11-05T000000_BUY_SETUP_PERFECT_1_2025-11-05T000000_9,2025-11-05 00:00:00,600519.SS,BUY_SETUP_PERFECT,1,20,2025-12-03 00:00:00,1396.12,1405.14,0.00646076,0.04726671,0.00567286
600519SS_2025-11-05T000000_BUY_COUNTDOWN_CANCEL_1_2025-09-26T000000_9,2025-11-05 00:00:00,600519.SS,BUY_COUNTDOWN_CANCEL,1,20,2025-12-03 00:00:00,1396.12,1405.14,0.00646076,0.04726671,0.00567286
601318SS_2025-06-11T000000_SELL_COUNTDOWN_COMPLETE_-1_2025-04-23T000000_13,2025-06-11 00:00:00,601318.SS,SELL_COUNTDOWN_COMPLETE,-1,120,2025-12-04 00:00:00,51.91,58.55,-0.1279137,0.02581391,-0.19957619
600036SS_2025-06-13T000000_SELL_SETUP_-1_2025-06-13T000000_9,2025-06-13 00:00:00,600036.SS,SELL_SETUP,-1,120,2025-12-08 00:00:00,42.17,42.17,-0.0,0.08252312,-0.07991463
601318SS_2025-09-08T000000_BUY_SETUP_PERFECT_1_2025-09-08T000000_9,2025-09-08 00:00:00,601318.SS,BUY_SETUP_PERFECT,1,60,2025-12-09 00:00:00,56.75,62.45,0.10044053,0.12422907,-0.06079295
000858SZ_2025-12-03T000000_BUY_SETUP_PERFECT_1_2025-12-03T000000_9,2025-12-03 00:00:00,000858.SZ,BUY_SETUP_PERFECT,1,5,2025-12-10 00:00:00,113.02,109.04,-0.03521501,0.0013272,-0.05388427
000651SZ_2025-09-10T000000_BUY_SETUP_1_2025-09-10T000000_9,2025-09-10 00:00:00,000651.SZ,BUY_SETUP,1,60,2025-12-11 00:00:00,40.16,39.65,-0.0126992,0.00722112,-0.04880478
000858SZ_2025-11-14T000000_BUY_COUNTDOWN_COMPLETE_1_2025-09-24T000000_13,2025-11-14 00:00:00,000858.SZ,BUY_COUNTDOWN_COMPLETE,1,20,2025-12-12 00:00:00,117.63,109.02,-0.07319561,0.0130919,-0.09096319
601318SS_2025-12-09T000000_SELL_COUNTDOWN_COMPLETE_PERFECT_-1_2025-10-24T000000_13,2025-12-09 00:00:00,601318.SS,SELL_COUNTDOWN_COMPLETE_PERFECT,-1,5,2025-12-16 00:00:00,62.45,67.0,-0.07285829,0.0051241,-0.09063251
600519SS_2025-12-10T000000_BUY_COUNTDOWN_COMPLETE_PERFECT_1_2025-11-05T000000_13,2025-12-10 00:00:00,600519.SS,BUY_COUNTDOWN_COMPLETE_PERFECT,1,5,2025-12-17 00:00:00,1378.84,1409.14,0.02197499,0.02697195,-0.00090656
600036SS_2025-06-26T000000_SELL_SETUP_PERFECT_-1_2025-06-26T000000_9,2025-06-26 00:00:00,600036.SS,SELL_SETUP_PERFECT,-1,120,2025-12-19 00:00:00,44.87,40.98,0.0866949,0.13773122,-0.01493203
600036SS_2025-06-26T000000_SELL_COUNTDOWN_CANCEL_-1_2025-06-13T000000_6,2025-06-26 00:00:00,600036.SS,SELL_COUNTDOWN_CANCEL,-1,120,2025-12-19 00:00:00,44.87,40.98,0.0866949,0.13773122,-0.01493203
601318SS_2025-12-17T000000_SELL_SETUP_PERFECT_-1_2025-12-17T000000_9,2025-12-17 00:00:00,601318.SS,SELL_SETUP_PERFECT,-1,5,2025-12-24 00:00:00,68.05,69.03,-0.01440118,0.00675974,-0.03218222
000858SZ_2025-09-24T000000_BUY_SETUP_PERFECT_1_2025-09-24T000000_9,2025-09-24 00:00:00,000858.SZ,BUY_SETUP_PERFECT,1,60,2025-12-25 00:00:00,119.79,110.6,-0.07671759,0.00492529,-0.10735454
000651SZ_2025-09-24T000000_BUY_SETUP_PERFECT_1_2025-09-24T000000_9,2025-09-24 00:00:00,000651.SZ,BUY_SETUP_PERFECT,1,60,2025-12-25 00:00:00,38.99,39.91,0.02359579,0.03488074,-0.02026161
000651SZ_2025-09-24T000000_BUY_COUNTDOWN_CANCEL_1_2025-09-10T000000_7,2025-09-24 00:00:00,000651.SZ,BUY_COUNTDOWN_CANCEL,1,60,2025-12-25 00:00:00,38.99,39.91,0.02359579,0.03488074,-0.02026161
600036SS_2025-12-19T000000_SELL_COUNTDOWN_COMPLETE_-1_2025-10-24T000000_13,2025-12-19 00:00:00,600036.SS,SELL_COUNTDOWN_COMPLETE,-1,5,2025-12-26 00:00:00,40.98,40.69,0.00707662,0.01073694,-0.0034163
600519SS_2025-09-26T000000_BUY_SETUP_PERFECT_1_2025-09-26T000000_9,2025-09-26 00:00:00,600519.SS,BUY_SETUP_PERFECT,1,60,2025-12-29 00:00:00,1411.04,1402.0,-0.00640662,0.03756095,-0.03672469
000651SZ_2025-07-04T000000_SELL_SETUP_PERFECT_-1_2025-07-04T000000_9,2025-07-04 00:00:00,000651.SZ,SELL_SETUP_PERFECT,-1,120,2025-12-29 00:00:00,43.75,39.72,0.09211429,0.12685714,-0.03954286
000651SZ_2025-07-04T000000_SELL_COUNTDOWN_CANCEL_-1_2025-04-30T000000_12,2025-07-04 00:00:00,000651.SZ,SELL_COUNTDOWN_CANCEL,-1,120,2025-12-29 00:00:00,43.75,39.72,0.09211429,0.12685714,-0.03954286
