event_id,datetime,security,frequency,category,type,direction,count,perfect,reason,setup_type,setup_perfect,setup_first_dt,setup_last_dt,setup_highest_high,tdst_threshold,countdown_start_dt,count_1_dt,count_2_dt,count_3_dt,count_4_dt,count_5_dt,count_6_dt,count_7_dt,count_8_dt,countdown_8_close,count_9_dt,count_10_dt,count_11_dt,count_12_dt,count_13_dt,countdown_low_dt,countdown_low,countdown_low_bar_high,bar_close,bar_high,bar_low,pre20_avg_amount,pre20_volatility,pre20_return
600519SS_2020-12-31T000000_SELL_COUNTDOWN_PROGRESS_-1_2020-12-11T000000_7,2020-12-31 00:00:00,600519.SS,1d,COUNTDOWN,SELL_COUNTDOWN_PROGRESS,-1,7,,,SELL_SETUP,False,2020-12-01 00:00:00,2020-12-11 00:00:00,1660.79,1505.8,2020-12-11 00:00:00,2020-12-16 00:00:00,2020-12-17 00:00:00,2020-12-22 00:00:00,2020-12-28 00:00:00,2020-12-29 00:00:00,2020-12-30 00:00:00,2020-12-31 00:00:00,,,,,,,,2020-12-16 00:00:00,1606.0,1631.46,1783.79,1784.77,1724.79,6850840665.0,0.017217,0.129768
600519SS_2021-01-04T000000_SELL_COUNTDOWN_PROGRESS_-1_2020-12-11T000000_8,2021-01-04 00:00:00,600519.SS,1d,COUNTDOWN,SELL_COUNTDOWN_PROGRESS,-1,8,,,SELL_SETUP,False,2020-12-01 00:00:00,2020-12-11 00:00:00,1660.79,1505.8,2020-12-11 00:00:00,2020-12-16 00:00:00,2020-12-17 00:00:00,2020-12-22 00:00:00,2020-12-28 00:00:00,2020-12-29 00:00:00,2020-12-30 00:00:00,2020-12-31 00:00:00,2021-01-04 00:00:00,1782.79,,,,,,2020-12-16 00:00:00,1606.0,1631.46,1782.79,1790.78,1769.6,6726384240.0,0.017233,0.115506
600519SS_2021-01-05T000000_SELL_COUNTDOWN_PROGRESS_-1_2020-12-11T000000_9,2021-01-05 00:00:00,600519.SS,1d,COUNTDOWN,SELL_COUNTDOWN_PROGRESS,-1,9,,,SELL_SETUP,False,2020-12-01 00:00:00,2020-12-11 00:00:00,1660.79,1505.8,2020-12-11 00:00:00,2020-12-16 00:00:00,2020-12-17 00:00:00,2020-12-22 00:00:00,2020-12-28 00:00:00,2020-12-29 00:00:00,2020-12-30 00:00:00,2020-12-31 00:00:00,2021-01-04 00:00:00,1782.79,2021-01-05 00:00:00,,,,,2020-12-16 00:00:00,1606.0,1631.46,1845.24,1845.24,1768.25,6725146855.0,0.018025,0.128042
600519SS_2021-01-06T000000_SELL_COUNTDOWN_PROGRESS_-1_2020-12-11T000000_10,2021-01-06 00:00:00,600519.SS,1d,COUNTDOWN,SELL_COUNTDOWN_PROGRESS,-1,10,,,SELL_SETUP,False,2020-12-01 00:00:00,2020-12-11 00:00:00,1660.79,1505.8,2020-12-11 00:00:00,2020-12-16 00:00:00,2020-12-17 00:00:00,2020-12-22 00:00:00,2020-12-28 00:00:00,2020-12-29 00:00:00,2020-12-30 00:00:00,2020-12-31 00:00:00,2021-01-04 00:00:00,1782.79,2021-01-05 00:00:00,2021-01-06 00:00:00,,,,2020-12-16 00:00:00,1606.0,1631.46,1885.79,1910.79,1821.82,6652608940.0,0.01808,0.159922
600519SS_2021-01-07T000000_SELL_COUNTDOWN_PROGRESS_-1_2020-12-11T000000_11,2021-01-07 00:00:00,600519.SS,1d,COUNTDOWN,SELL_COUNTDOWN_PROGRESS,-1,11,,,SELL_SETUP,False,2020-12-01 00:00:00,2020-12-11 00:00:00,1660.79,1505.8,2020-12-11 00:00:00,2020-12-16 00:00:00,2020-12-17 00:00:00,2020-12-22 00:00:00,2020-12-28 00:00:00,2020-12-29 00:00:00,2020-12-30 00:00:00,2020-12-31 00:00:00,2021-01-04 00:00:00,1782.79,2021-01-05 00:00:00,2021-01-06 00:00:00,2021-01-07 00:00:00,,,2020-12-16 00:00:00,1606.0,1631.46,1925.79,1925.79,1860.79,6763866000.0,0.018061,0.189721
000858SZ_2021-01-08T000000_SELL_SETUP_-1_2021-01-08T000000_9,2021-01-08 00:00:00,000858.SZ,1d,SETUP,SELL_SETUP,-1,9,False,,SELL_SETUP,False,2020-12-28 00:00:00,2021-01-08 00:00:00,,,,,,,,,,,,,,,,,,,,,,,,5870657645.0,0.025274,0.201844
000651SZ_2021-01-08T000000_SELL_SETUP_-1_2021-01-08T000000_9,2021-01-08 00:00:00,000651.SZ,1d,SETUP,SELL_SETUP,-1,9,False,,SELL_SETUP,False,2020-12-28 00:00:00,2021-01-08 00:00:00,,,,,,,,,,,,,,,,,,,,,,,,2888647900.0,0.019591,0.018072
000651SZ_2021-01-08T000000_BUY_COUNTDOWN_CANCEL_1_2020-12-18T000000_3,2021-01-08 00:00:00,000651.SZ,1d,COUNTDOWN,BUY_COUNTDOWN_CANCEL,1,3,,opposite_setup,BUY_SETUP,True,2020-12-08 00:00:00,2020-12-18 00:00:00,54.54,54.54,2020-12-18 00:00:00,2020-12-22 00:00:00,2020-12-23 00:00:00,2020-12-25 00:00:00,,,,,,,,,,,,2020-12-25 00:00:00,44.93,45.98,50.7,52.37,50.0,2888647900.0,0.019591,0.018072
600519SS_2021-01-11T000000_SELL_SETUP_PERFECT_-1_2021-01-11T000000_9,2021-01-11 00:00:00,600519.SS,1d,SETUP,SELL_SETUP_PERFECT,-1,9,True,,SELL_SETUP,True,2020-12-29 00:00:00,2021-01-11 00:00:00,,,,,,,,,,,,,,,,,,,,,,,,7289324435.0,0.019372,0.167656
600519SS_2021-01-11T000000_SELL_COUNTDOWN_CANCEL_-1_2020-12-11T000000_11,2021-01-11 00:00:00,600519.SS,1d,COUNTDOWN,SELL_COUNTDOWN_CANCEL,-1,11,,same_setup,SELL_SETUP,False,2020-12-01 00:00:00,2020-12-11 00:00:00,1660.79,1505.8,2020-12-11 00:00:00,2020-12-16 00:00:00,2020-12-17 00:00:00,2020-12-22 00:00:00,2020-12-28 00:00:00,2020-12-29 00:00:00,2020-12-30 00:00:00,2020-12-31 00:00:00,2021-01-04 00:00:00,1782.79,2021-01-05 00:00:00,2021-01-06 00:00:00,2021-01-07 00:00:00,,,2020-12-16 00:00:00,1606.0,1631.46,1885.52,1936.29,1844.39,7289324435.0,0.019372,0.167656
600519SS_2021-01-12T000000_SELL_COUNTDOWN_PROGRESS_-1_2021-01-11T000000_1,2021-01-12 00:00:00,600519.SS,1d,COUNTDOWN,SELL_COUNTDOWN_PROGRESS,-1,1,,,SELL_SETUP,True,2020-12-29 00:00:00,2021-01-11 00:00:00,1936.67,1640.79,2021-01-11 00:00:00,2021-01-12 00:00:00,,,,,,,,,,,,,,2021-01-12 00:00:00,1870.79,1946.69,1946.69,1946.69,1870.79,7428011680.0,0.019673,0.215314
600519SS_2021-01-13T000000_SELL_COUNTDOWN_PROGRESS_-1_2021-01-11T000000_2,2021-01-13 00:00:00,600519.SS,1d,COUNTDOWN,SELL_COUNTDOWN_PROGRESS,-1,2,,,SELL_SETUP,True,2020-12-29 00:00:00,2021-01-11 00:00:00,1936.67,1640.79,2021-01-11 00:00:00,2021-01-12 00:00:00,2021-01-13 00:00:00,,,,,,,,,,,,,2021-01-12 00:00:00,1870.79,1946.69,1949.79,1959.12,1920.79,7529749110.0,0.01974,0.199288
000651SZ_2021-01-13T000000_SELL_COUNTDOWN_PROGRESS_-1_2021-01-08T000000_1,2021-01-13 00:00:00,000651.SZ,1d,COUNTDOWN,SELL_COUNTDOWN_PROGRESS,-1,1,,,SELL_SETUP,False,2020-12-28 00:00:00,2021-01-08 00:00:00,52.78,44.69,2021-01-08 00:00:00,2021-01-13 00:00:00,,,,,,,,,,,,,,2021-01-13 00:00:00,49.76,52.0,50.92,52.0,49.76,2945028300.0,0.021063,0.082713
600036SS_2021-01-18T000000_SELL_SETUP_PERFECT_-1_2021-01-18T000000_9,2021-01-18 00:00:00,600036.SS,1d,SETUP,SELL_SETUP_PERFECT,-1,9,True,,SELL_SETUP,True,2021-01-06 00:00:00,2021-01-18 00:00:00,,,,,,,,,,,,,,,,,,,,,,,,4531812930.0,0.026623,0.27044
600036SS_2021-01-18T000000_SELL_COUNTDOWN_PROGRESS_-1_2021-01-18T000000_1,2021-01-18 00:00:00,600036.SS,1d,COUNTDOWN,SELL_COUNTDOWN_PROGRESS,-1,1,,,SELL_SETUP,True,2021-01-06 00:00:00,2021-01-18 00:00:00,44.39,32.5,2021-01-18 00:00:00,2021-01-18 00:00:00,,,,,,,,,,,,,,2021-01-18 00:00:00,41.7,43.58,42.42,43.58,41.7,4531812930.0,0.026623,0.27044
000858SZ_2021-01-21T000000_SELL_COUNTDOWN_PROGRESS_-1_2021-01-08T000000_1,2021-01-21 00:00:00,000858.SZ,1d,COUNTDOWN,SELL_COUNTDOWN_PROGRESS,-1,1,,,SELL_SETUP,False,2020-12-28 00:00:00,2021-01-08 00:00:00,313.28,253.6,2021-01-08 00:00:00,2021-01-21 00:00:00,,,,,,,,,,,,,,2021-01-21 00:00:00,263.12,276.61,274.57,276.61,263.12,7684572290.0,0.033802,0.085514
600519SS_2021-01-22T000000_SELL_COUNTDOWN_PROGRESS_-1_2021-01-11T000000_3,2021-01-22 00:00:00,600519.SS,1d,COUNTDOWN,SELL_COUNTDOWN_PROGRESS,-1,3,,,SELL_SETUP,True,2020-12-29 00:00:00,2021-01-11 00:00:00,1936.67,1640.79,2021-01-11 00:00:00,2021-01-12 00:00:00,2021-01-13 00:00:00,2021-01-22 00:00:00,,,,,,,,,,,,2021-01-22 00:00:00,1845.89,1885.79,1865.74,1885.79,1845.89,8235227400.0,0.021764,0.154692
000858SZ_2021-01-22T000000_SELL_COUNTDOWN_PROGRESS_-1_2021-01-08T000000_2,2021-01-22 00:00:00,000858.SZ,1d,COUNTDOWN,SELL_COUNTDOWN_PROGRESS,-1,2,,,SELL_SETUP,False,2020-12-28 00:00:00,2021-01-08 00:00:00,313.28,253.6,2021-01-08 00:00:00,2021-01-21 00:00:00,2021-01-22 00:00:00,,,,,,,,,,,,,2021-01-21 00:00:00,263.12,276.61,273.18,277.53,270.2,7838351740.0,0.033872,0.077463
600519SS_2021-01-25T000000_SELL_COUNTDOWN_PROGRESS_-1_2021-01-11T000000_4,2021-01-25 00:00:00,600519.SS,1d,COUNTDOWN,SELL_COUNTDOWN_PROGRESS,-1,4,,,SELL_SETUP,True,2020-12-29 00:00:00,2021-01-11 00:00:00,1936.67,1640.79,2021-01-11 00:00:00,2021-01-12 00:00:00,2021-01-13 00:00:00,2021-01-22 00:00:00,2021-01-25 00:00:00,,,,,,,,,,,2021-01-22 00:00:00,1845.89,1885.79,1960.79,1965.29,1868.79,8625751250.0,0.02348,0.18206
000858SZ_2021-01-25T000000_SELL_COUNTDOWN_PROGRESS_-1_2021-01-08T000000_3,2021-01-25 00:00:00,000858.SZ,1d,COUNTDOWN,SELL_COUNTDOWN_PROGRESS,-1,3,,,SELL_SETUP,False,2020-12-28 00:00:00,2021-01-08 00:00:00,313.28,253.6,2021-01-08 00:00:00,2021-01-21 00:00:00,2021-01-22 00:00:00,2021-01-25 00:00:00,,,,,,,,,,,,2021-01-21 00:00:00,263.12,276.61,293.31,293.95,270.82,8326876585.0,0.036487,0.112835
600519SS_2021-01-26T000000_SELL_COUNTDOWN_PROGRESS_-1_2021-01-11T000000_5,2021-01-26 00:00:00,600519.SS,1d,COUNTDOWN,SELL_COUNTDOWN_PROGRESS,-1,5,,,SELL_SETUP,True,2020-12-29 00:00:00,2021-01-11 00:00:00,1936.67,1640.79,2021-01-11 00:00:00,2021-01-12 00:00:00,2021-01-13 00:00:00,2021-01-22 00:00:00,2021-01-25 00:00:00,2021-01-26 00:00:00,,,,,,,,,,2021-01-22 00:00:00,1845.89,1885.79,1927.68,1972.79,1910.9,8685933485.0,0.024039,0.166319
000858SZ_2021-01-26T000000_SELL_COUNTDOWN_PROGRESS_-1_2021-01-08T000000_4,2021-01-26 00:00:00,000858.SZ,1d,COUNTDOWN,SELL_COUNTDOWN_PROGRESS,-1,4,,,SELL_SETUP,False,2020-12-28 00:00:00,2021-01-08 00:00:00,313.28,253.6,2021-01-08 00:00:00,2021-01-21 00:00:00,2021-01-22 00:00:00,2021-01-25 00:00:00,2021-01-26 00:00:00,,,,,,,,,,,2021-01-21 00:00:00,263.12,276.61,283.4,293.33,282.72,8425269560.0,0.037177,0.095816
601318SS_2021-01-28T000000_BUY_SETUP_PERFECT_1_2021-01-28T000000_9,2021-01-28 00:00:00,601318.SS,1d,SETUP,BUY_SETUP_PERFECT,1,9,True,,BUY_SETUP,True,2021-01-18 00:00:00,2021-01-28 00:00:00,,,,,,,,,,,,,,,,,,,,,,,,9891256170.0,0.020898,-0.080843
601318SS_2021-01-28T000000_BUY_COUNTDOWN_PROGRESS_1_2021-01-28T000000_1,2021-01-28 00:00:00,601318.SS,1d,COUNTDOWN,BUY_COUNTDOWN_PROGRESS,1,1,,,BUY_SETUP,True,2021-01-18 00:00:00,2021-01-28 00:00:00,76.13,76.13,2021-01-28 00:00:00,2021-01-28 00:00:00,,,,,,,,,,,,,,2021-01-28 00:00:00,68.63,70.56,68.9,70.56,68.63,9891256170.0,0.020898,-0.080843
000651SZ_2021-01-28T000000_SELL_COUNTDOWN_CANCEL_-1_2021-01-08T000000_1,2021-01-28 00:00:00,000651.SZ,1d,COUNTDOWN,SELL_COUNTDOWN_CANCEL,-1,1,,tdst_break_rule_4,SELL_SETUP,False,2020-12-28 00:00:00,2021-01-08 00:00:00,52.78,44.69,2021-01-08 00:00:00,2021-01-13 00:00:00,,,,,,,,,,,,,,2021-01-13 00:00:00,49.76,52.0,43.29,44.7,43.23,3140997155.0,0.025904,-0.096996
601318SS_2021-01-29T000000_BUY_COUNTDOWN_PROGRESS_1_2021-01-28T000000_2,2021-01-29 00:00:00,601318.SS,1d,COUNTDOWN,BUY_COUNTDOWN_PROGRESS,1,2,,,BUY_SETUP,True,2021-01-18 00:00:00,2021-01-28 00:00:00,76.13,76.13,2021-01-28 00:00:00,2021-01-28 00:00:00,2021-01-29 00:00:00,,,,,,,,,,,,,2021-01-29 00:00:00,66.48,69.42,67.06,69.42,66.48,10050889775.0,0.02104,-0.083379
000651SZ_2021-01-29T000000_BUY_SETUP_PERFECT_1_2021-01-29T000000_9,2021-01-29 00:00:00,000651.SZ,1d,SETUP,BUY_SETUP_PERFECT,1,9,True,,BUY_SETUP,True,2021-01-19 00:00:00,2021-01-29 00:00:00,,,,,,,,,,,,,,,,,,,,,,,,3145367025.0,0.025488,-0.134969
000651SZ_2021-01-29T000000_BUY_COUNTDOWN_PROGRESS_1_2021-01-29T000000_1,2021-01-29 00:00:00,000651.SZ,1d,COUNTDOWN,BUY_COUNTDOWN_PROGRESS,1,1,,,BUY_SETUP,True,2021-01-19 00:00:00,2021-01-29 00:00:00,51.09,51.09,2021-01-29 00:00:00,2021-01-29 00:00:00,,,,,,,,,,,,,,2021-01-29 00:00:00,41.88,43.79,42.3,43.79,41.88,3145367025.0,0.025488,-0.134969
000858SZ_2021-02-01T000000_SELL_COUNTDOWN_PROGRESS_-1_2021-01-08T000000_5,2021-02-01 00:00:00,000858.SZ,1d,COUNTDOWN,SELL_COUNTDOWN_PROGRESS,-1,5,,,SELL_SETUP,False,2020-12-28 00:00:00,2021-01-08 00:00:00,313.28,253.6,2021-01-08 00:00:00,2021-01-21 00:00:00,2021-01-22 00:00:00,2021-01-25 00:00:00,2021-01-26 00:00:00,2021-02-01 00:00:00,,,,,,,,,,2021-01-21 00:00:00,263.12,276.61,269.91,277.49,269.91,8853513050.0,0.033933,-0.093044
601318SS_2021-02-01T000000_BUY_COUNTDOWN_PROGRESS_1_2021-01-28T000000_3,2021-02-01 00:00:00,601318.SS,1d,COUNTDOWN,BUY_COUNTDOWN_PROGRESS,1,3,,,BUY_SETUP,True,2021-01-18 00:00:00,2021-01-28 00:00:00,76.13,76.13,2021-01-28 00:00:00,2021-01-28 00:00:00,2021-01-29 00:00:00,2021-02-01 00:00:00,,,,,,,,,,,,2021-02-01 00:00:00,66.35,67.72,67.25,67.72,66.35,9896649590.0,0.021008,-0.069204
600036SS_2021-02-01T000000_SELL_COUNTDOWN_PROGRESS_-1_2021-01-18T000000_2,2021-02-01 00:00:00,600036.SS,1d,COUNTDOWN,SELL_COUNTDOWN_PROGRESS,-1,2,,,SELL_SETUP,True,2021-01-06 00:00:00,2021-01-18 00:00:00,44.39,32.5,2021-01-18 00:00:00,2021-01-18 00:00:00,2021-02-01 00:00:00,,,,,,,,,,,,,2021-02-01 00:00:00,40.98,43.28,42.9,43.28,40.98,4717287715.0,0.025165,0.312729
000651SZ_2021-02-01T000000_BUY_COUNTDOWN_PROGRESS_1_2021-01-29T000000_2,2021-02-01 00:00:00,000651.SZ,1d,COUNTDOWN,BUY_COUNTDOWN_PROGRESS,1,2,,,BUY_SETUP,True,2021-01-19 00:00:00,2021-01-29 00:00:00,51.09,51.09,2021-01-29 00:00:00,2021-01-29 00:00:00,2021-02-01 00:00:00,,,,,,,,,,,,,2021-02-01 00:00:00,41.75,43.2,42.43,43.2,41.75,3062494130.0,0.022075,-0.172259
000858SZ_2021-02-02T000000_SELL_COUNTDOWN_PROGRESS_-1_2021-01-08T000000_6,2021-02-02 00:00:00,000858.SZ,1d,COUNTDOWN,SELL_COUNTDOWN_PROGRESS,-1,6,,,SELL_SETUP,False,2020-12-28 00:00:00,2021-01-08 00:00:00,313.28,253.6,2021-01-08 00:00:00,2021-01-21 00:00:00,2021-01-22 00:00:00,2021-01-25 00:00:00,2021-01-26 00:00:00,2021-02-01 00:00:00,2021-02-02 00:00:00,,,,,,,,,2021-01-21 00:00:00,263.12,276.61,281.74,281.95,269.52,8809946220.0,0.034904,-0.07904
601318SS_2021-02-02T000000_BUY_COUNTDOWN_PROGRESS_1_2021-01-28T000000_4,2021-02-02 00:00:00,601318.SS,1d,COUNTDOWN,BUY_COUNTDOWN_PROGRESS,1,4,,,BUY_SETUP,True,2021-01-18 00:00:00,2021-01-28 00:00:00,76.13,76.13,2021-01-28 00:00:00,2021-01-28 00:00:00,2021-01-29 00:00:00,2021-02-01 00:00:00,2021-02-02 00:00:00,,,,,,,,,,,2021-02-02 00:00:00,65.93,67.43,66.16,67.43,65.93,9843967865.0,0.020396,-0.10255
600519SS_2021-02-03T000000_SELL_COUNTDOWN_PROGRESS_-1_2021-01-11T000000_6,2021-02-03 00:00:00,600519.SS,1d,COUNTDOWN,SELL_COUNTDOWN_PROGRESS,-1,6,,,SELL_SETUP,True,2020-12-29 00:00:00,2021-01-11 00:00:00,1936.67,1640.79,2021-01-11 00:00:00,2021-01-12 00:00:00,2021-01-13 00:00:00,2021-01-22 00:00:00,2021-01-25 00:00:00,2021-01-26 00:00:00,2021-02-03 00:00:00,,,,,,,,,2021-01-22 00:00:00,1845.89,1885.79,1975.7,1984.06,1925.79,8514123670.0,0.021741,0.025917
000858SZ_2021-02-03T000000_SELL_COUNTDOWN_PROGRESS_-1_2021-01-08T000000_7,2021-02-03 00:00:00,000858.SZ,1d,COUNTDOWN,SELL_COUNTDOWN_PROGRESS,-1,7,,,SELL_SETUP,False,2020-12-28 00:00:00,2021-01-08 00:00:00,313.28,253.6,2021-01-08 00:00:00,2021-01-21 00:00:00,2021-01-22 00:00:00,2021-01-25 00:00:00,2021-01-26 00:00:00,2021-02-01 00:00:00,2021-02-02 00:00:00,2021-02-03 00:00:00,,,,,,,,2021-01-21 00:00:00,263.12,276.61,286.37,286.62,278.74,8642498390.0,0.03514,-0.069079
601318SS_2021-02-03T000000_BUY_COUNTDOWN_PROGRESS_1_2021-01-28T000000_5,2021-02-03 00:00:00,601318.SS,1d,COUNTDOWN,BUY_COUNTDOWN_PROGRESS,1,5,,,BUY_SETUP,True,2021-01-18 00:00:00,2021-01-28 00:00:00,76.13,76.13,2021-01-28 00:00:00,2021-01-28 00:00:00,2021-01-29 00:00:00,2021-02-01 00:00:00,2021-02-02 00:00:00,2021-02-03 00:00:00,,,,,,,,,,2021-02-03 00:00:00,63.28,65.72,64.52,65.72,63.28,9959223880.0,0.020605,-0.130927
600036SS_2021-02-03T000000_SELL_COUNTDOWN_PROGRESS_-1_2021-01-18T000000_3,2021-02-03 00:00:00,600036.SS,1d,COUNTDOWN,SELL_COUNTDOWN_PROGRESS,-1,3,,,SELL_SETUP,True,2021-01-06 00:00:00,2021-01-18 00:00:00,44.39,32.5,2021-01-18 00:00:00,2021-01-18 00:00:00,2021-02-01 00:00:00,2021-02-03 00:00:00,,,,,,,,,,,,2021-02-01 00:00:00,40.98,43.28,43.55,44.5,41.99,4557264415.0,0.021676,0.196429
600519SS_2021-02-04T000000_SELL_COUNTDOWN_PROGRESS_-1_2021-01-11T000000_7,2021-02-04 00:00:00,600519.SS,1d,COUNTDOWN,SELL_COUNTDOWN_PROGRESS,-1,7,,,SELL_SETUP,True,2020-12-29 00:00:00,2021-01-11 00:00:00,1936.67,1640.79,2021-01-11 00:00:00,2021-01-12 00:00:00,2021-01-13 00:00:00,2021-01-22 00:00:00,2021-01-25 00:00:00,2021-01-26 00:00:00,2021-02-03 00:00:00,2021-02-04 00:00:00,,,,,,,,2021-01-22 00:00:00,1845.89,1885.79,2106.64,2115.79,1976.79,8844411230.0,0.025088,0.123068
000858SZ_2021-02-04T000000_SELL_COUNTDOWN_PROGRESS_-1_2021-01-08T000000_8,2021-02-04 00:00:00,000858.SZ,1d,COUNTDOWN,SELL_COUNTDOWN_PROGRESS,-1,8,,,SELL_SETUP,False,2020-12-28 00:00:00,2021-01-08 00:00:00,313.28,253.6,2021-01-08 00:00:00,2021-01-21 00:00:00,2021-01-22 00:00:00,2021-01-25 00:00:00,2021-01-26 00:00:00,2021-02-01 00:00:00,2021-02-02 00:00:00,2021-02-03 00:00:00,2021-02-04 00:00:00,291.22,,,,,,2021-01-21 00:00:00,263.12,276.61,291.22,294.42,282.63,8689535785.0,0.034144,-0.01154
600036SS_2021-02-04T000000_SELL_COUNTDOWN_PROGRESS_-1_2021-01-18T000000_4,2021-02-04 00:00:00,600036.SS,1d,COUNTDOWN,SELL_COUNTDOWN_PROGRESS,-1,4,,,SELL_SETUP,True,2021-01-06 00:00:00,2021-01-18 00:00:00,44.39,32.5,2021-01-18 00:00:00,2021-01-18 00:00:00,2021-02-01 00:00:00,2021-02-03 00:00:00,2021-02-04 00:00:00,,,,,,,,,,,2021-02-01 00:00:00,40.98,43.28,44.0,45.7,43.11,4575272655.0,0.021561,0.185984
600519SS_2021-02-05T000000_SELL_COUNTDOWN_PROGRESS_-1_2021-01-11T000000_8,2021-02-05 00:00:00,600519.SS,1d,COUNTDOWN,SELL_COUNTDOWN_PROGRESS,-1,8,,,SELL_SETUP,True,2020-12-29 00:00:00,2021-01-11 00:00:00,1936.67,1640.79,2021-01-11 00:00:00,2021-01-12 00:00:00,2021-01-13 00:00:00,2021-01-22 00:00:00,2021-01-25 00:00:00,2021-01-26 00:00:00,2021-02-03 00:00:00,2021-02-04 00:00:00,2021-02-05 00:00:00,2098.79,,,,,,2021-01-22 00:00:00,1845.89,1885.79,2098.79,2150.39,2076.79,8739829395.0,0.025191,0.113109
000858SZ_2021-02-05T000000_SELL_COUNTDOWN_PROGRESS_-1_2021-01-08T000000_9,2021-02-05 00:00:00,000858.SZ,1d,COUNTDOWN,SELL_COUNTDOWN_PROGRESS,-1,9,,,SELL_SETUP,False,2020-12-28 00:00:00,2021-01-08 00:00:00,313.28,253.6,2021-01-08 00:00:00,2021-01-21 00:00:00,2021-01-22 00:00:00,2021-01-25 00:00:00,2021-01-26 00:00:00,2021-02-01 00:00:00,2021-02-02 00:00:00,2021-02-03 00:00:00,2021-02-04 00:00:00,291.22,2021-02-05 00:00:00,,,,,2021-01-21 00:00:00,263.12,276.61,297.38,307.62,291.62,8615902730.0,0.03198,0.066566
600036SS_2021-02-05T000000_SELL_COUNTDOWN_PROGRESS_-1_2021-01-18T000000_5,2021-02-05 00:00:00,600036.SS,1d,COUNTDOWN,SELL_COUNTDOWN_PROGRESS,-1,5,,,SELL_SETUP,True,2021-01-06 00:00:00,2021-01-18 00:00:00,44.39,32.5,2021-01-18 00:00:00,2021-01-18 00:00:00,2021-02-01 00:00:00,2021-02-03 00:00:00,2021-02-04 00:00:00,2021-02-05 00:00:00,,,,,,,,,,2021-02-01 00:00:00,40.98,43.28,45.24,46.44,44.2,4589970030.0,0.019978,0.162384
600519SS_2021-02-08T000000_SELL_COUNTDOWN_PROGRESS_-1_2021-01-11T000000_9,2021-02-08 00:00:00,600519.SS,1d,COUNTDOWN,SELL_COUNTDOWN_PROGRESS,-1,9,,,SELL_SETUP,True,2020-12-29 00:00:00,2021-01-11 00:00:00,1936.67,1640.79,2021-01-11 00:00:00,2021-01-12 00:00:00,2021-01-13 00:00:00,2021-01-22 00:00:00,2021-01-25 00:00:00,2021-01-26 00:00:00,2021-02-03 00:00:00,2021-02-04 00:00:00,2021-02-05 00:00:00,2098.79,2021-02-08 00:00:00,,,,,2021-01-22 00:00:00,1845.89,1885.79,2154.59,2164.67,2098.79,8622439055.0,0.024899,0.106797
000858SZ_2021-02-08T000000_SELL_COUNTDOWN_PROGRESS_-1_2021-01-08T000000_10,2021-02-08 00:00:00,000858.SZ,1d,COUNTDOWN,SELL_COUNTDOWN_PROGRESS,-1,10,,,SELL_SETUP,False,2020-12-28 00:00:00,2021-01-08 00:00:00,313.28,253.6,2021-01-08 00:00:00,2021-01-21 00:00:00,2021-01-22 00:00:00,2021-01-25 00:00:00,2021-01-26 00:00:00,2021-02-01 00:00:00,2021-02-02 00:00:00,2021-02-03 00:00:00,2021-02-04 00:00:00,291.22,2021-02-05 00:00:00,2021-02-08 00:00:00,,,,2021-01-21 00:00:00,263.12,276.61,297.62,308.12,291.42,8461876375.0,0.031311,0.034768
600036SS_2021-02-08T000000_SELL_COUNTDOWN_PROGRESS_-1_2021-01-18T000000_6,2021-02-08 00:00:00,600036.SS,1d,COUNTDOWN,SELL_COUNTDOWN_PROGRESS,-1,6,,,SELL_SETUP,True,2021-01-06 00:00:00,2021-01-18 00:00:00,44.39,32.5,2021-01-18 00:00:00,2021-01-18 00:00:00,2021-02-01 00:00:00,2021-02-03 00:00:00,2021-02-04 00:00:00,2021-02-05 00:00:00,2021-02-08 00:00:00,,,,,,,,,2021-02-01 00:00:00,40.98,43.28,45.76,46.1,44.19,4464322665.0,0.019137,0.138308
600519SS_2021-02-09T000000_SELL_COUNTDOWN_PROGRESS_-1_2021-01-11T000000_10,2021-02-09 00:00:00,600519.SS,1d,COUNTDOWN,SELL_COUNTDOWN_PROGRESS,-1,10,,,SELL_SETUP,True,2020-12-29 00:00:00,2021-01-11 00:00:00,1936.67,1640.79,2021-01-11 00:00:00,2021-01-12 00:00:00,2021-01-13 00:00:00,2021-01-22 00:00:00,2021-01-25 00:00:00,2021-01-26 00:00:00,2021-02-03 00:00:00,2021-02-04 00:00:00,2021-02-05 00:00:00,2098.79,2021-02-08 00:00:00,2021-02-09 00:00:00,,,,2021-01-22 00:00:00,1845.89,1885.79,2242.22,2242.22,2135.79,8581057640.0,0.026065,0.14998
601318SS_2021-02-09T000000_BUY_COUNTDOWN_PROGRESS_1_2021-01-28T000000_6,2021-02-09 00:00:00,601318.SS,1d,COUNTDOWN,BUY_COUNTDOWN_PROGRESS,1,6,,,BUY_SETUP,True,2021-01-18 00:00:00,2021-01-28 00:00:00,76.13,76.13,2021-01-28 00:00:00,2021-01-28 00:00:00,2021-01-29 00:00:00,2021-02-01 00:00:00,2021-02-02 00:00:00,2021-02-03 00:00:00,2021-02-09 00:00:00,,,,,,,,,2021-02-03 00:00:00,63.28,65.72,66.11,66.54,64.78,9470452170.0,0.019474,-0.124603
600519SS_2021-02-10T000000_SELL_COUNTDOWN_PROGRESS_-1_2021-01-11T000000_11,2021-02-10 00:00:00,600519.SS,1d,COUNTDOWN,SELL_COUNTDOWN_PROGRESS,-1,11,,,SELL_SETUP,True,2020-12-29 00:00:00,2021-01-11 00:00:00,1936.67,1640.79,2021-01-11 00:00:00,2021-01-12 00:00:00,2021-01-13 00:00:00,2021-01-22 00:00:00,2021-01-25 00:00:00,2021-01-26 00:00:00,2021-02-03 00:00:00,2021-02-04 00:00:00,2021-02-05 00:00:00,2098.79,2021-02-08 00:00:00,2021-02-09 00:00:00,2021-02-10 00:00:00,,,2021-01-22 00:00:00,1845.89,1885.79,2386.79,2386.99,2270.79,8993937595.0,0.02834,0.243256
000858SZ_2021-02-10T000000_SELL_COUNTDOWN_PROGRESS_-1_2021-01-08T000000_11,2021-02-10 00:00:00,000858.SZ,1d,COUNTDOWN,SELL_COUNTDOWN_PROGRESS,-1,11,,,SELL_SETUP,False,2020-12-28 00:00:00,2021-01-08 00:00:00,313.28,253.6,2021-01-08 00:00:00,2021-01-21 00:00:00,2021-01-22 00:00:00,2021-01-25 00:00:00,2021-01-26 00:00:00,2021-02-01 00:00:00,2021-02-02 00:00:00,2021-02-03 00:00:00,2021-02-04 00:00:00,291.22,2021-02-05 00:00:00,2021-02-08 00:00:00,2021-02-10 00:00:00,,,2021-01-21 00:00:00,263.12,276.61,320.27,323.3,310.12,8682370800.0,0.029227,0.199423
600519SS_2021-02-18T000000_SELL_COUNTDOWN_PROGRESS_-1_2021-01-11T000000_12,2021-02-18 00:00:00,600519.SS,1d,COUNTDOWN,SELL_COUNTDOWN_PROGRESS,-1,12,,,SELL_SETUP,True,2020-12-29 00:00:00,2021-01-11 00:00:00,1936.67,1640.79,2021-01-11 00:00:00,2021-01-12 00:00:00,2021-01-13 00:00:00,2021-01-22 00:00:00,2021-01-25 00:00:00,2021-01-26 00:00:00,2021-02-03 00:00:00,2021-02-04 00:00:00,2021-02-05 00:00:00,2098.79,2021-02-08 00:00:00,2021-02-09 00:00:00,2021-02-10 00:00:00,2021-02-18 00:00:00,,2021-01-22 00:00:00,1845.89,1885.79,2256.79,2413.67,2250.79,9443039860.0,0.03087,0.208268
000858SZ_2021-02-18T000000_SELL_COUNTDOWN_PROGRESS_-1_2021-01-08T000000_12,2021-02-18 00:00:00,000858.SZ,1d,COUNTDOWN,SELL_COUNTDOWN_PROGRESS,-1,12,,,SELL_SETUP,False,2020-12-28 00:00:00,2021-01-08 00:00:00,313.28,253.6,2021-01-08 00:00:00,2021-01-21 00:00:00,2021-01-22 00:00:00,2021-01-25 00:00:00,2021-01-26 00:00:00,2021-02-01 00:00:00,2021-02-02 00:00:00,2021-02-03 00:00:00,2021-02-04 00:00:00,291.22,2021-02-05 00:00:00,2021-02-08 00:00:00,2021-02-10 00:00:00,2021-02-18 00:00:00,,2021-01-21 00:00:00,263.12,276.61,311.12,334.81,308.51,8752476810.0,0.030285,0.172622
600036SS_2021-02-18T000000_SELL_COUNTDOWN_PROGRESS_-1_2021-01-18T000000_7,2021-02-18 00:00:00,600036.SS,1d,COUNTDOWN,SELL_COUNTDOWN_PROGRESS,-1,7,,,SELL_SETUP,True,2021-01-06 00:00:00,2021-01-18 00:00:00,44.39,32.5,2021-01-18 00:00:00,2021-01-18 00:00:00,2021-02-01 00:00:00,2021-02-03 00:00:00,2021-02-04 00:00:00,2021-02-05 00:00:00,2021-02-08 00:00:00,2021-02-18 00:00:00,,,,,,,,2021-02-01 00:00:00,40.98,43.28,46.19,48.1,45.69,4552457965.0,0.016627,0.10927
600519SS_2021-02-19T000000_SELL_SETUP_PERFECT_-1_2021-02-19T000000_9,2021-02-19 00:00:00,600519.SS,1d,SETUP,SELL_SETUP_PERFECT,-1,9,True,,SELL_SETUP,True,2021-02-02 00:00:00,2021-02-19 00:00:00,,,,,,,,,,,,,,,,,,,,,,,,9550692950.0,0.030706,0.214735
600519SS_2021-02-19T000000_SELL_COUNTDOWN_CANCEL_-1_2021-01-11T000000_12,2021-02-19 00:00:00,600519.SS,1d,COUNTDOWN,SELL_COUNTDOWN_CANCEL,-1,12,,same_setup,SELL_SETUP,True,2020-12-29 00:00:00,2021-01-11 00:00:00,1936.67,1640.79,2021-01-11 00:00:00,2021-01-12 00:00:00,2021-01-13 00:00:00,2021-01-22 00:00:00,2021-01-25 00:00:00,2021-01-26 00:00:00,2021-02-03 00:00:00,2021-02-04 00:00:00,2021-02-05 00:00:00,2098.79,2021-02-08 00:00:00,2021-02-09 00:00:00,2021-02-10 00:00:00,2021-02-18 00:00:00,,2021-01-22 00:00:00,1845.89,1885.79,2245.79,2282.45,2167.39,9550692950.0,0.030706,0.214735
000858SZ_2021-02-19T000000_SELL_SETUP_PERFECT_-1_2021-02-19T000000_9,2021-02-19 00:00:00,000858.SZ,1d,SETUP,SELL_SETUP_PERFECT,-1,9,True,,SELL_SETUP,True,2021-02-02 00:00:00,2021-02-19 00:00:00,,,,,,,,,,,,,,,,,,,,,,,,8625043145.0,0.030405,0.228287
000858SZ_2021-02-19T000000_SELL_COUNTDOWN_CANCEL_-1_2021-01-08T000000_12,2021-02-19 00:00:00,000858.SZ,1d,COUNTDOWN,SELL_COUNTDOWN_CANCEL,-1,12,,same_setup,SELL_SETUP,False,2020-12-28 00:00:00,2021-01-08 00:00:00,313.28,253.6,2021-01-08 00:00:00,2021-01-21 00:00:00,2021-01-22 00:00:00,2021-01-25 00:00:00,2021-01-26 00:00:00,2021-02-01 00:00:00,2021-02-02 00:00:00,2021-02-03 00:00:00,2021-02-04 00:00:00,291.22,2021-02-05 00:00:00,2021-02-08 00:00:00,2021-02-10 00:00:00,2021-02-18 00:00:00,,2021-01-21 00:00:00,263.12,276.61,322.02,323.82,303.57,8625043145.0,0.030405,0.228287
000651SZ_2021-02-22T000000_BUY_COUNTDOWN_PROGRESS_1_2021-01-29T000000_3,2021-02-22 00:00:00,000651.SZ,1d,COUNTDOWN,BUY_COUNTDOWN_PROGRESS,1,3,,,BUY_SETUP,True,2021-01-19 00:00:00,2021-01-29 00:00:00,51.09,51.09,2021-01-29 00:00:00,2021-01-29 00:00:00,2021-02-01 00:00:00,2021-02-22 00:00:00,,,,,,,,,,,,2021-02-01 00:00:00,41.75,43.2,44.48,46.14,43.94,2845892750.0,0.0284,-0.09076
000651SZ_2021-02-23T000000_BUY_COUNTDOWN_PROGRESS_1_2021-01-29T000000_4,2021-02-23 00:00:00,000651.SZ,1d,COUNTDOWN,BUY_COUNTDOWN_PROGRESS,1,4,,,BUY_SETUP,True,2021-01-19 00:00:00,2021-01-29 00:00:00,51.09,51.09,2021-01-29 00:00:00,2021-01-29 00:00:00,2021-02-01 00:00:00,2021-02-22 00:00:00,2021-02-23 00:00:00,,,,,,,,,,,2021-02-01 00:00:00,41.75,43.2,43.05,44.48,42.93,2872858625.0,0.027985,-0.084043
000651SZ_2021-02-24T000000_BUY_COUNTDOWN_PROGRESS_1_2021-01-29T000000_5,2021-02-24 00:00:00,000651.SZ,1d,COUNTDOWN,BUY_COUNTDOWN_PROGRESS,1,5,,,BUY_SETUP,True,2021-01-19 00:00:00,2021-01-29 00:00:00,51.09,51.09,2021-01-29 00:00:00,2021-01-29 00:00:00,2021-02-01 00:00:00,2021-02-22 00:00:00,2021-02-23 00:00:00,2021-02-24 00:00:00,,,,,,,,,,2021-02-01 00:00:00,41.75,43.2,43.28,44.21,43.0,2826586260.0,0.027938,-0.086149
000858SZ_2021-02-25T000000_SELL_COUNTDOWN_CANCEL_-1_2021-02-19T000000_0,2021-02-25 00:00:00,000858.SZ,1d,COUNTDOWN,SELL_COUNTDOWN_CANCEL,-1,0,,tdst_break_rule_4,SELL_SETUP,True,2021-02-02 00:00:00,2021-02-19 00:00:00,334.81,269.52,2021-02-19 00:00:00,,,,,,,,,,,,,,,,,,266.52,277.6,263.2,9112091190.0,0.041623,-0.02438
600519SS_2021-03-02T000000_SELL_COUNTDOWN_CANCEL_-1_2021-02-19T000000_0,2021-03-02 00:00:00,600519.SS,1d,COUNTDOWN,SELL_COUNTDOWN_CANCEL,-1,0,,tdst_break_rule_4,SELL_SETUP,True,2021-02-02 00:00:00,2021-02-19 00:00:00,2413.67,1887.89,2021-02-19 00:00:00,,,,,,,,,,,,,,,,,,1843.79,1965.79,1818.79,11650538705.0,0.038218,-0.016535
601318SS_2021-03-02T000000_BUY_COUNTDOWN_PROGRESS_1_2021-01-28T000000_7,2021-03-02 00:00:00,601318.SS,1d,COUNTDOWN,BUY_COUNTDOWN_PROGRESS,1,7,,,BUY_SETUP,True,2021-01-18 00:00:00,2021-01-28 00:00:00,76.13,76.13,2021-01-28 00:00:00,2021-01-28 00:00:00,2021-01-29 00:00:00,2021-02-01 00:00:00,2021-02-02 00:00:00,2021-02-03 00:00:00,2021-02-09 00:00:00,2021-03-02 00:00:00,,,,,,,,2021-02-03 00:00:00,63.28,65.72,71.21,72.93,70.58,8886990415.0,0.025427,0.002675
600036SS_2021-03-03T000000_SELL_COUNTDOWN_PROGRESS_-1_2021-01-18T000000_8,2021-03-03 00:00:00,600036.SS,1d,COUNTDOWN,SELL_COUNTDOWN_PROGRESS,-1,8,,,SELL_SETUP,True,2021-01-06 00:00:00,2021-01-18 00:00:00,44.39,32.5,2021-01-18 00:00:00,2021-01-18 00:00:00,2021-02-01 00:00:00,2021-02-03 00:00:00,2021-02-04 00:00:00,2021-02-05 00:00:00,2021-02-08 00:00:00,2021-02-18 00:00:00,2021-03-03 00:00:00,43.27,,,,,,2021-03-03 00:00:00,40.1,43.48,43.27,43.48,40.1,4685581150.0,0.032534,0.027547
600036SS_2021-03-04T000000_SELL_COUNTDOWN_PROGRESS_-1_2021-01-18T000000_9,2021-03-04 00:00:00,600036.SS,1d,COUNTDOWN,SELL_COUNTDOWN_PROGRESS,-1,9,,,SELL_SETUP,True,2021-01-06 00:00:00,2021-01-18 00:00:00,44.39,32.5,2021-01-18 00:00:00,2021-01-18 00:00:00,2021-02-01 00:00:00,2021-02-03 00:00:00,2021-02-04 00:00:00,2021-02-05 00:00:00,2021-02-08 00:00:00,2021-02-18 00:00:00,2021-03-03 00:00:00,43.27,2021-03-04 00:00:00,,,,,2021-03-03 00:00:00,40.1,43.48,42.9,44.38,42.5,4771134445.0,0.032463,0.03125
000651SZ_2021-03-04T000000_BUY_COUNTDOWN_PROGRESS_1_2021-01-29T000000_6,2021-03-04 00:00:00,000651.SZ,1d,COUNTDOWN,BUY_COUNTDOWN_PROGRESS,1,6,,,BUY_SETUP,True,2021-01-19 00:00:00,2021-01-29 00:00:00,51.09,51.09,2021-01-29 00:00:00,2021-01-29 00:00:00,2021-02-01 00:00:00,2021-02-22 00:00:00,2021-02-23 00:00:00,2021-02-24 00:00:00,2021-03-04 00:00:00,,,,,,,,,2021-02-01 00:00:00,41.75,43.2,44.85,46.19,44.7,2817737825.0,0.02986,0.060284
000651SZ_2021-03-05T000000_BUY_COUNTDOWN_PROGRESS_1_2021-01-29T000000_7,2021-03-05 00:00:00,000651.SZ,1d,COUNTDOWN,BUY_COUNTDOWN_PROGRESS,1,7,,,BUY_SETUP,True,2021-01-19 00:00:00,2021-01-29 00:00:00,51.09,51.09,2021-01-29 00:00:00,2021-01-29 00:00:00,2021-02-01 00:00:00,2021-02-22 00:00:00,2021-02-23 00:00:00,2021-02-24 00:00:00,2021-03-04 00:00:00,2021-03-05 00:00:00,,,,,,,,2021-02-01 00:00:00,41.75,43.2,44.13,44.6,43.58,2778847890.0,0.030179,0.040066
601318SS_2021-03-08T000000_BUY_COUNTDOWN_PROGRESS_1_2021-01-28T000000_8,2021-03-08 00:00:00,601318.SS,1d,COUNTDOWN,BUY_COUNTDOWN_PROGRESS,1,8,,,BUY_SETUP,True,2021-01-18 00:00:00,2021-01-28 00:00:00,76.13,76.13,2021-01-28 00:00:00,2021-01-28 00:00:00,2021-01-29 00:00:00,2021-02-01 00:00:00,2021-02-02 00:00:00,2021-02-03 00:00:00,2021-02-09 00:00:00,2021-03-02 00:00:00,2021-03-08 00:00:00,72.93,,,,,,2021-02-03 00:00:00,63.28,65.72,72.93,75.76,72.73,9087288865.0,0.026106,0.102328
000651SZ_2021-03-08T000000_BUY_COUNTDOWN_PROGRESS_1_2021-01-29T000000_8,2021-03-08 00:00:00,000651.SZ,1d,COUNTDOWN,BUY_COUNTDOWN_PROGRESS,1,8,,,BUY_SETUP,True,2021-01-19 00:00:00,2021-01-29 00:00:00,51.09,51.09,2021-01-29 00:00:00,2021-01-29 00:00:00,2021-02-01 00:00:00,2021-02-22 00:00:00,2021-02-23 00:00:00,2021-02-24 00:00:00,2021-03-04 00:00:00,2021-03-05 00:00:00,2021-03-08 00:00:00,42.62,,,,,,2021-02-01 00:00:00,41.75,43.2,42.62,45.14,42.51,2837709900.0,0.025861,-0.065965
601318SS_2021-03-10T000000_BUY_COUNTDOWN_PROGRESS_1_2021-01-28T000000_9,2021-03-10 00:00:00,601318.SS,1d,COUNTDOWN,BUY_COUNTDOWN_PROGRESS,1,9,,,BUY_SETUP,True,2021-01-18 00:00:00,2021-01-28 00:00:00,76.13,76.13,2021-01-28 00:00:00,2021-01-28 00:00:00,2021-01-29 00:00:00,2021-02-01 00:00:00,2021-02-02 00:00:00,2021-02-03 00:00:00,2021-02-09 00:00:00,2021-03-02 00:00:00,2021-03-08 00:00:00,72.93,2021-03-10 00:00:00,,,,,2021-02-03 00:00:00,63.28,65.72,71.26,72.61,71.1,8875882565.0,0.023747,0.054142
600036SS_2021-03-11T000000_SELL_COUNTDOWN_PROGRESS_-1_2021-01-18T000000_10,2021-03-11 00:00:00,600036.SS,1d,COUNTDOWN,SELL_COUNTDOWN_PROGRESS,-1,10,,,SELL_SETUP,True,2021-01-06 00:00:00,2021-01-18 00:00:00,44.39,32.5,2021-01-18 00:00:00,2021-01-18 00:00:00,2021-02-01 00:00:00,2021-02-03 00:00:00,2021-02-04 00:00:00,2021-02-05 00:00:00,2021-02-08 00:00:00,2021-02-18 00:00:00,2021-03-03 00:00:00,43.27,2021-03-04 00:00:00,2021-03-11 00:00:00,,,,2021-03-03 00:00:00,40.1,43.48,42.47,42.75,40.5,4761611320.0,0.036584,-0.061229
600036SS_2021-03-12T000000_SELL_COUNTDOWN_PROGRESS_-1_2021-01-18T000000_11,2021-03-12 00:00:00,600036.SS,1d,COUNTDOWN,SELL_COUNTDOWN_PROGRESS,-1,11,,,SELL_SETUP,True,2021-01-06 00:00:00,2021-01-18 00:00:00,44.39,32.5,2021-01-18 00:00:00,2021-01-18 00:00:00,2021-02-01 00:00:00,2021-02-03 00:00:00,2021-02-04 00:00:00,2021-02-05 00:00:00,2021-02-08 00:00:00,2021-02-18 00:00:00,2021-03-03 00:00:00,43.27,2021-03-04 00:00:00,2021-03-11 00:00:00,2021-03-12 00:00:00,,,2021-03-03 00:00:00,40.1,43.48,43.82,43.89,42.63,4672734190.0,0.037271,-0.042395
600036SS_2021-03-15T000000_SELL_COUNTDOWN_PROGRESS_-1_2021-01-18T000000_12,2021-03-15 00:00:00,600036.SS,1d,COUNTDOWN,SELL_COUNTDOWN_PROGRESS,-1,12,,,SELL_SETUP,True,2021-01-06 00:00:00,2021-01-18 00:00:00,44.39,32.5,2021-01-18 00:00:00,2021-01-18 00:00:00,2021-02-01 00:00:00,2021-02-03 00:00:00,2021-02-04 00:00:00,2021-02-05 00:00:00,2021-02-08 00:00:00,2021-02-18 00:00:00,2021-03-03 00:00:00,43.27,2021-03-04 00:00:00,2021-03-11 00:00:00,2021-03-12 00:00:00,2021-03-15 00:00:00,,2021-03-03 00:00:00,40.1,43.48,43.61,45.29,43.14,4700618130.0,0.037276,-0.046984
000651SZ_2021-03-15T000000_BUY_COUNTDOWN_PROGRESS_1_2021-01-29T000000_9,2021-03-15 00:00:00,000651.SZ,1d,COUNTDOWN,BUY_COUNTDOWN_PROGRESS,1,9,,,BUY_SETUP,True,2021-01-19 00:00:00,2021-01-29 00:00:00,51.09,51.09,2021-01-29 00:00:00,2021-01-29 00:00:00,2021-02-01 00:00:00,2021-02-22 00:00:00,2021-02-23 00:00:00,2021-02-24 00:00:00,2021-03-04 00:00:00,2021-03-05 00:00:00,2021-03-08 00:00:00,42.62,2021-03-15 00:00:00,,,,,2021-02-01 00:00:00,41.75,43.2,43.78,44.81,43.42,2751127045.0,0.027118,-0.027759
600036SS_2021-03-16T000000_SELL_COUNTDOWN_COMPLETE_PERFECT_-1_2021-01-18T000000_13,2021-03-16 00:00:00,600036.SS,1d,COUNTDOWN,SELL_COUNTDOWN_COMPLETE_PERFECT,-1,13,True,,SELL_SETUP,True,2021-01-06 00:00:00,2021-01-18 00:00:00,44.39,32.5,2021-01-18 00:00:00,2021-01-18 00:00:00,2021-02-01 00:00:00,2021-02-03 00:00:00,2021-02-04 00:00:00,2021-02-05 00:00:00,2021-02-08 00:00:00,2021-02-18 00:00:00,2021-03-03 00:00:00,43.27,2021-03-04 00:00:00,2021-03-11 00:00:00,2021-03-12 00:00:00,2021-03-15 00:00:00,2021-03-16 00:00:00,2021-03-03 00:00:00,40.1,43.48,44.82,45.75,44.0,4720905935.0,0.03769,-0.005105
601318SS_2021-03-17T000000_BUY_COUNTDOWN_PROGRESS_1_2021-01-28T000000_10,2021-03-17 00:00:00,601318.SS,1d,COUNTDOWN,BUY_COUNTDOWN_PROGRESS,1,10,,,BUY_SETUP,True,2021-01-18 00:00:00,2021-01-28 00:00:00,76.13,76.13,2021-01-28 00:00:00,2021-01-28 00:00:00,2021-01-29 00:00:00,2021-02-01 00:00:00,2021-02-02 00:00:00,2021-02-03 00:00:00,2021-02-09 00:00:00,2021-03-02 00:00:00,2021-03-08 00:00:00,72.93,2021-03-10 00:00:00,2021-03-17 00:00:00,,,,2021-02-03 00:00:00,63.28,65.72,70.52,72.98,70.39,8518829580.0,0.024769,0.002274
601318SS_2021-03-18T000000_BUY_COUNTDOWN_PROGRESS_1_2021-01-28T000000_11,2021-03-18 00:00:00,601318.SS,1d,COUNTDOWN,BUY_COUNTDOWN_PROGRESS,1,11,,,BUY_SETUP,True,2021-01-18 00:00:00,2021-01-28 00:00:00,76.13,76.13,2021-01-28 00:00:00,2021-01-28 00:00:00,2021-01-29 00:00:00,2021-02-01 00:00:00,2021-02-02 00:00:00,2021-02-03 00:00:00,2021-02-09 00:00:00,2021-03-02 00:00:00,2021-03-08 00:00:00,72.93,2021-03-10 00:00:00,2021-03-17 00:00:00,2021-03-18 00:00:00,,,2021-02-03 00:00:00,63.28,65.72,69.4,70.76,69.05,8245890330.0,0.024261,-0.038515
601318SS_2021-03-19T000000_BUY_COUNTDOWN_PROGRESS_1_2021-01-28T000000_12,2021-03-19 00:00:00,601318.SS,1d,COUNTDOWN,BUY_COUNTDOWN_PROGRESS,1,12,,,BUY_SETUP,True,2021-01-18 00:00:00,2021-01-28 00:00:00,76.13,76.13,2021-01-28 00:00:00,2021-01-28 00:00:00,2021-01-29 00:00:00,2021-02-01 00:00:00,2021-02-02 00:00:00,2021-02-03 00:00:00,2021-02-09 00:00:00,2021-03-02 00:00:00,2021-03-08 00:00:00,72.93,2021-03-10 00:00:00,2021-03-17 00:00:00,2021-03-18 00:00:00,2021-03-19 00:00:00,,2021-02-03 00:00:00,63.28,65.72,67.62,69.28,67.49,8110881570.0,0.024633,-0.047337
000651SZ_2021-03-19T000000_BUY_COUNTDOWN_PROGRESS_1_2021-01-29T000000_10,2021-03-19 00:00:00,000651.SZ,1d,COUNTDOWN,BUY_COUNTDOWN_PROGRESS,1,10,,,BUY_SETUP,True,2021-01-19 00:00:00,2021-01-29 00:00:00,51.09,51.09,2021-01-29 00:00:00,2021-01-29 00:00:00,2021-02-01 00:00:00,2021-02-22 00:00:00,2021-02-23 00:00:00,2021-02-24 00:00:00,2021-03-04 00:00:00,2021-03-05 00:00:00,2021-03-08 00:00:00,42.62,2021-03-15 00:00:00,2021-03-19 00:00:00,,,,2021-02-01 00:00:00,41.75,43.2,46.0,48.0,45.66,2945061170.0,0.030192,0.034173
601318SS_2021-03-22T000000_BUY_COUNTDOWN_COMPLETE_PERFECT_1_2021-01-28T000000_13,2021-03-22 00:00:00,601318.SS,1d,COUNTDOWN,BUY_COUNTDOWN_COMPLETE_PERFECT,1,13,True,,BUY_SETUP,True,2021-01-18 00:00:00,2021-01-28 00:00:00,76.13,76.13,2021-01-28 00:00:00,2021-01-28 00:00:00,2021-01-29 00:00:00,2021-02-01 00:00:00,2021-02-02 00:00:00,2021-02-03 00:00:00,2021-02-09 00:00:00,2021-03-02 00:00:00,2021-03-08 00:00:00,72.93,2021-03-10 00:00:00,2021-03-17 00:00:00,2021-03-18 00:00:00,2021-03-19 00:00:00,2021-03-22 00:00:00,2021-02-03 00:00:00,63.28,65.72,67.8,68.25,67.51,7853861150.0,0.024176,-0.062241
000651SZ_2021-03-22T000000_BUY_COUNTDOWN_PROGRESS_1_2021-01-29T000000_11,2021-03-22 00:00:00,000651.SZ,1d,COUNTDOWN,BUY_COUNTDOWN_PROGRESS,1,11,,,BUY_SETUP,True,2021-01-19 00:00:00,2021-01-29 00:00:00,51.09,51.09,2021-01-29 00:00:00,2021-01-29 00:00:00,2021-02-01 00:00:00,2021-02-22 00:00:00,2021-02-23 00:00:00,2021-02-24 00:00:00,2021-03-04 00:00:00,2021-03-05 00:00:00,2021-03-08 00:00:00,42.62,2021-03-15 00:00:00,2021-03-19 00:00:00,2021-03-22 00:00:00,,,2021-02-01 00:00:00,41.75,43.2,46.94,47.19,45.6,2885732440.0,0.029312,0.09036
000651SZ_2021-04-06T000000_BUY_COUNTDOWN_PROGRESS_1_2021-01-29T000000_12,2021-04-06 00:00:00,000651.SZ,1d,COUNTDOWN,BUY_COUNTDOWN_PROGRESS,1,12,,,BUY_SETUP,True,2021-01-19 00:00:00,2021-01-29 00:00:00,51.09,51.09,2021-01-29 00:00:00,2021-01-29 00:00:00,2021-02-01 00:00:00,2021-02-22 00:00:00,2021-02-23 00:00:00,2021-02-24 00:00:00,2021-03-04 00:00:00,2021-03-05 00:00:00,2021-03-08 00:00:00,42.62,2021-03-15 00:00:00,2021-03-19 00:00:00,2021-03-22 00:00:00,2021-04-06 00:00:00,,2021-02-01 00:00:00,41.75,43.2,47.33,48.69,47.0,2390253760.0,0.022172,0.075682
000651SZ_2021-04-07T000000_BUY_COUNTDOWN_COMPLETE_1_2021-01-29T000000_13,2021-04-07 00:00:00,000651.SZ,1d,COUNTDOWN,BUY_COUNTDOWN_COMPLETE,1,13,False,,BUY_SETUP,True,2021-01-19 00:00:00,2021-01-29 00:00:00,51.09,51.09,2021-01-29 00:00:00,2021-01-29 00:00:00,2021-02-01 00:00:00,2021-02-22 00:00:00,2021-02-23 00:00:00,2021-02-24 00:00:00,2021-03-04 00:00:00,2021-03-05 00:00:00,2021-03-08 00:00:00,42.62,2021-03-15 00:00:00,2021-03-19 00:00:00,2021-03-22 00:00:00,2021-04-06 00:00:00,2021-04-07 00:00:00,2021-02-01 00:00:00,41.75,43.2,47.68,48.1,46.88,2291030525.0,0.022063,0.068579
600519SS_2021-04-08T000000_SELL_SETUP_-1_2021-04-08T000000_9,2021-04-08 00:00:00,600519.SS,1d,SETUP,SELL_SETUP,-1,9,False,,SELL_SETUP,False,2021-03-26 00:00:00,2021-04-08 00:00:00,,,,,,,,,,,,,,,,,,,,,,,,7898754440.0,0.023758,0.011997
601318SS_2021-04-13T000000_BUY_SETUP_PERFECT_1_2021-04-13T000000_9,2021-04-13 00:00:00,601318.SS,1d,SETUP,BUY_SETUP_PERFECT,1,9,True,,BUY_SETUP,True,2021-03-31 00:00:00,2021-04-13 00:00:00,,,,,,,,,,,,,,,,,,,,,,,,4508421975.0,0.012589,-0.120469
601318SS_2021-04-13T000000_BUY_COUNTDOWN_PROGRESS_1_2021-04-13T000000_1,2021-04-13 00:00:00,601318.SS,1d,COUNTDOWN,BUY_COUNTDOWN_PROGRESS,1,1,,,BUY_SETUP,True,2021-03-31 00:00:00,2021-04-13 00:00:00,67.53,67.53,2021-04-13 00:00:00,2021-04-13 00:00:00,,,,,,,,,,,,,,2021-04-13 00:00:00,64.18,65.8,64.54,65.8,64.18,4508421975.0,0.012589,-0.120469
600519SS_2021-04-14T000000_SELL_COUNTDOWN_PROGRESS_-1_2021-04-08T000000_1,2021-04-14 00:00:00,600519.SS,1d,COUNTDOWN,SELL_COUNTDOWN_PROGRESS,-1,1,,,SELL_SETUP,False,2021-03-26 00:00:00,2021-04-08 00:00:00,1950.79,1743.79,2021-04-08 00:00:00,2021-04-14 00:00:00,,,,,,,,,,,,,,2021-04-14 00:00:00,1801.79,1833.79,1832.79,1833.79,1801.79,7096407490.0,0.023289,0.009162
601318SS_2021-04-15T000000_BUY_COUNTDOWN_PROGRESS_1_2021-04-13T000000_2,2021-04-15 00:00:00,601318.SS,1d,COUNTDOWN,BUY_COUNTDOWN_PROGRESS,1,2,,,BUY_SETUP,True,2021-03-31 00:00:00,2021-04-13 00:00:00,67.53,67.53,2021-04-13 00:00:00,2021-04-13 00:00:00,2021-04-15 00:00:00,,,,,,,,,,,,,2021-04-15 00:00:00,63.16,64.38,63.79,64.38,63.16,4281026215.0,0.010822,-0.080836
000651SZ_2021-04-15T000000_BUY_SETUP_1_2021-04-15T000000_9,2021-04-15 00:00:00,000651.SZ,1d,SETUP,BUY_SETUP,1,9,False,,BUY_SETUP,False,2021-04-02 00:00:00,2021-04-15 00:00:00,,,,,,,,,,,,,,,,,,,,,,,,1951987193.0,0.018033,-0.040619
600519SS_2021-04-16T000000_SELL_COUNTDOWN_PROGRESS_-1_2021-04-08T000000_2,2021-04-16 00:00:00,600519.SS,1d,COUNTDOWN,SELL_COUNTDOWN_PROGRESS,-1,2,,,SELL_SETUP,False,2021-03-26 00:00:00,2021-04-08 00:00:00,1950.79,1743.79,2021-04-08 00:00:00,2021-04-14 00:00:00,2021-04-16 00:00:00,,,,,,,,,,,,,2021-04-16 00:00:00,1797.79,1853.79,1840.77,1853.79,1797.79,7083306380.0,0.022405,0.025047
601318SS_2021-04-16T000000_BUY_COUNTDOWN_PROGRESS_1_2021-04-13T000000_3,2021-04-16 00:00:00,601318.SS,1d,COUNTDOWN,BUY_COUNTDOWN_PROGRESS,1,3,,,BUY_SETUP,True,2021-03-31 00:00:00,2021-04-13 00:00:00,67.53,67.53,2021-04-13 00:00:00,2021-04-13 00:00:00,2021-04-15 00:00:00,2021-04-16 00:00:00,,,,,,,,,,,,2021-04-16 00:00:00,62.98,63.86,63.68,63.86,62.98,4161539165.0,0.009595,-0.058267
600036SS_2021-04-16T000000_BUY_SETUP_PERFECT_1_2021-04-16T000000_9,2021-04-16 00:00:00,600036.SS,1d,SETUP,BUY_SETUP_PERFECT,1,9,True,,BUY_SETUP,True,2021-04-06 00:00:00,2021-04-16 00:00:00,,,,,,,,,,,,,,,,,,,,,,,,2753611690.0,0.016592,-0.047799
600519SS_2021-04-19T000000_SELL_COUNTDOWN_PROGRESS_-1_2021-04-08T000000_3,2021-04-19 00:00:00,600519.SS,1d,COUNTDOWN,SELL_COUNTDOWN_PROGRESS,-1,3,,,SELL_SETUP,False,2021-03-26 00:00:00,2021-04-08 00:00:00,1950.79,1743.79,2021-04-08 00:00:00,2021-04-14 00:00:00,2021-04-16 00:00:00,2021-04-19 00:00:00,,,,,,,,,,,,2021-04-16 00:00:00,1797.79,1853.79,1873.79,1884.15,1818.79,7053259185.0,0.022479,0.055193
600519SS_2021-04-20T000000_SELL_COUNTDOWN_PROGRESS_-1_2021-04-08T000000_4,2021-04-20 00:00:00,600519.SS,1d,COUNTDOWN,SELL_COUNTDOWN_PROGRESS,-1,4,,,SELL_SETUP,False,2021-03-26 00:00:00,2021-04-08 00:00:00,1950.79,1743.79,2021-04-08 00:00:00,2021-04-14 00:00:00,2021-04-16 00:00:00,2021-04-19 00:00:00,2021-04-20 00:00:00,,,,,,,,,,,2021-04-16 00:00:00,1797.79,1853.79,1880.59,1914.79,1855.79,6984573120.0,0.022479,0.05545
600036SS_2021-04-20T000000_BUY_COUNTDOWN_CANCEL_1_2021-04-16T000000_0,2021-04-20 00:00:00,600036.SS,1d,COUNTDOWN,BUY_COUNTDOWN_CANCEL,1,0,,tdst_break_rule_4,BUY_SETUP,True,2021-04-06 00:00:00,2021-04-16 00:00:00,42.33,42.33,2021-04-16 00:00:00,,,,,,,,,,,,,,,,,,42.49,42.69,41.51,2603240435.0,0.017063,-0.033879
000651SZ_2021-04-20T000000_BUY_COUNTDOWN_PROGRESS_1_2021-04-15T000000_1,2021-04-20 00:00:00,000651.SZ,1d,COUNTDOWN,BUY_COUNTDOWN_PROGRESS,1,1,,,BUY_SETUP,False,2021-04-02 00:00:00,2021-04-15 00:00:00,49.5,49.5,2021-04-15 00:00:00,2021-04-20 00:00:00,,,,,,,,,,,,,,2021-04-20 00:00:00,45.65,46.82,45.98,46.82,45.65,1803295713.0,0.013499,-0.030162
000651SZ_2021-04-21T000000_BUY_COUNTDOWN_PROGRESS_1_2021-04-15T000000_2,2021-04-21 00:00:00,000651.SZ,1d,COUNTDOWN,BUY_COUNTDOWN_PROGRESS,1,2,,,BUY_SETUP,False,2021-04-02 00:00:00,2021-04-15 00:00:00,49.5,49.5,2021-04-15 00:00:00,2021-04-20 00:00:00,2021-04-21 00:00:00,,,,,,,,,,,,,2021-04-21 00:00:00,45.07,45.98,45.62,45.98,45.07,1751422358.5,0.013572,-0.036536
000651SZ_2021-04-22T000000_BUY_COUNTDOWN_PROGRESS_1_2021-04-15T000000_3,2021-04-22 00:00:00,000651.SZ,1d,COUNTDOWN,BUY_COUNTDOWN_PROGRESS,1,3,,,BUY_SETUP,False,2021-04-02 00:00:00,2021-04-15 00:00:00,49.5,49.5,2021-04-15 00:00:00,2021-04-20 00:00:00,2021-04-21 00:00:00,2021-04-22 00:00:00,,,,,,,,,,,,2021-04-22 00:00:00,44.76,45.9,45.11,45.9,44.76,1731090538.5,0.013713,-0.047911
600519SS_2021-04-23T000000_SELL_COUNTDOWN_PROGRESS_-1_2021-04-08T000000_5,2021-04-23 00:00:00,600519.SS,1d,COUNTDOWN,SELL_COUNTDOWN_PROGRESS,-1,5,,,SELL_SETUP,False,2021-03-26 00:00:00,2021-04-08 00:00:00,1950.79,1743.79,2021-04-08 00:00:00,2021-04-14 00:00:00,2021-04-16 00:00:00,2021-04-19 00:00:00,2021-04-20 00:00:00,2021-04-23 00:00:00,,,,,,,,,,2021-04-16 00:00:00,1797.79,1853.79,1894.73,1905.67,1838.29,7007274865.0,0.02294,0.053336
601318SS_2021-04-26T000000_BUY_COUNTDOWN_PROGRESS_1_2021-04-13T000000_4,2021-04-26 00:00:00,601318.SS,1d,COUNTDOWN,BUY_COUNTDOWN_PROGRESS,1,4,,,BUY_SETUP,True,2021-03-31 00:00:00,2021-04-13 00:00:00,67.53,67.53,2021-04-13 00:00:00,2021-04-13 00:00:00,2021-04-15 00:00:00,2021-04-16 00:00:00,2021-04-26 00:00:00,,,,,,,,,,,2021-04-26 00:00:00,62.14,63.41,62.27,63.41,62.14,4262089840.0,0.009303,-0.07212
000651SZ_2021-04-26T000000_BUY_COUNTDOWN_PROGRESS_1_2021-04-15T000000_4,2021-04-26 00:00:00,000651.SZ,1d,COUNTDOWN,BUY_COUNTDOWN_PROGRESS,1,4,,,BUY_SETUP,False,2021-04-02 00:00:00,2021-04-15 00:00:00,49.5,49.5,2021-04-15 00:00:00,2021-04-20 00:00:00,2021-04-21 00:00:00,2021-04-22 00:00:00,2021-04-26 00:00:00,,,,,,,,,,,2021-04-26 00:00:00,44.45,45.99,44.5,45.99,44.45,1744172298.5,0.014582,-0.081906
601318SS_2021-04-27T000000_BUY_COUNTDOWN_PROGRESS_1_2021-04-13T000000_5,2021-04-27 00:00:00,601318.SS,1d,COUNTDOWN,BUY_COUNTDOWN_PROGRESS,1,5,,,BUY_SETUP,True,2021-03-31 00:00:00,2021-04-13 00:00:00,67.53,67.53,2021-04-13 00:00:00,2021-04-13 00:00:00,2021-04-15 00:00:00,2021-04-16 00:00:00,2021-04-26 00:00:00,2021-04-27 00:00:00,,,,,,,,,,2021-04-27 00:00:00,61.41,62.84,62.65,62.84,61.41,4288059820.0,0.009426,-0.069785
000651SZ_2021-04-27T000000_BUY_COUNTDOWN_PROGRESS_1_2021-04-15T000000_5,2021-04-27 00:00:00,000651.SZ,1d,COUNTDOWN,BUY_COUNTDOWN_PROGRESS,1,5,,,BUY_SETUP,False,2021-04-02 00:00:00,2021-04-15 00:00:00,49.5,49.5,2021-04-15 00:00:00,2021-04-20 00:00:00,2021-04-21 00:00:00,2021-04-22 00:00:00,2021-04-26 00:00:00,2021-04-27 00:00:00,,,,,,,,,,2021-04-27 00:00:00,43.52,44.73,43.98,44.73,43.52,1708569363.5,0.014658,-0.085655
000858SZ_2021-04-28T000000_SELL_SETUP_-1_2021-04-28T000000_9,2021-04-28 00:00:00,000858.SZ,1d,SETUP,SELL_SETUP,-1,9,False,,SELL_SETUP,False,2021-04-16 00:00:00,2021-04-28 00:00:00,,,,,,,,,,,,,,,,,,,,,,,,4767833415.0,0.024386,0.071743
000651SZ_2021-04-28T000000_BUY_COUNTDOWN_PROGRESS_1_2021-04-15T000000_6,2021-04-28 00:00:00,000651.SZ,1d,COUNTDOWN,BUY_COUNTDOWN_PROGRESS,1,6,,,BUY_SETUP,False,2021-04-02 00:00:00,2021-04-15 00:00:00,49.5,49.5,2021-04-15 00:00:00,2021-04-20 00:00:00,2021-04-21 00:00:00,2021-04-22 00:00:00,2021-04-26 00:00:00,2021-04-27 00:00:00,2021-04-28 00:00:00,,,,,,,,,2021-04-28 00:00:00,43.39,44.66,44.06,44.66,43.39,1703801153.5,0.01419,-0.095277
000858SZ_2021-04-29T000000_SELL_COUNTDOWN_PROGRESS_-1_2021-04-28T000000_1,2021-04-29 00:00:00,000858.SZ,1d,COUNTDOWN,SELL_COUNTDOWN_PROGRESS,-1,1,,,SELL_SETUP,False,2021-04-16 00:00:00,2021-04-28 00:00:00,263.51,231.12,2021-04-28 00:00:00,2021-04-29 00:00:00,,,,,,,,,,,,,,2021-04-29 00:00:00,258.93,268.62,267.12,268.62,258.93,4885708330.0,0.024206,0.065497
601318SS_2021-05-06T000000_BUY_COUNTDOWN_PROGRESS_1_2021-04-13T000000_6,2021-05-06 00:00:00,601318.SS,1d,COUNTDOWN,BUY_COUNTDOWN_PROGRESS,1,6,,,BUY_SETUP,True,2021-03-31 00:00:00,2021-04-13 00:00:00,67.53,67.53,2021-04-13 00:00:00,2021-04-13 00:00:00,2021-04-15 00:00:00,2021-04-16 00:00:00,2021-04-26 00:00:00,2021-04-27 00:00:00,2021-05-06 00:00:00,,,,,,,,,2021-05-06 00:00:00,59.74,61.18,59.91,61.18,59.74,4493644600.0,0.012357,-0.105954
600519SS_2021-05-07T000000_SELL_COUNTDOWN_CANCEL_-1_2021-04-08T000000_5,2021-05-07 00:00:00,600519.SS,1d,COUNTDOWN,SELL_COUNTDOWN_CANCEL,-1,5,,tdst_break_rule_4,SELL_SETUP,False,2021-03-26 00:00:00,2021-04-08 00:00:00,1950.79,1743.79,2021-04-08 00:00:00,2021-04-14 00:00:00,2021-04-16 00:00:00,2021-04-19 00:00:00,2021-04-20 00:00:00,2021-04-23 00:00:00,,,,,,,,,,2021-04-16 00:00:00,1797.79,1853.79,1688.79,1753.77,1686.79,7294757335.0,0.017606,-0.085554
601318SS_2021-05-07T000000_BUY_COUNTDOWN_PROGRESS_1_2021-04-13T000000_7,2021-05-07 00:00:00,601318.SS,1d,COUNTDOWN,BUY_COUNTDOWN_PROGRESS,1,7,,,BUY_SETUP,True,2021-03-31 00:00:00,2021-04-13 00:00:00,67.53,67.53,2021-04-13 00:00:00,2021-04-13 00:00:00,2021-04-15 00:00:00,2021-04-16 00:00:00,2021-04-26 00:00:00,2021-04-27 00:00:00,2021-05-06 00:00:00,2021-05-07 00:00:00,,,,,,,,2021-05-07 00:00:00,59.4,60.47,59.48,60.47,59.4,4552807365.0,0.012344,-0.104621
601318SS_2021-05-10T000000_BUY_SETUP_PERFECT_1_2021-05-10T000000_9,2021-05-10 00:00:00,601318.SS,1d,SETUP,BUY_SETUP_PERFECT,1,9,True,,BUY_SETUP,True,2021-04-23 00:00:00,2021-05-10 00:00:00,,,,,,,,,,,,,,,,,,,,,,,,4549806575.0,0.012234,-0.108092
601318SS_2021-05-10T000000_BUY_COUNTDOWN_CANCEL_1_2021-04-13T000000_7,2021-05-10 00:00:00,601318.SS,1d,COUNTDOWN,BUY_COUNTDOWN_CANCEL,1,7,,same_setup,BUY_SETUP,True,2021-03-31 00:00:00,2021-04-13 00:00:00,67.53,67.53,2021-04-13 00:00:00,2021-04-13 00:00:00,2021-04-15 00:00:00,2021-04-16 00:00:00,2021-04-26 00:00:00,2021-04-27 00:00:00,2021-05-06 00:00:00,2021-05-07 00:00:00,,,,,,,,2021-05-07 00:00:00,59.4,60.47,59.41,59.87,58.88,4549806575.0,0.012234,-0.108092
601318SS_2021-05-10T000000_BUY_COUNTDOWN_PROGRESS_1_2021-05-10T000000_1,2021-05-10 00:00:00,601318.SS,1d,COUNTDOWN,BUY_COUNTDOWN_PROGRESS,1,1,,,BUY_SETUP,True,2021-04-23 00:00:00,2021-05-10 00:00:00,64.96,64.96,2021-05-10 00:00:00,2021-05-10 00:00:00,,,,,,,,,,,,,,2021-05-10 00:00:00,58.88,59.87,59.41,59.87,58.88,4549806575.0,0.012234,-0.108092
000858SZ_2021-05-12T000000_SELL_COUNTDOWN_PROGRESS_-1_2021-04-28T000000_2,2021-05-12 00:00:00,000858.SZ,1d,COUNTDOWN,SELL_COUNTDOWN_PROGRESS,-1,2,,,SELL_SETUP,False,2021-04-16 00:00:00,2021-04-28 00:00:00,263.51,231.12,2021-04-28 00:00:00,2021-04-29 00:00:00,2021-05-12 00:00:00,,,,,,,,,,,,,2021-05-12 00:00:00,251.62,257.2,255.13,257.2,251.62,4750807265.0,0.022766,0.069234
000858SZ_2021-05-13T000000_SELL_COUNTDOWN_PROGRESS_-1_2021-04-28T000000_3,2021-05-13 00:00:00,000858.SZ,1d,COUNTDOWN,SELL_COUNTDOWN_PROGRESS,-1,3,,,SELL_SETUP,False,2021-04-16 00:00:00,2021-04-28 00:00:00,263.51,231.12,2021-04-28 00:00:00,2021-04-29 00:00:00,2021-05-12 00:00:00,2021-05-13 00:00:00,,,,,,,,,,,,2021-05-13 00:00:00,250.12,256.17,253.62,256.17,250.12,4709564565.0,0.022842,0.054465
601318SS_2021-05-13T000000_BUY_COUNTDOWN_PROGRESS_1_2021-05-10T000000_2,2021-05-13 00:00:00,601318.SS,1d,COUNTDOWN,BUY_COUNTDOWN_PROGRESS,1,2,,,BUY_SETUP,True,2021-04-23 00:00:00,2021-05-10 00:00:00,64.96,64.96,2021-05-10 00:00:00,2021-05-10 00:00:00,2021-05-13 00:00:00,,,,,,,,,,,,,2021-05-13 00:00:00,58.26,59.21,58.52,59.21,58.26,4459154915.0,0.011878,-0.093275
000651SZ_2021-05-13T000000_BUY_COUNTDOWN_PROGRESS_1_2021-04-15T000000_7,2021-05-13 00:00:00,000651.SZ,1d,COUNTDOWN,BUY_COUNTDOWN_PROGRESS,1,7,,,BUY_SETUP,False,2021-04-02 00:00:00,2021-04-15 00:00:00,49.5,49.5,2021-04-15 00:00:00,2021-04-20 00:00:00,2021-04-21 00:00:00,2021-04-22 00:00:00,2021-04-26 00:00:00,2021-04-27 00:00:00,2021-04-28 00:00:00,2021-05-13 00:00:00,,,,,,,,2021-05-13 00:00:00,43.25,44.7,43.38,44.7,43.25,2082144346.5,0.016551,-0.039628
000858SZ_2021-05-14T000000_SELL_COUNTDOWN_PROGRESS_-1_2021-04-28T000000_4,2021-05-14 00:00:00,000858.SZ,1d,COUNTDOWN,SELL_COUNTDOWN_PROGRESS,-1,4,,,SELL_SETUP,False,2021-04-16 00:00:00,2021-04-28 00:00:00,263.51,231.12,2021-04-28 00:00:00,2021-04-29 00:00:00,2021-05-12 00:00:00,2021-05-13 00:00:00,2021-05-14 00:00:00,,,,,,,,,,,2021-05-13 00:00:00,250.12,256.17,264.62,266.02,252.8,4836430760.0,0.024555,0.096189
000651SZ_2021-05-14T000000_BUY_COUNTDOWN_PROGRESS_1_2021-04-15T000000_8,2021-05-14 00:00:00,000651.SZ,1d,COUNTDOWN,BUY_COUNTDOWN_PROGRESS,1,8,,,BUY_SETUP,False,2021-04-02 00:00:00,2021-04-15 00:00:00,49.5,49.5,2021-04-15 00:00:00,2021-04-20 00:00:00,2021-04-21 00:00:00,2021-04-22 00:00:00,2021-04-26 00:00:00,2021-04-27 00:00:00,2021-04-28 00:00:00,2021-05-13 00:00:00,2021-05-14 00:00:00,43.74,,,,,,2021-05-14 00:00:00,42.58,43.75,43.74,43.75,42.58,2137812331.5,0.016159,-0.047474
000858SZ_2021-05-17T000000_SELL_COUNTDOWN_PROGRESS_-1_2021-04-28T000000_5,2021-05-17 00:00:00,000858.SZ,1d,COUNTDOWN,SELL_COUNTDOWN_PROGRESS,-1,5,,,SELL_SETUP,False,2021-04-16 00:00:00,2021-04-28 00:00:00,263.51,231.12,2021-04-28 00:00:00,2021-04-29 00:00:00,2021-05-12 00:00:00,2021-05-13 00:00:00,2021-05-14 00:00:00,2021-05-17 00:00:00,,,,,,,,,,2021-05-13 00:00:00,250.12,256.17,274.81,282.29,265.84,5059257525.0,0.023885,0.17732
000858SZ_2021-05-18T000000_SELL_COUNTDOWN_PROGRESS_-1_2021-04-28T000000_6,2021-05-18 00:00:00,000858.SZ,1d,COUNTDOWN,SELL_COUNTDOWN_PROGRESS,-1,6,,,SELL_SETUP,False,2021-04-16 00:00:00,2021-04-28 00:00:00,263.51,231.12,2021-04-28 00:00:00,2021-04-29 00:00:00,2021-05-12 00:00:00,2021-05-13 00:00:00,2021-05-14 00:00:00,2021-05-17 00:00:00,2021-05-18 00:00:00,,,,,,,,,2021-05-13 00:00:00,250.12,256.17,277.12,277.62,271.92,4914393550.0,0.023555,0.157464
601318SS_2021-05-19T000000_BUY_COUNTDOWN_PROGRESS_1_2021-05-10T000000_3,2021-05-19 00:00:00,601318.SS,1d,COUNTDOWN,BUY_COUNTDOWN_PROGRESS,1,3,,,BUY_SETUP,True,2021-04-23 00:00:00,2021-05-10 00:00:00,64.96,64.96,2021-05-10 00:00:00,2021-05-10 00:00:00,2021-05-13 00:00:00,2021-05-19 00:00:00,,,,,,,,,,,,2021-05-13 00:00:00,58.26,59.21,59.35,60.08,59.27,4414275640.0,0.014529,-0.074969
000651SZ_2021-05-19T000000_BUY_COUNTDOWN_PROGRESS_1_2021-04-15T000000_9,2021-05-19 00:00:00,000651.SZ,1d,COUNTDOWN,BUY_COUNTDOWN_PROGRESS,1,9,,,BUY_SETUP,False,2021-04-02 00:00:00,2021-04-15 00:00:00,49.5,49.5,2021-04-15 00:00:00,2021-04-20 00:00:00,2021-04-21 00:00:00,2021-04-22 00:00:00,2021-04-26 00:00:00,2021-04-27 00:00:00,2021-04-28 00:00:00,2021-05-13 00:00:00,2021-05-14 00:00:00,43.74,2021-05-19 00:00:00,,,,,2021-05-14 00:00:00,42.58,43.75,43.41,43.92,43.21,2073293429.0,0.016082,-0.074019
000858SZ_2021-05-20T000000_SELL_COUNTDOWN_PROGRESS_-1_2021-04-28T000000_7,2021-05-20 00:00:00,000858.SZ,1d,COUNTDOWN,SELL_COUNTDOWN_PROGRESS,-1,7,,,SELL_SETUP,False,2021-04-16 00:00:00,2021-04-28 00:00:00,263.51,231.12,2021-04-28 00:00:00,2021-04-29 00:00:00,2021-05-12 00:00:00,2021-05-13 00:00:00,2021-05-14 00:00:00,2021-05-17 00:00:00,2021-05-18 00:00:00,2021-05-20 00:00:00,,,,,,,,2021-05-13 00:00:00,250.12,256.17,281.13,285.6,279.18,4890039185.0,0.023524,0.145739
000651SZ_2021-05-24T000000_BUY_COUNTDOWN_PROGRESS_1_2021-04-15T000000_10,2021-05-24 00:00:00,000651.SZ,1d,COUNTDOWN,BUY_COUNTDOWN_PROGRESS,1,10,,,BUY_SETUP,False,2021-04-02 00:00:00,2021-04-15 00:00:00,49.5,49.5,2021-04-15 00:00:00,2021-04-20 00:00:00,2021-04-21 00:00:00,2021-04-22 00:00:00,2021-04-26 00:00:00,2021-04-27 00:00:00,2021-04-28 00:00:00,2021-05-13 00:00:00,2021-05-14 00:00:00,43.74,2021-05-19 00:00:00,2021-05-24 00:00:00,,,,2021-05-14 00:00:00,42.58,43.75,42.8,43.24,42.67,2083777718.5,0.016369,-0.051208
000858SZ_2021-05-25T000000_SELL_COUNTDOWN_PROGRESS_-1_2021-04-28T000000_8,2021-05-25 00:00:00,000858.SZ,1d,COUNTDOWN,SELL_COUNTDOWN_PROGRESS,-1,8,,,SELL_SETUP,False,2021-04-16 00:00:00,2021-04-28 00:00:00,263.51,231.12,2021-04-28 00:00:00,2021-04-29 00:00:00,2021-05-12 00:00:00,2021-05-13 00:00:00,2021-05-14 00:00:00,2021-05-17 00:00:00,2021-05-18 00:00:00,2021-05-20 00:00:00,2021-05-25 00:00:00,300.65,,,,,,2021-05-13 00:00:00,250.12,256.17,300.65,300.68,282.54,5256655065.0,0.027513,0.167029
000651SZ_2021-05-25T000000_BUY_COUNTDOWN_PROGRESS_1_2021-04-15T000000_11,2021-05-25 00:00:00,000651.SZ,1d,COUNTDOWN,BUY_COUNTDOWN_PROGRESS,1,11,,,BUY_SETUP,False,2021-04-02 00:00:00,2021-04-15 00:00:00,49.5,49.5,2021-04-15 00:00:00,2021-04-20 00:00:00,2021-04-21 00:00:00,2021-04-22 00:00:00,2021-04-26 00:00:00,2021-04-27 00:00:00,2021-04-28 00:00:00,2021-05-13 00:00:00,2021-05-14 00:00:00,43.74,2021-05-19 00:00:00,2021-05-24 00:00:00,2021-05-25 00:00:00,,,2021-05-25 00:00:00,40.7,42.5,41.89,42.5,40.7,2316491038.5,0.016283,-0.085571
000858SZ_2021-05-26T000000_SELL_COUNTDOWN_PROGRESS_-1_2021-04-28T000000_9,2021-05-26 00:00:00,000858.SZ,1d,COUNTDOWN,SELL_COUNTDOWN_PROGRESS,-1,9,,,SELL_SETUP,False,2021-04-16 00:00:00,2021-04-28 00:00:00,263.51,231.12,2021-04-28 00:00:00,2021-04-29 00:00:00,2021-05-12 00:00:00,2021-05-13 00:00:00,2021-05-14 00:00:00,2021-05-17 00:00:00,2021-05-18 00:00:00,2021-05-20 00:00:00,2021-05-25 00:00:00,300.65,2021-05-26 00:00:00,,,,,2021-05-13 00:00:00,250.12,256.17,296.62,301.63,293.62,5273193725.0,0.027223,0.174175
000651SZ_2021-05-26T000000_BUY_COUNTDOWN_PROGRESS_1_2021-04-15T000000_12,2021-05-26 00:00:00,000651.SZ,1d,COUNTDOWN,BUY_COUNTDOWN_PROGRESS,1,12,,,BUY_SETUP,False,2021-04-02 00:00:00,2021-04-15 00:00:00,49.5,49.5,2021-04-15 00:00:00,2021-04-20 00:00:00,2021-04-21 00:00:00,2021-04-22 00:00:00,2021-04-26 00:00:00,2021-04-27 00:00:00,2021-04-28 00:00:00,2021-05-13 00:00:00,2021-05-14 00:00:00,43.74,2021-05-19 00:00:00,2021-05-24 00:00:00,2021-05-25 00:00:00,2021-05-26 00:00:00,,2021-05-25 00:00:00,40.7,42.5,42.19,42.37,41.32,2366301538.5,0.015442,-0.05191
601318SS_2021-05-31T000000_BUY_COUNTDOWN_PROGRESS_1_2021-05-10T000000_4,2021-05-31 00:00:00,601318.SS,1d,COUNTDOWN,BUY_COUNTDOWN_PROGRESS,1,4,,,BUY_SETUP,True,2021-04-23 00:00:00,2021-05-10 00:00:00,64.96,64.96,2021-05-10 00:00:00,2021-05-10 00:00:00,2021-05-13 00:00:00,2021-05-19 00:00:00,2021-05-31 00:00:00,,,,,,,,,,,2021-05-13 00:00:00,58.26,59.21,61.18,62.18,60.85,4150147295.0,0.017644,-0.031962
000651SZ_2021-05-31T000000_BUY_COUNTDOWN_COMPLETE_PERFECT_1_2021-04-15T000000_13,2021-05-31 00:00:00,000651.SZ,1d,COUNTDOWN,BUY_COUNTDOWN_COMPLETE_PERFECT,1,13,True,,BUY_SETUP,False,2021-04-02 00:00:00,2021-04-15 00:00:00,49.5,49.5,2021-04-15 00:00:00,2021-04-20 00:00:00,2021-04-21 00:00:00,2021-04-22 00:00:00,2021-04-26 00:00:00,2021-04-27 00:00:00,2021-04-28 00:00:00,2021-05-13 00:00:00,2021-05-14 00:00:00,43.74,2021-05-19 00:00:00,2021-05-24 00:00:00,2021-05-25 00:00:00,2021-05-26 00:00:00,2021-05-31 00:00:00,2021-05-25 00:00:00,40.7,42.5,42.3,43.21,41.88,2691110403.5,0.017674,-0.070534
601318SS_2021-06-01T000000_BUY_COUNTDOWN_PROGRESS_1_2021-05-10T000000_5,2021-06-01 00:00:00,601318.SS,1d,COUNTDOWN,BUY_COUNTDOWN_PROGRESS,1,5,,,BUY_SETUP,True,2021-04-23 00:00:00,2021-05-10 00:00:00,64.96,64.96,2021-05-10 00:00:00,2021-05-10 00:00:00,2021-05-13 00:00:00,2021-05-19 00:00:00,2021-05-31 00:00:00,2021-06-01 00:00:00,,,,,,,,,,2021-05-13 00:00:00,58.26,59.21,60.51,61.07,60.28,4160940330.0,0.017205,-0.02214
601318SS_2021-06-02T000000_BUY_COUNTDOWN_PROGRESS_1_2021-05-10T000000_6,2021-06-02 00:00:00,601318.SS,1d,COUNTDOWN,BUY_COUNTDOWN_PROGRESS,1,6,,,BUY_SETUP,True,2021-04-23 00:00:00,2021-05-10 00:00:00,64.96,64.96,2021-05-10 00:00:00,2021-05-10 00:00:00,2021-05-13 00:00:00,2021-05-19 00:00:00,2021-05-31 00:00:00,2021-06-01 00:00:00,2021-06-02 00:00:00,,,,,,,,,2021-05-13 00:00:00,58.26,59.21,60.25,60.77,59.69,4139910955.0,0.015638,0.005675
601318SS_2021-06-03T000000_BUY_COUNTDOWN_PROGRESS_1_2021-05-10T000000_7,2021-06-03 00:00:00,601318.SS,1d,COUNTDOWN,BUY_COUNTDOWN_PROGRESS,1,7,,,BUY_SETUP,True,2021-04-23 00:00:00,2021-05-10 00:00:00,64.96,64.96,2021-05-10 00:00:00,2021-05-10 00:00:00,2021-05-13 00:00:00,2021-05-19 00:00:00,2021-05-31 00:00:00,2021-06-01 00:00:00,2021-06-02 00:00:00,2021-06-03 00:00:00,,,,,,,,2021-05-13 00:00:00,58.26,59.21,60.06,60.88,59.88,3958912270.0,0.015561,0.009751
601318SS_2021-06-07T000000_BUY_COUNTDOWN_PROGRESS_1_2021-05-10T000000_8,2021-06-07 00:00:00,601318.SS,1d,COUNTDOWN,BUY_COUNTDOWN_PROGRESS,1,8,,,BUY_SETUP,True,2021-04-23 00:00:00,2021-05-10 00:00:00,64.96,64.96,2021-05-10 00:00:00,2021-05-10 00:00:00,2021-05-13 00:00:00,2021-05-19 00:00:00,2021-05-31 00:00:00,2021-06-01 00:00:00,2021-06-02 00:00:00,2021-06-03 00:00:00,2021-06-07 00:00:00,59.66,,,,,,2021-05-13 00:00:00,58.26,59.21,59.66,60.06,59.44,3895536295.0,0.015705,0.0
601318SS_2021-06-10T000000_BUY_SETUP_1_2021-06-10T000000_9,2021-06-10 00:00:00,601318.SS,1d,SETUP,BUY_SETUP,1,9,False,,BUY_SETUP,False,2021-05-31 00:00:00,2021-06-10 00:00:00,,,,,,,,,,,,,,,,,,,,,,,,3868008550.0,0.013128,-0.01932
601318SS_2021-06-10T000000_BUY_COUNTDOWN_CANCEL_1_2021-05-10T000000_8,2021-06-10 00:00:00,601318.SS,1d,COUNTDOWN,BUY_COUNTDOWN_CANCEL,1,8,,same_setup,BUY_SETUP,True,2021-04-23 00:00:00,2021-05-10 00:00:00,64.96,64.96,2021-05-10 00:00:00,2021-05-10 00:00:00,2021-05-13 00:00:00,2021-05-19 00:00:00,2021-05-31 00:00:00,2021-06-01 00:00:00,2021-06-02 00:00:00,2021-06-03 00:00:00,2021-06-07 00:00:00,59.66,,,,,,2021-05-13 00:00:00,58.26,59.21,59.39,60.17,59.38,3868008550.0,0.013128,-0.01932
000858SZ_2021-06-11T000000_SELL_COUNTDOWN_PROGRESS_-1_2021-04-28T000000_10,2021-06-11 00:00:00,000858.SZ,1d,COUNTDOWN,SELL_COUNTDOWN_PROGRESS,-1,10,,,SELL_SETUP,False,2021-04-16 00:00:00,2021-04-28 00:00:00,263.51,231.12,2021-04-28 00:00:00,2021-04-29 00:00:00,2021-05-12 00:00:00,2021-05-13 00:00:00,2021-05-14 00:00:00,2021-05-17 00:00:00,2021-05-18 00:00:00,2021-05-20 00:00:00,2021-05-25 00:00:00,300.65,2021-05-26 00:00:00,2021-06-11 00:00:00,,,,2021-05-13 00:00:00,250.12,256.17,279.19,281.62,273.62,5706371890.0,0.022526,0.015938
601318SS_2021-06-11T000000_BUY_COUNTDOWN_PROGRESS_1_2021-06-10T000000_1,2021-06-11 00:00:00,601318.SS,1d,COUNTDOWN,BUY_COUNTDOWN_PROGRESS,1,1,,,BUY_SETUP,False,2021-05-31 00:00:00,2021-06-10 00:00:00,62.18,62.18,2021-06-10 00:00:00,2021-06-11 00:00:00,,,,,,,,,,,,,,2021-06-11 00:00:00,58.64,59.56,58.78,59.56,58.64,3799052085.0,0.012991,-0.016234
601318SS_2021-06-15T000000_BUY_COUNTDOWN_PROGRESS_1_2021-06-10T000000_2,2021-06-15 00:00:00,601318.SS,1d,COUNTDOWN,BUY_COUNTDOWN_PROGRESS,1,2,,,BUY_SETUP,False,2021-05-31 00:00:00,2021-06-10 00:00:00,62.18,62.18,2021-06-10 00:00:00,2021-06-11 00:00:00,2021-06-15 00:00:00,,,,,,,,,,,,,2021-06-15 00:00:00,56.33,58.44,56.45,58.44,56.33,3939444415.0,0.015389,-0.063537
601318SS_2021-06-16T000000_BUY_COUNTDOWN_PROGRESS_1_2021-06-10T000000_3,2021-06-16 00:00:00,601318.SS,1d,COUNTDOWN,BUY_COUNTDOWN_PROGRESS,1,3,,,BUY_SETUP,False,2021-05-31 00:00:00,2021-06-10 00:00:00,62.18,62.18,2021-06-10 00:00:00,2021-06-11 00:00:00,2021-06-15 00:00:00,2021-06-16 00:00:00,,,,,,,,,,,,2021-06-16 00:00:00,56.19,57.13,56.38,57.13,56.19,3968198145.0,0.015126,-0.050042
601318SS_2021-06-17T000000_BUY_COUNTDOWN_PROGRESS_1_2021-06-10T000000_4,2021-06-17 00:00:00,601318.SS,1d,COUNTDOWN,BUY_COUNTDOWN_PROGRESS,1,4,,,BUY_SETUP,False,2021-05-31 00:00:00,2021-06-10 00:00:00,62.18,62.18,2021-06-10 00:00:00,2021-06-11 00:00:00,2021-06-15 00:00:00,2021-06-16 00:00:00,2021-06-17 00:00:00,,,,,,,,,,,2021-06-17 00:00:00,55.4,56.57,55.63,56.57,55.4,3987513910.0,0.014859,-0.074376
601318SS_2021-06-18T000000_BUY_COUNTDOWN_PROGRESS_1_2021-06-10T000000_5,2021-06-18 00:00:00,601318.SS,1d,COUNTDOWN,BUY_COUNTDOWN_PROGRESS,1,5,,,BUY_SETUP,False,2021-05-31 00:00:00,2021-06-10 00:00:00,62.18,62.18,2021-06-10 00:00:00,2021-06-11 00:00:00,2021-06-15 00:00:00,2021-06-16 00:00:00,2021-06-17 00:00:00,2021-06-18 00:00:00,,,,,,,,,,2021-06-18 00:00:00,54.38,55.38,54.48,55.38,54.38,4118489425.0,0.015249,-0.083291
601318SS_2021-06-21T000000_BUY_COUNTDOWN_PROGRESS_1_2021-06-10T000000_6,2021-06-21 00:00:00,601318.SS,1d,COUNTDOWN,BUY_COUNTDOWN_PROGRESS,1,6,,,BUY_SETUP,False,2021-05-31 00:00:00,2021-06-10 00:00:00,62.18,62.18,2021-06-10 00:00:00,2021-06-11 00:00:00,2021-06-15 00:00:00,2021-06-16 00:00:00,2021-06-17 00:00:00,2021-06-18 00:00:00,2021-06-21 00:00:00,,,,,,,,,2021-06-21 00:00:00,53.14,54.03,53.54,54.03,53.14,4232710805.0,0.015496,-0.097438
000858SZ_2021-06-22T000000_SELL_COUNTDOWN_PROGRESS_-1_2021-04-28T000000_11,2021-06-22 00:00:00,000858.SZ,1d,COUNTDOWN,SELL_COUNTDOWN_PROGRESS,-1,11,,,SELL_SETUP,False,2021-04-16 00:00:00,2021-04-28 00:00:00,263.51,231.12,2021-04-28 00:00:00,2021-04-29 00:00:00,2021-05-12 00:00:00,2021-05-13 00:00:00,2021-05-14 00:00:00,2021-05-17 00:00:00,2021-05-18 00:00:00,2021-05-20 00:00:00,2021-05-25 00:00:00,300.65,2021-05-26 00:00:00,2021-06-11 00:00:00,2021-06-22 00:00:00,,,2021-05-13 00:00:00,250.12,256.17,277.51,280.12,274.92,5512457975.0,0.016231,-0.076967
601318SS_2021-06-22T000000_BUY_COUNTDOWN_PROGRESS_1_2021-06-10T000000_7,2021-06-22 00:00:00,601318.SS,1d,COUNTDOWN,BUY_COUNTDOWN_PROGRESS,1,7,,,BUY_SETUP,False,2021-05-31 00:00:00,2021-06-10 00:00:00,62.18,62.18,2021-06-10 00:00:00,2021-06-11 00:00:00,2021-06-15 00:00:00,2021-06-16 00:00:00,2021-06-17 00:00:00,2021-06-18 00:00:00,2021-06-21 00:00:00,2021-06-22 00:00:00,,,,,,,,2021-06-21 00:00:00,53.14,54.03,54.11,54.68,53.55,4310526870.0,0.011432,-0.125
600036SS_2021-06-23T000000_BUY_SETUP_1_2021-06-23T000000_9,2021-06-23 00:00:00,600036.SS,1d,SETUP,BUY_SETUP,1,9,False,,BUY_SETUP,False,2021-06-10 00:00:00,2021-06-23 00:00:00,,,,,,,,,,,,,,,,,,,,,,,,2723273335.0,0.01749,-0.075102
000858SZ_2021-06-25T000000_SELL_COUNTDOWN_PROGRESS_-1_2021-04-28T000000_12,2021-06-25 00:00:00,000858.SZ,1d,COUNTDOWN,SELL_COUNTDOWN_PROGRESS,-1,12,,,SELL_SETUP,False,2021-04-16 00:00:00,2021-04-28 00:00:00,263.51,231.12,2021-04-28 00:00:00,2021-04-29 00:00:00,2021-05-12 00:00:00,2021-05-13 00:00:00,2021-05-14 00:00:00,2021-05-17 00:00:00,2021-05-18 00:00:00,2021-05-20 00:00:00,2021-05-25 00:00:00,300.65,2021-05-26 00:00:00,2021-06-11 00:00:00,2021-06-22 00:00:00,2021-06-25 00:00:00,,2021-05-13 00:00:00,250.12,256.17,277.54,279.0,268.5,5314081110.0,0.018843,-0.057653
000858SZ_2021-06-28T000000_SELL_COUNTDOWN_COMPLETE_-1_2021-04-28T000000_13,2021-06-28 00:00:00,000858.SZ,1d,COUNTDOWN,SELL_COUNTDOWN_COMPLETE,-1,13,False,,SELL_SETUP,False,2021-04-16 00:00:00,2021-04-28 00:00:00,263.51,231.12,2021-04-28 00:00:00,2021-04-29 00:00:00,2021-05-12 00:00:00,2021-05-13 00:00:00,2021-05-14 00:00:00,2021-05-17 00:00:00,2021-05-18 00:00:00,2021-05-20 00:00:00,2021-05-25 00:00:00,300.65,2021-05-26 00:00:00,2021-06-11 00:00:00,2021-06-22 00:00:00,2021-06-25 00:00:00,2021-06-28 00:00:00,2021-05-13 00:00:00,250.12,256.17,283.93,284.15,277.63,5353699185.0,0.01969,-0.030095
601318SS_2021-06-29T000000_BUY_COUNTDOWN_PROGRESS_1_2021-06-10T000000_8,2021-06-29 00:00:00,601318.SS,1d,COUNTDOWN,BUY_COUNTDOWN_PROGRESS,1,8,,,BUY_SETUP,False,2021-05-31 00:00:00,2021-06-10 00:00:00,62.18,62.18,2021-06-10 00:00:00,2021-06-11 00:00:00,2021-06-15 00:00:00,2021-06-16 00:00:00,2021-06-17 00:00:00,2021-06-18 00:00:00,2021-06-21 00:00:00,2021-06-22 00:00:00,2021-06-29 00:00:00,53.76,,,,,,2021-06-21 00:00:00,53.14,54.03,53.76,54.78,53.68,3849462470.0,0.01374,-0.111552
600036SS_2021-06-29T000000_BUY_COUNTDOWN_PROGRESS_1_2021-06-23T000000_1,2021-06-29 00:00:00,600036.SS,1d,COUNTDOWN,BUY_COUNTDOWN_PROGRESS,1,1,,,BUY_SETUP,False,2021-06-10 00:00:00,2021-06-23 00:00:00,47.96,47.96,2021-06-23 00:00:00,2021-06-29 00:00:00,,,,,,,,,,,,,,2021-06-29 00:00:00,44.2,45.35,44.3,45.35,44.2,2737636375.0,0.020409,-0.074384
601318SS_2021-06-30T000000_BUY_COUNTDOWN_PROGRESS_1_2021-06-10T000000_9,2021-06-30 00:00:00,601318.SS,1d,COUNTDOWN,BUY_COUNTDOWN_PROGRESS,1,9,,,BUY_SETUP,False,2021-05-31 00:00:00,2021-06-10 00:00:00,62.18,62.18,2021-06-10 00:00:00,2021-06-11 00:00:00,2021-06-15 00:00:00,2021-06-16 00:00:00,2021-06-17 00:00:00,2021-06-18 00:00:00,2021-06-21 00:00:00,2021-06-22 00:00:00,2021-06-29 00:00:00,53.76,2021-06-30 00:00:00,,,,,2021-06-21 00:00:00,53.14,54.03,53.66,54.12,53.18,3791204665.0,0.013768,-0.109378
601318SS_2021-07-02T000000_BUY_COUNTDOWN_PROGRESS_1_2021-06-10T000000_10,2021-07-02 00:00:00,601318.SS,1d,COUNTDOWN,BUY_COUNTDOWN_PROGRESS,1,10,,,BUY_SETUP,False,2021-05-31 00:00:00,2021-06-10 00:00:00,62.18,62.18,2021-06-10 00:00:00,2021-06-11 00:00:00,2021-06-15 00:00:00,2021-06-16 00:00:00,2021-06-17 00:00:00,2021-06-18 00:00:00,2021-06-21 00:00:00,2021-06-22 00:00:00,2021-06-29 00:00:00,53.76,2021-06-30 00:00:00,2021-07-02 00:00:00,,,,2021-07-02 00:00:00,51.48,53.45,51.68,53.45,51.48,4021368465.0,0.016585,-0.141956
600036SS_2021-07-02T000000_BUY_COUNTDOWN_PROGRESS_1_2021-06-23T000000_2,2021-07-02 00:00:00,600036.SS,1d,COUNTDOWN,BUY_COUNTDOWN_PROGRESS,1,2,,,BUY_SETUP,False,2021-06-10 00:00:00,2021-06-23 00:00:00,47.96,47.96,2021-06-23 00:00:00,2021-06-29 00:00:00,2021-07-02 00:00:00,,,,,,,,,,,,,2021-07-02 00:00:00,43.2,45.7,43.55,45.7,43.2,2870320610.0,0.025163,-0.093275
601318SS_2021-07-05T000000_BUY_COUNTDOWN_PROGRESS_1_2021-06-10T000000_11,2021-07-05 00:00:00,601318.SS,1d,COUNTDOWN,BUY_COUNTDOWN_PROGRESS,1,11,,,BUY_SETUP,False,2021-05-31 00:00:00,2021-06-10 00:00:00,62.18,62.18,2021-06-10 00:00:00,2021-06-11 00:00:00,2021-06-15 00:00:00,2021-06-16 00:00:00,2021-06-17 00:00:00,2021-06-18 00:00:00,2021-06-21 00:00:00,2021-06-22 00:00:00,2021-06-29 00:00:00,53.76,2021-06-30 00:00:00,2021-07-02 00:00:00,2021-07-05 00:00:00,,,2021-07-05 00:00:00,50.51,51.66,51.29,51.66,50.51,4070467545.0,0.016581,-0.140295
600036SS_2021-07-05T000000_BUY_COUNTDOWN_PROGRESS_1_2021-06-23T000000_3,2021-07-05 00:00:00,600036.SS,1d,COUNTDOWN,BUY_COUNTDOWN_PROGRESS,1,3,,,BUY_SETUP,False,2021-06-10 00:00:00,2021-06-23 00:00:00,47.96,47.96,2021-06-23 00:00:00,2021-06-29 00:00:00,2021-07-02 00:00:00,2021-07-05 00:00:00,,,,,,,,,,,,2021-07-05 00:00:00,42.0,43.59,43.44,43.59,42.0,2844042475.0,0.025124,-0.085474
601318SS_2021-07-08T000000_BUY_COUNTDOWN_PROGRESS_1_2021-06-10T000000_12,2021-07-08 00:00:00,601318.SS,1d,COUNTDOWN,BUY_COUNTDOWN_PROGRESS,1,12,,,BUY_SETUP,False,2021-05-31 00:00:00,2021-06-10 00:00:00,62.18,62.18,2021-06-10 00:00:00,2021-06-11 00:00:00,2021-06-15 00:00:00,2021-06-16 00:00:00,2021-06-17 00:00:00,2021-06-18 00:00:00,2021-06-21 00:00:00,2021-06-22 00:00:00,2021-06-29 00:00:00,53.76,2021-06-30 00:00:00,2021-07-02 00:00:00,2021-07-05 00:00:00,2021-07-08 00:00:00,,2021-07-08 00:00:00,49.9,51.75,50.16,51.75,49.9,4283664080.0,0.018254,-0.155413
600036SS_2021-07-08T000000_BUY_SETUP_PERFECT_1_2021-07-08T000000_9,2021-07-08 00:00:00,600036.SS,1d,SETUP,BUY_SETUP_PERFECT,1,9,True,,BUY_SETUP,True,2021-06-28 00:00:00,2021-07-08 00:00:00,,,,,,,,,,,,,,,,,,,,,,,,3117980945.0,0.0295,-0.128068
600036SS_2021-07-08T000000_BUY_COUNTDOWN_CANCEL_1_2021-06-23T000000_3,2021-07-08 00:00:00,600036.SS,1d,COUNTDOWN,BUY_COUNTDOWN_CANCEL,1,3,,same_setup,BUY_SETUP,False,2021-06-10 00:00:00,2021-06-23 00:00:00,47.96,47.96,2021-06-23 00:00:00,2021-06-29 00:00:00,2021-07-02 00:00:00,2021-07-05 00:00:00,,,,,,,,,,,,2021-07-05 00:00:00,42.0,43.59,40.85,44.26,40.5,3117980945.0,0.0295,-0.128068
600036SS_2021-07-08T000000_BUY_COUNTDOWN_PROGRESS_1_2021-07-08T000000_1,2021-07-08 00:00:00,600036.SS,1d,COUNTDOWN,BUY_COUNTDOWN_PROGRESS,1,1,,,BUY_SETUP,True,2021-06-28 00:00:00,2021-07-08 00:00:00,46.79,46.79,2021-07-08 00:00:00,2021-07-08 00:00:00,,,,,,,,,,,,,,2021-07-08 00:00:00,40.5,44.26,40.85,44.26,40.5,3117980945.0,0.0295,-0.128068
601318SS_2021-07-09T000000_BUY_SETUP_PERFECT_1_2021-07-09T000000_9,2021-07-09 00:00:00,601318.SS,1d,SETUP,BUY_SETUP_PERFECT,1,9,True,,BUY_SETUP,True,2021-06-29 00:00:00,2021-07-09 00:00:00,,,,,,,,,,,,,,,,,,,,,,,,4312711610.0,0.018286,-0.158387
601318SS_2021-07-09T000000_BUY_COUNTDOWN_CANCEL_1_2021-06-10T000000_12,2021-07-09 00:00:00,601318.SS,1d,COUNTDOWN,BUY_COUNTDOWN_CANCEL,1,12,,same_setup,BUY_SETUP,False,2021-05-31 00:00:00,2021-06-10 00:00:00,62.18,62.18,2021-06-10 00:00:00,2021-06-11 00:00:00,2021-06-15 00:00:00,2021-06-16 00:00:00,2021-06-17 00:00:00,2021-06-18 00:00:00,2021-06-21 00:00:00,2021-06-22 00:00:00,2021-06-29 00:00:00,53.76,2021-06-30 00:00:00,2021-07-02 00:00:00,2021-07-05 00:00:00,2021-07-08 00:00:00,,2021-07-08 00:00:00,49.9,51.75,49.47,50.53,49.19,4312711610.0,0.018286,-0.158387
601318SS_2021-07-09T000000_BUY_COUNTDOWN_PROGRESS_1_2021-07-09T000000_1,2021-07-09 00:00:00,601318.SS,1d,COUNTDOWN,BUY_COUNTDOWN_PROGRESS,1,1,,,BUY_SETUP,True,2021-06-29 00:00:00,2021-07-09 00:00:00,54.78,54.78,2021-07-09 00:00:00,2021-07-09 00:00:00,,,,,,,,,,,,,,2021-07-09 00:00:00,49.19,50.53,49.47,50.53,49.19,4312711610.0,0.018286,-0.158387
600036SS_2021-07-09T000000_BUY_COUNTDOWN_PROGRESS_1_2021-07-08T000000_2,2021-07-09 00:00:00,600036.SS,1d,COUNTDOWN,BUY_COUNTDOWN_PROGRESS,1,2,,,BUY_SETUP,True,2021-06-28 00:00:00,2021-07-08 00:00:00,46.79,46.79,2021-07-08 00:00:00,2021-07-08 00:00:00,2021-07-09 00:00:00,,,,,,,,,,,,,2021-07-09 00:00:00,40.01,41.41,40.4,41.41,40.01,3188574195.0,0.029475,-0.137305
601318SS_2021-07-12T000000_BUY_COUNTDOWN_PROGRESS_1_2021-07-09T000000_2,2021-07-12 00:00:00,601318.SS,1d,COUNTDOWN,BUY_COUNTDOWN_PROGRESS,1,2,,,BUY_SETUP,True,2021-06-29 00:00:00,2021-07-09 00:00:00,54.78,54.78,2021-07-09 00:00:00,2021-07-09 00:00:00,2021-07-12 00:00:00,,,,,,,,,,,,,2021-07-12 00:00:00,48.7,49.86,48.78,49.86,48.7,4338060000.0,0.016855,-0.135872
000858SZ_2021-07-13T000000_BUY_SETUP_1_2021-07-13T000000_9,2021-07-13 00:00:00,000858.SZ,1d,SETUP,BUY_SETUP,1,9,False,,BUY_SETUP,False,2021-07-01 00:00:00,2021-07-13 00:00:00,,,,,,,,,,,,,,,,,,,,,,,,5586785785.0,0.023941,-0.0509
601318SS_2021-07-13T000000_BUY_COUNTDOWN_PROGRESS_1_2021-07-09T000000_3,2021-07-13 00:00:00,601318.SS,1d,COUNTDOWN,BUY_COUNTDOWN_PROGRESS,1,3,,,BUY_SETUP,True,2021-06-29 00:00:00,2021-07-09 00:00:00,54.78,54.78,2021-07-09 00:00:00,2021-07-09 00:00:00,2021-07-12 00:00:00,2021-07-13 00:00:00,,,,,,,,,,,,2021-07-13 00:00:00,48.43,49.26,49.08,49.26,48.43,4127814990.0,0.017079,-0.129479
000651SZ_2021-07-13T000000_BUY_SETUP_1_2021-07-13T000000_9,2021-07-13 00:00:00,000651.SZ,1d,SETUP,BUY_SETUP,1,9,False,,BUY_SETUP,False,2021-07-01 00:00:00,2021-07-13 00:00:00,,,,,,,,,,,,,,,,,,,,,,,,2601277825.0,0.026326,-0.140359
600519SS_2021-07-14T000000_BUY_SETUP_1_2021-07-14T000000_9,2021-07-14 00:00:00,600519.SS,1d,SETUP,BUY_SETUP,1,9,False,,BUY_SETUP,False,2021-07-02 00:00:00,2021-07-14 00:00:00,,,,,,,,,,,,,,,,,,,,,,,,6869312015.0,0.018054,-0.0904
601318SS_2021-07-14T000000_BUY_COUNTDOWN_PROGRESS_1_2021-07-09T000000_4,2021-07-14 00:00:00,601318.SS,1d,COUNTDOWN,BUY_COUNTDOWN_PROGRESS,1,4,,,BUY_SETUP,True,2021-06-29 00:00:00,2021-07-09 00:00:00,54.78,54.78,2021-07-09 00:00:00,2021-07-09 00:00:00,2021-07-12 00:00:00,2021-07-13 00:00:00,2021-07-14 00:00:00,,,,,,,,,,,2021-07-14 00:00:00,47.16,49.03,47.29,49.03,47.16,4260798725.0,0.018262,-0.149919
601318SS_2021-07-20T000000_BUY_COUNTDOWN_PROGRESS_1_2021-07-09T000000_5,2021-07-20 00:00:00,601318.SS,1d,COUNTDOWN,BUY_COUNTDOWN_PROGRESS,1,5,,,BUY_SETUP,True,2021-06-29 00:00:00,2021-07-09 00:00:00,54.78,54.78,2021-07-09 00:00:00,2021-07-09 00:00:00,2021-07-12 00:00:00,2021-07-13 00:00:00,2021-07-14 00:00:00,2021-07-20 00:00:00,,,,,,,,,,2021-07-14 00:00:00,47.16,49.03,47.84,48.58,47.51,4159174260.0,0.020178,-0.133333
600036SS_2021-07-20T000000_BUY_COUNTDOWN_PROGRESS_1_2021-07-08T000000_3,2021-07-20 00:00:00,600036.SS,1d,COUNTDOWN,BUY_COUNTDOWN_PROGRESS,1,3,,,BUY_SETUP,True,2021-06-28 00:00:00,2021-07-08 00:00:00,46.79,46.79,2021-07-08 00:00:00,2021-07-08 00:00:00,2021-07-09 00:00:00,2021-07-20 00:00:00,,,,,,,,,,,,2021-07-09 00:00:00,40.01,41.41,41.67,43.25,41.37,3315350580.0,0.030494,-0.080538
000651SZ_2021-07-21T000000_BUY_COUNTDOWN_PROGRESS_1_2021-07-13T000000_1,2021-07-21 00:00:00,000651.SZ,1d,COUNTDOWN,BUY_COUNTDOWN_PROGRESS,1,1,,,BUY_SETUP,False,2021-07-01 00:00:00,2021-07-13 00:00:00,38.5,38.5,2021-07-13 00:00:00,2021-07-21 00:00:00,,,,,,,,,,,,,,2021-07-21 00:00:00,35.9,37.49,35.95,37.49,35.9,2264384135.0,0.020883,-0.040053
600519SS_2021-07-22T000000_BUY_COUNTDOWN_PROGRESS_1_2021-07-14T000000_1,2021-07-22 00:00:00,600519.SS,1d,COUNTDOWN,BUY_COUNTDOWN_PROGRESS,1,1,,,BUY_SETUP,False,2021-07-02 00:00:00,2021-07-14 00:00:00,1880.08,1880.08,2021-07-14 00:00:00,2021-07-22 00:00:00,,,,,,,,,,,,,,2021-07-22 00:00:00,1744.04,1778.98,1745.09,1778.98,1744.04,6629571620.0,0.01667,-0.080118
000651SZ_2021-07-22T000000_BUY_COUNTDOWN_PROGRESS_1_2021-07-13T000000_2,2021-07-22 00:00:00,000651.SZ,1d,COUNTDOWN,BUY_COUNTDOWN_PROGRESS,1,2,,,BUY_SETUP,False,2021-07-01 00:00:00,2021-07-13 00:00:00,38.5,38.5,2021-07-13 00:00:00,2021-07-21 00:00:00,2021-07-22 00:00:00,,,,,,,,,,,,,2021-07-22 00:00:00,35.5,36.45,35.95,36.45,35.5,2240269640.0,0.020195,-0.059639
600519SS_2021-07-23T000000_BUY_COUNTDOWN_PROGRESS_1_2021-07-14T000000_2,2021-07-23 00:00:00,600519.SS,1d,COUNTDOWN,BUY_COUNTDOWN_PROGRESS,1,2,,,BUY_SETUP,False,2021-07-02 00:00:00,2021-07-14 00:00:00,1880.08,1880.08,2021-07-14 00:00:00,2021-07-22 00:00:00,2021-07-23 00:00:00,,,,,,,,,,,,,2021-07-23 00:00:00,1700.17,1742.9,1705.08,1742.9,1700.17,6709475690.0,0.01699,-0.106394
000858SZ_2021-07-23T000000_BUY_COUNTDOWN_PROGRESS_1_2021-07-13T000000_1,2021-07-23 00:00:00,000858.SZ,1d,COUNTDOWN,BUY_COUNTDOWN_PROGRESS,1,1,,,BUY_SETUP,False,2021-07-01 00:00:00,2021-07-13 00:00:00,276.62,276.62,2021-07-13 00:00:00,2021-07-23 00:00:00,,,,,,,,,,,,,,2021-07-23 00:00:00,248.32,259.2,251.41,259.2,248.32,5368512930.0,0.02202,-0.114535
601318SS_2021-07-23T000000_BUY_COUNTDOWN_PROGRESS_1_2021-07-09T000000_6,2021-07-23 00:00:00,601318.SS,1d,COUNTDOWN,BUY_COUNTDOWN_PROGRESS,1,6,,,BUY_SETUP,True,2021-06-29 00:00:00,2021-07-09 00:00:00,54.78,54.78,2021-07-09 00:00:00,2021-07-09 00:00:00,2021-07-12 00:00:00,2021-07-13 00:00:00,2021-07-14 00:00:00,2021-07-20 00:00:00,2021-07-23 00:00:00,,,,,,,,,2021-07-23 00:00:00,47.0,48.15,47.02,48.15,47.0,4180119965.0,0.019861,-0.14478
000651SZ_2021-07-23T000000_BUY_COUNTDOWN_PROGRESS_1_2021-07-13T000000_3,2021-07-23 00:00:00,000651.SZ,1d,COUNTDOWN,BUY_COUNTDOWN_PROGRESS,1,3,,,BUY_SETUP,False,2021-07-01 00:00:00,2021-07-13 00:00:00,38.5,38.5,2021-07-13 00:00:00,2021-07-21 00:00:00,2021-07-22 00:00:00,2021-07-23 00:00:00,,,,,,,,,,,,2021-07-23 00:00:00,34.98,35.91,35.02,35.91,34.98,2226698190.0,0.020512,-0.094154
600519SS_2021-07-26T000000_BUY_COUNTDOWN_PROGRESS_1_2021-07-14T000000_3,2021-07-26 00:00:00,600519.SS,1d,COUNTDOWN,BUY_COUNTDOWN_PROGRESS,1,3,,,BUY_SETUP,False,2021-07-02 00:00:00,2021-07-14 00:00:00,1880.08,1880.08,2021-07-14 00:00:00,2021-07-22 00:00:00,2021-07-23 00:00:00,2021-07-26 00:00:00,,,,,,,,,,,,2021-07-26 00:00:00,1585.08,1684.08,1609.19,1684.08,1585.08,7316681680.0,0.020159,-0.138125
000858SZ_2021-07-26T000000_BUY_COUNTDOWN_PROGRESS_1_2021-07-13T000000_2,2021-07-26 00:00:00,000858.SZ,1d,COUNTDOWN,BUY_COUNTDOWN_PROGRESS,1,2,,,BUY_SETUP,False,2021-07-01 00:00:00,2021-07-13 00:00:00,276.62,276.62,2021-07-13 00:00:00,2021-07-23 00:00:00,2021-07-26 00:00:00,,,,,,,,,,,,,2021-07-26 00:00:00,224.29,248.86,229.74,248.86,224.29,5707740085.0,0.028089,-0.168121
601318SS_2021-07-26T000000_BUY_COUNTDOWN_PROGRESS_1_2021-07-09T000000_7,2021-07-26 00:00:00,601318.SS,1d,COUNTDOWN,BUY_COUNTDOWN_PROGRESS,1,7,,,BUY_SETUP,True,2021-06-29 00:00:00,2021-07-09 00:00:00,54.78,54.78,2021-07-09 00:00:00,2021-07-09 00:00:00,2021-07-12 00:00:00,2021-07-13 00:00:00,2021-07-14 00:00:00,2021-07-20 00:00:00,2021-07-23 00:00:00,2021-07-26 00:00:00,,,,,,,,2021-07-26 00:00:00,43.71,46.47,43.88,46.47,43.71,4337782140.0,0.023669,-0.18378
600036SS_2021-07-26T000000_BUY_COUNTDOWN_PROGRESS_1_2021-07-08T000000_4,2021-07-26 00:00:00,600036.SS,1d,COUNTDOWN,BUY_COUNTDOWN_PROGRESS,1,4,,,BUY_SETUP,True,2021-06-28 00:00:00,2021-07-08 00:00:00,46.79,46.79,2021-07-08 00:00:00,2021-07-08 00:00:00,2021-07-09 00:00:00,2021-07-20 00:00:00,2021-07-26 00:00:00,,,,,,,,,,,2021-07-26 00:00:00,39.31,41.41,39.46,41.41,39.31,3341816470.0,0.030848,-0.109255
000651SZ_2021-07-26T000000_BUY_COUNTDOWN_PROGRESS_1_2021-07-13T000000_4,2021-07-26 00:00:00,000651.SZ,1d,COUNTDOWN,BUY_COUNTDOWN_PROGRESS,1,4,,,BUY_SETUP,False,2021-07-01 00:00:00,2021-07-13 00:00:00,38.5,38.5,2021-07-13 00:00:00,2021-07-21 00:00:00,2021-07-22 00:00:00,2021-07-23 00:00:00,2021-07-26 00:00:00,,,,,,,,,,,2021-07-26 00:00:00,33.58,34.83,33.63,34.83,33.58,2244941160.0,0.020613,-0.095238
600519SS_2021-07-27T000000_BUY_COUNTDOWN_PROGRESS_1_2021-07-14T000000_4,2021-07-27 00:00:00,600519.SS,1d,COUNTDOWN,BUY_COUNTDOWN_PROGRESS,1,4,,,BUY_SETUP,False,2021-07-02 00:00:00,2021-07-14 00:00:00,1880.08,1880.08,2021-07-14 00:00:00,2021-07-22 00:00:00,2021-07-23 00:00:00,2021-07-26 00:00:00,2021-07-27 00:00:00,,,,,,,,,,,2021-07-27 00:00:00,1508.08,1615.08,1517.97,1615.08,1508.08,7736440220.0,0.022892,-0.184667
000858SZ_2021-07-27T000000_BUY_COUNTDOWN_PROGRESS_1_2021-07-13T000000_3,2021-07-27 00:00:00,000858.SZ,1d,COUNTDOWN,BUY_COUNTDOWN_PROGRESS,1,3,,,BUY_SETUP,False,2021-07-01 00:00:00,2021-07-13 00:00:00,276.62,276.62,2021-07-13 00:00:00,2021-07-23 00:00:00,2021-07-26 00:00:00,2021-07-27 00:00:00,,,,,,,,,,,,2021-07-27 00:00:00,211.2,229.0,211.35,229.0,211.2,5980321485.0,0.032152,-0.232877
601318SS_2021-07-27T000000_BUY_COUNTDOWN_PROGRESS_1_2021-07-09T000000_8,2021-07-27 00:00:00,601318.SS,1d,COUNTDOWN,BUY_COUNTDOWN_PROGRESS,1,8,,,BUY_SETUP,True,2021-06-29 00:00:00,2021-07-09 00:00:00,54.78,54.78,2021-07-09 00:00:00,2021-07-09 00:00:00,2021-07-12 00:00:00,2021-07-13 00:00:00,2021-07-14 00:00:00,2021-07-20 00:00:00,2021-07-23 00:00:00,2021-07-26 00:00:00,2021-07-27 00:00:00,42.05,,,,,,2021-07-27 00:00:00,41.74,44.06,42.05,44.06,41.74,4411628845.0,0.024572,-0.216362
600036SS_2021-07-27T000000_BUY_COUNTDOWN_PROGRESS_1_2021-07-08T000000_5,2021-07-27 00:00:00,600036.SS,1d,COUNTDOWN,BUY_COUNTDOWN_PROGRESS,1,5,,,BUY_SETUP,True,2021-06-28 00:00:00,2021-07-08 00:00:00,46.79,46.79,2021-07-08 00:00:00,2021-07-08 00:00:00,2021-07-09 00:00:00,2021-07-20 00:00:00,2021-07-26 00:00:00,2021-07-27 00:00:00,,,,,,,,,,2021-07-27 00:00:00,37.56,39.69,37.93,39.69,37.56,3373508975.0,0.031502,-0.151264
000651SZ_2021-07-27T000000_BUY_COUNTDOWN_PROGRESS_1_2021-07-13T000000_5,2021-07-27 00:00:00,000651.SZ,1d,COUNTDOWN,BUY_COUNTDOWN_PROGRESS,1,5,,,BUY_SETUP,False,2021-07-01 00:00:00,2021-07-13 00:00:00,38.5,38.5,2021-07-13 00:00:00,2021-07-21 00:00:00,2021-07-22 00:00:00,2021-07-23 00:00:00,2021-07-26 00:00:00,2021-07-27 00:00:00,,,,,,,,,,2021-07-27 00:00:00,32.7,34.1,32.76,34.1,32.7,2272250600.0,0.019824,-0.140157
600519SS_2021-07-28T000000_BUY_COUNTDOWN_PROGRESS_1_2021-07-14T000000_5,2021-07-28 00:00:00,600519.SS,1d,COUNTDOWN,BUY_COUNTDOWN_PROGRESS,1,5,,,BUY_SETUP,False,2021-07-02 00:00:00,2021-07-14 00:00:00,1880.08,1880.08,2021-07-14 00:00:00,2021-07-22 00:00:00,2021-07-23 00:00:00,2021-07-26 00:00:00,2021-07-27 00:00:00,2021-07-28 00:00:00,,,,,,,,,,2021-07-28 00:00:00,1487.2,1593.28,1573.98,1593.28,1487.2,8250489560.0,0.023916,-0.175961
000858SZ_2021-07-28T000000_BUY_COUNTDOWN_PROGRESS_1_2021-07-13T000000_4,2021-07-28 00:00:00,000858.SZ,1d,COUNTDOWN,BUY_COUNTDOWN_PROGRESS,1,4,,,BUY_SETUP,False,2021-07-01 00:00:00,2021-07-13 00:00:00,276.62,276.62,2021-07-13 00:00:00,2021-07-23 00:00:00,2021-07-26 00:00:00,2021-07-27 00:00:00,2021-07-28 00:00:00,,,,,,,,,,,2021-07-28 00:00:00,205.09,218.1,216.88,218.1,205.09,6245709255.0,0.033213,-0.21369
601318SS_2021-07-28T000000_BUY_COUNTDOWN_PROGRESS_1_2021-07-09T000000_9,2021-07-28 00:00:00,601318.SS,1d,COUNTDOWN,BUY_COUNTDOWN_PROGRESS,1,9,,,BUY_SETUP,True,2021-06-29 00:00:00,2021-07-09 00:00:00,54.78,54.78,2021-07-09 00:00:00,2021-07-09 00:00:00,2021-07-12 00:00:00,2021-07-13 00:00:00,2021-07-14 00:00:00,2021-07-20 00:00:00,2021-07-23 00:00:00,2021-07-26 00:00:00,2021-07-27 00:00:00,42.05,2021-07-28 00:00:00,,,,,2021-07-27 00:00:00,41.74,44.06,42.49,42.97,41.89,4481823550.0,0.024644,-0.215183
600036SS_2021-07-28T000000_BUY_COUNTDOWN_PROGRESS_1_2021-07-08T000000_6,2021-07-28 00:00:00,600036.SS,1d,COUNTDOWN,BUY_COUNTDOWN_PROGRESS,1,6,,,BUY_SETUP,True,2021-06-28 00:00:00,2021-07-08 00:00:00,46.79,46.79,2021-07-08 00:00:00,2021-07-08 00:00:00,2021-07-09 00:00:00,2021-07-20 00:00:00,2021-07-26 00:00:00,2021-07-27 00:00:00,2021-07-28 00:00:00,,,,,,,,,2021-07-27 00:00:00,37.56,39.69,39.23,40.1,38.07,3478126340.0,0.031024,-0.156344
000651SZ_2021-07-28T000000_BUY_COUNTDOWN_PROGRESS_1_2021-07-13T000000_6,2021-07-28 00:00:00,000651.SZ,1d,COUNTDOWN,BUY_COUNTDOWN_PROGRESS,1,6,,,BUY_SETUP,False,2021-07-01 00:00:00,2021-07-13 00:00:00,38.5,38.5,2021-07-13 00:00:00,2021-07-21 00:00:00,2021-07-22 00:00:00,2021-07-23 00:00:00,2021-07-26 00:00:00,2021-07-27 00:00:00,2021-07-28 00:00:00,,,,,,,,,2021-07-28 00:00:00,32.16,34.08,33.5,34.08,32.16,2327496625.0,0.02095,-0.115161
600519SS_2021-07-30T000000_BUY_COUNTDOWN_PROGRESS_1_2021-07-14T000000_6,2021-07-30 00:00:00,600519.SS,1d,COUNTDOWN,BUY_COUNTDOWN_PROGRESS,1,6,,,BUY_SETUP,False,2021-07-02 00:00:00,2021-07-14 00:00:00,1880.08,1880.08,2021-07-14 00:00:00,2021-07-22 00:00:00,2021-07-23 00:00:00,2021-07-26 00:00:00,2021-07-27 00:00:00,2021-07-28 00:00:00,2021-07-30 00:00:00,,,,,,,,,2021-07-30 00:00:00,1462.84,1530.08,1484.07,1530.08,1462.84,8652985750.0,0.023706,-0.175095
000858SZ_2021-07-30T000000_BUY_COUNTDOWN_PROGRESS_1_2021-07-13T000000_5,2021-07-30 00:00:00,000858.SZ,1d,COUNTDOWN,BUY_COUNTDOWN_PROGRESS,1,5,,,BUY_SETUP,False,2021-07-01 00:00:00,2021-07-13 00:00:00,276.62,276.62,2021-07-13 00:00:00,2021-07-23 00:00:00,2021-07-26 00:00:00,2021-07-27 00:00:00,2021-07-28 00:00:00,2021-07-30 00:00:00,,,,,,,,,,2021-07-30 00:00:00,197.04,215.26,200.95,215.26,197.04,6588825635.0,0.034685,-0.223292
000858SZ_2021-08-05T000000_BUY_COUNTDOWN_PROGRESS_1_2021-07-13T000000_6,2021-08-05 00:00:00,000858.SZ,1d,COUNTDOWN,BUY_COUNTDOWN_PROGRESS,1,6,,,BUY_SETUP,False,2021-07-01 00:00:00,2021-07-13 00:00:00,276.62,276.62,2021-07-13 00:00:00,2021-07-23 00:00:00,2021-07-26 00:00:00,2021-07-27 00:00:00,2021-07-28 00:00:00,2021-07-30 00:00:00,2021-08-05 00:00:00,,,,,,,,,2021-07-30 00:00:00,197.04,215.26,207.37,216.2,205.7,6680930245.0,0.037977,-0.162074
600036SS_2021-08-05T000000_BUY_COUNTDOWN_PROGRESS_1_2021-07-08T000000_7,2021-08-05 00:00:00,600036.SS,1d,COUNTDOWN,BUY_COUNTDOWN_PROGRESS,1,7,,,BUY_SETUP,True,2021-06-28 00:00:00,2021-07-08 00:00:00,46.79,46.79,2021-07-08 00:00:00,2021-07-08 00:00:00,2021-07-09 00:00:00,2021-07-20 00:00:00,2021-07-26 00:00:00,2021-07-27 00:00:00,2021-07-28 00:00:00,2021-08-05 00:00:00,,,,,,,,2021-07-27 00:00:00,37.56,39.69,38.51,39.06,37.85,3124386070.0,0.026195,-0.046782
600519SS_2021-08-06T000000_BUY_COUNTDOWN_PROGRESS_1_2021-07-14T000000_7,2021-08-06 00:00:00,600519.SS,1d,COUNTDOWN,BUY_COUNTDOWN_PROGRESS,1,7,,,BUY_SETUP,False,2021-07-02 00:00:00,2021-07-14 00:00:00,1880.08,1880.08,2021-07-14 00:00:00,2021-07-22 00:00:00,2021-07-23 00:00:00,2021-07-26 00:00:00,2021-07-27 00:00:00,2021-07-28 00:00:00,2021-07-30 00:00:00,2021-08-06 00:00:00,,,,,,,,2021-08-06 00:00:00,1451.68,1499.09,1476.08,1499.09,1451.68,9439200685.0,0.027274,-0.164205
000858SZ_2021-08-06T000000_BUY_COUNTDOWN_PROGRESS_1_2021-07-13T000000_7,2021-08-06 00:00:00,000858.SZ,1d,COUNTDOWN,BUY_COUNTDOWN_PROGRESS,1,7,,,BUY_SETUP,False,2021-07-01 00:00:00,2021-07-13 00:00:00,276.62,276.62,2021-07-13 00:00:00,2021-07-23 00:00:00,2021-07-26 00:00:00,2021-07-27 00:00:00,2021-07-28 00:00:00,2021-07-30 00:00:00,2021-08-05 00:00:00,2021-08-06 00:00:00,,,,,,,,2021-07-30 00:00:00,197.04,215.26,206.2,208.1,201.45,6611092415.0,0.037587,-0.178977
000651SZ_2021-08-06T000000_BUY_COUNTDOWN_PROGRESS_1_2021-07-13T000000_7,2021-08-06 00:00:00,000651.SZ,1d,COUNTDOWN,BUY_COUNTDOWN_PROGRESS,1,7,,,BUY_SETUP,False,2021-07-01 00:00:00,2021-07-13 00:00:00,38.5,38.5,2021-07-13 00:00:00,2021-07-21 00:00:00,2021-07-22 00:00:00,2021-07-23 00:00:00,2021-07-26 00:00:00,2021-07-27 00:00:00,2021-07-28 00:00:00,2021-08-06 00:00:00,,,,,,,,2021-07-28 00:00:00,32.16,34.08,33.74,34.26,33.41,2328478150.0,0.021319,-0.033792
000651SZ_2021-08-12T000000_BUY_COUNTDOWN_PROGRESS_1_2021-07-13T000000_8,2021-08-12 00:00:00,000651.SZ,1d,COUNTDOWN,BUY_COUNTDOWN_PROGRESS,1,8,,,BUY_SETUP,False,2021-07-01 00:00:00,2021-07-13 00:00:00,38.5,38.5,2021-07-13 00:00:00,2021-07-21 00:00:00,2021-07-22 00:00:00,2021-07-23 00:00:00,2021-07-26 00:00:00,2021-07-27 00:00:00,2021-07-28 00:00:00,2021-08-06 00:00:00,2021-08-12 00:00:00,32.77,,,,,,2021-07-28 00:00:00,32.16,34.08,32.77,34.24,32.66,2399124435.0,0.02283,-0.089469
600519SS_2021-08-13T000000_BUY_COUNTDOWN_PROGRESS_1_2021-07-14T000000_8,2021-08-13 00:00:00,600519.SS,1d,COUNTDOWN,BUY_COUNTDOWN_PROGRESS,1,8,,,BUY_SETUP,False,2021-07-02 00:00:00,2021-07-14 00:00:00,1880.08,1880.08,2021-07-14 00:00:00,2021-07-22 00:00:00,2021-07-23 00:00:00,2021-07-26 00:00:00,2021-07-27 00:00:00,2021-07-28 00:00:00,2021-07-30 00:00:00,2021-08-06 00:00:00,2021-08-13 00:00:00,1505.12,,,,,,2021-08-06 00:00:00,1451.68,1499.09,1505.12,1518.08,1484.08,9888268580.0,0.032971,-0.154465
000858SZ_2021-08-13T000000_BUY_COUNTDOWN_PROGRESS_1_2021-07-13T000000_8,2021-08-13 00:00:00,000858.SZ,1d,COUNTDOWN,BUY_COUNTDOWN_PROGRESS,1,8,,,BUY_SETUP,False,2021-07-01 00:00:00,2021-07-13 00:00:00,276.62,276.62,2021-07-13 00:00:00,2021-07-23 00:00:00,2021-07-26 00:00:00,2021-07-27 00:00:00,2021-07-28 00:00:00,2021-07-30 00:00:00,2021-08-05 00:00:00,2021-08-06 00:00:00,2021-08-13 00:00:00,221.0,,,,,,2021-07-30 00:00:00,197.04,215.26,221.0,223.2,216.2,6832459050.0,0.043733,-0.153549
601318SS_2021-08-13T000000_BUY_COUNTDOWN_PROGRESS_1_2021-07-09T000000_10,2021-08-13 00:00:00,601318.SS,1d,COUNTDOWN,BUY_COUNTDOWN_PROGRESS,1,10,,,BUY_SETUP,True,2021-06-29 00:00:00,2021-07-09 00:00:00,54.78,54.78,2021-07-09 00:00:00,2021-07-09 00:00:00,2021-07-12 00:00:00,2021-07-13 00:00:00,2021-07-14 00:00:00,2021-07-20 00:00:00,2021-07-23 00:00:00,2021-07-26 00:00:00,2021-07-27 00:00:00,42.05,2021-07-28 00:00:00,2021-08-13 00:00:00,,,,2021-07-27 00:00:00,41.74,44.06,43.69,44.35,43.38,3993826585.0,0.022133,-0.103427
000651SZ_2021-08-13T000000_BUY_COUNTDOWN_PROGRESS_1_2021-07-13T000000_9,2021-08-13 00:00:00,000651.SZ,1d,COUNTDOWN,BUY_COUNTDOWN_PROGRESS,1,9,,,BUY_SETUP,False,2021-07-01 00:00:00,2021-07-13 00:00:00,38.5,38.5,2021-07-13 00:00:00,2021-07-21 00:00:00,2021-07-22 00:00:00,2021-07-23 00:00:00,2021-07-26 00:00:00,2021-07-27 00:00:00,2021-07-28 00:00:00,2021-08-06 00:00:00,2021-08-12 00:00:00,32.77,2021-08-13 00:00:00,,,,,2021-07-28 00:00:00,32.16,34.08,32.52,32.95,32.17,2380816800.0,0.020083,-0.132337
600519SS_2021-08-17T000000_BUY_COUNTDOWN_PROGRESS_1_2021-07-14T000000_9,2021-08-17 00:00:00,600519.SS,1d,COUNTDOWN,BUY_COUNTDOWN_PROGRESS,1,9,,,BUY_SETUP,False,2021-07-02 00:00:00,2021-07-14 00:00:00,1880.08,1880.08,2021-07-14 00:00:00,2021-07-22 00:00:00,2021-07-23 00:00:00,2021-07-26 00:00:00,2021-07-27 00:00:00,2021-07-28 00:00:00,2021-07-30 00:00:00,2021-08-06 00:00:00,2021-08-13 00:00:00,1505.12,2021-08-17 00:00:00,,,,,2021-08-17 00:00:00,1433.96,1505.08,1440.08,1505.08,1433.96,10106953210.0,0.033786,-0.188267
000858SZ_2021-08-17T000000_BUY_COUNTDOWN_PROGRESS_1_2021-07-13T000000_9,2021-08-17 00:00:00,000858.SZ,1d,COUNTDOWN,BUY_COUNTDOWN_PROGRESS,1,9,,,BUY_SETUP,False,2021-07-01 00:00:00,2021-07-13 00:00:00,276.62,276.62,2021-07-13 00:00:00,2021-07-23 00:00:00,2021-07-26 00:00:00,2021-07-27 00:00:00,2021-07-28 00:00:00,2021-07-30 00:00:00,2021-08-05 00:00:00,2021-08-06 00:00:00,2021-08-13 00:00:00,221.0,2021-08-17 00:00:00,,,,,2021-07-30 00:00:00,197.04,215.26,210.15,222.2,209.98,6866714340.0,0.04457,-0.196121
600036SS_2021-08-17T000000_BUY_COUNTDOWN_PROGRESS_1_2021-07-08T000000_8,2021-08-17 00:00:00,600036.SS,1d,COUNTDOWN,BUY_COUNTDOWN_PROGRESS,1,8,,,BUY_SETUP,True,2021-06-28 00:00:00,2021-07-08 00:00:00,46.79,46.79,2021-07-08 00:00:00,2021-07-08 00:00:00,2021-07-09 00:00:00,2021-07-20 00:00:00,2021-07-26 00:00:00,2021-07-27 00:00:00,2021-07-28 00:00:00,2021-08-05 00:00:00,2021-08-17 00:00:00,41.38,,,,,,2021-07-27 00:00:00,37.56,39.69,41.38,43.16,41.28,2943427235.0,0.025962,-0.00193
600519SS_2021-08-18T000000_BUY_COUNTDOWN_PROGRESS_1_2021-07-14T000000_10,2021-08-18 00:00:00,600519.SS,1d,COUNTDOWN,BUY_COUNTDOWN_PROGRESS,1,10,,,BUY_SETUP,False,2021-07-02 00:00:00,2021-07-14 00:00:00,1880.08,1880.08,2021-07-14 00:00:00,2021-07-22 00:00:00,2021-07-23 00:00:00,2021-07-26 00:00:00,2021-07-27 00:00:00,2021-07-28 00:00:00,2021-07-30 00:00:00,2021-08-06 00:00:00,2021-08-13 00:00:00,1505.12,2021-08-17 00:00:00,2021-08-18 00:00:00,,,,2021-08-18 00:00:00,1405.08,1448.07,1425.08,1448.07,1405.08,10296898215.0,0.033757,-0.183377
000858SZ_2021-08-18T000000_BUY_COUNTDOWN_PROGRESS_1_2021-07-13T000000_10,2021-08-18 00:00:00,000858.SZ,1d,COUNTDOWN,BUY_COUNTDOWN_PROGRESS,1,10,,,BUY_SETUP,False,2021-07-01 00:00:00,2021-07-13 00:00:00,276.62,276.62,2021-07-13 00:00:00,2021-07-23 00:00:00,2021-07-26 00:00:00,2021-07-27 00:00:00,2021-07-28 00:00:00,2021-07-30 00:00:00,2021-08-05 00:00:00,2021-08-06 00:00:00,2021-08-13 00:00:00,221.0,2021-08-17 00:00:00,2021-08-18 00:00:00,,,,2021-07-30 00:00:00,197.04,215.26,209.2,212.7,204.1,6898308895.0,0.044569,-0.196312
600519SS_2021-08-19T000000_BUY_COUNTDOWN_PROGRESS_1_2021-07-14T000000_11,2021-08-19 00:00:00,600519.SS,1d,COUNTDOWN,BUY_COUNTDOWN_PROGRESS,1,11,,,BUY_SETUP,False,2021-07-02 00:00:00,2021-07-14 00:00:00,1880.08,1880.08,2021-07-14 00:00:00,2021-07-22 00:00:00,2021-07-23 00:00:00,2021-07-26 00:00:00,2021-07-27 00:00:00,2021-07-28 00:00:00,2021-07-30 00:00:00,2021-08-06 00:00:00,2021-08-13 00:00:00,1505.12,2021-08-17 00:00:00,2021-08-18 00:00:00,2021-08-19 00:00:00,,,2021-08-18 00:00:00,1405.08,1448.07,1425.05,1448.28,1405.08,10250062155.0,0.033684,-0.164233
000858SZ_2021-08-19T000000_BUY_COUNTDOWN_PROGRESS_1_2021-07-13T000000_11,2021-08-19 00:00:00,000858.SZ,1d,COUNTDOWN,BUY_COUNTDOWN_PROGRESS,1,11,,,BUY_SETUP,False,2021-07-01 00:00:00,2021-07-13 00:00:00,276.62,276.62,2021-07-13 00:00:00,2021-07-23 00:00:00,2021-07-26 00:00:00,2021-07-27 00:00:00,2021-07-28 00:00:00,2021-07-30 00:00:00,2021-08-05 00:00:00,2021-08-06 00:00:00,2021-08-13 00:00:00,221.0,2021-08-17 00:00:00,2021-08-18 00:00:00,2021-08-19 00:00:00,,,2021-07-30 00:00:00,197.04,215.26,202.85,211.49,202.2,7022939320.0,0.04447,-0.193151
601318SS_2021-08-19T000000_BUY_COUNTDOWN_PROGRESS_1_2021-07-09T000000_11,2021-08-19 00:00:00,601318.SS,1d,COUNTDOWN,BUY_COUNTDOWN_PROGRESS,1,11,,,BUY_SETUP,True,2021-06-29 00:00:00,2021-07-09 00:00:00,54.78,54.78,2021-07-09 00:00:00,2021-07-09 00:00:00,2021-07-12 00:00:00,2021-07-13 00:00:00,2021-07-14 00:00:00,2021-07-20 00:00:00,2021-07-23 00:00:00,2021-07-26 00:00:00,2021-07-27 00:00:00,42.05,2021-07-28 00:00:00,2021-08-13 00:00:00,2021-08-19 00:00:00,,,2021-07-27 00:00:00,41.74,44.06,43.09,45.14,43.04,4203021170.0,0.026711,-0.083581
600519SS_2021-08-20T000000_BUY_COUNTDOWN_PROGRESS_1_2021-07-14T000000_12,2021-08-20 00:00:00,600519.SS,1d,COUNTDOWN,BUY_COUNTDOWN_PROGRESS,1,12,,,BUY_SETUP,False,2021-07-02 00:00:00,2021-07-14 00:00:00,1880.08,1880.08,2021-07-14 00:00:00,2021-07-22 00:00:00,2021-07-23 00:00:00,2021-07-26 00:00:00,2021-07-27 00:00:00,2021-07-28 00:00:00,2021-07-30 00:00:00,2021-08-06 00:00:00,2021-08-13 00:00:00,1505.12,2021-08-17 00:00:00,2021-08-18 00:00:00,2021-08-19 00:00:00,2021-08-20 00:00:00,,2021-08-20 00:00:00,1330.58,1402.63,1353.08,1402.63,1330.58,10688433960.0,0.033281,-0.159155
000858SZ_2021-08-20T000000_BUY_COUNTDOWN_PROGRESS_1_2021-07-13T000000_12,2021-08-20 00:00:00,000858.SZ,1d,COUNTDOWN,BUY_COUNTDOWN_PROGRESS,1,12,,,BUY_SETUP,False,2021-07-01 00:00:00,2021-07-13 00:00:00,276.62,276.62,2021-07-13 00:00:00,2021-07-23 00:00:00,2021-07-26 00:00:00,2021-07-27 00:00:00,2021-07-28 00:00:00,2021-07-30 00:00:00,2021-08-05 00:00:00,2021-08-06 00:00:00,2021-08-13 00:00:00,221.0,2021-08-17 00:00:00,2021-08-18 00:00:00,2021-08-19 00:00:00,2021-08-20 00:00:00,,2021-08-20 00:00:00,185.59,196.88,186.58,196.88,185.59,7295804500.0,0.043949,-0.187865
601318SS_2021-08-20T000000_BUY_COUNTDOWN_PROGRESS_1_2021-07-09T000000_12,2021-08-20 00:00:00,601318.SS,1d,COUNTDOWN,BUY_COUNTDOWN_PROGRESS,1,12,,,BUY_SETUP,True,2021-06-29 00:00:00,2021-07-09 00:00:00,54.78,54.78,2021-07-09 00:00:00,2021-07-09 00:00:00,2021-07-12 00:00:00,2021-07-13 00:00:00,2021-07-14 00:00:00,2021-07-20 00:00:00,2021-07-23 00:00:00,2021-07-26 00:00:00,2021-07-27 00:00:00,42.05,2021-07-28 00:00:00,2021-08-13 00:00:00,2021-08-19 00:00:00,2021-08-20 00:00:00,,2021-07-27 00:00:00,41.74,44.06,42.39,43.04,42.19,4210361400.0,0.022539,-0.033956
000651SZ_2021-08-20T000000_BUY_COUNTDOWN_PROGRESS_1_2021-07-13T000000_10,2021-08-20 00:00:00,000651.SZ,1d,COUNTDOWN,BUY_COUNTDOWN_PROGRESS,1,10,,,BUY_SETUP,False,2021-07-01 00:00:00,2021-07-13 00:00:00,38.5,38.5,2021-07-13 00:00:00,2021-07-21 00:00:00,2021-07-22 00:00:00,2021-07-23 00:00:00,2021-07-26 00:00:00,2021-07-27 00:00:00,2021-07-28 00:00:00,2021-08-06 00:00:00,2021-08-12 00:00:00,32.77,2021-08-13 00:00:00,2021-08-20 00:00:00,,,,2021-08-20 00:00:00,31.45,33.11,32.1,33.11,31.45,2313998840.0,0.022214,-0.045495
600519SS_2021-08-23T000000_BUY_COUNTDOWN_COMPLETE_PERFECT_1_2021-07-14T000000_13,2021-08-23 00:00:00,600519.SS,1d,COUNTDOWN,BUY_COUNTDOWN_COMPLETE_PERFECT,1,13,True,,BUY_SETUP,False,2021-07-02 00:00:00,2021-07-14 00:00:00,1880.08,1880.08,2021-07-14 00:00:00,2021-07-22 00:00:00,2021-07-23 00:00:00,2021-07-26 00:00:00,2021-07-27 00:00:00,2021-07-28 00:00:00,2021-07-30 00:00:00,2021-08-06 00:00:00,2021-08-13 00:00:00,1505.12,2021-08-17 00:00:00,2021-08-18 00:00:00,2021-08-19 00:00:00,2021-08-20 00:00:00,2021-08-23 00:00:00,2021-08-20 00:00:00,1330.58,1402.63,1375.27,1404.08,1341.85,10354657555.0,0.031678,-0.094007
000858SZ_2021-08-23T000000_BUY_COUNTDOWN_COMPLETE_PERFECT_1_2021-07-13T000000_13,2021-08-23 00:00:00,000858.SZ,1d,COUNTDOWN,BUY_COUNTDOWN_COMPLETE_PERFECT,1,13,True,,BUY_SETUP,False,2021-07-01 00:00:00,2021-07-13 00:00:00,276.62,276.62,2021-07-13 00:00:00,2021-07-23 00:00:00,2021-07-26 00:00:00,2021-07-27 00:00:00,2021-07-28 00:00:00,2021-07-30 00:00:00,2021-08-05 00:00:00,2021-08-06 00:00:00,2021-08-13 00:00:00,221.0,2021-08-17 00:00:00,2021-08-18 00:00:00,2021-08-19 00:00:00,2021-08-20 00:00:00,2021-08-23 00:00:00,2021-08-23 00:00:00,185.1,191.97,186.24,191.97,185.1,7145336795.0,0.040734,-0.118808
601318SS_2021-08-23T000000_BUY_COUNTDOWN_COMPLETE_1_2021-07-09T000000_13,2021-08-23 00:00:00,601318.SS,1d,COUNTDOWN,BUY_COUNTDOWN_COMPLETE,1,13,False,,BUY_SETUP,True,2021-06-29 00:00:00,2021-07-09 00:00:00,54.78,54.78,2021-07-09 00:00:00,2021-07-09 00:00:00,2021-07-12 00:00:00,2021-07-13 00:00:00,2021-07-14 00:00:00,2021-07-20 00:00:00,2021-07-23 00:00:00,2021-07-26 00:00:00,2021-07-27 00:00:00,42.05,2021-07-28 00:00:00,2021-08-13 00:00:00,2021-08-19 00:00:00,2021-08-20 00:00:00,2021-08-23 00:00:00,2021-07-27 00:00:00,41.74,44.06,42.08,42.84,41.98,4042898000.0,0.020535,0.000713
600036SS_2021-08-26T000000_BUY_COUNTDOWN_PROGRESS_1_2021-07-08T000000_9,2021-08-26 00:00:00,600036.SS,1d,COUNTDOWN,BUY_COUNTDOWN_PROGRESS,1,9,,,BUY_SETUP,True,2021-06-28 00:00:00,2021-07-08 00:00:00,46.79,46.79,2021-07-08 00:00:00,2021-07-08 00:00:00,2021-07-09 00:00:00,2021-07-20 00:00:00,2021-07-26 00:00:00,2021-07-27 00:00:00,2021-07-28 00:00:00,2021-08-05 00:00:00,2021-08-17 00:00:00,41.38,2021-08-26 00:00:00,,,,,2021-07-27 00:00:00,37.56,39.69,41.36,43.69,41.24,3100128230.0,0.029074,0.081025
000651SZ_2021-08-26T000000_BUY_COUNTDOWN_PROGRESS_1_2021-07-13T000000_11,2021-08-26 00:00:00,000651.SZ,1d,COUNTDOWN,BUY_COUNTDOWN_PROGRESS,1,11,,,BUY_SETUP,False,2021-07-01 00:00:00,2021-07-13 00:00:00,38.5,38.5,2021-07-13 00:00:00,2021-07-21 00:00:00,2021-07-22 00:00:00,2021-07-23 00:00:00,2021-07-26 00:00:00,2021-07-27 00:00:00,2021-07-28 00:00:00,2021-08-06 00:00:00,2021-08-12 00:00:00,32.77,2021-08-13 00:00:00,2021-08-20 00:00:00,2021-08-26 00:00:00,,,2021-08-20 00:00:00,31.45,33.11,31.92,32.88,31.78,2314219325.0,0.025752,-0.047164
600036SS_2021-08-27T000000_BUY_COUNTDOWN_PROGRESS_1_2021-07-08T000000_10,2021-08-27 00:00:00,600036.SS,1d,COUNTDOWN,BUY_COUNTDOWN_PROGRESS,1,10,,,BUY_SETUP,True,2021-06-28 00:00:00,2021-07-08 00:00:00,46.79,46.79,2021-07-08 00:00:00,2021-07-08 00:00:00,2021-07-09 00:00:00,2021-07-20 00:00:00,2021-07-26 00:00:00,2021-07-27 00:00:00,2021-07-28 00:00:00,2021-08-05 00:00:00,2021-08-17 00:00:00,41.38,2021-08-26 00:00:00,2021-08-27 00:00:00,,,,2021-07-27 00:00:00,37.56,39.69,42.11,42.58,41.26,3059240370.0,0.028563,0.066886
000651SZ_2021-08-27T000000_BUY_COUNTDOWN_PROGRESS_1_2021-07-13T000000_12,2021-08-27 00:00:00,000651.SZ,1d,COUNTDOWN,BUY_COUNTDOWN_PROGRESS,1,12,,,BUY_SETUP,False,2021-07-01 00:00:00,2021-07-13 00:00:00,38.5,38.5,2021-07-13 00:00:00,2021-07-21 00:00:00,2021-07-22 00:00:00,2021-07-23 00:00:00,2021-07-26 00:00:00,2021-07-27 00:00:00,2021-07-28 00:00:00,2021-08-06 00:00:00,2021-08-12 00:00:00,32.77,2021-08-13 00:00:00,2021-08-20 00:00:00,2021-08-26 00:00:00,2021-08-27 00:00:00,,2021-08-20 00:00:00,31.45,33.11,31.61,32.23,31.59,2291933935.0,0.025128,-0.07708
600036SS_2021-08-30T000000_BUY_COUNTDOWN_PROGRESS_1_2021-07-08T000000_11,2021-08-30 00:00:00,600036.SS,1d,COUNTDOWN,BUY_COUNTDOWN_PROGRESS,1,11,,,BUY_SETUP,True,2021-06-28 00:00:00,2021-07-08 00:00:00,46.79,46.79,2021-07-08 00:00:00,2021-07-08 00:00:00,2021-07-09 00:00:00,2021-07-20 00:00:00,2021-07-26 00:00:00,2021-07-27 00:00:00,2021-07-28 00:00:00,2021-08-05 00:00:00,2021-08-17 00:00:00,41.38,2021-08-26 00:00:00,2021-08-27 00:00:00,2021-08-30 00:00:00,,,2021-07-27 00:00:00,37.56,39.69,40.21,42.11,39.37,3124197555.0,0.03057,0.021855
000651SZ_2021-08-30T000000_BUY_COUNTDOWN_COMPLETE_PERFECT_1_2021-07-13T000000_13,2021-08-30 00:00:00,000651.SZ,1d,COUNTDOWN,BUY_COUNTDOWN_COMPLETE_PERFECT,1,13,True,,BUY_SETUP,False,2021-07-01 00:00:00,2021-07-13 00:00:00,38.5,38.5,2021-07-13 00:00:00,2021-07-21 00:00:00,2021-07-22 00:00:00,2021-07-23 00:00:00,2021-07-26 00:00:00,2021-07-27 00:00:00,2021-07-28 00:00:00,2021-08-06 00:00:00,2021-08-12 00:00:00,32.77,2021-08-13 00:00:00,2021-08-20 00:00:00,2021-08-26 00:00:00,2021-08-27 00:00:00,2021-08-30 00:00:00,2021-08-30 00:00:00,29.6,31.74,29.78,31.74,29.6,2337385435.0,0.02666,-0.154218
601318SS_2021-08-31T000000_BUY_SETUP_PERFECT_1_2021-08-31T000000_9,2021-08-31 00:00:00,601318.SS,1d,SETUP,BUY_SETUP_PERFECT,1,9,True,,BUY_SETUP,True,2021-08-19 00:00:00,2021-08-31 00:00:00,,,,,,,,,,,,,,,,,,,,,,,,4279327785.0,0.024918,-0.086087
601318SS_2021-08-31T000000_BUY_COUNTDOWN_PROGRESS_1_2021-08-31T000000_1,2021-08-31 00:00:00,601318.SS,1d,COUNTDOWN,BUY_COUNTDOWN_PROGRESS,1,1,,,BUY_SETUP,True,2021-08-19 00:00:00,2021-08-31 00:00:00,45.14,45.14,2021-08-31 00:00:00,2021-08-31 00:00:00,,,,,,,,,,,,,,2021-08-31 00:00:00,38.26,39.85,39.28,39.85,38.26,4279327785.0,0.024918,-0.086087
600036SS_2021-08-31T000000_BUY_COUNTDOWN_PROGRESS_1_2021-07-08T000000_12,2021-08-31 00:00:00,600036.SS,1d,COUNTDOWN,BUY_COUNTDOWN_PROGRESS,1,12,,,BUY_SETUP,True,2021-06-28 00:00:00,2021-07-08 00:00:00,46.79,46.79,2021-07-08 00:00:00,2021-07-08 00:00:00,2021-07-09 00:00:00,2021-07-20 00:00:00,2021-07-26 00:00:00,2021-07-27 00:00:00,2021-07-28 00:00:00,2021-08-05 00:00:00,2021-08-17 00:00:00,41.38,2021-08-26 00:00:00,2021-08-27 00:00:00,2021-08-30 00:00:00,2021-08-31 00:00:00,,2021-07-27 00:00:00,37.56,39.69,40.72,41.21,39.61,3173929100.0,0.030403,0.050568
000651SZ_2021-09-03T000000_BUY_SETUP_PERFECT_1_2021-09-03T000000_9,2021-09-03 00:00:00,000651.SZ,1d,SETUP,BUY_SETUP_PERFECT,1,9,True,,BUY_SETUP,True,2021-08-24 00:00:00,2021-09-03 00:00:00,,,,,,,,,,,,,,,,,,,,,,,,2615873360.0,0.027554,-0.147955
000651SZ_2021-09-03T000000_BUY_COUNTDOWN_PROGRESS_1_2021-09-03T000000_1,2021-09-03 00:00:00,000651.SZ,1d,COUNTDOWN,BUY_COUNTDOWN_PROGRESS,1,1,,,BUY_SETUP,True,2021-08-24 00:00:00,2021-09-03 00:00:00,34.76,34.76,2021-09-03 00:00:00,2021-09-03 00:00:00,,,,,,,,,,,,,,2021-09-03 00:00:00,28.98,29.66,29.37,29.66,28.98,2615873360.0,0.027554,-0.147955
000651SZ_2021-09-10T000000_BUY_COUNTDOWN_PROGRESS_1_2021-09-03T000000_2,2021-09-10 00:00:00,000651.SZ,1d,COUNTDOWN,BUY_COUNTDOWN_PROGRESS,1,2,,,BUY_SETUP,True,2021-08-24 00:00:00,2021-09-03 00:00:00,34.76,34.76,2021-09-03 00:00:00,2021-09-03 00:00:00,2021-09-10 00:00:00,,,,,,,,,,,,,2021-09-03 00:00:00,28.98,29.66,30.02,30.44,29.91,2763034270.0,0.025366,-0.116799
600036SS_2021-09-13T000000_SELL_SETUP_PERFECT_-1_2021-09-13T000000_9,2021-09-13 00:00:00,600036.SS,1d,SETUP,SELL_SETUP_PERFECT,-1,9,True,,SELL_SETUP,True,2021-09-01 00:00:00,2021-09-13 00:00:00,,,,,,,,,,,,,,,,,,,,,,,,3521477540.0,0.032069,0.103915
600036SS_2021-09-13T000000_BUY_COUNTDOWN_CANCEL_1_2021-07-08T000000_12,2021-09-13 00:00:00,600036.SS,1d,COUNTDOWN,BUY_COUNTDOWN_CANCEL,1,12,,opposite_setup,BUY_SETUP,True,2021-06-28 00:00:00,2021-07-08 00:00:00,46.79,46.79,2021-07-08 00:00:00,2021-07-08 00:00:00,2021-07-09 00:00:00,2021-07-20 00:00:00,2021-07-26 00:00:00,2021-07-27 00:00:00,2021-07-28 00:00:00,2021-08-05 00:00:00,2021-08-17 00:00:00,41.38,2021-08-26 00:00:00,2021-08-27 00:00:00,2021-08-30 00:00:00,2021-08-31 00:00:00,,2021-07-27 00:00:00,37.56,39.69,45.68,46.26,45.26,3521477540.0,0.032069,0.103915
600036SS_2021-09-13T000000_SELL_COUNTDOWN_PROGRESS_-1_2021-09-13T000000_1,2021-09-13 00:00:00,600036.SS,1d,COUNTDOWN,SELL_COUNTDOWN_PROGRESS,-1,1,,,SELL_SETUP,True,2021-09-01 00:00:00,2021-09-13 00:00:00,46.28,40.36,2021-09-13 00:00:00,2021-09-13 00:00:00,,,,,,,,,,,,,,2021-09-13 00:00:00,45.26,46.26,45.68,46.26,45.26,3521477540.0,0.032069,0.103915
000651SZ_2021-09-13T000000_BUY_COUNTDOWN_PROGRESS_1_2021-09-03T000000_3,2021-09-13 00:00:00,000651.SZ,1d,COUNTDOWN,BUY_COUNTDOWN_PROGRESS,1,3,,,BUY_SETUP,True,2021-08-24 00:00:00,2021-09-03 00:00:00,34.76,34.76,2021-09-03 00:00:00,2021-09-03 00:00:00,2021-09-10 00:00:00,2021-09-13 00:00:00,,,,,,,,,,,,2021-09-03 00:00:00,28.98,29.66,29.58,30.17,29.39,2738096680.0,0.025041,-0.106884
601318SS_2021-09-14T000000_BUY_COUNTDOWN_PROGRESS_1_2021-08-31T000000_2,2021-09-14 00:00:00,601318.SS,1d,COUNTDOWN,BUY_COUNTDOWN_PROGRESS,1,2,,,BUY_SETUP,True,2021-08-19 00:00:00,2021-08-31 00:00:00,45.14,45.14,2021-08-31 00:00:00,2021-08-31 00:00:00,2021-09-14 00:00:00,,,,,,,,,,,,,2021-08-31 00:00:00,38.26,39.85,39.24,40.96,39.19,4864681605.0,0.022855,-0.136063
000651SZ_2021-09-14T000000_BUY_COUNTDOWN_PROGRESS_1_2021-09-03T000000_4,2021-09-14 00:00:00,000651.SZ,1d,COUNTDOWN,BUY_COUNTDOWN_PROGRESS,1,4,,,BUY_SETUP,True,2021-08-24 00:00:00,2021-09-03 00:00:00,34.76,34.76,2021-09-03 00:00:00,2021-09-03 00:00:00,2021-09-10 00:00:00,2021-09-13 00:00:00,2021-09-14 00:00:00,,,,,,,,,,,2021-09-14 00:00:00,28.95,30.08,28.99,30.08,28.95,2770261610.0,0.024706,-0.138228
601318SS_2021-09-15T000000_BUY_COUNTDOWN_PROGRESS_1_2021-08-31T000000_3,2021-09-15 00:00:00,601318.SS,1d,COUNTDOWN,BUY_COUNTDOWN_PROGRESS,1,3,,,BUY_SETUP,True,2021-08-19 00:00:00,2021-08-31 00:00:00,45.14,45.14,2021-08-31 00:00:00,2021-08-31 00:00:00,2021-09-14 00:00:00,2021-09-15 00:00:00,,,,,,,,,,,,2021-08-31 00:00:00,38.26,39.85,38.85,39.26,38.68,4758407065.0,0.02041,-0.098399
000651SZ_2021-09-15T000000_BUY_COUNTDOWN_PROGRESS_1_2021-09-03T000000_5,2021-09-15 00:00:00,000651.SZ,1d,COUNTDOWN,BUY_COUNTDOWN_PROGRESS,1,5,,,BUY_SETUP,True,2021-08-24 00:00:00,2021-09-03 00:00:00,34.76,34.76,2021-09-03 00:00:00,2021-09-03 00:00:00,2021-09-10 00:00:00,2021-09-13 00:00:00,2021-09-14 00:00:00,2021-09-15 00:00:00,,,,,,,,,,2021-09-15 00:00:00,27.47,28.83,27.77,28.83,27.47,2903094250.0,0.025878,-0.164058
601318SS_2021-09-16T000000_BUY_COUNTDOWN_PROGRESS_1_2021-08-31T000000_4,2021-09-16 00:00:00,601318.SS,1d,COUNTDOWN,BUY_COUNTDOWN_PROGRESS,1,4,,,BUY_SETUP,True,2021-08-19 00:00:00,2021-08-31 00:00:00,45.14,45.14,2021-08-31 00:00:00,2021-08-31 00:00:00,2021-09-14 00:00:00,2021-09-15 00:00:00,2021-09-16 00:00:00,,,,,,,,,,,2021-08-31 00:00:00,38.26,39.85,38.89,39.36,38.59,4593375310.0,0.020283,-0.082567
000651SZ_2021-09-16T000000_BUY_COUNTDOWN_PROGRESS_1_2021-09-03T000000_6,2021-09-16 00:00:00,000651.SZ,1d,COUNTDOWN,BUY_COUNTDOWN_PROGRESS,1,6,,,BUY_SETUP,True,2021-08-24 00:00:00,2021-09-03 00:00:00,34.76,34.76,2021-09-03 00:00:00,2021-09-03 00:00:00,2021-09-10 00:00:00,2021-09-13 00:00:00,2021-09-14 00:00:00,2021-09-15 00:00:00,2021-09-16 00:00:00,,,,,,,,,2021-09-16 00:00:00,26.97,27.87,26.99,27.87,26.97,2971225545.0,0.025625,-0.15919
601318SS_2021-09-17T000000_BUY_COUNTDOWN_PROGRESS_1_2021-08-31T000000_5,2021-09-17 00:00:00,601318.SS,1d,COUNTDOWN,BUY_COUNTDOWN_PROGRESS,1,5,,,BUY_SETUP,True,2021-08-19 00:00:00,2021-08-31 00:00:00,45.14,45.14,2021-08-31 00:00:00,2021-08-31 00:00:00,2021-09-14 00:00:00,2021-09-15 00:00:00,2021-09-16 00:00:00,2021-09-17 00:00:00,,,,,,,,,,2021-09-17 00:00:00,37.6,39.16,38.06,39.16,37.6,4640268680.0,0.020631,-0.095532
000651SZ_2021-09-17T000000_BUY_COUNTDOWN_PROGRESS_1_2021-09-03T000000_7,2021-09-17 00:00:00,000651.SZ,1d,COUNTDOWN,BUY_COUNTDOWN_PROGRESS,1,7,,,BUY_SETUP,True,2021-08-24 00:00:00,2021-09-03 00:00:00,34.76,34.76,2021-09-03 00:00:00,2021-09-03 00:00:00,2021-09-10 00:00:00,2021-09-13 00:00:00,2021-09-14 00:00:00,2021-09-15 00:00:00,2021-09-16 00:00:00,2021-09-17 00:00:00,,,,,,,,2021-09-17 00:00:00,26.22,27.16,27.04,27.16,26.22,2940794170.0,0.021474,-0.199289
601318SS_2021-09-22T000000_BUY_COUNTDOWN_PROGRESS_1_2021-08-31T000000_6,2021-09-22 00:00:00,601318.SS,1d,COUNTDOWN,BUY_COUNTDOWN_PROGRESS,1,6,,,BUY_SETUP,True,2021-08-19 00:00:00,2021-08-31 00:00:00,45.14,45.14,2021-08-31 00:00:00,2021-08-31 00:00:00,2021-09-14 00:00:00,2021-09-15 00:00:00,2021-09-16 00:00:00,2021-09-17 00:00:00,2021-09-22 00:00:00,,,,,,,,,2021-09-22 00:00:00,36.68,37.46,37.16,37.46,36.68,4655274915.0,0.020731,-0.09762
000651SZ_2021-09-22T000000_BUY_COUNTDOWN_PROGRESS_1_2021-09-03T000000_8,2021-09-22 00:00:00,000651.SZ,1d,COUNTDOWN,BUY_COUNTDOWN_PROGRESS,1,8,,,BUY_SETUP,True,2021-08-24 00:00:00,2021-09-03 00:00:00,34.76,34.76,2021-09-03 00:00:00,2021-09-03 00:00:00,2021-09-10 00:00:00,2021-09-13 00:00:00,2021-09-14 00:00:00,2021-09-15 00:00:00,2021-09-16 00:00:00,2021-09-17 00:00:00,2021-09-22 00:00:00,26.57,,,,,,2021-09-17 00:00:00,26.22,27.16,26.57,26.7,26.22,2800726110.0,0.021498,-0.200902
601318SS_2021-09-23T000000_BUY_COUNTDOWN_PROGRESS_1_2021-08-31T000000_7,2021-09-23 00:00:00,601318.SS,1d,COUNTDOWN,BUY_COUNTDOWN_PROGRESS,1,7,,,BUY_SETUP,True,2021-08-19 00:00:00,2021-08-31 00:00:00,45.14,45.14,2021-08-31 00:00:00,2021-08-31 00:00:00,2021-09-14 00:00:00,2021-09-15 00:00:00,2021-09-16 00:00:00,2021-09-17 00:00:00,2021-09-22 00:00:00,2021-09-23 00:00:00,,,,,,,,2021-09-22 00:00:00,36.68,37.46,37.6,38.73,37.39,4593335780.0,0.021076,-0.082031
000651SZ_2021-09-24T000000_BUY_SETUP_1_2021-09-24T000000_9,2021-09-24 00:00:00,000651.SZ,1d,SETUP,BUY_SETUP,1,9,False,,BUY_SETUP,False,2021-09-10 00:00:00,2021-09-24 00:00:00,,,,,,,,,,,,,,,,,,,,,,,,2760201955.0,0.021072,-0.163847
000651SZ_2021-09-24T000000_BUY_COUNTDOWN_CANCEL_1_2021-09-03T000000_8,2021-09-24 00:00:00,000651.SZ,1d,COUNTDOWN,BUY_COUNTDOWN_CANCEL,1,8,,same_setup,BUY_SETUP,True,2021-08-24 00:00:00,2021-09-03 00:00:00,34.76,34.76,2021-09-03 00:00:00,2021-09-03 00:00:00,2021-09-10 00:00:00,2021-09-13 00:00:00,2021-09-14 00:00:00,2021-09-15 00:00:00,2021-09-16 00:00:00,2021-09-17 00:00:00,2021-09-22 00:00:00,26.57,,,,,,2021-09-17 00:00:00,26.22,27.16,26.69,27.21,26.53,2760201955.0,0.021072,-0.163847
600036SS_2021-09-28T000000_SELL_COUNTDOWN_PROGRESS_-1_2021-09-13T000000_2,2021-09-28 00:00:00,600036.SS,1d,COUNTDOWN,SELL_COUNTDOWN_PROGRESS,-1,2,,,SELL_SETUP,True,2021-09-01 00:00:00,2021-09-13 00:00:00,46.28,40.36,2021-09-13 00:00:00,2021-09-13 00:00:00,2021-09-28 00:00:00,,,,,,,,,,,,,2021-09-28 00:00:00,40.85,42.74,42.18,42.74,40.85,3555170055.0,0.025031,0.048993
600036SS_2021-09-29T000000_SELL_COUNTDOWN_PROGRESS_-1_2021-09-13T000000_3,2021-09-29 00:00:00,600036.SS,1d,COUNTDOWN,SELL_COUNTDOWN_PROGRESS,-1,3,,,SELL_SETUP,True,2021-09-01 00:00:00,2021-09-13 00:00:00,46.28,40.36,2021-09-13 00:00:00,2021-09-13 00:00:00,2021-09-28 00:00:00,2021-09-29 00:00:00,,,,,,,,,,,,2021-09-28 00:00:00,40.85,42.74,43.32,43.93,41.37,3524924450.0,0.025528,0.063851
601318SS_2021-09-30T000000_BUY_COUNTDOWN_PROGRESS_1_2021-08-31T000000_8,2021-09-30 00:00:00,601318.SS,1d,COUNTDOWN,BUY_COUNTDOWN_PROGRESS,1,8,,,BUY_SETUP,True,2021-08-19 00:00:00,2021-08-31 00:00:00,45.14,45.14,2021-08-31 00:00:00,2021-08-31 00:00:00,2021-09-14 00:00:00,2021-09-15 00:00:00,2021-09-16 00:00:00,2021-09-17 00:00:00,2021-09-22 00:00:00,2021-09-23 00:00:00,2021-09-30 00:00:00,37.74,,,,,,2021-09-22 00:00:00,36.68,37.46,37.74,38.68,37.61,4265898000.0,0.014084,-0.076584
600036SS_2021-10-11T000000_SELL_COUNTDOWN_PROGRESS_-1_2021-09-13T000000_4,2021-10-11 00:00:00,600036.SS,1d,COUNTDOWN,SELL_COUNTDOWN_PROGRESS,-1,4,,,SELL_SETUP,True,2021-09-01 00:00:00,2021-09-13 00:00:00,46.28,40.36,2021-09-13 00:00:00,2021-09-13 00:00:00,2021-09-28 00:00:00,2021-09-29 00:00:00,2021-10-11 00:00:00,,,,,,,,,,,2021-09-28 00:00:00,40.85,42.74,44.76,45.94,43.2,3529369735.0,0.026409,0.022852
600036SS_2021-10-12T000000_SELL_COUNTDOWN_PROGRESS_-1_2021-09-13T000000_5,2021-10-12 00:00:00,600036.SS,1d,COUNTDOWN,SELL_COUNTDOWN_PROGRESS,-1,5,,,SELL_SETUP,True,2021-09-01 00:00:00,2021-09-13 00:00:00,46.28,40.36,2021-09-13 00:00:00,2021-09-13 00:00:00,2021-09-28 00:00:00,2021-09-29 00:00:00,2021-10-11 00:00:00,2021-10-12 00:00:00,,,,,,,,,,2021-09-28 00:00:00,40.85,42.74,44.85,45.55,44.06,3519776090.0,0.025993,0.043994
000858SZ_2021-10-13T000000_SELL_SETUP_PERFECT_-1_2021-10-13T000000_9,2021-10-13 00:00:00,000858.SZ,1d,SETUP,SELL_SETUP_PERFECT,-1,9,True,,SELL_SETUP,True,2021-09-24 00:00:00,2021-10-13 00:00:00,,,,,,,,,,,,,,,,,,,,,,,,6719371995.0,0.035683,0.143207
000858SZ_2021-10-13T000000_SELL_COUNTDOWN_PROGRESS_-1_2021-10-13T000000_1,2021-10-13 00:00:00,000858.SZ,1d,COUNTDOWN,SELL_COUNTDOWN_PROGRESS,-1,1,,,SELL_SETUP,True,2021-09-24 00:00:00,2021-10-13 00:00:00,224.8,173.26,2021-10-13 00:00:00,2021-10-13 00:00:00,,,,,,,,,,,,,,2021-10-13 00:00:00,207.4,224.8,219.69,224.8,207.4,6719371995.0,0.035683,0.143207
601318SS_2021-10-13T000000_BUY_COUNTDOWN_PROGRESS_1_2021-08-31T000000_9,2021-10-13 00:00:00,601318.SS,1d,COUNTDOWN,BUY_COUNTDOWN_PROGRESS,1,9,,,BUY_SETUP,True,2021-08-19 00:00:00,2021-08-31 00:00:00,45.14,45.14,2021-08-31 00:00:00,2021-08-31 00:00:00,2021-09-14 00:00:00,2021-09-15 00:00:00,2021-09-16 00:00:00,2021-09-17 00:00:00,2021-09-22 00:00:00,2021-09-23 00:00:00,2021-09-30 00:00:00,37.74,2021-10-13 00:00:00,,,,,2021-09-22 00:00:00,36.68,37.46,41.13,41.57,40.28,4533705780.0,0.027193,-0.014142
000651SZ_2021-10-13T000000_BUY_COUNTDOWN_PROGRESS_1_2021-09-24T000000_1,2021-10-13 00:00:00,000651.SZ,1d,COUNTDOWN,BUY_COUNTDOWN_PROGRESS,1,1,,,BUY_SETUP,False,2021-09-10 00:00:00,2021-09-24 00:00:00,30.44,30.44,2021-09-24 00:00:00,2021-10-13 00:00:00,,,,,,,,,,,,,,2021-10-13 00:00:00,27.3,28.21,27.88,28.21,27.3,2528824535.0,0.020663,-0.0868
000858SZ_2021-10-14T000000_SELL_COUNTDOWN_PROGRESS_-1_2021-10-13T000000_2,2021-10-14 00:00:00,000858.SZ,1d,COUNTDOWN,SELL_COUNTDOWN_PROGRESS,-1,2,,,SELL_SETUP,True,2021-09-24 00:00:00,2021-10-13 00:00:00,224.8,173.26,2021-10-13 00:00:00,2021-10-13 00:00:00,2021-10-14 00:00:00,,,,,,,,,,,,,2021-10-13 00:00:00,207.4,224.8,220.2,224.88,216.36,6733701070.0,0.03502,0.171775
601318SS_2021-10-14T000000_BUY_COUNTDOWN_PROGRESS_1_2021-08-31T000000_10,2021-10-14 00:00:00,601318.SS,1d,COUNTDOWN,BUY_COUNTDOWN_PROGRESS,1,10,,,BUY_SETUP,True,2021-08-19 00:00:00,2021-08-31 00:00:00,45.14,45.14,2021-08-31 00:00:00,2021-08-31 00:00:00,2021-09-14 00:00:00,2021-09-15 00:00:00,2021-09-16 00:00:00,2021-09-17 00:00:00,2021-09-22 00:00:00,2021-09-23 00:00:00,2021-09-30 00:00:00,37.74,2021-10-13 00:00:00,2021-10-14 00:00:00,,,,2021-09-22 00:00:00,36.68,37.46,40.79,41.38,40.58,4397804090.0,0.027175,-0.013066
000651SZ_2021-10-14T000000_BUY_COUNTDOWN_PROGRESS_1_2021-09-24T000000_2,2021-10-14 00:00:00,000651.SZ,1d,COUNTDOWN,BUY_COUNTDOWN_PROGRESS,1,2,,,BUY_SETUP,False,2021-09-10 00:00:00,2021-09-24 00:00:00,30.44,30.44,2021-09-24 00:00:00,2021-10-13 00:00:00,2021-10-14 00:00:00,,,,,,,,,,,,,2021-10-13 00:00:00,27.3,28.21,27.76,28.1,27.6,2436242414.5,0.020654,-0.084131
601318SS_2021-10-15T000000_BUY_COUNTDOWN_PROGRESS_1_2021-08-31T000000_11,2021-10-15 00:00:00,601318.SS,1d,COUNTDOWN,BUY_COUNTDOWN_PROGRESS,1,11,,,BUY_SETUP,True,2021-08-19 00:00:00,2021-08-31 00:00:00,45.14,45.14,2021-08-31 00:00:00,2021-08-31 00:00:00,2021-09-14 00:00:00,2021-09-15 00:00:00,2021-09-16 00:00:00,2021-09-17 00:00:00,2021-09-22 00:00:00,2021-09-23 00:00:00,2021-09-30 00:00:00,37.74,2021-10-13 00:00:00,2021-10-14 00:00:00,2021-10-15 00:00:00,,,2021-09-22 00:00:00,36.68,37.46,40.26,40.96,40.0,4364941335.0,0.027272,-0.018049
600036SS_2021-10-15T000000_SELL_SETUP_-1_2021-10-15T000000_9,2021-10-15 00:00:00,600036.SS,1d,SETUP,SELL_SETUP,-1,9,False,,SELL_SETUP,False,2021-09-28 00:00:00,2021-10-15 00:00:00,,,,,,,,,,,,,,,,,,,,,,,,3335068115.0,0.025197,0.027588
600036SS_2021-10-15T000000_SELL_COUNTDOWN_CANCEL_-1_2021-09-13T000000_5,2021-10-15 00:00:00,600036.SS,1d,COUNTDOWN,SELL_COUNTDOWN_CANCEL,-1,5,,same_setup,SELL_SETUP,True,2021-09-01 00:00:00,2021-09-13 00:00:00,46.28,40.36,2021-09-13 00:00:00,2021-09-13 00:00:00,2021-09-28 00:00:00,2021-09-29 00:00:00,2021-10-11 00:00:00,2021-10-12 00:00:00,,,,,,,,,,2021-09-28 00:00:00,40.85,42.74,45.07,45.2,44.11,3335068115.0,0.025197,0.027588
601318SS_2021-10-18T000000_BUY_COUNTDOWN_PROGRESS_1_2021-08-31T000000_12,2021-10-18 00:00:00,601318.SS,1d,COUNTDOWN,BUY_COUNTDOWN_PROGRESS,1,12,,,BUY_SETUP,True,2021-08-19 00:00:00,2021-08-31 00:00:00,45.14,45.14,2021-08-31 00:00:00,2021-08-31 00:00:00,2021-09-14 00:00:00,2021-09-15 00:00:00,2021-09-16 00:00:00,2021-09-17 00:00:00,2021-09-22 00:00:00,2021-09-23 00:00:00,2021-09-30 00:00:00,37.74,2021-10-13 00:00:00,2021-10-14 00:00:00,2021-10-15 00:00:00,2021-10-18 00:00:00,,2021-09-22 00:00:00,36.68,37.46,39.24,40.62,39.06,4369225495.0,0.027811,-0.045023
000651SZ_2021-10-18T000000_BUY_COUNTDOWN_PROGRESS_1_2021-09-24T000000_3,2021-10-18 00:00:00,000651.SZ,1d,COUNTDOWN,BUY_COUNTDOWN_PROGRESS,1,3,,,BUY_SETUP,False,2021-09-10 00:00:00,2021-09-24 00:00:00,30.44,30.44,2021-09-24 00:00:00,2021-10-13 00:00:00,2021-10-14 00:00:00,2021-10-18 00:00:00,,,,,,,,,,,,2021-10-18 00:00:00,27.0,27.88,27.14,27.88,27.0,2343974099.5,0.02121,-0.095936
000858SZ_2021-10-21T000000_SELL_COUNTDOWN_PROGRESS_-1_2021-10-13T000000_3,2021-10-21 00:00:00,000858.SZ,1d,COUNTDOWN,SELL_COUNTDOWN_PROGRESS,-1,3,,,SELL_SETUP,True,2021-09-24 00:00:00,2021-10-13 00:00:00,224.8,173.26,2021-10-13 00:00:00,2021-10-13 00:00:00,2021-10-14 00:00:00,2021-10-21 00:00:00,,,,,,,,,,,,2021-10-21 00:00:00,199.2,203.15,201.19,203.15,199.2,7045530120.0,0.039126,0.125853
600036SS_2021-10-21T000000_SELL_COUNTDOWN_PROGRESS_-1_2021-10-15T000000_1,2021-10-21 00:00:00,600036.SS,1d,COUNTDOWN,SELL_COUNTDOWN_PROGRESS,-1,1,,,SELL_SETUP,False,2021-09-28 00:00:00,2021-10-15 00:00:00,45.94,40.85,2021-10-15 00:00:00,2021-10-21 00:00:00,,,,,,,,,,,,,,2021-10-21 00:00:00,44.36,45.76,45.51,45.76,44.36,3139107085.0,0.02361,0.054449
000858SZ_2021-10-22T000000_SELL_COUNTDOWN_PROGRESS_-1_2021-10-13T000000_4,2021-10-22 00:00:00,000858.SZ,1d,COUNTDOWN,SELL_COUNTDOWN_PROGRESS,-1,4,,,SELL_SETUP,True,2021-09-24 00:00:00,2021-10-13 00:00:00,224.8,173.26,2021-10-13 00:00:00,2021-10-13 00:00:00,2021-10-14 00:00:00,2021-10-21 00:00:00,2021-10-22 00:00:00,,,,,,,,,,,2021-10-21 00:00:00,199.2,203.15,205.23,209.12,201.21,6918953420.0,0.039052,0.158183
600036SS_2021-10-22T000000_SELL_COUNTDOWN_PROGRESS_-1_2021-10-15T000000_2,2021-10-22 00:00:00,600036.SS,1d,COUNTDOWN,SELL_COUNTDOWN_PROGRESS,-1,2,,,SELL_SETUP,False,2021-09-28 00:00:00,2021-10-15 00:00:00,45.94,40.85,2021-10-15 00:00:00,2021-10-21 00:00:00,2021-10-22 00:00:00,,,,,,,,,,,,,2021-10-21 00:00:00,44.36,45.76,46.05,46.56,45.49,3147492780.0,0.023232,0.08455
600036SS_2021-10-25T000000_SELL_COUNTDOWN_PROGRESS_-1_2021-10-15T000000_3,2021-10-25 00:00:00,600036.SS,1d,COUNTDOWN,SELL_COUNTDOWN_PROGRESS,-1,3,,,SELL_SETUP,False,2021-09-28 00:00:00,2021-10-15 00:00:00,45.94,40.85,2021-10-15 00:00:00,2021-10-21 00:00:00,2021-10-22 00:00:00,2021-10-25 00:00:00,,,,,,,,,,,,2021-10-21 00:00:00,44.36,45.76,46.35,46.69,44.86,3156648060.0,0.023154,0.077656
601318SS_2021-10-26T000000_BUY_COUNTDOWN_COMPLETE_1_2021-08-31T000000_13,2021-10-26 00:00:00,601318.SS,1d,COUNTDOWN,BUY_COUNTDOWN_COMPLETE,1,13,False,,BUY_SETUP,True,2021-08-19 00:00:00,2021-08-31 00:00:00,45.14,45.14,2021-08-31 00:00:00,2021-08-31 00:00:00,2021-09-14 00:00:00,2021-09-15 00:00:00,2021-09-16 00:00:00,2021-09-17 00:00:00,2021-09-22 00:00:00,2021-09-23 00:00:00,2021-09-30 00:00:00,37.74,2021-10-13 00:00:00,2021-10-14 00:00:00,2021-10-15 00:00:00,2021-10-18 00:00:00,2021-10-26 00:00:00,2021-09-22 00:00:00,36.68,37.46,42.42,44.23,42.35,4802281255.0,0.03143,0.14155
600036SS_2021-10-26T000000_SELL_COUNTDOWN_PROGRESS_-1_2021-10-15T000000_4,2021-10-26 00:00:00,600036.SS,1d,COUNTDOWN,SELL_COUNTDOWN_PROGRESS,-1,4,,,SELL_SETUP,False,2021-09-28 00:00:00,2021-10-15 00:00:00,45.94,40.85,2021-10-15 00:00:00,2021-10-21 00:00:00,2021-10-22 00:00:00,2021-10-25 00:00:00,2021-10-26 00:00:00,,,,,,,,,,,2021-10-21 00:00:00,44.36,45.76,47.06,47.99,46.06,3247553295.0,0.020421,0.143065
000651SZ_2021-10-26T000000_BUY_COUNTDOWN_PROGRESS_1_2021-09-24T000000_4,2021-10-26 00:00:00,000651.SZ,1d,COUNTDOWN,BUY_COUNTDOWN_PROGRESS,1,4,,,BUY_SETUP,False,2021-09-10 00:00:00,2021-09-24 00:00:00,30.44,30.44,2021-09-24 00:00:00,2021-10-13 00:00:00,2021-10-14 00:00:00,2021-10-18 00:00:00,2021-10-26 00:00:00,,,,,,,,,,,2021-10-18 00:00:00,27.0,27.88,27.76,28.34,27.71,2314019784.5,0.025051,0.044787
000651SZ_2021-10-27T000000_BUY_COUNTDOWN_PROGRESS_1_2021-09-24T000000_5,2021-10-27 00:00:00,000651.SZ,1d,COUNTDOWN,BUY_COUNTDOWN_PROGRESS,1,5,,,BUY_SETUP,False,2021-09-10 00:00:00,2021-09-24 00:00:00,30.44,30.44,2021-09-24 00:00:00,2021-10-13 00:00:00,2021-10-14 00:00:00,2021-10-18 00:00:00,2021-10-26 00:00:00,2021-10-27 00:00:00,,,,,,,,,,2021-10-27 00:00:00,25.38,26.79,25.55,26.79,25.38,2540624794.5,0.030911,-0.049833
000651SZ_2021-10-28T000000_BUY_COUNTDOWN_PROGRESS_1_2021-09-24T000000_6,2021-10-28 00:00:00,000651.SZ,1d,COUNTDOWN,BUY_COUNTDOWN_PROGRESS,1,6,,,BUY_SETUP,False,2021-09-10 00:00:00,2021-09-24 00:00:00,30.44,30.44,2021-09-24 00:00:00,2021-10-13 00:00:00,2021-10-14 00:00:00,2021-10-18 00:00:00,2021-10-26 00:00:00,2021-10-27 00:00:00,2021-10-28 00:00:00,,,,,,,,,2021-10-28 00:00:00,24.69,25.53,25.28,25.53,24.69,2555718159.5,0.030947,-0.052829
000858SZ_2021-11-04T000000_SELL_COUNTDOWN_PROGRESS_-1_2021-10-13T000000_5,2021-11-04 00:00:00,000858.SZ,1d,COUNTDOWN,SELL_COUNTDOWN_PROGRESS,-1,5,,,SELL_SETUP,True,2021-09-24 00:00:00,2021-10-13 00:00:00,224.8,173.26,2021-10-13 00:00:00,2021-10-13 00:00:00,2021-10-14 00:00:00,2021-10-21 00:00:00,2021-10-22 00:00:00,2021-11-04 00:00:00,,,,,,,,,,2021-11-04 00:00:00,180.5,188.06,187.02,188.06,180.5,6180587500.0,0.030905,-0.102677
000858SZ_2021-11-05T000000_SELL_COUNTDOWN_PROGRESS_-1_2021-10-13T000000_6,2021-11-05 00:00:00,000858.SZ,1d,COUNTDOWN,SELL_COUNTDOWN_PROGRESS,-1,6,,,SELL_SETUP,True,2021-09-24 00:00:00,2021-10-13 00:00:00,224.8,173.26,2021-10-13 00:00:00,2021-10-13 00:00:00,2021-10-14 00:00:00,2021-10-21 00:00:00,2021-10-22 00:00:00,2021-11-04 00:00:00,2021-11-05 00:00:00,,,,,,,,,2021-11-04 00:00:00,180.5,188.06,190.51,194.9,187.01,6024290580.0,0.031358,-0.084087
000858SZ_2021-11-08T000000_SELL_COUNTDOWN_PROGRESS_-1_2021-10-13T000000_7,2021-11-08 00:00:00,000858.SZ,1d,COUNTDOWN,SELL_COUNTDOWN_PROGRESS,-1,7,,,SELL_SETUP,True,2021-09-24 00:00:00,2021-10-13 00:00:00,224.8,173.26,2021-10-13 00:00:00,2021-10-13 00:00:00,2021-10-14 00:00:00,2021-10-21 00:00:00,2021-10-22 00:00:00,2021-11-04 00:00:00,2021-11-05 00:00:00,2021-11-08 00:00:00,,,,,,,,2021-11-04 00:00:00,180.5,188.06,191.19,192.61,187.96,5889279100.0,0.031296,-0.087573
000651SZ_2021-11-08T000000_BUY_SETUP_1_2021-11-08T000000_9,2021-11-08 00:00:00,000651.SZ,1d,SETUP,BUY_SETUP,1,9,False,,BUY_SETUP,False,2021-10-27 00:00:00,2021-11-08 00:00:00,,,,,,,,,,,,,,,,,,,,,,,,2272981959.5,0.027088,-0.121545
000651SZ_2021-11-08T000000_BUY_COUNTDOWN_CANCEL_1_2021-09-24T000000_6,2021-11-08 00:00:00,000651.SZ,1d,COUNTDOWN,BUY_COUNTDOWN_CANCEL,1,6,,same_setup,BUY_SETUP,False,2021-09-10 00:00:00,2021-09-24 00:00:00,30.44,30.44,2021-09-24 00:00:00,2021-10-13 00:00:00,2021-10-14 00:00:00,2021-10-18 00:00:00,2021-10-26 00:00:00,2021-10-27 00:00:00,2021-10-28 00:00:00,,,,,,,,,2021-10-28 00:00:00,24.69,25.53,24.79,25.01,24.67,2272981959.5,0.027088,-0.121545
600036SS_2021-11-09T000000_BUY_SETUP_PERFECT_1_2021-11-09T000000_9,2021-11-09 00:00:00,600036.SS,1d,SETUP,BUY_SETUP_PERFECT,1,9,True,,BUY_SETUP,True,2021-10-28 00:00:00,2021-11-09 00:00:00,,,,,,,,,,,,,,,,,,,,,,,,2495337655.0,0.017632,-0.043983
600036SS_2021-11-09T000000_SELL_COUNTDOWN_CANCEL_-1_2021-10-15T000000_4,2021-11-09 00:00:00,600036.SS,1d,COUNTDOWN,SELL_COUNTDOWN_CANCEL,-1,4,,opposite_setup,SELL_SETUP,False,2021-09-28 00:00:00,2021-10-15 00:00:00,45.94,40.85,2021-10-15 00:00:00,2021-10-21 00:00:00,2021-10-22 00:00:00,2021-10-25 00:00:00,2021-10-26 00:00:00,,,,,,,,,,,2021-10-21 00:00:00,44.36,45.76,42.82,43.46,42.36,2495337655.0,0.017632,-0.043983
600036SS_2021-11-09T000000_BUY_COUNTDOWN_PROGRESS_1_2021-11-09T000000_1,2021-11-09 00:00:00,600036.SS,1d,COUNTDOWN,BUY_COUNTDOWN_PROGRESS,1,1,,,BUY_SETUP,True,2021-10-28 00:00:00,2021-11-09 00:00:00,46.76,46.76,2021-11-09 00:00:00,2021-11-09 00:00:00,,,,,,,,,,,,,,2021-11-09 00:00:00,42.36,43.46,42.82,43.46,42.36,2495337655.0,0.017632,-0.043983
000651SZ_2021-11-09T000000_BUY_COUNTDOWN_PROGRESS_1_2021-11-08T000000_1,2021-11-09 00:00:00,000651.SZ,1d,COUNTDOWN,BUY_COUNTDOWN_PROGRESS,1,1,,,BUY_SETUP,False,2021-10-27 00:00:00,2021-11-08 00:00:00,26.79,26.79,2021-11-08 00:00:00,2021-11-09 00:00:00,,,,,,,,,,,,,,2021-11-09 00:00:00,24.31,24.95,24.38,24.95,24.31,2281268899.5,0.027156,-0.125538
600036SS_2021-11-10T000000_BUY_COUNTDOWN_PROGRESS_1_2021-11-09T000000_2,2021-11-10 00:00:00,600036.SS,1d,COUNTDOWN,BUY_COUNTDOWN_PROGRESS,1,2,,,BUY_SETUP,True,2021-10-28 00:00:00,2021-11-09 00:00:00,46.76,46.76,2021-11-09 00:00:00,2021-11-09 00:00:00,2021-11-10 00:00:00,,,,,,,,,,,,,2021-11-10 00:00:00,41.8,42.91,42.39,42.91,41.8,2519187790.0,0.017478,-0.039211
000651SZ_2021-11-10T000000_BUY_COUNTDOWN_PROGRESS_1_2021-11-08T000000_2,2021-11-10 00:00:00,000651.SZ,1d,COUNTDOWN,BUY_COUNTDOWN_PROGRESS,1,2,,,BUY_SETUP,False,2021-10-27 00:00:00,2021-11-08 00:00:00,26.79,26.79,2021-11-08 00:00:00,2021-11-09 00:00:00,2021-11-10 00:00:00,,,,,,,,,,,,,2021-11-10 00:00:00,22.88,24.29,23.45,24.29,22.88,2387407034.5,0.028038,-0.155259
000858SZ_2021-11-16T000000_SELL_COUNTDOWN_PROGRESS_-1_2021-10-13T000000_8,2021-11-16 00:00:00,000858.SZ,1d,COUNTDOWN,SELL_COUNTDOWN_PROGRESS,-1,8,,,SELL_SETUP,True,2021-09-24 00:00:00,2021-10-13 00:00:00,224.8,173.26,2021-10-13 00:00:00,2021-10-13 00:00:00,2021-10-14 00:00:00,2021-10-21 00:00:00,2021-10-22 00:00:00,2021-11-04 00:00:00,2021-11-05 00:00:00,2021-11-08 00:00:00,2021-11-16 00:00:00,192.2,,,,,,2021-11-04 00:00:00,180.5,188.06,192.2,193.65,185.31,4956212990.0,0.022784,-0.039672
000858SZ_2021-11-17T000000_SELL_COUNTDOWN_PROGRESS_-1_2021-10-13T000000_9,2021-11-17 00:00:00,000858.SZ,1d,COUNTDOWN,SELL_COUNTDOWN_PROGRESS,-1,9,,,SELL_SETUP,True,2021-09-24 00:00:00,2021-10-13 00:00:00,224.8,173.26,2021-10-13 00:00:00,2021-10-13 00:00:00,2021-10-14 00:00:00,2021-10-21 00:00:00,2021-10-22 00:00:00,2021-11-04 00:00:00,2021-11-05 00:00:00,2021-11-08 00:00:00,2021-11-16 00:00:00,192.2,2021-11-17 00:00:00,,,,,2021-11-04 00:00:00,180.5,188.06,191.71,193.2,189.2,4951277865.0,0.022722,-0.04712
600036SS_2021-11-17T000000_BUY_COUNTDOWN_PROGRESS_1_2021-11-09T000000_3,2021-11-17 00:00:00,600036.SS,1d,COUNTDOWN,BUY_COUNTDOWN_PROGRESS,1,3,,,BUY_SETUP,True,2021-10-28 00:00:00,2021-11-09 00:00:00,46.76,46.76,2021-11-09 00:00:00,2021-11-09 00:00:00,2021-11-10 00:00:00,2021-11-17 00:00:00,,,,,,,,,,,,2021-11-10 00:00:00,41.8,42.91,43.6,44.59,43.57,2555883170.0,0.017642,-0.041969
600036SS_2021-11-18T000000_BUY_COUNTDOWN_PROGRESS_1_2021-11-09T000000_4,2021-11-18 00:00:00,600036.SS,1d,COUNTDOWN,BUY_COUNTDOWN_PROGRESS,1,4,,,BUY_SETUP,True,2021-10-28 00:00:00,2021-11-09 00:00:00,46.76,46.76,2021-11-09 00:00:00,2021-11-09 00:00:00,2021-11-10 00:00:00,2021-11-17 00:00:00,2021-11-18 00:00:00,,,,,,,,,,,2021-11-10 00:00:00,41.8,42.91,43.17,43.76,42.76,2489794665.0,0.017403,-0.062541
000651SZ_2021-11-18T000000_BUY_COUNTDOWN_PROGRESS_1_2021-11-08T000000_3,2021-11-18 00:00:00,000651.SZ,1d,COUNTDOWN,BUY_COUNTDOWN_PROGRESS,1,3,,,BUY_SETUP,False,2021-10-27 00:00:00,2021-11-08 00:00:00,26.79,26.79,2021-11-08 00:00:00,2021-11-09 00:00:00,2021-11-10 00:00:00,2021-11-18 00:00:00,,,,,,,,,,,,2021-11-10 00:00:00,22.88,24.29,24.53,25.11,24.49,2583774555.0,0.028722,-0.167063
000651SZ_2021-11-19T000000_BUY_COUNTDOWN_PROGRESS_1_2021-11-08T000000_4,2021-11-19 00:00:00,000651.SZ,1d,COUNTDOWN,BUY_COUNTDOWN_PROGRESS,1,4,,,BUY_SETUP,False,2021-10-27 00:00:00,2021-11-08 00:00:00,26.79,26.79,2021-11-08 00:00:00,2021-11-09 00:00:00,2021-11-10 00:00:00,2021-11-18 00:00:00,2021-11-19 00:00:00,,,,,,,,,,,2021-11-10 00:00:00,22.88,24.29,24.69,24.82,24.16,2453779735.0,0.027684,-0.122913
000858SZ_2021-11-22T000000_SELL_COUNTDOWN_PROGRESS_-1_2021-10-13T000000_10,2021-11-22 00:00:00,000858.SZ,1d,COUNTDOWN,SELL_COUNTDOWN_PROGRESS,-1,10,,,SELL_SETUP,True,2021-09-24 00:00:00,2021-10-13 00:00:00,224.8,173.26,2021-10-13 00:00:00,2021-10-13 00:00:00,2021-10-14 00:00:00,2021-10-21 00:00:00,2021-10-22 00:00:00,2021-11-04 00:00:00,2021-11-05 00:00:00,2021-11-08 00:00:00,2021-11-16 00:00:00,192.2,2021-11-17 00:00:00,2021-11-22 00:00:00,,,,2021-11-04 00:00:00,180.5,188.06,196.17,202.2,193.2,4995341820.0,0.022877,-0.02335
000858SZ_2021-11-24T000000_SELL_COUNTDOWN_PROGRESS_-1_2021-10-13T000000_11,2021-11-24 00:00:00,000858.SZ,1d,COUNTDOWN,SELL_COUNTDOWN_PROGRESS,-1,11,,,SELL_SETUP,True,2021-09-24 00:00:00,2021-10-13 00:00:00,224.8,173.26,2021-10-13 00:00:00,2021-10-13 00:00:00,2021-10-14 00:00:00,2021-10-21 00:00:00,2021-10-22 00:00:00,2021-11-04 00:00:00,2021-11-05 00:00:00,2021-11-08 00:00:00,2021-11-16 00:00:00,192.2,2021-11-17 00:00:00,2021-11-22 00:00:00,2021-11-24 00:00:00,,,2021-11-04 00:00:00,180.5,188.06,204.62,208.18,198.2,5329849505.0,0.024857,0.046703
000858SZ_2021-11-25T000000_SELL_COUNTDOWN_PROGRESS_-1_2021-10-13T000000_12,2021-11-25 00:00:00,000858.SZ,1d,COUNTDOWN,SELL_COUNTDOWN_PROGRESS,-1,12,,,SELL_SETUP,True,2021-09-24 00:00:00,2021-10-13 00:00:00,224.8,173.26,2021-10-13 00:00:00,2021-10-13 00:00:00,2021-10-14 00:00:00,2021-10-21 00:00:00,2021-10-22 00:00:00,2021-11-04 00:00:00,2021-11-05 00:00:00,2021-11-08 00:00:00,2021-11-16 00:00:00,192.2,2021-11-17 00:00:00,2021-11-22 00:00:00,2021-11-24 00:00:00,2021-11-25 00:00:00,,2021-11-04 00:00:00,180.5,188.06,203.15,209.35,202.37,5411987190.0,0.024938,0.032739
600036SS_2021-11-25T000000_BUY_COUNTDOWN_PROGRESS_1_2021-11-09T000000_5,2021-11-25 00:00:00,600036.SS,1d,COUNTDOWN,BUY_COUNTDOWN_PROGRESS,1,5,,,BUY_SETUP,True,2021-10-28 00:00:00,2021-11-09 00:00:00,46.76,46.76,2021-11-09 00:00:00,2021-11-09 00:00:00,2021-11-10 00:00:00,2021-11-17 00:00:00,2021-11-18 00:00:00,2021-11-25 00:00:00,,,,,,,,,,2021-11-10 00:00:00,41.8,42.91,43.18,43.46,43.0,2221782311.0,0.017616,-0.055762
600519SS_2021-11-26T000000_SELL_SETUP_PERFECT_-1_2021-11-26T000000_9,2021-11-26 00:00:00,600519.SS,1d,SETUP,SELL_SETUP_PERFECT,-1,9,True,,SELL_SETUP,True,2021-11-16 00:00:00,2021-11-26 00:00:00,,,,,,,,,,,,,,,,,,,,,,,,5786457400.0,0.016515,0.085823
000858SZ_2021-11-26T000000_SELL_SETUP_PERFECT_-1_2021-11-26T000000_9,2021-11-26 00:00:00,000858.SZ,1d,SETUP,SELL_SETUP_PERFECT,-1,9,True,,SELL_SETUP,True,2021-11-16 00:00:00,2021-11-26 00:00:00,,,,,,,,,,,,,,,,,,,,,,,,5334677360.0,0.020446,0.096792
000858SZ_2021-11-26T000000_SELL_COUNTDOWN_CANCEL_-1_2021-10-13T000000_12,2021-11-26 00:00:00,000858.SZ,1d,COUNTDOWN,SELL_COUNTDOWN_CANCEL,-1,12,,same_setup,SELL_SETUP,True,2021-09-24 00:00:00,2021-10-13 00:00:00,224.8,173.26,2021-10-13 00:00:00,2021-10-13 00:00:00,2021-10-14 00:00:00,2021-10-21 00:00:00,2021-10-22 00:00:00,2021-11-04 00:00:00,2021-11-05 00:00:00,2021-11-08 00:00:00,2021-11-16 00:00:00,192.2,2021-11-17 00:00:00,2021-11-22 00:00:00,2021-11-24 00:00:00,2021-11-25 00:00:00,,2021-11-04 00:00:00,180.5,188.06,203.06,203.78,199.28,5334677360.0,0.020446,0.096792
600036SS_2021-11-26T000000_BUY_COUNTDOWN_PROGRESS_1_2021-11-09T000000_6,2021-11-26 00:00:00,600036.SS,1d,COUNTDOWN,BUY_COUNTDOWN_PROGRESS,1,6,,,BUY_SETUP,True,2021-10-28 00:00:00,2021-11-09 00:00:00,46.76,46.76,2021-11-09 00:00:00,2021-11-09 00:00:00,2021-11-10 00:00:00,2021-11-17 00:00:00,2021-11-18 00:00:00,2021-11-25 00:00:00,2021-11-26 00:00:00,,,,,,,,,2021-11-26 00:00:00,41.64,43.21,41.86,43.21,41.64,2318988001.0,0.018589,-0.08762
000651SZ_2021-11-26T000000_BUY_COUNTDOWN_PROGRESS_1_2021-11-08T000000_5,2021-11-26 00:00:00,000651.SZ,1d,COUNTDOWN,BUY_COUNTDOWN_PROGRESS,1,5,,,BUY_SETUP,False,2021-10-27 00:00:00,2021-11-08 00:00:00,26.79,26.79,2021-11-08 00:00:00,2021-11-09 00:00:00,2021-11-10 00:00:00,2021-11-18 00:00:00,2021-11-19 00:00:00,2021-11-26 00:00:00,,,,,,,,,,2021-11-10 00:00:00,22.88,24.29,23.91,24.1,23.88,2029502574.0,0.021451,-0.071456
600036SS_2021-11-29T000000_BUY_COUNTDOWN_PROGRESS_1_2021-11-09T000000_7,2021-11-29 00:00:00,600036.SS,1d,COUNTDOWN,BUY_COUNTDOWN_PROGRESS,1,7,,,BUY_SETUP,True,2021-10-28 00:00:00,2021-11-09 00:00:00,46.76,46.76,2021-11-09 00:00:00,2021-11-09 00:00:00,2021-11-10 00:00:00,2021-11-17 00:00:00,2021-11-18 00:00:00,2021-11-25 00:00:00,2021-11-26 00:00:00,2021-11-29 00:00:00,,,,,,,,2021-11-29 00:00:00,40.58,41.86,41.58,41.86,40.58,2408006491.0,0.01655,-0.055215
000651SZ_2021-11-29T000000_BUY_COUNTDOWN_PROGRESS_1_2021-11-08T000000_6,2021-11-29 00:00:00,000651.SZ,1d,COUNTDOWN,BUY_COUNTDOWN_PROGRESS,1,6,,,BUY_SETUP,False,2021-10-27 00:00:00,2021-11-08 00:00:00,26.79,26.79,2021-11-08 00:00:00,2021-11-09 00:00:00,2021-11-10 00:00:00,2021-11-18 00:00:00,2021-11-19 00:00:00,2021-11-26 00:00:00,2021-11-29 00:00:00,,,,,,,,,2021-11-10 00:00:00,22.88,24.29,23.41,23.61,23.31,1986741319.0,0.021323,-0.068815
600036SS_2021-11-30T000000_BUY_COUNTDOWN_PROGRESS_1_2021-11-09T000000_8,2021-11-30 00:00:00,600036.SS,1d,COUNTDOWN,BUY_COUNTDOWN_PROGRESS,1,8,,,BUY_SETUP,True,2021-10-28 00:00:00,2021-11-09 00:00:00,46.76,46.76,2021-11-09 00:00:00,2021-11-09 00:00:00,2021-11-10 00:00:00,2021-11-17 00:00:00,2021-11-18 00:00:00,2021-11-25 00:00:00,2021-11-26 00:00:00,2021-11-29 00:00:00,2021-11-30 00:00:00,41.25,,,,,,2021-11-29 00:00:00,40.58,41.86,41.25,41.61,40.67,2360590121.0,0.016442,-0.050851
000651SZ_2021-11-30T000000_BUY_COUNTDOWN_PROGRESS_1_2021-11-08T000000_7,2021-11-30 00:00:00,000651.SZ,1d,COUNTDOWN,BUY_COUNTDOWN_PROGRESS,1,7,,,BUY_SETUP,False,2021-10-27 00:00:00,2021-11-08 00:00:00,26.79,26.79,2021-11-08 00:00:00,2021-11-09 00:00:00,2021-11-10 00:00:00,2021-11-18 00:00:00,2021-11-19 00:00:00,2021-11-26 00:00:00,2021-11-29 00:00:00,2021-11-30 00:00:00,,,,,,,,2021-11-10 00:00:00,22.88,24.29,23.34,23.86,23.24,1958755884.0,0.021324,-0.068635
000651SZ_2021-12-01T000000_BUY_SETUP_PERFECT_1_2021-12-01T000000_9,2021-12-01 00:00:00,000651.SZ,1d,SETUP,BUY_SETUP_PERFECT,1,9,True,,BUY_SETUP,True,2021-11-19 00:00:00,2021-12-01 00:00:00,,,,,,,,,,,,,,,,,,,,,,,,1957979434.0,0.022287,-0.049206
000651SZ_2021-12-01T000000_BUY_COUNTDOWN_CANCEL_1_2021-11-08T000000_7,2021-12-01 00:00:00,000651.SZ,1d,COUNTDOWN,BUY_COUNTDOWN_CANCEL,1,7,,same_setup,BUY_SETUP,False,2021-10-27 00:00:00,2021-11-08 00:00:00,26.79,26.79,2021-11-08 00:00:00,2021-11-09 00:00:00,2021-11-10 00:00:00,2021-11-18 00:00:00,2021-11-19 00:00:00,2021-11-26 00:00:00,2021-11-29 00:00:00,2021-11-30 00:00:00,,,,,,,,2021-11-10 00:00:00,22.88,24.29,23.96,23.97,23.01,1957979434.0,0.022287,-0.049206
600519SS_2021-12-03T000000_SELL_COUNTDOWN_PROGRESS_-1_2021-11-26T000000_1,2021-12-03 00:00:00,600519.SS,1d,COUNTDOWN,SELL_COUNTDOWN_PROGRESS,-1,1,,,SELL_SETUP,True,2021-11-16 00:00:00,2021-11-26 00:00:00,1791.28,1570.08,2021-11-26 00:00:00,2021-12-03 00:00:00,,,,,,,,,,,,,,2021-12-03 00:00:00,1736.13,1793.7,1776.96,1793.7,1736.13,5924084900.0,0.017496,0.093393
000858SZ_2021-12-03T000000_SELL_COUNTDOWN_PROGRESS_-1_2021-11-26T000000_1,2021-12-03 00:00:00,000858.SZ,1d,COUNTDOWN,SELL_COUNTDOWN_PROGRESS,-1,1,,,SELL_SETUP,True,2021-11-16 00:00:00,2021-11-26 00:00:00,209.35,185.31,2021-11-26 00:00:00,2021-12-03 00:00:00,,,,,,,,,,,,,,2021-12-03 00:00:00,203.5,213.0,209.65,213.0,203.5,4815342915.0,0.020206,0.096553
600519SS_2021-12-06T000000_SELL_COUNTDOWN_PROGRESS_-1_2021-11-26T000000_2,2021-12-06 00:00:00,600519.SS,1d,COUNTDOWN,SELL_COUNTDOWN_PROGRESS,-1,2,,,SELL_SETUP,True,2021-11-16 00:00:00,2021-11-26 00:00:00,1791.28,1570.08,2021-11-26 00:00:00,2021-12-03 00:00:00,2021-12-06 00:00:00,,,,,,,,,,,,,2021-12-03 00:00:00,1736.13,1793.7,1772.38,1795.08,1755.08,6069190125.0,0.01672,0.111147
000858SZ_2021-12-06T000000_SELL_COUNTDOWN_PROGRESS_-1_2021-11-26T000000_2,2021-12-06 00:00:00,000858.SZ,1d,COUNTDOWN,SELL_COUNTDOWN_PROGRESS,-1,2,,,SELL_SETUP,True,2021-11-16 00:00:00,2021-11-26 00:00:00,209.35,185.31,2021-11-26 00:00:00,2021-12-03 00:00:00,2021-12-06 00:00:00,,,,,,,,,,,,,2021-12-03 00:00:00,203.5,213.0,212.5,215.2,209.2,4986825920.0,0.019892,0.124517
000858SZ_2021-12-07T000000_SELL_COUNTDOWN_PROGRESS_-1_2021-11-26T000000_3,2021-12-07 00:00:00,000858.SZ,1d,COUNTDOWN,SELL_COUNTDOWN_PROGRESS,-1,3,,,SELL_SETUP,True,2021-11-16 00:00:00,2021-11-26 00:00:00,209.35,185.31,2021-11-26 00:00:00,2021-12-03 00:00:00,2021-12-06 00:00:00,2021-12-07 00:00:00,,,,,,,,,,,,2021-12-03 00:00:00,203.5,213.0,214.2,219.85,213.35,5189014405.0,0.019163,0.152232
000651SZ_2021-12-07T000000_BUY_COUNTDOWN_CANCEL_1_2021-12-01T000000_0,2021-12-07 00:00:00,000651.SZ,1d,COUNTDOWN,BUY_COUNTDOWN_CANCEL,1,0,,tdst_break_rule_4,BUY_SETUP,True,2021-11-19 00:00:00,2021-12-01 00:00:00,24.86,24.86,2021-12-01 00:00:00,,,,,,,,,,,,,,,,,,25.41,25.42,24.38,2053232852.0,0.023138,0.083582
600519SS_2021-12-08T000000_SELL_COUNTDOWN_PROGRESS_-1_2021-11-26T000000_3,2021-12-08 00:00:00,600519.SS,1d,COUNTDOWN,SELL_COUNTDOWN_PROGRESS,-1,3,,,SELL_SETUP,True,2021-11-16 00:00:00,2021-11-26 00:00:00,1791.28,1570.08,2021-11-26 00:00:00,2021-12-03 00:00:00,2021-12-06 00:00:00,2021-12-08 00:00:00,,,,,,,,,,,,2021-12-03 00:00:00,1736.13,1793.7,1848.08,1850.08,1755.08,6491779540.0,0.018345,0.173623
000858SZ_2021-12-08T000000_SELL_COUNTDOWN_PROGRESS_-1_2021-11-26T000000_4,2021-12-08 00:00:00,000858.SZ,1d,COUNTDOWN,SELL_COUNTDOWN_PROGRESS,-1,4,,,SELL_SETUP,True,2021-11-16 00:00:00,2021-11-26 00:00:00,209.35,185.31,2021-11-26 00:00:00,2021-12-03 00:00:00,2021-12-06 00:00:00,2021-12-07 00:00:00,2021-12-08 00:00:00,,,,,,,,,,,2021-12-03 00:00:00,203.5,213.0,224.2,224.71,211.48,5492088220.0,0.02102,0.200793
600519SS_2021-12-09T000000_SELL_COUNTDOWN_PROGRESS_-1_2021-11-26T000000_4,2021-12-09 00:00:00,600519.SS,1d,COUNTDOWN,SELL_COUNTDOWN_PROGRESS,-1,4,,,SELL_SETUP,True,2021-11-16 00:00:00,2021-11-26 00:00:00,1791.28,1570.08,2021-11-26 00:00:00,2021-12-03 00:00:00,2021-12-06 00:00:00,2021-12-08 00:00:00,2021-12-09 00:00:00,,,,,,,,,,,2021-12-03 00:00:00,1736.13,1793.7,1891.63,1922.0,1850.08,6962653600.0,0.01858,0.198099
000858SZ_2021-12-09T000000_SELL_COUNTDOWN_PROGRESS_-1_2021-11-26T000000_5,2021-12-09 00:00:00,000858.SZ,1d,COUNTDOWN,SELL_COUNTDOWN_PROGRESS,-1,5,,,SELL_SETUP,True,2021-11-16 00:00:00,2021-11-26 00:00:00,209.35,185.31,2021-11-26 00:00:00,2021-12-03 00:00:00,2021-12-06 00:00:00,2021-12-07 00:00:00,2021-12-08 00:00:00,2021-12-09 00:00:00,,,,,,,,,,2021-12-03 00:00:00,203.5,213.0,231.2,235.16,222.88,5912569605.0,0.020721,0.25618
600519SS_2021-12-10T000000_SELL_COUNTDOWN_PROGRESS_-1_2021-11-26T000000_5,2021-12-10 00:00:00,600519.SS,1d,COUNTDOWN,SELL_COUNTDOWN_PROGRESS,-1,5,,,SELL_SETUP,True,2021-11-16 00:00:00,2021-11-26 00:00:00,1791.28,1570.08,2021-11-26 00:00:00,2021-12-03 00:00:00,2021-12-06 00:00:00,2021-12-08 00:00:00,2021-12-09 00:00:00,2021-12-10 00:00:00,,,,,,,,,,2021-12-03 00:00:00,1736.13,1793.7,1895.08,1900.86,1861.08,7253662665.0,0.018212,0.209971
000858SZ_2021-12-10T000000_SELL_COUNTDOWN_PROGRESS_-1_2021-11-26T000000_6,2021-12-10 00:00:00,000858.SZ,1d,COUNTDOWN,SELL_COUNTDOWN_PROGRESS,-1,6,,,SELL_SETUP,True,2021-11-16 00:00:00,2021-11-26 00:00:00,209.35,185.31,2021-11-26 00:00:00,2021-12-03 00:00:00,2021-12-06 00:00:00,2021-12-07 00:00:00,2021-12-08 00:00:00,2021-12-09 00:00:00,2021-12-10 00:00:00,,,,,,,,,2021-12-03 00:00:00,203.5,213.0,227.2,231.1,224.7,6161584775.0,0.021703,0.228772
600519SS_2021-12-13T000000_SELL_COUNTDOWN_PROGRESS_-1_2021-11-26T000000_6,2021-12-13 00:00:00,600519.SS,1d,COUNTDOWN,SELL_COUNTDOWN_PROGRESS,-1,6,,,SELL_SETUP,True,2021-11-16 00:00:00,2021-11-26 00:00:00,1791.28,1570.08,2021-11-26 00:00:00,2021-12-03 00:00:00,2021-12-06 00:00:00,2021-12-08 00:00:00,2021-12-09 00:00:00,2021-12-10 00:00:00,2021-12-13 00:00:00,,,,,,,,,2021-12-03 00:00:00,1736.13,1793.7,1923.28,1985.08,1923.08,7740064495.0,0.017658,0.192303
600519SS_2021-12-14T000000_SELL_COUNTDOWN_PROGRESS_-1_2021-11-26T000000_7,2021-12-14 00:00:00,600519.SS,1d,COUNTDOWN,SELL_COUNTDOWN_PROGRESS,-1,7,,,SELL_SETUP,True,2021-11-16 00:00:00,2021-11-26 00:00:00,1791.28,1570.08,2021-11-26 00:00:00,2021-12-03 00:00:00,2021-12-06 00:00:00,2021-12-08 00:00:00,2021-12-09 00:00:00,2021-12-10 00:00:00,2021-12-13 00:00:00,2021-12-14 00:00:00,,,,,,,,2021-12-03 00:00:00,1736.13,1793.7,1955.08,1972.98,1905.08,7872074365.0,0.017223,0.221864
601318SS_2021-12-14T000000_SELL_SETUP_PERFECT_-1_2021-12-14T000000_9,2021-12-14 00:00:00,601318.SS,1d,SETUP,SELL_SETUP_PERFECT,-1,9,True,,SELL_SETUP,True,2021-12-02 00:00:00,2021-12-14 00:00:00,,,,,,,,,,,,,,,,,,,,,,,,2793866855.0,0.012081,0.019851
600036SS_2021-12-14T000000_BUY_COUNTDOWN_PROGRESS_1_2021-11-09T000000_9,2021-12-14 00:00:00,600036.SS,1d,COUNTDOWN,BUY_COUNTDOWN_PROGRESS,1,9,,,BUY_SETUP,True,2021-10-28 00:00:00,2021-11-09 00:00:00,46.76,46.76,2021-11-09 00:00:00,2021-11-09 00:00:00,2021-11-10 00:00:00,2021-11-17 00:00:00,2021-11-18 00:00:00,2021-11-25 00:00:00,2021-11-26 00:00:00,2021-11-29 00:00:00,2021-11-30 00:00:00,41.25,2021-12-14 00:00:00,,,,,2021-11-29 00:00:00,40.58,41.86,42.91,44.26,42.61,2762039966.0,0.015894,-0.015826
600036SS_2021-12-15T000000_BUY_COUNTDOWN_PROGRESS_1_2021-11-09T000000_10,2021-12-15 00:00:00,600036.SS,1d,COUNTDOWN,BUY_COUNTDOWN_PROGRESS,1,10,,,BUY_SETUP,True,2021-10-28 00:00:00,2021-11-09 00:00:00,46.76,46.76,2021-11-09 00:00:00,2021-11-09 00:00:00,2021-11-10 00:00:00,2021-11-17 00:00:00,2021-11-18 00:00:00,2021-11-25 00:00:00,2021-11-26 00:00:00,2021-11-29 00:00:00,2021-11-30 00:00:00,41.25,2021-12-14 00:00:00,2021-12-15 00:00:00,,,,2021-11-29 00:00:00,40.58,41.86,42.76,43.1,42.54,2770050671.0,0.015764,-0.009497
600519SS_2021-12-16T000000_SELL_SETUP_-1_2021-12-16T000000_9,2021-12-16 00:00:00,600519.SS,1d,SETUP,SELL_SETUP,-1,9,False,,SELL_SETUP,False,2021-12-06 00:00:00,2021-12-16 00:00:00,,,,,,,,,,,,,,,,,,,,,,,,8192728790.0,0.017712,0.177889
600519SS_2021-12-16T000000_SELL_COUNTDOWN_CANCEL_-1_2021-11-26T000000_7,2021-12-16 00:00:00,600519.SS,1d,COUNTDOWN,SELL_COUNTDOWN_CANCEL,-1,7,,same_setup,SELL_SETUP,True,2021-11-16 00:00:00,2021-11-26 00:00:00,1791.28,1570.08,2021-11-26 00:00:00,2021-12-03 00:00:00,2021-12-06 00:00:00,2021-12-08 00:00:00,2021-12-09 00:00:00,2021-12-10 00:00:00,2021-12-13 00:00:00,2021-12-14 00:00:00,,,,,,,,2021-12-03 00:00:00,1736.13,1793.7,1924.07,1949.13,1891.31,8192728790.0,0.017712,0.177889
600036SS_2021-12-17T000000_BUY_COUNTDOWN_PROGRESS_1_2021-11-09T000000_11,2021-12-17 00:00:00,600036.SS,1d,COUNTDOWN,BUY_COUNTDOWN_PROGRESS,1,11,,,BUY_SETUP,True,2021-10-28 00:00:00,2021-11-09 00:00:00,46.76,46.76,2021-11-09 00:00:00,2021-11-09 00:00:00,2021-11-10 00:00:00,2021-11-17 00:00:00,2021-11-18 00:00:00,2021-11-25 00:00:00,2021-11-26 00:00:00,2021-11-29 00:00:00,2021-11-30 00:00:00,41.25,2021-12-14 00:00:00,2021-12-15 00:00:00,2021-12-17 00:00:00,,,2021-11-29 00:00:00,40.58,41.86,42.53,43.16,42.42,2779945691.0,0.0148,-0.021174
600036SS_2021-12-21T000000_BUY_COUNTDOWN_PROGRESS_1_2021-11-09T000000_12,2021-12-21 00:00:00,600036.SS,1d,COUNTDOWN,BUY_COUNTDOWN_PROGRESS,1,12,,,BUY_SETUP,True,2021-10-28 00:00:00,2021-11-09 00:00:00,46.76,46.76,2021-11-09 00:00:00,2021-11-09 00:00:00,2021-11-10 00:00:00,2021-11-17 00:00:00,2021-11-18 00:00:00,2021-11-25 00:00:00,2021-11-26 00:00:00,2021-11-29 00:00:00,2021-11-30 00:00:00,41.25,2021-12-14 00:00:00,2021-12-15 00:00:00,2021-12-17 00:00:00,2021-12-21 00:00:00,,2021-11-29 00:00:00,40.58,41.86,42.39,42.75,42.06,2791773216.0,0.014789,-0.025517
600036SS_2021-12-22T000000_BUY_COUNTDOWN_COMPLETE_1_2021-11-09T000000_13,2021-12-22 00:00:00,600036.SS,1d,COUNTDOWN,BUY_COUNTDOWN_COMPLETE,1,13,False,,BUY_SETUP,True,2021-10-28 00:00:00,2021-11-09 00:00:00,46.76,46.76,2021-11-09 00:00:00,2021-11-09 00:00:00,2021-11-10 00:00:00,2021-11-17 00:00:00,2021-11-18 00:00:00,2021-11-25 00:00:00,2021-11-26 00:00:00,2021-11-29 00:00:00,2021-11-30 00:00:00,41.25,2021-12-14 00:00:00,2021-12-15 00:00:00,2021-12-17 00:00:00,2021-12-21 00:00:00,2021-12-22 00:00:00,2021-11-29 00:00:00,40.58,41.86,41.77,42.51,41.64,2820160361.0,0.015034,-0.032654
600519SS_2021-12-23T000000_SELL_COUNTDOWN_PROGRESS_-1_2021-12-16T000000_1,2021-12-23 00:00:00,600519.SS,1d,COUNTDOWN,SELL_COUNTDOWN_PROGRESS,-1,1,,,SELL_SETUP,False,2021-12-06 00:00:00,2021-12-16 00:00:00,1985.08,1751.81,2021-12-16 00:00:00,2021-12-23 00:00:00,,,,,,,,,,,,,,2021-12-23 00:00:00,1830.08,1925.08,1925.08,1925.08,1830.08,7841024160.0,0.020649,0.102509
600519SS_2021-12-24T000000_SELL_COUNTDOWN_PROGRESS_-1_2021-12-16T000000_2,2021-12-24 00:00:00,600519.SS,1d,COUNTDOWN,SELL_COUNTDOWN_PROGRESS,-1,2,,,SELL_SETUP,False,2021-12-06 00:00:00,2021-12-16 00:00:00,1985.08,1751.81,2021-12-16 00:00:00,2021-12-23 00:00:00,2021-12-24 00:00:00,,,,,,,,,,,,,2021-12-23 00:00:00,1830.08,1925.08,1999.17,2022.04,1953.96,8138954520.0,0.021516,0.116805
000858SZ_2021-12-24T000000_SELL_COUNTDOWN_PROGRESS_-1_2021-11-26T000000_7,2021-12-24 00:00:00,000858.SZ,1d,COUNTDOWN,SELL_COUNTDOWN_PROGRESS,-1,7,,,SELL_SETUP,True,2021-11-16 00:00:00,2021-11-26 00:00:00,209.35,185.31,2021-11-26 00:00:00,2021-12-03 00:00:00,2021-12-06 00:00:00,2021-12-07 00:00:00,2021-12-08 00:00:00,2021-12-09 00:00:00,2021-12-10 00:00:00,2021-12-24 00:00:00,,,,,,,,2021-12-03 00:00:00,203.5,213.0,222.14,225.51,217.31,6506878135.0,0.022397,0.08398
600036SS_2021-12-24T000000_BUY_SETUP_PERFECT_1_2021-12-24T000000_9,2021-12-24 00:00:00,600036.SS,1d,SETUP,BUY_SETUP_PERFECT,1,9,True,,BUY_SETUP,True,2021-12-14 00:00:00,2021-12-24 00:00:00,,,,,,,,,,,,,,,,,,,,,,,,2749503535.0,0.013502,0.000962
600036SS_2021-12-24T000000_BUY_COUNTDOWN_PROGRESS_1_2021-12-24T000000_1,2021-12-24 00:00:00,600036.SS,1d,COUNTDOWN,BUY_COUNTDOWN_PROGRESS,1,1,,,BUY_SETUP,True,2021-12-14 00:00:00,2021-12-24 00:00:00,44.26,44.26,2021-12-24 00:00:00,2021-12-24 00:00:00,,,,,,,,,,,,,,2021-12-24 00:00:00,41.6,41.98,41.62,41.98,41.6,2749503535.0,0.013502,0.000962
600519SS_2021-12-27T000000_SELL_COUNTDOWN_PROGRESS_-1_2021-12-16T000000_3,2021-12-27 00:00:00,600519.SS,1d,COUNTDOWN,SELL_COUNTDOWN_PROGRESS,-1,3,,,SELL_SETUP,False,2021-12-06 00:00:00,2021-12-16 00:00:00,1985.08,1751.81,2021-12-16 00:00:00,2021-12-23 00:00:00,2021-12-24 00:00:00,2021-12-27 00:00:00,,,,,,,,,,,,2021-12-23 00:00:00,1830.08,1925.08,1936.9,1973.08,1917.08,8121364600.0,0.021592,0.115822
600036SS_2021-12-27T000000_BUY_COUNTDOWN_PROGRESS_1_2021-12-24T000000_2,2021-12-27 00:00:00,600036.SS,1d,COUNTDOWN,BUY_COUNTDOWN_PROGRESS,1,2,,,BUY_SETUP,True,2021-12-14 00:00:00,2021-12-24 00:00:00,44.26,44.26,2021-12-24 00:00:00,2021-12-24 00:00:00,2021-12-27 00:00:00,,,,,,,,,,,,,2021-12-27 00:00:00,40.76,41.82,41.09,41.82,40.76,2727154200.0,0.013695,-0.003879
601318SS_2021-12-28T000000_SELL_COUNTDOWN_PROGRESS_-1_2021-12-14T000000_1,2021-12-28 00:00:00,601318.SS,1d,COUNTDOWN,SELL_COUNTDOWN_PROGRESS,-1,1,,,SELL_SETUP,True,2021-12-02 00:00:00,2021-12-14 00:00:00,42.75,38.67,2021-12-14 00:00:00,2021-12-28 00:00:00,,,,,,,,,,,,,,2021-12-28 00:00:00,40.35,41.38,41.12,41.38,40.35,2845215375.0,0.012603,0.051125
600036SS_2021-12-28T000000_BUY_COUNTDOWN_PROGRESS_1_2021-12-24T000000_3,2021-12-28 00:00:00,600036.SS,1d,COUNTDOWN,BUY_COUNTDOWN_PROGRESS,1,3,,,BUY_SETUP,True,2021-12-14 00:00:00,2021-12-24 00:00:00,44.26,44.26,2021-12-24 00:00:00,2021-12-24 00:00:00,2021-12-27 00:00:00,2021-12-28 00:00:00,,,,,,,,,,,,2021-12-27 00:00:00,40.76,41.82,41.39,41.56,40.96,2738594255.0,0.013509,-0.008623
601318SS_2021-12-29T000000_SELL_COUNTDOWN_PROGRESS_-1_2021-12-14T000000_2,2021-12-29 00:00:00,601318.SS,1d,COUNTDOWN,SELL_COUNTDOWN_PROGRESS,-1,2,,,SELL_SETUP,True,2021-12-02 00:00:00,2021-12-14 00:00:00,42.75,38.67,2021-12-14 00:00:00,2021-12-28 00:00:00,2021-12-29 00:00:00,,,,,,,,,,,,,2021-12-28 00:00:00,40.35,41.38,41.06,41.41,40.77,2838070700.0,0.012627,0.049323
600036SS_2021-12-29T000000_BUY_COUNTDOWN_PROGRESS_1_2021-12-24T000000_4,2021-12-29 00:00:00,600036.SS,1d,COUNTDOWN,BUY_COUNTDOWN_PROGRESS,1,4,,,BUY_SETUP,True,2021-12-14 00:00:00,2021-12-24 00:00:00,44.26,44.26,2021-12-24 00:00:00,2021-12-24 00:00:00,2021-12-27 00:00:00,2021-12-28 00:00:00,2021-12-29 00:00:00,,,,,,,,,,,2021-12-29 00:00:00,39.37,41.48,39.38,41.48,39.37,2961913525.0,0.016305,-0.076671
600036SS_2021-12-30T000000_BUY_COUNTDOWN_PROGRESS_1_2021-12-24T000000_5,2021-12-30 00:00:00,600036.SS,1d,COUNTDOWN,BUY_COUNTDOWN_PROGRESS,1,5,,,BUY_SETUP,True,2021-12-14 00:00:00,2021-12-24 00:00:00,44.26,44.26,2021-12-24 00:00:00,2021-12-24 00:00:00,2021-12-27 00:00:00,2021-12-28 00:00:00,2021-12-29 00:00:00,2021-12-30 00:00:00,,,,,,,,,,2021-12-29 00:00:00,39.37,41.48,40.26,40.54,39.42,3055293585.0,0.01714,-0.063939
601318SS_2022-01-04T000000_SELL_COUNTDOWN_PROGRESS_-1_2021-12-14T000000_3,2022-01-04 00:00:00,601318.SS,1d,COUNTDOWN,SELL_COUNTDOWN_PROGRESS,-1,3,,,SELL_SETUP,True,2021-12-02 00:00:00,2021-12-14 00:00:00,42.75,38.67,2021-12-14 00:00:00,2021-12-28 00:00:00,2021-12-29 00:00:00,2022-01-04 00:00:00,,,,,,,,,,,,2021-12-28 00:00:00,40.35,41.38,41.25,41.31,40.35,2849145685.0,0.011323,0.01501
601318SS_2022-01-05T000000_SELL_COUNTDOWN_PROGRESS_-1_2021-12-14T000000_4,2022-01-05 00:00:00,601318.SS,1d,COUNTDOWN,SELL_COUNTDOWN_PROGRESS,-1,4,,,SELL_SETUP,True,2021-12-02 00:00:00,2021-12-14 00:00:00,42.75,38.67,2021-12-14 00:00:00,2021-12-28 00:00:00,2021-12-29 00:00:00,2022-01-04 00:00:00,2022-01-05 00:00:00,,,,,,,,,,,2021-12-28 00:00:00,40.35,41.38,42.32,42.65,41.22,2902588385.0,0.012613,0.042621
601318SS_2022-01-06T000000_SELL_COUNTDOWN_PROGRESS_-1_2021-12-14T000000_5,2022-01-06 00:00:00,601318.SS,1d,COUNTDOWN,SELL_COUNTDOWN_PROGRESS,-1,5,,,SELL_SETUP,True,2021-12-02 00:00:00,2021-12-14 00:00:00,42.75,38.67,2021-12-14 00:00:00,2021-12-28 00:00:00,2021-12-29 00:00:00,2022-01-04 00:00:00,2022-01-05 00:00:00,2022-01-06 00:00:00,,,,,,,,,,2021-12-28 00:00:00,40.35,41.38,41.55,42.27,41.47,2909204635.0,0.012314,-0.000241
600519SS_2022-01-07T000000_SELL_COUNTDOWN_CANCEL_-1_2021-12-16T000000_3,2022-01-07 00:00:00,600519.SS,1d,COUNTDOWN,SELL_COUNTDOWN_CANCEL,-1,3,,tdst_break_rule_4,SELL_SETUP,False,2021-12-06 00:00:00,2021-12-16 00:00:00,1985.08,1751.81,2021-12-16 00:00:00,2021-12-23 00:00:00,2021-12-24 00:00:00,2021-12-27 00:00:00,,,,,,,,,,,,2021-12-23 00:00:00,1830.08,1925.08,1747.08,1793.96,1744.4,7962908745.0,0.02292,-0.078097
601318SS_2022-01-07T000000_SELL_COUNTDOWN_PROGRESS_-1_2021-12-14T000000_6,2022-01-07 00:00:00,601318.SS,1d,COUNTDOWN,SELL_COUNTDOWN_PROGRESS,-1,6,,,SELL_SETUP,True,2021-12-02 00:00:00,2021-12-14 00:00:00,42.75,38.67,2021-12-14 00:00:00,2021-12-28 00:00:00,2021-12-29 00:00:00,2022-01-04 00:00:00,2022-01-05 00:00:00,2022-01-06 00:00:00,2022-01-07 00:00:00,,,,,,,,,2021-12-28 00:00:00,40.35,41.38,43.19,43.58,41.7,2913125505.0,0.01511,0.041476
601318SS_2022-01-10T000000_SELL_SETUP_PERFECT_-1_2022-01-10T000000_9,2022-01-10 00:00:00,601318.SS,1d,SETUP,SELL_SETUP_PERFECT,-1,9,True,,SELL_SETUP,True,2021-12-28 00:00:00,2022-01-10 00:00:00,,,,,,,,,,,,,,,,,,,,,,,,2925765425.0,0.015082,0.046618
601318SS_2022-01-10T000000_SELL_COUNTDOWN_CANCEL_-1_2021-12-14T000000_6,2022-01-10 00:00:00,601318.SS,1d,COUNTDOWN,SELL_COUNTDOWN_CANCEL,-1,6,,same_setup,SELL_SETUP,True,2021-12-02 00:00:00,2021-12-14 00:00:00,42.75,38.67,2021-12-14 00:00:00,2021-12-28 00:00:00,2021-12-29 00:00:00,2022-01-04 00:00:00,2022-01-05 00:00:00,2022-01-06 00:00:00,2022-01-07 00:00:00,,,,,,,,,2021-12-28 00:00:00,40.35,41.38,43.33,43.81,42.75,2925765425.0,0.015082,0.046618
601318SS_2022-01-10T000000_SELL_COUNTDOWN_PROGRESS_-1_2022-01-10T000000_1,2022-01-10 00:00:00,601318.SS,1d,COUNTDOWN,SELL_COUNTDOWN_PROGRESS,-1,1,,,SELL_SETUP,True,2021-12-28 00:00:00,2022-01-10 00:00:00,43.81,40.35,2022-01-10 00:00:00,2022-01-10 00:00:00,,,,,,,,,,,,,,2022-01-10 00:00:00,42.75,43.81,43.33,43.81,42.75,2925765425.0,0.015082,0.046618
600519SS_2022-01-11T000000_BUY_SETUP_PERFECT_1_2022-01-11T000000_9,2022-01-11 00:00:00,600519.SS,1d,SETUP,BUY_SETUP_PERFECT,1,9,True,,BUY_SETUP,True,2021-12-29 00:00:00,2022-01-11 00:00:00,,,,,,,,,,,,,,,,,,,,,,,,7314974965.0,0.022444,-0.107131
000858SZ_2022-01-11T000000_BUY_SETUP_PERFECT_1_2022-01-11T000000_9,2022-01-11 00:00:00,000858.SZ,1d,SETUP,BUY_SETUP_PERFECT,1,9,True,,BUY_SETUP,True,2021-12-29 00:00:00,2022-01-11 00:00:00,,,,,,,,,,,,,,,,,,,,,,,,5181966900.0,0.018848,-0.159166
000858SZ_2022-01-11T000000_SELL_COUNTDOWN_CANCEL_-1_2021-11-26T000000_7,2022-01-11 00:00:00,000858.SZ,1d,COUNTDOWN,SELL_COUNTDOWN_CANCEL,-1,7,,opposite_setup,SELL_SETUP,True,2021-11-16 00:00:00,2021-11-26 00:00:00,209.35,185.31,2021-11-26 00:00:00,2021-12-03 00:00:00,2021-12-06 00:00:00,2021-12-07 00:00:00,2021-12-08 00:00:00,2021-12-09 00:00:00,2021-12-10 00:00:00,2021-12-24 00:00:00,,,,,,,,2021-12-03 00:00:00,203.5,213.0,193.56,196.55,193.25,5181966900.0,0.018848,-0.159166
000858SZ_2022-01-11T000000_BUY_COUNTDOWN_PROGRESS_1_2022-01-11T000000_1,2022-01-11 00:00:00,000858.SZ,1d,COUNTDOWN,BUY_COUNTDOWN_PROGRESS,1,1,,,BUY_SETUP,True,2021-12-29 00:00:00,2022-01-11 00:00:00,217.78,217.78,2022-01-11 00:00:00,2022-01-11 00:00:00,,,,,,,,,,,,,,2022-01-11 00:00:00,193.25,196.55,193.56,196.55,193.25,5181966900.0,0.018848,-0.159166
600519SS_2022-01-13T000000_BUY_COUNTDOWN_PROGRESS_1_2022-01-11T000000_1,2022-01-13 00:00:00,600519.SS,1d,COUNTDOWN,BUY_COUNTDOWN_PROGRESS,1,1,,,BUY_SETUP,True,2021-12-29 00:00:00,2022-01-11 00:00:00,1959.33,1959.33,2022-01-11 00:00:00,2022-01-13 00:00:00,,,,,,,,,,,,,,2022-01-13 00:00:00,1670.64,1773.07,1682.47,1773.07,1670.64,7367356530.0,0.025119,-0.125567
000858SZ_2022-01-13T000000_BUY_COUNTDOWN_PROGRESS_1_2022-01-11T000000_2,2022-01-13 00:00:00,000858.SZ,1d,COUNTDOWN,BUY_COUNTDOWN_PROGRESS,1,2,,,BUY_SETUP,True,2021-12-29 00:00:00,2022-01-11 00:00:00,217.78,217.78,2022-01-11 00:00:00,2022-01-11 00:00:00,2022-01-13 00:00:00,,,,,,,,,,,,,2022-01-13 00:00:00,188.2,199.24,189.1,199.24,188.2,5053912910.0,0.021473,-0.154671
600519SS_2022-01-14T000000_BUY_COUNTDOWN_PROGRESS_1_2022-01-11T000000_2,2022-01-14 00:00:00,600519.SS,1d,COUNTDOWN,BUY_COUNTDOWN_PROGRESS,1,2,,,BUY_SETUP,True,2021-12-29 00:00:00,2022-01-11 00:00:00,1959.33,1959.33,2022-01-11 00:00:00,2022-01-13 00:00:00,2022-01-14 00:00:00,,,,,,,,,,,,,2022-01-14 00:00:00,1668.08,1698.08,1672.08,1698.08,1668.08,7249390865.0,0.024187,-0.098988
000858SZ_2022-01-14T000000_BUY_COUNTDOWN_PROGRESS_1_2022-01-11T000000_3,2022-01-14 00:00:00,000858.SZ,1d,COUNTDOWN,BUY_COUNTDOWN_PROGRESS,1,3,,,BUY_SETUP,True,2021-12-29 00:00:00,2022-01-11 00:00:00,217.78,217.78,2022-01-11 00:00:00,2022-01-11 00:00:00,2022-01-13 00:00:00,2022-01-14 00:00:00,,,,,,,,,,,,2022-01-14 00:00:00,186.7,190.54,187.4,190.54,186.7,4847581975.0,0.020384,-0.129829
600036SS_2022-01-14T000000_BUY_COUNTDOWN_PROGRESS_1_2021-12-24T000000_6,2022-01-14 00:00:00,600036.SS,1d,COUNTDOWN,BUY_COUNTDOWN_PROGRESS,1,6,,,BUY_SETUP,True,2021-12-14 00:00:00,2021-12-24 00:00:00,44.26,44.26,2021-12-24 00:00:00,2021-12-24 00:00:00,2021-12-27 00:00:00,2021-12-28 00:00:00,2021-12-29 00:00:00,2021-12-30 00:00:00,2022-01-14 00:00:00,,,,,,,,,2021-12-29 00:00:00,39.37,41.48,39.78,41.23,39.76,3090813600.0,0.017726,-0.06466
600519SS_2022-01-17T000000_BUY_COUNTDOWN_PROGRESS_1_2022-01-11T000000_3,2022-01-17 00:00:00,600519.SS,1d,COUNTDOWN,BUY_COUNTDOWN_PROGRESS,1,3,,,BUY_SETUP,True,2021-12-29 00:00:00,2022-01-11 00:00:00,1959.33,1959.33,2022-01-11 00:00:00,2022-01-13 00:00:00,2022-01-14 00:00:00,2022-01-17 00:00:00,,,,,,,,,,,,2022-01-17 00:00:00,1640.42,1683.38,1666.69,1683.38,1640.42,7003651260.0,0.024087,-0.105872
600036SS_2022-01-17T000000_BUY_COUNTDOWN_PROGRESS_1_2021-12-24T000000_7,2022-01-17 00:00:00,600036.SS,1d,COUNTDOWN,BUY_COUNTDOWN_PROGRESS,1,7,,,BUY_SETUP,True,2021-12-14 00:00:00,2021-12-24 00:00:00,44.26,44.26,2021-12-24 00:00:00,2021-12-24 00:00:00,2021-12-27 00:00:00,2021-12-28 00:00:00,2021-12-29 00:00:00,2021-12-30 00:00:00,2022-01-14 00:00:00,2022-01-17 00:00:00,,,,,,,,2021-12-29 00:00:00,39.37,41.48,40.34,40.61,39.65,3098420835.0,0.018149,-0.049706
601318SS_2022-01-19T000000_SELL_COUNTDOWN_PROGRESS_-1_2022-01-10T000000_2,2022-01-19 00:00:00,601318.SS,1d,COUNTDOWN,SELL_COUNTDOWN_PROGRESS,-1,2,,,SELL_SETUP,True,2021-12-28 00:00:00,2022-01-10 00:00:00,43.81,40.35,2022-01-10 00:00:00,2022-01-10 00:00:00,2022-01-19 00:00:00,,,,,,,,,,,,,2022-01-19 00:00:00,41.36,42.09,41.7,42.09,41.36,3098802390.0,0.015272,0.031412
601318SS_2022-01-20T000000_SELL_COUNTDOWN_PROGRESS_-1_2022-01-10T000000_3,2022-01-20 00:00:00,601318.SS,1d,COUNTDOWN,SELL_COUNTDOWN_PROGRESS,-1,3,,,SELL_SETUP,True,2021-12-28 00:00:00,2022-01-10 00:00:00,43.81,40.35,2022-01-10 00:00:00,2022-01-10 00:00:00,2022-01-19 00:00:00,2022-01-20 00:00:00,,,,,,,,,,,,2022-01-19 00:00:00,41.36,42.09,43.65,43.77,41.7,3374703225.0,0.018278,0.078577
601318SS_2022-01-21T000000_SELL_COUNTDOWN_PROGRESS_-1_2022-01-10T000000_4,2022-01-21 00:00:00,601318.SS,1d,COUNTDOWN,SELL_COUNTDOWN_PROGRESS,-1,4,,,SELL_SETUP,True,2021-12-28 00:00:00,2022-01-10 00:00:00,43.81,40.35,2022-01-10 00:00:00,2022-01-10 00:00:00,2022-01-19 00:00:00,2022-01-20 00:00:00,2022-01-21 00:00:00,,,,,,,,,,,2022-01-19 00:00:00,41.36,42.09,43.8,44.05,43.25,3551556725.0,0.017979,0.093087
600519SS_2022-01-25T000000_BUY_COUNTDOWN_PROGRESS_1_2022-01-11T000000_4,2022-01-25 00:00:00,600519.SS,1d,COUNTDOWN,BUY_COUNTDOWN_PROGRESS,1,4,,,BUY_SETUP,True,2021-12-29 00:00:00,2022-01-11 00:00:00,1959.33,1959.33,2022-01-11 00:00:00,2022-01-13 00:00:00,2022-01-14 00:00:00,2022-01-17 00:00:00,2022-01-25 00:00:00,,,,,,,,,,,2022-01-17 00:00:00,1640.42,1683.38,1748.08,1771.08,1736.08,6469866350.0,0.021789,-0.100439
000858SZ_2022-01-25T000000_BUY_COUNTDOWN_PROGRESS_1_2022-01-11T000000_4,2022-01-25 00:00:00,000858.SZ,1d,COUNTDOWN,BUY_COUNTDOWN_PROGRESS,1,4,,,BUY_SETUP,True,2021-12-29 00:00:00,2022-01-11 00:00:00,217.78,217.78,2022-01-11 00:00:00,2022-01-11 00:00:00,2022-01-13 00:00:00,2022-01-14 00:00:00,2022-01-25 00:00:00,,,,,,,,,,,2022-01-14 00:00:00,186.7,190.54,188.56,195.2,188.2,4276793410.0,0.020304,-0.134172
600036SS_2022-01-25T000000_BUY_COUNTDOWN_PROGRESS_1_2021-12-24T000000_8,2022-01-25 00:00:00,600036.SS,1d,COUNTDOWN,BUY_COUNTDOWN_PROGRESS,1,8,,,BUY_SETUP,True,2021-12-14 00:00:00,2021-12-24 00:00:00,44.26,44.26,2021-12-24 00:00:00,2021-12-24 00:00:00,2021-12-27 00:00:00,2021-12-28 00:00:00,2021-12-29 00:00:00,2021-12-30 00:00:00,2022-01-14 00:00:00,2022-01-17 00:00:00,2022-01-25 00:00:00,42.66,,,,,,2021-12-29 00:00:00,39.37,41.48,42.66,43.55,42.46,3591158925.0,0.021017,0.030684
000858SZ_2022-01-26T000000_BUY_COUNTDOWN_PROGRESS_1_2022-01-11T000000_5,2022-01-26 00:00:00,000858.SZ,1d,COUNTDOWN,BUY_COUNTDOWN_PROGRESS,1,5,,,BUY_SETUP,True,2021-12-29 00:00:00,2022-01-11 00:00:00,217.78,217.78,2022-01-11 00:00:00,2022-01-11 00:00:00,2022-01-13 00:00:00,2022-01-14 00:00:00,2022-01-25 00:00:00,2022-01-26 00:00:00,,,,,,,,,,2022-01-26 00:00:00,182.43,191.96,186.25,191.96,182.43,4328444175.0,0.017067,-0.095435
600036SS_2022-01-26T000000_BUY_COUNTDOWN_PROGRESS_1_2021-12-24T000000_9,2022-01-26 00:00:00,600036.SS,1d,COUNTDOWN,BUY_COUNTDOWN_PROGRESS,1,9,,,BUY_SETUP,True,2021-12-14 00:00:00,2021-12-24 00:00:00,44.26,44.26,2021-12-24 00:00:00,2021-12-24 00:00:00,2021-12-27 00:00:00,2021-12-28 00:00:00,2021-12-29 00:00:00,2021-12-30 00:00:00,2022-01-14 00:00:00,2022-01-17 00:00:00,2022-01-25 00:00:00,42.66,2022-01-26 00:00:00,,,,,2021-12-29 00:00:00,39.37,41.48,42.76,43.25,42.36,3540614520.0,0.017348,0.08583
000858SZ_2022-01-27T000000_BUY_COUNTDOWN_PROGRESS_1_2022-01-11T000000_6,2022-01-27 00:00:00,000858.SZ,1d,COUNTDOWN,BUY_COUNTDOWN_PROGRESS,1,6,,,BUY_SETUP,True,2021-12-29 00:00:00,2022-01-11 00:00:00,217.78,217.78,2022-01-11 00:00:00,2022-01-11 00:00:00,2022-01-13 00:00:00,2022-01-14 00:00:00,2022-01-25 00:00:00,2022-01-26 00:00:00,2022-01-27 00:00:00,,,,,,,,,2022-01-26 00:00:00,182.43,191.96,183.6,191.46,183.37,4145492560.0,0.017154,-0.107438
600519SS_2022-01-28T000000_BUY_COUNTDOWN_PROGRESS_1_2022-01-11T000000_5,2022-01-28 00:00:00,600519.SS,1d,COUNTDOWN,BUY_COUNTDOWN_PROGRESS,1,5,,,BUY_SETUP,True,2021-12-29 00:00:00,2022-01-11 00:00:00,1959.33,1959.33,2022-01-11 00:00:00,2022-01-13 00:00:00,2022-01-14 00:00:00,2022-01-17 00:00:00,2022-01-25 00:00:00,2022-01-28 00:00:00,,,,,,,,,,2022-01-17 00:00:00,1640.42,1683.38,1692.08,1773.08,1685.09,6301121150.0,0.020721,-0.087867
000858SZ_2022-01-28T000000_BUY_COUNTDOWN_PROGRESS_1_2022-01-11T000000_7,2022-01-28 00:00:00,000858.SZ,1d,COUNTDOWN,BUY_COUNTDOWN_PROGRESS,1,7,,,BUY_SETUP,True,2021-12-29 00:00:00,2022-01-11 00:00:00,217.78,217.78,2022-01-11 00:00:00,2022-01-11 00:00:00,2022-01-13 00:00:00,2022-01-14 00:00:00,2022-01-25 00:00:00,2022-01-26 00:00:00,2022-01-27 00:00:00,2022-01-28 00:00:00,,,,,,,,2022-01-28 00:00:00,178.2,185.5,178.58,185.5,178.2,4105376980.0,0.017742,-0.119688
601318SS_2022-01-28T000000_SELL_COUNTDOWN_CANCEL_-1_2022-01-10T000000_4,2022-01-28 00:00:00,601318.SS,1d,COUNTDOWN,SELL_COUNTDOWN_CANCEL,-1,4,,tdst_break_rule_4,SELL_SETUP,True,2021-12-28 00:00:00,2022-01-10 00:00:00,43.81,40.35,2022-01-10 00:00:00,2022-01-10 00:00:00,2022-01-19 00:00:00,2022-01-20 00:00:00,2022-01-21 00:00:00,,,,,,,,,,,2022-01-19 00:00:00,41.36,42.09,40.22,41.6,40.05,3848366685.0,0.022121,-0.010821
600036SS_2022-01-28T000000_BUY_COUNTDOWN_PROGRESS_1_2021-12-24T000000_10,2022-01-28 00:00:00,600036.SS,1d,COUNTDOWN,BUY_COUNTDOWN_PROGRESS,1,10,,,BUY_SETUP,True,2021-12-14 00:00:00,2021-12-24 00:00:00,44.26,44.26,2021-12-24 00:00:00,2021-12-24 00:00:00,2021-12-27 00:00:00,2021-12-28 00:00:00,2021-12-29 00:00:00,2021-12-30 00:00:00,2022-01-14 00:00:00,2022-01-17 00:00:00,2022-01-25 00:00:00,42.66,2022-01-26 00:00:00,2022-01-28 00:00:00,,,,2021-12-29 00:00:00,39.37,41.48,40.97,42.96,40.91,3271509215.0,0.019107,0.012355
600519SS_2022-02-07T000000_BUY_COUNTDOWN_PROGRESS_1_2022-01-11T000000_6,2022-02-07 00:00:00,600519.SS,1d,COUNTDOWN,BUY_COUNTDOWN_PROGRESS,1,6,,,BUY_SETUP,True,2021-12-29 00:00:00,2022-01-11 00:00:00,1959.33,1959.33,2022-01-11 00:00:00,2022-01-13 00:00:00,2022-01-14 00:00:00,2022-01-17 00:00:00,2022-01-25 00:00:00,2022-01-28 00:00:00,2022-02-07 00:00:00,,,,,,,,,2022-01-17 00:00:00,1640.42,1683.38,1673.04,1718.64,1655.08,6328140370.0,0.020732,-0.098728
000858SZ_2022-02-07T000000_BUY_COUNTDOWN_PROGRESS_1_2022-01-11T000000_8,2022-02-07 00:00:00,000858.SZ,1d,COUNTDOWN,BUY_COUNTDOWN_PROGRESS,1,8,,,BUY_SETUP,True,2021-12-29 00:00:00,2022-01-11 00:00:00,217.78,217.78,2022-01-11 00:00:00,2022-01-11 00:00:00,2022-01-13 00:00:00,2022-01-14 00:00:00,2022-01-25 00:00:00,2022-01-26 00:00:00,2022-01-27 00:00:00,2022-01-28 00:00:00,2022-02-07 00:00:00,175.82,,,,,,2022-02-07 00:00:00,174.88,183.06,175.82,183.06,174.88,4083340590.0,0.017651,-0.137122
600519SS_2022-02-08T000000_BUY_COUNTDOWN_PROGRESS_1_2022-01-11T000000_7,2022-02-08 00:00:00,600519.SS,1d,COUNTDOWN,BUY_COUNTDOWN_PROGRESS,1,7,,,BUY_SETUP,True,2021-12-29 00:00:00,2022-01-11 00:00:00,1959.33,1959.33,2022-01-11 00:00:00,2022-01-13 00:00:00,2022-01-14 00:00:00,2022-01-17 00:00:00,2022-01-25 00:00:00,2022-01-28 00:00:00,2022-02-07 00:00:00,2022-02-08 00:00:00,,,,,,,,2022-02-08 00:00:00,1595.08,1677.95,1644.08,1677.95,1595.08,6361714240.0,0.020803,-0.101144
000858SZ_2022-02-08T000000_BUY_COUNTDOWN_PROGRESS_1_2022-01-11T000000_9,2022-02-08 00:00:00,000858.SZ,1d,COUNTDOWN,BUY_COUNTDOWN_PROGRESS,1,9,,,BUY_SETUP,True,2021-12-29 00:00:00,2022-01-11 00:00:00,217.78,217.78,2022-01-11 00:00:00,2022-01-11 00:00:00,2022-01-13 00:00:00,2022-01-14 00:00:00,2022-01-25 00:00:00,2022-01-26 00:00:00,2022-01-27 00:00:00,2022-01-28 00:00:00,2022-02-07 00:00:00,175.82,2022-02-08 00:00:00,,,,,2022-02-08 00:00:00,165.1,176.53,170.2,176.53,165.1,4147333415.0,0.018332,-0.165482
000858SZ_2022-02-11T000000_BUY_SETUP_1_2022-02-11T000000_9,2022-02-11 00:00:00,000858.SZ,1d,SETUP,BUY_SETUP,1,9,False,,BUY_SETUP,False,2022-01-25 00:00:00,2022-02-11 00:00:00,,,,,,,,,,,,,,,,,,,,,,,,4175273420.0,0.020872,-0.106016
000858SZ_2022-02-11T000000_BUY_COUNTDOWN_CANCEL_1_2022-01-11T000000_9,2022-02-11 00:00:00,000858.SZ,1d,COUNTDOWN,BUY_COUNTDOWN_CANCEL,1,9,,same_setup,BUY_SETUP,True,2021-12-29 00:00:00,2022-01-11 00:00:00,217.78,217.78,2022-01-11 00:00:00,2022-01-11 00:00:00,2022-01-13 00:00:00,2022-01-14 00:00:00,2022-01-25 00:00:00,2022-01-26 00:00:00,2022-01-27 00:00:00,2022-01-28 00:00:00,2022-02-07 00:00:00,175.82,2022-02-08 00:00:00,,,,,2022-02-08 00:00:00,165.1,176.53,174.47,178.83,171.55,4175273420.0,0.020872,-0.106016
600036SS_2022-02-11T000000_BUY_COUNTDOWN_CANCEL_1_2021-12-24T000000_10,2022-02-11 00:00:00,600036.SS,1d,COUNTDOWN,BUY_COUNTDOWN_CANCEL,1,10,,tdst_break_rule_4,BUY_SETUP,True,2021-12-14 00:00:00,2021-12-24 00:00:00,44.26,44.26,2021-12-24 00:00:00,2021-12-24 00:00:00,2021-12-27 00:00:00,2021-12-28 00:00:00,2021-12-29 00:00:00,2021-12-30 00:00:00,2022-01-14 00:00:00,2022-01-17 00:00:00,2022-01-25 00:00:00,42.66,2022-01-26 00:00:00,2022-01-28 00:00:00,,,,2021-12-29 00:00:00,39.37,41.48,44.52,44.76,43.41,3202720465.0,0.021205,0.086119
600519SS_2022-02-21T000000_BUY_COUNTDOWN_PROGRESS_1_2022-01-11T000000_8,2022-02-21 00:00:00,600519.SS,1d,COUNTDOWN,BUY_COUNTDOWN_PROGRESS,1,8,,,BUY_SETUP,True,2021-12-29 00:00:00,2022-01-11 00:00:00,1959.33,1959.33,2022-01-11 00:00:00,2022-01-13 00:00:00,2022-01-14 00:00:00,2022-01-17 00:00:00,2022-01-25 00:00:00,2022-01-28 00:00:00,2022-02-07 00:00:00,2022-02-08 00:00:00,2022-02-21 00:00:00,1682.07,,,,,,2022-02-08 00:00:00,1595.08,1677.95,1682.07,1711.98,1674.03,5409631960.0,0.018502,-0.009002
600519SS_2022-02-22T000000_BUY_COUNTDOWN_PROGRESS_1_2022-01-11T000000_9,2022-02-22 00:00:00,600519.SS,1d,COUNTDOWN,BUY_COUNTDOWN_PROGRESS,1,9,,,BUY_SETUP,True,2021-12-29 00:00:00,2022-01-11 00:00:00,1959.33,1959.33,2022-01-11 00:00:00,2022-01-13 00:00:00,2022-01-14 00:00:00,2022-01-17 00:00:00,2022-01-25 00:00:00,2022-01-28 00:00:00,2022-02-07 00:00:00,2022-02-08 00:00:00,2022-02-21 00:00:00,1682.07,2022-02-22 00:00:00,,,,,2022-02-08 00:00:00,1595.08,1677.95,1612.95,1666.08,1605.1,5587996295.0,0.020364,-0.060644
000858SZ_2022-02-22T000000_BUY_COUNTDOWN_PROGRESS_1_2022-02-11T000000_1,2022-02-22 00:00:00,000858.SZ,1d,COUNTDOWN,BUY_COUNTDOWN_PROGRESS,1,1,,,BUY_SETUP,False,2022-01-25 00:00:00,2022-02-11 00:00:00,195.2,195.2,2022-02-11 00:00:00,2022-02-22 00:00:00,,,,,,,,,,,,,,2022-02-22 00:00:00,172.05,178.13,173.6,178.13,172.05,3887741515.0,0.019455,-0.091099
600519SS_2022-02-23T000000_BUY_COUNTDOWN_PROGRESS_1_2022-01-11T000000_10,2022-02-23 00:00:00,600519.SS,1d,COUNTDOWN,BUY_COUNTDOWN_PROGRESS,1,10,,,BUY_SETUP,True,2021-12-29 00:00:00,2022-01-11 00:00:00,1959.33,1959.33,2022-01-11 00:00:00,2022-01-13 00:00:00,2022-01-14 00:00:00,2022-01-17 00:00:00,2022-01-25 00:00:00,2022-01-28 00:00:00,2022-02-07 00:00:00,2022-02-08 00:00:00,2022-02-21 00:00:00,1682.07,2022-02-22 00:00:00,2022-02-23 00:00:00,,,,2022-02-08 00:00:00,1595.08,1677.95,1632.09,1639.08,1605.16,5592556510.0,0.018835,-0.080305
000858SZ_2022-02-23T000000_BUY_COUNTDOWN_PROGRESS_1_2022-02-11T000000_2,2022-02-23 00:00:00,000858.SZ,1d,COUNTDOWN,BUY_COUNTDOWN_PROGRESS,1,2,,,BUY_SETUP,False,2022-01-25 00:00:00,2022-02-11 00:00:00,195.2,195.2,2022-02-11 00:00:00,2022-02-22 00:00:00,2022-02-23 00:00:00,,,,,,,,,,,,,2022-02-22 00:00:00,172.05,178.13,176.4,176.78,172.23,3879579410.0,0.019633,-0.087995
600519SS_2022-02-24T000000_BUY_COUNTDOWN_PROGRESS_1_2022-01-11T000000_11,2022-02-24 00:00:00,600519.SS,1d,COUNTDOWN,BUY_COUNTDOWN_PROGRESS,1,11,,,BUY_SETUP,True,2021-12-29 00:00:00,2022-01-11 00:00:00,1959.33,1959.33,2022-01-11 00:00:00,2022-01-13 00:00:00,2022-01-14 00:00:00,2022-01-17 00:00:00,2022-01-25 00:00:00,2022-01-28 00:00:00,2022-02-07 00:00:00,2022-02-08 00:00:00,2022-02-21 00:00:00,1682.07,2022-02-22 00:00:00,2022-02-23 00:00:00,2022-02-24 00:00:00,,,2022-02-24 00:00:00,1553.18,1619.07,1569.19,1619.07,1553.18,5838219615.0,0.020044,-0.123392
000858SZ_2022-02-24T000000_BUY_COUNTDOWN_PROGRESS_1_2022-02-11T000000_3,2022-02-24 00:00:00,000858.SZ,1d,COUNTDOWN,BUY_COUNTDOWN_PROGRESS,1,3,,,BUY_SETUP,False,2022-01-25 00:00:00,2022-02-11 00:00:00,195.2,195.2,2022-02-11 00:00:00,2022-02-22 00:00:00,2022-02-23 00:00:00,2022-02-24 00:00:00,,,,,,,,,,,,2022-02-24 00:00:00,167.5,175.2,168.89,175.2,167.5,3919315245.0,0.020389,-0.144688
600519SS_2022-02-25T000000_BUY_COUNTDOWN_PROGRESS_1_2022-01-11T000000_12,2022-02-25 00:00:00,600519.SS,1d,COUNTDOWN,BUY_COUNTDOWN_PROGRESS,1,12,,,BUY_SETUP,True,2021-12-29 00:00:00,2022-01-11 00:00:00,1959.33,1959.33,2022-01-11 00:00:00,2022-01-13 00:00:00,2022-01-14 00:00:00,2022-01-17 00:00:00,2022-01-25 00:00:00,2022-01-28 00:00:00,2022-02-07 00:00:00,2022-02-08 00:00:00,2022-02-21 00:00:00,1682.07,2022-02-22 00:00:00,2022-02-23 00:00:00,2022-02-24 00:00:00,2022-02-25 00:00:00,,2022-02-24 00:00:00,1553.18,1619.07,1604.14,1613.36,1580.08,5883624440.0,0.020799,-0.086106
000858SZ_2022-02-25T000000_BUY_COUNTDOWN_PROGRESS_1_2022-02-11T000000_4,2022-02-25 00:00:00,000858.SZ,1d,COUNTDOWN,BUY_COUNTDOWN_PROGRESS,1,4,,,BUY_SETUP,False,2022-01-25 00:00:00,2022-02-11 00:00:00,195.2,195.2,2022-02-11 00:00:00,2022-02-22 00:00:00,2022-02-23 00:00:00,2022-02-24 00:00:00,2022-02-25 00:00:00,,,,,,,,,,,2022-02-24 00:00:00,167.5,175.2,170.68,173.17,170.19,3790155610.0,0.020787,-0.125928
000651SZ_2022-03-01T000000_BUY_SETUP_PERFECT_1_2022-03-01T000000_9,2022-03-01 00:00:00,000651.SZ,1d,SETUP,BUY_SETUP_PERFECT,1,9,True,,BUY_SETUP,True,2022-02-17 00:00:00,2022-03-01 00:00:00,,,,,,,,,,,,,,,,,,,,,,,,1816946420.5,0.023187,-0.083393
000651SZ_2022-03-01T000000_BUY_COUNTDOWN_PROGRESS_1_2022-03-01T000000_1,2022-03-01 00:00:00,000651.SZ,1d,COUNTDOWN,BUY_COUNTDOWN_PROGRESS,1,1,,,BUY_SETUP,True,2022-02-17 00:00:00,2022-03-01 00:00:00,28.08,28.08,2022-03-01 00:00:00,2022-03-01 00:00:00,,,,,,,,,,,,,,2022-03-01 00:00:00,25.13,25.85,25.61,25.85,25.13,1816946420.5,0.023187,-0.083393
600519SS_2022-03-03T000000_BUY_COUNTDOWN_COMPLETE_PERFECT_1_2022-01-11T000000_13,2022-03-03 00:00:00,600519.SS,1d,COUNTDOWN,BUY_COUNTDOWN_COMPLETE_PERFECT,1,13,True,,BUY_SETUP,True,2021-12-29 00:00:00,2022-01-11 00:00:00,1959.33,1959.33,2022-01-11 00:00:00,2022-01-13 00:00:00,2022-01-14 00:00:00,2022-01-17 00:00:00,2022-01-25 00:00:00,2022-01-28 00:00:00,2022-02-07 00:00:00,2022-02-08 00:00:00,2022-02-21 00:00:00,1682.07,2022-02-22 00:00:00,2022-02-23 00:00:00,2022-02-24 00:00:00,2022-02-25 00:00:00,2022-03-03 00:00:00,2022-02-24 00:00:00,1553.18,1619.07,1605.08,1655.33,1599.08,5909175175.0,0.021888,-0.051416
000858SZ_2022-03-03T000000_BUY_COUNTDOWN_PROGRESS_1_2022-02-11T000000_5,2022-03-03 00:00:00,000858.SZ,1d,COUNTDOWN,BUY_COUNTDOWN_PROGRESS,1,5,,,BUY_SETUP,False,2022-01-25 00:00:00,2022-02-11 00:00:00,195.2,195.2,2022-02-11 00:00:00,2022-02-22 00:00:00,2022-02-23 00:00:00,2022-02-24 00:00:00,2022-02-25 00:00:00,2022-03-03 00:00:00,,,,,,,,,,2022-03-03 00:00:00,162.2,170.4,162.27,170.4,162.2,3797100185.0,0.021816,-0.091332
000651SZ_2022-03-03T000000_BUY_COUNTDOWN_PROGRESS_1_2022-03-01T000000_2,2022-03-03 00:00:00,000651.SZ,1d,COUNTDOWN,BUY_COUNTDOWN_PROGRESS,1,2,,,BUY_SETUP,True,2022-02-17 00:00:00,2022-03-01 00:00:00,28.08,28.08,2022-03-01 00:00:00,2022-03-01 00:00:00,2022-03-03 00:00:00,,,,,,,,,,,,,2022-03-03 00:00:00,24.79,25.54,24.88,25.54,24.79,1723462831.5,0.018592,-0.065013
000858SZ_2022-03-04T000000_BUY_COUNTDOWN_PROGRESS_1_2022-02-11T000000_6,2022-03-04 00:00:00,000858.SZ,1d,COUNTDOWN,BUY_COUNTDOWN_PROGRESS,1,6,,,BUY_SETUP,False,2022-01-25 00:00:00,2022-02-11 00:00:00,195.2,195.2,2022-02-11 00:00:00,2022-02-22 00:00:00,2022-02-23 00:00:00,2022-02-24 00:00:00,2022-02-25 00:00:00,2022-03-03 00:00:00,2022-03-04 00:00:00,,,,,,,,,2022-03-04 00:00:00,156.08,161.59,156.57,161.59,156.08,3817937180.0,0.022744,-0.109487
601318SS_2022-03-04T000000_BUY_SETUP_PERFECT_1_2022-03-04T000000_9,2022-03-04 00:00:00,601318.SS,1d,SETUP,BUY_SETUP_PERFECT,1,9,True,,BUY_SETUP,True,2022-02-22 00:00:00,2022-03-04 00:00:00,,,,,,,,,,,,,,,,,,,,,,,,3715931755.0,0.019465,-0.044518
601318SS_2022-03-04T000000_BUY_COUNTDOWN_PROGRESS_1_2022-03-04T000000_1,2022-03-04 00:00:00,601318.SS,1d,COUNTDOWN,BUY_COUNTDOWN_PROGRESS,1,1,,,BUY_SETUP,True,2022-02-22 00:00:00,2022-03-04 00:00:00,43.85,43.85,2022-03-04 00:00:00,2022-03-04 00:00:00,,,,,,,,,,,,,,2022-03-04 00:00:00,40.21,40.73,40.35,40.73,40.21,3715931755.0,0.019465,-0.044518
000651SZ_2022-03-04T000000_BUY_COUNTDOWN_PROGRESS_1_2022-03-01T000000_3,2022-03-04 00:00:00,000651.SZ,1d,COUNTDOWN,BUY_COUNTDOWN_PROGRESS,1,3,,,BUY_SETUP,True,2022-02-17 00:00:00,2022-03-01 00:00:00,28.08,28.08,2022-03-01 00:00:00,2022-03-01 00:00:00,2022-03-03 00:00:00,2022-03-04 00:00:00,,,,,,,,,,,,2022-03-04 00:00:00,24.3,24.75,24.61,24.75,24.3,1693974928.0,0.018159,-0.088519
000858SZ_2022-03-07T000000_BUY_COUNTDOWN_PROGRESS_1_2022-02-11T000000_7,2022-03-07 00:00:00,000858.SZ,1d,COUNTDOWN,BUY_COUNTDOWN_PROGRESS,1,7,,,BUY_SETUP,False,2022-01-25 00:00:00,2022-02-11 00:00:00,195.2,195.2,2022-02-11 00:00:00,2022-02-22 00:00:00,2022-02-23 00:00:00,2022-02-24 00:00:00,2022-02-25 00:00:00,2022-03-03 00:00:00,2022-03-04 00:00:00,2022-03-07 00:00:00,,,,,,,,2022-03-07 00:00:00,145.45,154.45,146.2,154.45,145.45,3974796085.0,0.025887,-0.141011
601318SS_2022-03-07T000000_BUY_COUNTDOWN_PROGRESS_1_2022-03-04T000000_2,2022-03-07 00:00:00,601318.SS,1d,COUNTDOWN,BUY_COUNTDOWN_PROGRESS,1,2,,,BUY_SETUP,True,2022-02-22 00:00:00,2022-03-04 00:00:00,43.85,43.85,2022-03-04 00:00:00,2022-03-04 00:00:00,2022-03-07 00:00:00,,,,,,,,,,,,,2022-03-07 00:00:00,38.91,39.87,39.13,39.87,38.91,3665371565.0,0.019378,-0.09526
600036SS_2022-03-07T000000_BUY_SETUP_PERFECT_1_2022-03-07T000000_9,2022-03-07 00:00:00,600036.SS,1d,SETUP,BUY_SETUP_PERFECT,1,9,True,,BUY_SETUP,True,2022-02-23 00:00:00,2022-03-07 00:00:00,,,,,,,,,,,,,,,,,,,,,,,,2417238090.0,0.018318,-0.113872
600036SS_2022-03-07T000000_BUY_COUNTDOWN_PROGRESS_1_2022-03-07T000000_1,2022-03-07 00:00:00,600036.SS,1d,COUNTDOWN,BUY_COUNTDOWN_PROGRESS,1,1,,,BUY_SETUP,True,2022-02-23 00:00:00,2022-03-07 00:00:00,43.22,43.22,2022-03-07 00:00:00,2022-03-07 00:00:00,,,,,,,,,,,,,,2022-03-07 00:00:00,38.26,40.02,38.52,40.02,38.26,2417238090.0,0.018318,-0.113872
000651SZ_2022-03-07T000000_BUY_COUNTDOWN_PROGRESS_1_2022-03-01T000000_4,2022-03-07 00:00:00,000651.SZ,1d,COUNTDOWN,BUY_COUNTDOWN_PROGRESS,1,4,,,BUY_SETUP,True,2022-02-17 00:00:00,2022-03-01 00:00:00,28.08,28.08,2022-03-01 00:00:00,2022-03-01 00:00:00,2022-03-03 00:00:00,2022-03-04 00:00:00,2022-03-07 00:00:00,,,,,,,,,,,2022-03-07 00:00:00,23.64,24.42,23.67,24.42,23.64,1702798523.0,0.019261,-0.132013
000858SZ_2022-03-08T000000_BUY_COUNTDOWN_PROGRESS_1_2022-02-11T000000_8,2022-03-08 00:00:00,000858.SZ,1d,COUNTDOWN,BUY_COUNTDOWN_PROGRESS,1,8,,,BUY_SETUP,False,2022-01-25 00:00:00,2022-02-11 00:00:00,195.2,195.2,2022-02-11 00:00:00,2022-02-22 00:00:00,2022-02-23 00:00:00,2022-02-24 00:00:00,2022-02-25 00:00:00,2022-03-03 00:00:00,2022-03-04 00:00:00,2022-03-07 00:00:00,2022-03-08 00:00:00,146.45,,,,,,2022-03-07 00:00:00,145.45,154.45,146.45,151.7,145.47,3968380390.0,0.023988,-0.168748
601318SS_2022-03-08T000000_BUY_COUNTDOWN_PROGRESS_1_2022-03-04T000000_3,2022-03-08 00:00:00,601318.SS,1d,COUNTDOWN,BUY_COUNTDOWN_PROGRESS,1,3,,,BUY_SETUP,True,2022-02-22 00:00:00,2022-03-04 00:00:00,43.85,43.85,2022-03-04 00:00:00,2022-03-04 00:00:00,2022-03-07 00:00:00,2022-03-08 00:00:00,,,,,,,,,,,,2022-03-08 00:00:00,37.55,39.31,37.72,39.31,37.55,3638067350.0,0.020501,-0.128667
600036SS_2022-03-08T000000_BUY_COUNTDOWN_PROGRESS_1_2022-03-07T000000_2,2022-03-08 00:00:00,600036.SS,1d,COUNTDOWN,BUY_COUNTDOWN_PROGRESS,1,2,,,BUY_SETUP,True,2022-02-23 00:00:00,2022-03-07 00:00:00,43.22,43.22,2022-03-07 00:00:00,2022-03-07 00:00:00,2022-03-08 00:00:00,,,,,,,,,,,,,2022-03-08 00:00:00,36.96,38.53,37.24,38.53,36.96,2473166295.0,0.019248,-0.14154
000651SZ_2022-03-08T000000_BUY_COUNTDOWN_PROGRESS_1_2022-03-01T000000_5,2022-03-08 00:00:00,000651.SZ,1d,COUNTDOWN,BUY_COUNTDOWN_PROGRESS,1,5,,,BUY_SETUP,True,2022-02-17 00:00:00,2022-03-01 00:00:00,28.08,28.08,2022-03-01 00:00:00,2022-03-01 00:00:00,2022-03-03 00:00:00,2022-03-04 00:00:00,2022-03-07 00:00:00,2022-03-08 00:00:00,,,,,,,,,,2022-03-08 00:00:00,22.66,23.89,22.71,23.89,22.66,1729133261.0,0.020451,-0.169956
000858SZ_2022-03-09T000000_BUY_COUNTDOWN_PROGRESS_1_2022-02-11T000000_9,2022-03-09 00:00:00,000858.SZ,1d,COUNTDOWN,BUY_COUNTDOWN_PROGRESS,1,9,,,BUY_SETUP,False,2022-01-25 00:00:00,2022-02-11 00:00:00,195.2,195.2,2022-02-11 00:00:00,2022-02-22 00:00:00,2022-02-23 00:00:00,2022-02-24 00:00:00,2022-02-25 00:00:00,2022-03-03 00:00:00,2022-03-04 00:00:00,2022-03-07 00:00:00,2022-03-08 00:00:00,146.45,2022-03-09 00:00:00,,,,,2022-03-09 00:00:00,137.0,147.93,143.08,147.93,137.0,4063559550.0,0.02413,-0.174094
601318SS_2022-03-09T000000_BUY_COUNTDOWN_PROGRESS_1_2022-03-04T000000_4,2022-03-09 00:00:00,601318.SS,1d,COUNTDOWN,BUY_COUNTDOWN_PROGRESS,1,4,,,BUY_SETUP,True,2022-02-22 00:00:00,2022-03-04 00:00:00,43.85,43.85,2022-03-04 00:00:00,2022-03-04 00:00:00,2022-03-07 00:00:00,2022-03-08 00:00:00,2022-03-09 00:00:00,,,,,,,,,,,2022-03-09 00:00:00,35.75,38.18,37.17,38.18,35.75,3597235215.0,0.018978,-0.163403
600036SS_2022-03-09T000000_BUY_COUNTDOWN_PROGRESS_1_2022-03-07T000000_3,2022-03-09 00:00:00,600036.SS,1d,COUNTDOWN,BUY_COUNTDOWN_PROGRESS,1,3,,,BUY_SETUP,True,2022-02-23 00:00:00,2022-03-07 00:00:00,43.22,43.22,2022-03-07 00:00:00,2022-03-07 00:00:00,2022-03-08 00:00:00,2022-03-09 00:00:00,,,,,,,,,,,,2022-03-09 00:00:00,34.77,37.49,36.15,37.49,34.77,2541172295.0,0.019669,-0.168392
000651SZ_2022-03-09T000000_BUY_COUNTDOWN_PROGRESS_1_2022-03-01T000000_6,2022-03-09 00:00:00,000651.SZ,1d,COUNTDOWN,BUY_COUNTDOWN_PROGRESS,1,6,,,BUY_SETUP,True,2022-02-17 00:00:00,2022-03-01 00:00:00,28.08,28.08,2022-03-01 00:00:00,2022-03-01 00:00:00,2022-03-03 00:00:00,2022-03-04 00:00:00,2022-03-07 00:00:00,2022-03-08 00:00:00,2022-03-09 00:00:00,,,,,,,,,2022-03-09 00:00:00,20.47,23.03,22.12,23.03,20.47,1780138076.0,0.020425,-0.196221
601318SS_2022-03-10T000000_BUY_COUNTDOWN_PROGRESS_1_2022-03-04T000000_5,2022-03-10 00:00:00,601318.SS,1d,COUNTDOWN,BUY_COUNTDOWN_PROGRESS,1,5,,,BUY_SETUP,True,2022-02-22 00:00:00,2022-03-04 00:00:00,43.85,43.85,2022-03-04 00:00:00,2022-03-04 00:00:00,2022-03-07 00:00:00,2022-03-08 00:00:00,2022-03-09 00:00:00,2022-03-10 00:00:00,,,,,,,,,,2022-03-09 00:00:00,35.75,38.18,37.16,38.29,37.11,3477099560.0,0.016536,-0.189354
600036SS_2022-03-10T000000_BUY_COUNTDOWN_PROGRESS_1_2022-03-07T000000_4,2022-03-10 00:00:00,600036.SS,1d,COUNTDOWN,BUY_COUNTDOWN_PROGRESS,1,4,,,BUY_SETUP,True,2022-02-23 00:00:00,2022-03-07 00:00:00,43.22,43.22,2022-03-07 00:00:00,2022-03-07 00:00:00,2022-03-08 00:00:00,2022-03-09 00:00:00,2022-03-10 00:00:00,,,,,,,,,,,2022-03-09 00:00:00,34.77,37.49,36.46,37.46,36.39,2606474935.0,0.018543,-0.181042
000651SZ_2022-03-10T000000_BUY_COUNTDOWN_PROGRESS_1_2022-03-01T000000_7,2022-03-10 00:00:00,000651.SZ,1d,COUNTDOWN,BUY_COUNTDOWN_PROGRESS,1,7,,,BUY_SETUP,True,2022-02-17 00:00:00,2022-03-01 00:00:00,28.08,28.08,2022-03-01 00:00:00,2022-03-01 00:00:00,2022-03-03 00:00:00,2022-03-04 00:00:00,2022-03-07 00:00:00,2022-03-08 00:00:00,2022-03-09 00:00:00,2022-03-10 00:00:00,,,,,,,,2022-03-09 00:00:00,20.47,23.03,22.28,23.27,22.03,1767701066.0,0.016787,-0.223152
601318SS_2022-03-14T000000_BUY_COUNTDOWN_PROGRESS_1_2022-03-04T000000_6,2022-03-14 00:00:00,601318.SS,1d,COUNTDOWN,BUY_COUNTDOWN_PROGRESS,1,6,,,BUY_SETUP,True,2022-02-22 00:00:00,2022-03-04 00:00:00,43.85,43.85,2022-03-04 00:00:00,2022-03-04 00:00:00,2022-03-07 00:00:00,2022-03-08 00:00:00,2022-03-09 00:00:00,2022-03-10 00:00:00,2022-03-14 00:00:00,,,,,,,,,2022-03-09 00:00:00,35.75,38.18,36.06,36.82,36.02,3074074185.0,0.016835,-0.171606
600036SS_2022-03-14T000000_BUY_COUNTDOWN_PROGRESS_1_2022-03-07T000000_5,2022-03-14 00:00:00,600036.SS,1d,COUNTDOWN,BUY_COUNTDOWN_PROGRESS,1,5,,,BUY_SETUP,True,2022-02-23 00:00:00,2022-03-07 00:00:00,43.22,43.22,2022-03-07 00:00:00,2022-03-07 00:00:00,2022-03-08 00:00:00,2022-03-09 00:00:00,2022-03-10 00:00:00,2022-03-14 00:00:00,,,,,,,,,,2022-03-14 00:00:00,33.86,35.74,33.91,35.74,33.86,2634061130.0,0.021276,-0.192234
000651SZ_2022-03-14T000000_BUY_COUNTDOWN_PROGRESS_1_2022-03-01T000000_8,2022-03-14 00:00:00,000651.SZ,1d,COUNTDOWN,BUY_COUNTDOWN_PROGRESS,1,8,,,BUY_SETUP,True,2022-02-17 00:00:00,2022-03-01 00:00:00,28.08,28.08,2022-03-01 00:00:00,2022-03-01 00:00:00,2022-03-03 00:00:00,2022-03-04 00:00:00,2022-03-07 00:00:00,2022-03-08 00:00:00,2022-03-09 00:00:00,2022-03-10 00:00:00,2022-03-14 00:00:00,21.81,,,,,,2022-03-09 00:00:00,20.47,23.03,21.81,22.4,21.78,1581034380.5,0.018291,-0.21884
000858SZ_2022-03-15T000000_BUY_COUNTDOWN_PROGRESS_1_2022-02-11T000000_10,2022-03-15 00:00:00,000858.SZ,1d,COUNTDOWN,BUY_COUNTDOWN_PROGRESS,1,10,,,BUY_SETUP,False,2022-01-25 00:00:00,2022-02-11 00:00:00,195.2,195.2,2022-02-11 00:00:00,2022-02-22 00:00:00,2022-02-23 00:00:00,2022-02-24 00:00:00,2022-02-25 00:00:00,2022-03-03 00:00:00,2022-03-04 00:00:00,2022-03-07 00:00:00,2022-03-08 00:00:00,146.45,2022-03-09 00:00:00,2022-03-15 00:00:00,,,,2022-03-15 00:00:00,136.9,144.98,137.35,144.98,136.9,4244776675.0,0.030907,-0.235288
601318SS_2022-03-15T000000_BUY_COUNTDOWN_PROGRESS_1_2022-03-04T000000_7,2022-03-15 00:00:00,601318.SS,1d,COUNTDOWN,BUY_COUNTDOWN_PROGRESS,1,7,,,BUY_SETUP,True,2022-02-22 00:00:00,2022-03-04 00:00:00,43.85,43.85,2022-03-04 00:00:00,2022-03-04 00:00:00,2022-03-07 00:00:00,2022-03-08 00:00:00,2022-03-09 00:00:00,2022-03-10 00:00:00,2022-03-14 00:00:00,2022-03-15 00:00:00,,,,,,,,2022-03-15 00:00:00,32.8,35.45,32.9,35.45,32.8,3183412045.0,0.023412,-0.253799
600036SS_2022-03-15T000000_BUY_COUNTDOWN_PROGRESS_1_2022-03-07T000000_6,2022-03-15 00:00:00,600036.SS,1d,COUNTDOWN,BUY_COUNTDOWN_PROGRESS,1,6,,,BUY_SETUP,True,2022-02-23 00:00:00,2022-03-07 00:00:00,43.22,43.22,2022-03-07 00:00:00,2022-03-07 00:00:00,2022-03-08 00:00:00,2022-03-09 00:00:00,2022-03-10 00:00:00,2022-03-14 00:00:00,2022-03-15 00:00:00,,,,,,,,,2022-03-15 00:00:00,30.94,33.37,31.21,33.37,30.94,2756165385.0,0.024942,-0.271305
000651SZ_2022-03-15T000000_BUY_COUNTDOWN_PROGRESS_1_2022-03-01T000000_9,2022-03-15 00:00:00,000651.SZ,1d,COUNTDOWN,BUY_COUNTDOWN_PROGRESS,1,9,,,BUY_SETUP,True,2022-02-17 00:00:00,2022-03-01 00:00:00,28.08,28.08,2022-03-01 00:00:00,2022-03-01 00:00:00,2022-03-03 00:00:00,2022-03-04 00:00:00,2022-03-07 00:00:00,2022-03-08 00:00:00,2022-03-09 00:00:00,2022-03-10 00:00:00,2022-03-14 00:00:00,21.81,2022-03-15 00:00:00,,,,,2022-03-15 00:00:00,19.97,21.47,19.98,21.47,19.97,1590927525.5,0.02382,-0.286429
000858SZ_2022-03-16T000000_BUY_COUNTDOWN_PROGRESS_1_2022-02-11T000000_11,2022-03-16 00:00:00,000858.SZ,1d,COUNTDOWN,BUY_COUNTDOWN_PROGRESS,1,11,,,BUY_SETUP,False,2022-01-25 00:00:00,2022-02-11 00:00:00,195.2,195.2,2022-02-11 00:00:00,2022-02-22 00:00:00,2022-02-23 00:00:00,2022-02-24 00:00:00,2022-02-25 00:00:00,2022-03-03 00:00:00,2022-03-04 00:00:00,2022-03-07 00:00:00,2022-03-08 00:00:00,146.45,2022-03-09 00:00:00,2022-03-15 00:00:00,2022-03-16 00:00:00,,,2022-03-16 00:00:00,135.34,145.75,145.0,145.75,135.34,4407127350.0,0.034567,-0.183742
601318SS_2022-03-16T000000_BUY_COUNTDOWN_PROGRESS_1_2022-03-04T000000_8,2022-03-16 00:00:00,601318.SS,1d,COUNTDOWN,BUY_COUNTDOWN_PROGRESS,1,8,,,BUY_SETUP,True,2022-02-22 00:00:00,2022-03-04 00:00:00,43.85,43.85,2022-03-04 00:00:00,2022-03-04 00:00:00,2022-03-07 00:00:00,2022-03-08 00:00:00,2022-03-09 00:00:00,2022-03-10 00:00:00,2022-03-14 00:00:00,2022-03-15 00:00:00,2022-03-16 00:00:00,34.54,,,,,,2022-03-16 00:00:00,32.58,34.9,34.54,34.9,32.58,3262059940.0,0.027484,-0.213212
000651SZ_2022-03-16T000000_BUY_COUNTDOWN_PROGRESS_1_2022-03-01T000000_10,2022-03-16 00:00:00,000651.SZ,1d,COUNTDOWN,BUY_COUNTDOWN_PROGRESS,1,10,,,BUY_SETUP,True,2022-02-17 00:00:00,2022-03-01 00:00:00,28.08,28.08,2022-03-01 00:00:00,2022-03-01 00:00:00,2022-03-03 00:00:00,2022-03-04 00:00:00,2022-03-07 00:00:00,2022-03-08 00:00:00,2022-03-09 00:00:00,2022-03-10 00:00:00,2022-03-14 00:00:00,21.81,2022-03-15 00:00:00,2022-03-16 00:00:00,,,,2022-03-16 00:00:00,19.43,20.73,20.53,20.73,19.43,1625795258.5,0.02581,-0.251276
000858SZ_2022-03-21T000000_BUY_COUNTDOWN_PROGRESS_1_2022-02-11T000000_12,2022-03-21 00:00:00,000858.SZ,1d,COUNTDOWN,BUY_COUNTDOWN_PROGRESS,1,12,,,BUY_SETUP,False,2022-01-25 00:00:00,2022-02-11 00:00:00,195.2,195.2,2022-02-11 00:00:00,2022-02-22 00:00:00,2022-02-23 00:00:00,2022-02-24 00:00:00,2022-02-25 00:00:00,2022-03-03 00:00:00,2022-03-04 00:00:00,2022-03-07 00:00:00,2022-03-08 00:00:00,146.45,2022-03-09 00:00:00,2022-03-15 00:00:00,2022-03-16 00:00:00,2022-03-21 00:00:00,,2022-03-16 00:00:00,135.34,145.75,145.91,149.98,145.21,4601802245.0,0.034721,-0.159505
000858SZ_2022-03-22T000000_BUY_COUNTDOWN_COMPLETE_PERFECT_1_2022-02-11T000000_13,2022-03-22 00:00:00,000858.SZ,1d,COUNTDOWN,BUY_COUNTDOWN_COMPLETE_PERFECT,1,13,True,,BUY_SETUP,False,2022-01-25 00:00:00,2022-02-11 00:00:00,195.2,195.2,2022-02-11 00:00:00,2022-02-22 00:00:00,2022-02-23 00:00:00,2022-02-24 00:00:00,2022-02-25 00:00:00,2022-03-03 00:00:00,2022-03-04 00:00:00,2022-03-07 00:00:00,2022-03-08 00:00:00,146.45,2022-03-09 00:00:00,2022-03-15 00:00:00,2022-03-16 00:00:00,2022-03-21 00:00:00,2022-03-22 00:00:00,2022-03-16 00:00:00,135.34,145.75,144.5,147.5,144.2,4515809535.0,0.034232,-0.180839
600036SS_2022-03-25T000000_BUY_COUNTDOWN_PROGRESS_1_2022-03-07T000000_7,2022-03-25 00:00:00,600036.SS,1d,COUNTDOWN,BUY_COUNTDOWN_PROGRESS,1,7,,,BUY_SETUP,True,2022-02-23 00:00:00,2022-03-07 00:00:00,43.22,43.22,2022-03-07 00:00:00,2022-03-07 00:00:00,2022-03-08 00:00:00,2022-03-09 00:00:00,2022-03-10 00:00:00,2022-03-14 00:00:00,2022-03-15 00:00:00,2022-03-25 00:00:00,,,,,,,,2022-03-15 00:00:00,30.94,33.37,36.94,37.71,36.76,3299635335.0,0.041415,-0.111165
000651SZ_2022-03-25T000000_BUY_COUNTDOWN_PROGRESS_1_2022-03-01T000000_11,2022-03-25 00:00:00,000651.SZ,1d,COUNTDOWN,BUY_COUNTDOWN_PROGRESS,1,11,,,BUY_SETUP,True,2022-02-17 00:00:00,2022-03-01 00:00:00,28.08,28.08,2022-03-01 00:00:00,2022-03-01 00:00:00,2022-03-03 00:00:00,2022-03-04 00:00:00,2022-03-07 00:00:00,2022-03-08 00:00:00,2022-03-09 00:00:00,2022-03-10 00:00:00,2022-03-14 00:00:00,21.81,2022-03-15 00:00:00,2022-03-16 00:00:00,2022-03-25 00:00:00,,,2022-03-16 00:00:00,19.43,20.73,20.3,21.08,20.28,1550372952.5,0.025539,-0.205479
600036SS_2022-03-28T000000_BUY_COUNTDOWN_PROGRESS_1_2022-03-07T000000_8,2022-03-28 00:00:00,600036.SS,1d,COUNTDOWN,BUY_COUNTDOWN_PROGRESS,1,8,,,BUY_SETUP,True,2022-02-23 00:00:00,2022-03-07 00:00:00,43.22,43.22,2022-03-07 00:00:00,2022-03-07 00:00:00,2022-03-08 00:00:00,2022-03-09 00:00:00,2022-03-10 00:00:00,2022-03-14 00:00:00,2022-03-15 00:00:00,2022-03-25 00:00:00,2022-03-28 00:00:00,36.81,,,,,,2022-03-15 00:00:00,30.94,33.37,36.81,37.26,36.01,3303302465.0,0.041249,-0.123571
000651SZ_2022-03-28T000000_BUY_COUNTDOWN_PROGRESS_1_2022-03-01T000000_12,2022-03-28 00:00:00,000651.SZ,1d,COUNTDOWN,BUY_COUNTDOWN_PROGRESS,1,12,,,BUY_SETUP,True,2022-02-17 00:00:00,2022-03-01 00:00:00,28.08,28.08,2022-03-01 00:00:00,2022-03-01 00:00:00,2022-03-03 00:00:00,2022-03-04 00:00:00,2022-03-07 00:00:00,2022-03-08 00:00:00,2022-03-09 00:00:00,2022-03-10 00:00:00,2022-03-14 00:00:00,21.81,2022-03-15 00:00:00,2022-03-16 00:00:00,2022-03-25 00:00:00,2022-03-28 00:00:00,,2022-03-16 00:00:00,19.43,20.73,20.42,20.42,19.53,1479038695.5,0.025655,-0.202655
601318SS_2022-03-29T000000_BUY_COUNTDOWN_PROGRESS_1_2022-03-04T000000_9,2022-03-29 00:00:00,601318.SS,1d,COUNTDOWN,BUY_COUNTDOWN_PROGRESS,1,9,,,BUY_SETUP,True,2022-02-22 00:00:00,2022-03-04 00:00:00,43.85,43.85,2022-03-04 00:00:00,2022-03-04 00:00:00,2022-03-07 00:00:00,2022-03-08 00:00:00,2022-03-09 00:00:00,2022-03-10 00:00:00,2022-03-14 00:00:00,2022-03-15 00:00:00,2022-03-16 00:00:00,34.54,2022-03-29 00:00:00,,,,,2022-03-16 00:00:00,32.58,34.9,37.46,38.45,37.4,3495849445.0,0.033596,-0.086564
000651SZ_2022-03-29T000000_BUY_COUNTDOWN_COMPLETE_PERFECT_1_2022-03-01T000000_13,2022-03-29 00:00:00,000651.SZ,1d,COUNTDOWN,BUY_COUNTDOWN_COMPLETE_PERFECT,1,13,True,,BUY_SETUP,True,2022-02-17 00:00:00,2022-03-01 00:00:00,28.08,28.08,2022-03-01 00:00:00,2022-03-01 00:00:00,2022-03-03 00:00:00,2022-03-04 00:00:00,2022-03-07 00:00:00,2022-03-08 00:00:00,2022-03-09 00:00:00,2022-03-10 00:00:00,2022-03-14 00:00:00,21.81,2022-03-15 00:00:00,2022-03-16 00:00:00,2022-03-25 00:00:00,2022-03-28 00:00:00,2022-03-29 00:00:00,2022-03-16 00:00:00,19.43,20.73,20.06,20.51,20.02,1432406496.0,0.025686,-0.208991
601318SS_2022-04-11T000000_BUY_COUNTDOWN_PROGRESS_1_2022-03-04T000000_10,2022-04-11 00:00:00,601318.SS,1d,COUNTDOWN,BUY_COUNTDOWN_PROGRESS,1,10,,,BUY_SETUP,True,2022-02-22 00:00:00,2022-03-04 00:00:00,43.85,43.85,2022-03-04 00:00:00,2022-03-04 00:00:00,2022-03-07 00:00:00,2022-03-08 00:00:00,2022-03-09 00:00:00,2022-03-10 00:00:00,2022-03-14 00:00:00,2022-03-15 00:00:00,2022-03-16 00:00:00,34.54,2022-03-29 00:00:00,2022-04-11 00:00:00,,,,2022-03-16 00:00:00,32.58,34.9,37.87,39.23,37.77,3258936095.0,0.035291,0.012838
600036SS_2022-04-11T000000_BUY_COUNTDOWN_PROGRESS_1_2022-03-07T000000_9,2022-04-11 00:00:00,600036.SS,1d,COUNTDOWN,BUY_COUNTDOWN_PROGRESS,1,9,,,BUY_SETUP,True,2022-02-23 00:00:00,2022-03-07 00:00:00,43.22,43.22,2022-03-07 00:00:00,2022-03-07 00:00:00,2022-03-08 00:00:00,2022-03-09 00:00:00,2022-03-10 00:00:00,2022-03-14 00:00:00,2022-03-15 00:00:00,2022-03-25 00:00:00,2022-03-28 00:00:00,36.81,2022-04-11 00:00:00,,,,,2022-03-15 00:00:00,30.94,33.37,37.66,38.63,37.35,2956856480.0,0.039919,0.040044
600036SS_2022-04-12T000000_BUY_COUNTDOWN_PROGRESS_1_2022-03-07T000000_10,2022-04-12 00:00:00,600036.SS,1d,COUNTDOWN,BUY_COUNTDOWN_PROGRESS,1,10,,,BUY_SETUP,True,2022-02-23 00:00:00,2022-03-07 00:00:00,43.22,43.22,2022-03-07 00:00:00,2022-03-07 00:00:00,2022-03-08 00:00:00,2022-03-09 00:00:00,2022-03-10 00:00:00,2022-03-14 00:00:00,2022-03-15 00:00:00,2022-03-25 00:00:00,2022-03-28 00:00:00,36.81,2022-04-11 00:00:00,2022-04-12 00:00:00,,,,2022-03-15 00:00:00,30.94,33.37,37.46,38.22,36.87,2928808365.0,0.03682,0.104689
601318SS_2022-04-18T000000_BUY_COUNTDOWN_PROGRESS_1_2022-03-04T000000_11,2022-04-18 00:00:00,601318.SS,1d,COUNTDOWN,BUY_COUNTDOWN_PROGRESS,1,11,,,BUY_SETUP,True,2022-02-22 00:00:00,2022-03-04 00:00:00,43.85,43.85,2022-03-04 00:00:00,2022-03-04 00:00:00,2022-03-07 00:00:00,2022-03-08 00:00:00,2022-03-09 00:00:00,2022-03-10 00:00:00,2022-03-14 00:00:00,2022-03-15 00:00:00,2022-03-16 00:00:00,34.54,2022-03-29 00:00:00,2022-04-11 00:00:00,2022-04-18 00:00:00,,,2022-03-16 00:00:00,32.58,34.9,37.25,38.24,37.08,2667664115.0,0.021054,-0.024358
600036SS_2022-04-18T000000_BUY_COUNTDOWN_PROGRESS_1_2022-03-07T000000_11,2022-04-18 00:00:00,600036.SS,1d,COUNTDOWN,BUY_COUNTDOWN_PROGRESS,1,11,,,BUY_SETUP,True,2022-02-23 00:00:00,2022-03-07 00:00:00,43.22,43.22,2022-03-07 00:00:00,2022-03-07 00:00:00,2022-03-08 00:00:00,2022-03-09 00:00:00,2022-03-10 00:00:00,2022-03-14 00:00:00,2022-03-15 00:00:00,2022-03-25 00:00:00,2022-03-28 00:00:00,36.81,2022-04-11 00:00:00,2022-04-12 00:00:00,2022-04-18 00:00:00,,,2022-03-15 00:00:00,30.94,33.37,35.15,37.72,34.54,2646862625.0,0.026443,-0.073293
601318SS_2022-04-19T000000_BUY_COUNTDOWN_PROGRESS_1_2022-03-04T000000_12,2022-04-19 00:00:00,601318.SS,1d,COUNTDOWN,BUY_COUNTDOWN_PROGRESS,1,12,,,BUY_SETUP,True,2022-02-22 00:00:00,2022-03-04 00:00:00,43.85,43.85,2022-03-04 00:00:00,2022-03-04 00:00:00,2022-03-07 00:00:00,2022-03-08 00:00:00,2022-03-09 00:00:00,2022-03-10 00:00:00,2022-03-14 00:00:00,2022-03-15 00:00:00,2022-03-16 00:00:00,34.54,2022-03-29 00:00:00,2022-04-11 00:00:00,2022-04-18 00:00:00,2022-04-19 00:00:00,,2022-03-16 00:00:00,32.58,34.9,36.69,37.52,36.38,2388394840.0,0.020671,-0.01609
600036SS_2022-04-19T000000_BUY_COUNTDOWN_PROGRESS_1_2022-03-07T000000_12,2022-04-19 00:00:00,600036.SS,1d,COUNTDOWN,BUY_COUNTDOWN_PROGRESS,1,12,,,BUY_SETUP,True,2022-02-23 00:00:00,2022-03-07 00:00:00,43.22,43.22,2022-03-07 00:00:00,2022-03-07 00:00:00,2022-03-08 00:00:00,2022-03-09 00:00:00,2022-03-10 00:00:00,2022-03-14 00:00:00,2022-03-15 00:00:00,2022-03-25 00:00:00,2022-03-28 00:00:00,36.81,2022-04-11 00:00:00,2022-04-12 00:00:00,2022-04-18 00:00:00,2022-04-19 00:00:00,,2022-03-15 00:00:00,30.94,33.37,33.86,34.51,33.16,2963480685.0,0.026498,-0.074104
601318SS_2022-04-20T000000_BUY_COUNTDOWN_COMPLETE_1_2022-03-04T000000_13,2022-04-20 00:00:00,601318.SS,1d,COUNTDOWN,BUY_COUNTDOWN_COMPLETE,1,13,False,,BUY_SETUP,True,2022-02-22 00:00:00,2022-03-04 00:00:00,43.85,43.85,2022-03-04 00:00:00,2022-03-04 00:00:00,2022-03-07 00:00:00,2022-03-08 00:00:00,2022-03-09 00:00:00,2022-03-10 00:00:00,2022-03-14 00:00:00,2022-03-15 00:00:00,2022-03-16 00:00:00,34.54,2022-03-29 00:00:00,2022-04-11 00:00:00,2022-04-18 00:00:00,2022-04-19 00:00:00,2022-04-20 00:00:00,2022-03-16 00:00:00,32.58,34.9,36.16,37.04,36.08,2252522205.0,0.020266,-0.049671
600036SS_2022-04-20T000000_BUY_COUNTDOWN_COMPLETE_PERFECT_1_2022-03-07T000000_13,2022-04-20 00:00:00,600036.SS,1d,COUNTDOWN,BUY_COUNTDOWN_COMPLETE_PERFECT,1,13,True,,BUY_SETUP,True,2022-02-23 00:00:00,2022-03-07 00:00:00,43.22,43.22,2022-03-07 00:00:00,2022-03-07 00:00:00,2022-03-08 00:00:00,2022-03-09 00:00:00,2022-03-10 00:00:00,2022-03-14 00:00:00,2022-03-15 00:00:00,2022-03-25 00:00:00,2022-03-28 00:00:00,36.81,2022-04-11 00:00:00,2022-04-12 00:00:00,2022-04-18 00:00:00,2022-04-19 00:00:00,2022-04-20 00:00:00,2022-03-15 00:00:00,30.94,33.37,32.86,33.74,32.66,3057165545.0,0.026492,-0.118799
601318SS_2022-04-28T000000_BUY_SETUP_PERFECT_1_2022-04-28T000000_9,2022-04-28 00:00:00,601318.SS,1d,SETUP,BUY_SETUP_PERFECT,1,9,True,,BUY_SETUP,True,2022-04-18 00:00:00,2022-04-28 00:00:00,,,,,,,,,,,,,,,,,,,,,,,,2232575330.0,0.020774,-0.129397
600036SS_2022-04-28T000000_BUY_SETUP_1_2022-04-28T000000_9,2022-04-28 00:00:00,600036.SS,1d,SETUP,BUY_SETUP,1,9,False,,BUY_SETUP,False,2022-04-18 00:00:00,2022-04-28 00:00:00,,,,,,,,,,,,,,,,,,,,,,,,4337382890.0,0.037745,-0.173993
000651SZ_2022-04-28T000000_BUY_SETUP_PERFECT_1_2022-04-28T000000_9,2022-04-28 00:00:00,000651.SZ,1d,SETUP,BUY_SETUP_PERFECT,1,9,True,,BUY_SETUP,True,2022-04-18 00:00:00,2022-04-28 00:00:00,,,,,,,,,,,,,,,,,,,,,,,,1110782286.0,0.025029,-0.039329
000651SZ_2022-05-05T000000_BUY_COUNTDOWN_CANCEL_1_2022-04-28T000000_0,2022-05-05 00:00:00,000651.SZ,1d,COUNTDOWN,BUY_COUNTDOWN_CANCEL,1,0,,tdst_break_rule_4,BUY_SETUP,True,2022-04-18 00:00:00,2022-04-28 00:00:00,22.1,22.1,2022-04-28 00:00:00,,,,,,,,,,,,,,,,,,23.94,23.95,22.1,1270022754.0,0.041515,0.098165
600036SS_2022-05-06T000000_BUY_COUNTDOWN_PROGRESS_1_2022-04-28T000000_1,2022-05-06 00:00:00,600036.SS,1d,COUNTDOWN,BUY_COUNTDOWN_PROGRESS,1,1,,,BUY_SETUP,False,2022-04-18 00:00:00,2022-04-28 00:00:00,37.72,37.72,2022-04-28 00:00:00,2022-05-06 00:00:00,,,,,,,,,,,,,,2022-05-06 00:00:00,29.66,30.51,29.67,30.51,29.66,4561750790.0,0.037842,-0.242146
601318SS_2022-05-09T000000_BUY_COUNTDOWN_PROGRESS_1_2022-04-28T000000_1,2022-05-09 00:00:00,601318.SS,1d,COUNTDOWN,BUY_COUNTDOWN_PROGRESS,1,1,,,BUY_SETUP,True,2022-04-18 00:00:00,2022-04-28 00:00:00,38.24,38.24,2022-04-28 00:00:00,2022-05-09 00:00:00,,,,,,,,,,,,,,2022-05-09 00:00:00,34.12,34.66,34.6,34.66,34.12,2066939291.5,0.02186,-0.106636
600036SS_2022-05-09T000000_BUY_COUNTDOWN_PROGRESS_1_2022-04-28T000000_2,2022-05-09 00:00:00,600036.SS,1d,COUNTDOWN,BUY_COUNTDOWN_PROGRESS,1,2,,,BUY_SETUP,False,2022-04-18 00:00:00,2022-04-28 00:00:00,37.72,37.72,2022-04-28 00:00:00,2022-05-06 00:00:00,2022-05-09 00:00:00,,,,,,,,,,,,,2022-05-09 00:00:00,27.91,29.58,28.23,29.58,27.91,4678886850.0,0.038631,-0.269032
600036SS_2022-05-10T000000_BUY_COUNTDOWN_PROGRESS_1_2022-04-28T000000_3,2022-05-10 00:00:00,600036.SS,1d,COUNTDOWN,BUY_COUNTDOWN_PROGRESS,1,3,,,BUY_SETUP,False,2022-04-18 00:00:00,2022-04-28 00:00:00,37.72,37.72,2022-04-28 00:00:00,2022-05-06 00:00:00,2022-05-09 00:00:00,2022-05-10 00:00:00,,,,,,,,,,,,2022-05-10 00:00:00,27.02,28.92,28.74,28.92,27.02,4811305270.0,0.039009,-0.261941
601318SS_2022-05-13T000000_BUY_COUNTDOWN_PROGRESS_1_2022-04-28T000000_2,2022-05-13 00:00:00,601318.SS,1d,COUNTDOWN,BUY_COUNTDOWN_PROGRESS,1,2,,,BUY_SETUP,True,2022-04-18 00:00:00,2022-04-28 00:00:00,38.24,38.24,2022-04-28 00:00:00,2022-05-09 00:00:00,2022-05-13 00:00:00,,,,,,,,,,,,,2022-05-13 00:00:00,33.84,34.75,34.21,34.75,33.84,2014147501.5,0.018894,-0.101392
601318SS_2022-05-16T000000_BUY_COUNTDOWN_PROGRESS_1_2022-04-28T000000_3,2022-05-16 00:00:00,601318.SS,1d,COUNTDOWN,BUY_COUNTDOWN_PROGRESS,1,3,,,BUY_SETUP,True,2022-04-18 00:00:00,2022-04-28 00:00:00,38.24,38.24,2022-04-28 00:00:00,2022-05-09 00:00:00,2022-05-13 00:00:00,2022-05-16 00:00:00,,,,,,,,,,,,2022-05-16 00:00:00,33.43,34.46,33.61,34.46,33.43,2039899751.5,0.018723,-0.12565
601318SS_2022-05-24T000000_BUY_COUNTDOWN_PROGRESS_1_2022-04-28T000000_4,2022-05-24 00:00:00,601318.SS,1d,COUNTDOWN,BUY_COUNTDOWN_PROGRESS,1,4,,,BUY_SETUP,True,2022-04-18 00:00:00,2022-04-28 00:00:00,38.24,38.24,2022-04-28 00:00:00,2022-05-09 00:00:00,2022-05-13 00:00:00,2022-05-16 00:00:00,2022-05-24 00:00:00,,,,,,,,,,,2022-05-24 00:00:00,33.36,34.36,33.39,34.36,33.36,1990569679.5,0.019599,-0.090439
601318SS_2022-05-25T000000_BUY_COUNTDOWN_PROGRESS_1_2022-04-28T000000_5,2022-05-25 00:00:00,601318.SS,1d,COUNTDOWN,BUY_COUNTDOWN_PROGRESS,1,5,,,BUY_SETUP,True,2022-04-18 00:00:00,2022-04-28 00:00:00,38.24,38.24,2022-04-28 00:00:00,2022-05-09 00:00:00,2022-05-13 00:00:00,2022-05-16 00:00:00,2022-05-24 00:00:00,2022-05-25 00:00:00,,,,,,,,,,2022-05-25 00:00:00,33.27,33.75,33.48,33.75,33.27,1954984001.0,0.017341,-0.046154
600036SS_2022-05-25T000000_BUY_COUNTDOWN_PROGRESS_1_2022-04-28T000000_4,2022-05-25 00:00:00,600036.SS,1d,COUNTDOWN,BUY_COUNTDOWN_PROGRESS,1,4,,,BUY_SETUP,False,2022-04-18 00:00:00,2022-04-28 00:00:00,37.72,37.72,2022-04-28 00:00:00,2022-05-06 00:00:00,2022-05-09 00:00:00,2022-05-10 00:00:00,2022-05-25 00:00:00,,,,,,,,,,,2022-05-10 00:00:00,27.02,28.92,30.54,30.86,30.4,4041978015.0,0.030614,-0.001635
600036SS_2022-05-26T000000_BUY_COUNTDOWN_PROGRESS_1_2022-04-28T000000_5,2022-05-26 00:00:00,600036.SS,1d,COUNTDOWN,BUY_COUNTDOWN_PROGRESS,1,5,,,BUY_SETUP,False,2022-04-18 00:00:00,2022-04-28 00:00:00,37.72,37.72,2022-04-28 00:00:00,2022-05-06 00:00:00,2022-05-09 00:00:00,2022-05-10 00:00:00,2022-05-25 00:00:00,2022-05-26 00:00:00,,,,,,,,,,2022-05-10 00:00:00,27.02,28.92,30.19,30.76,29.84,3691699440.0,0.030563,0.000663
601318SS_2022-06-02T000000_BUY_COUNTDOWN_PROGRESS_1_2022-04-28T000000_6,2022-06-02 00:00:00,601318.SS,1d,COUNTDOWN,BUY_COUNTDOWN_PROGRESS,1,6,,,BUY_SETUP,True,2022-04-18 00:00:00,2022-04-28 00:00:00,38.24,38.24,2022-04-28 00:00:00,2022-05-09 00:00:00,2022-05-13 00:00:00,2022-05-16 00:00:00,2022-05-24 00:00:00,2022-05-25 00:00:00,2022-06-02 00:00:00,,,,,,,,,2022-05-25 00:00:00,33.27,33.75,34.25,34.28,33.8,1772672351.0,0.013109,-0.001749
600036SS_2022-06-06T000000_BUY_COUNTDOWN_PROGRESS_1_2022-04-28T000000_6,2022-06-06 00:00:00,600036.SS,1d,COUNTDOWN,BUY_COUNTDOWN_PROGRESS,1,6,,,BUY_SETUP,False,2022-04-18 00:00:00,2022-04-28 00:00:00,37.72,37.72,2022-04-28 00:00:00,2022-05-06 00:00:00,2022-05-09 00:00:00,2022-05-10 00:00:00,2022-05-25 00:00:00,2022-05-26 00:00:00,2022-06-06 00:00:00,,,,,,,,,2022-05-10 00:00:00,27.02,28.92,30.73,30.79,29.86,2877926860.0,0.024168,0.088558
600519SS_2022-06-10T000000_SELL_SETUP_PERFECT_-1_2022-06-10T000000_9,2022-06-10 00:00:00,600519.SS,1d,SETUP,SELL_SETUP_PERFECT,-1,9,True,,SELL_SETUP,True,2022-05-30 00:00:00,2022-06-10 00:00:00,,,,,,,,,,,,,,,,,,,,,,,,5238180280.0,0.014245,0.077281
600519SS_2022-06-10T000000_SELL_COUNTDOWN_PROGRESS_-1_2022-06-10T000000_1,2022-06-10 00:00:00,600519.SS,1d,COUNTDOWN,SELL_COUNTDOWN_PROGRESS,-1,1,,,SELL_SETUP,True,2022-05-30 00:00:00,2022-06-10 00:00:00,1712.08,1563.08,2022-06-10 00:00:00,2022-06-10 00:00:00,,,,,,,,,,,,,,2022-06-10 00:00:00,1640.08,1712.08,1705.68,1712.08,1640.08,5238180280.0,0.014245,0.077281
000858SZ_2022-06-10T000000_SELL_SETUP_-1_2022-06-10T000000_9,2022-06-10 00:00:00,000858.SZ,1d,SETUP,SELL_SETUP,-1,9,False,,SELL_SETUP,False,2022-05-30 00:00:00,2022-06-10 00:00:00,,,,,,,,,,,,,,,,,,,,,,,,4105410500.0,0.024125,0.149336
601318SS_2022-06-13T000000_BUY_COUNTDOWN_PROGRESS_1_2022-04-28T000000_7,2022-06-13 00:00:00,601318.SS,1d,COUNTDOWN,BUY_COUNTDOWN_PROGRESS,1,7,,,BUY_SETUP,True,2022-04-18 00:00:00,2022-04-28 00:00:00,38.24,38.24,2022-04-28 00:00:00,2022-05-09 00:00:00,2022-05-13 00:00:00,2022-05-16 00:00:00,2022-05-24 00:00:00,2022-05-25 00:00:00,2022-06-02 00:00:00,2022-06-13 00:00:00,,,,,,,,2022-05-25 00:00:00,33.27,33.75,34.39,34.85,34.27,1918949834.5,0.012942,0.023207
600036SS_2022-06-13T000000_BUY_COUNTDOWN_PROGRESS_1_2022-04-28T000000_7,2022-06-13 00:00:00,600036.SS,1d,COUNTDOWN,BUY_COUNTDOWN_PROGRESS,1,7,,,BUY_SETUP,False,2022-04-18 00:00:00,2022-04-28 00:00:00,37.72,37.72,2022-04-28 00:00:00,2022-05-06 00:00:00,2022-05-09 00:00:00,2022-05-10 00:00:00,2022-05-25 00:00:00,2022-05-26 00:00:00,2022-06-06 00:00:00,2022-06-13 00:00:00,,,,,,,,2022-05-10 00:00:00,27.02,28.92,30.33,31.32,30.1,2787341845.0,0.026379,0.058639
600036SS_2022-06-14T000000_BUY_COUNTDOWN_PROGRESS_1_2022-04-28T000000_8,2022-06-14 00:00:00,600036.SS,1d,COUNTDOWN,BUY_COUNTDOWN_PROGRESS,1,8,,,BUY_SETUP,False,2022-04-18 00:00:00,2022-04-28 00:00:00,37.72,37.72,2022-04-28 00:00:00,2022-05-06 00:00:00,2022-05-09 00:00:00,2022-05-10 00:00:00,2022-05-25 00:00:00,2022-05-26 00:00:00,2022-06-06 00:00:00,2022-06-13 00:00:00,2022-06-14 00:00:00,31.0,,,,,,2022-05-10 00:00:00,27.02,28.92,31.0,31.06,29.87,2784409875.0,0.023311,0.02108
000858SZ_2022-06-15T000000_SELL_COUNTDOWN_PROGRESS_-1_2022-06-10T000000_1,2022-06-15 00:00:00,000858.SZ,1d,COUNTDOWN,SELL_COUNTDOWN_PROGRESS,-1,1,,,SELL_SETUP,False,2022-05-30 00:00:00,2022-06-10 00:00:00,160.19,140.2,2022-06-10 00:00:00,2022-06-15 00:00:00,,,,,,,,,,,,,,2022-06-15 00:00:00,151.99,160.1,157.48,160.1,151.99,4428526265.0,0.025117,0.168423
600519SS_2022-06-16T000000_SELL_COUNTDOWN_PROGRESS_-1_2022-06-10T000000_2,2022-06-16 00:00:00,600519.SS,1d,COUNTDOWN,SELL_COUNTDOWN_PROGRESS,-1,2,,,SELL_SETUP,True,2022-05-30 00:00:00,2022-06-10 00:00:00,1712.08,1563.08,2022-06-10 00:00:00,2022-06-10 00:00:00,2022-06-16 00:00:00,,,,,,,,,,,,,2022-06-10 00:00:00,1640.08,1712.08,1682.08,1712.71,1680.41,5601519640.0,0.0152,0.07751
000858SZ_2022-06-16T000000_SELL_COUNTDOWN_PROGRESS_-1_2022-06-10T000000_2,2022-06-16 00:00:00,000858.SZ,1d,COUNTDOWN,SELL_COUNTDOWN_PROGRESS,-1,2,,,SELL_SETUP,False,2022-05-30 00:00:00,2022-06-10 00:00:00,160.19,140.2,2022-06-10 00:00:00,2022-06-15 00:00:00,2022-06-16 00:00:00,,,,,,,,,,,,,2022-06-15 00:00:00,151.99,160.1,157.8,161.2,157.2,4483930115.0,0.024873,0.180078
600519SS_2022-06-17T000000_SELL_COUNTDOWN_PROGRESS_-1_2022-06-10T000000_3,2022-06-17 00:00:00,600519.SS,1d,COUNTDOWN,SELL_COUNTDOWN_PROGRESS,-1,3,,,SELL_SETUP,True,2022-05-30 00:00:00,2022-06-10 00:00:00,1712.08,1563.08,2022-06-10 00:00:00,2022-06-10 00:00:00,2022-06-16 00:00:00,2022-06-17 00:00:00,,,,,,,,,,,,2022-06-10 00:00:00,1640.08,1712.08,1756.08,1757.08,1683.17,5916043225.0,0.016842,0.094069
000858SZ_2022-06-17T000000_SELL_COUNTDOWN_PROGRESS_-1_2022-06-10T000000_3,2022-06-17 00:00:00,000858.SZ,1d,COUNTDOWN,SELL_COUNTDOWN_PROGRESS,-1,3,,,SELL_SETUP,False,2022-05-30 00:00:00,2022-06-10 00:00:00,160.19,140.2,2022-06-10 00:00:00,2022-06-15 00:00:00,2022-06-16 00:00:00,2022-06-17 00:00:00,,,,,,,,,,,,2022-06-15 00:00:00,151.99,160.1,161.38,161.38,156.7,4627527645.0,0.021136,0.131142
600519SS_2022-06-20T000000_SELL_COUNTDOWN_PROGRESS_-1_2022-06-10T000000_4,2022-06-20 00:00:00,600519.SS,1d,COUNTDOWN,SELL_COUNTDOWN_PROGRESS,-1,4,,,SELL_SETUP,True,2022-05-30 00:00:00,2022-06-10 00:00:00,1712.08,1563.08,2022-06-10 00:00:00,2022-06-10 00:00:00,2022-06-16 00:00:00,2022-06-17 00:00:00,2022-06-20 00:00:00,,,,,,,,,,,2022-06-10 00:00:00,1640.08,1712.08,1747.1,1775.08,1735.08,5881509835.0,0.016555,0.101521
000858SZ_2022-06-20T000000_SELL_COUNTDOWN_PROGRESS_-1_2022-06-10T000000_4,2022-06-20 00:00:00,000858.SZ,1d,COUNTDOWN,SELL_COUNTDOWN_PROGRESS,-1,4,,,SELL_SETUP,False,2022-05-30 00:00:00,2022-06-10 00:00:00,160.19,140.2,2022-06-10 00:00:00,2022-06-15 00:00:00,2022-06-16 00:00:00,2022-06-17 00:00:00,2022-06-20 00:00:00,,,,,,,,,,,2022-06-15 00:00:00,151.99,160.1,163.69,167.2,159.2,4551687920.0,0.020121,0.172313
600036SS_2022-06-20T000000_BUY_COUNTDOWN_PROGRESS_1_2022-04-28T000000_9,2022-06-20 00:00:00,600036.SS,1d,COUNTDOWN,BUY_COUNTDOWN_PROGRESS,1,9,,,BUY_SETUP,False,2022-04-18 00:00:00,2022-04-28 00:00:00,37.72,37.72,2022-04-28 00:00:00,2022-05-06 00:00:00,2022-05-09 00:00:00,2022-05-10 00:00:00,2022-05-25 00:00:00,2022-05-26 00:00:00,2022-06-06 00:00:00,2022-06-13 00:00:00,2022-06-14 00:00:00,31.0,2022-06-20 00:00:00,,,,,2022-05-10 00:00:00,27.02,28.92,31.46,31.86,31.16,2662456445.0,0.019973,0.00672
000858SZ_2022-06-21T000000_SELL_COUNTDOWN_PROGRESS_-1_2022-06-10T000000_5,2022-06-21 00:00:00,000858.SZ,1d,COUNTDOWN,SELL_COUNTDOWN_PROGRESS,-1,5,,,SELL_SETUP,False,2022-05-30 00:00:00,2022-06-10 00:00:00,160.19,140.2,2022-06-10 00:00:00,2022-06-15 00:00:00,2022-06-16 00:00:00,2022-06-17 00:00:00,2022-06-20 00:00:00,2022-06-21 00:00:00,,,,,,,,,,2022-06-15 00:00:00,151.99,160.1,161.86,165.7,160.65,4530659980.0,0.019512,0.183447
600036SS_2022-06-22T000000_BUY_COUNTDOWN_PROGRESS_1_2022-04-28T000000_10,2022-06-22 00:00:00,600036.SS,1d,COUNTDOWN,BUY_COUNTDOWN_PROGRESS,1,10,,,BUY_SETUP,False,2022-04-18 00:00:00,2022-04-28 00:00:00,37.72,37.72,2022-04-28 00:00:00,2022-05-06 00:00:00,2022-05-09 00:00:00,2022-05-10 00:00:00,2022-05-25 00:00:00,2022-05-26 00:00:00,2022-06-06 00:00:00,2022-06-13 00:00:00,2022-06-14 00:00:00,31.0,2022-06-20 00:00:00,2022-06-22 00:00:00,,,,2022-05-10 00:00:00,27.02,28.92,31.07,32.23,31.06,2667631570.0,0.021276,0.017354
600519SS_2022-06-24T000000_SELL_COUNTDOWN_PROGRESS_-1_2022-06-10T000000_5,2022-06-24 00:00:00,600519.SS,1d,COUNTDOWN,SELL_COUNTDOWN_PROGRESS,-1,5,,,SELL_SETUP,True,2022-05-30 00:00:00,2022-06-10 00:00:00,1712.08,1563.08,2022-06-10 00:00:00,2022-06-10 00:00:00,2022-06-16 00:00:00,2022-06-17 00:00:00,2022-06-20 00:00:00,2022-06-24 00:00:00,,,,,,,,,,2022-06-10 00:00:00,1640.08,1712.08,1814.09,1825.08,1770.08,6081489725.0,0.016572,0.162699
000858SZ_2022-06-24T000000_SELL_COUNTDOWN_PROGRESS_-1_2022-06-10T000000_6,2022-06-24 00:00:00,000858.SZ,1d,COUNTDOWN,SELL_COUNTDOWN_PROGRESS,-1,6,,,SELL_SETUP,False,2022-05-30 00:00:00,2022-06-10 00:00:00,160.19,140.2,2022-06-10 00:00:00,2022-06-15 00:00:00,2022-06-16 00:00:00,2022-06-17 00:00:00,2022-06-20 00:00:00,2022-06-21 00:00:00,2022-06-24 00:00:00,,,,,,,,,2022-06-15 00:00:00,151.99,160.1,165.2,165.71,160.11,4670405325.0,0.021128,0.195802
601318SS_2022-06-24T000000_BUY_COUNTDOWN_CANCEL_1_2022-04-28T000000_7,2022-06-24 00:00:00,601318.SS,1d,COUNTDOWN,BUY_COUNTDOWN_CANCEL,1,7,,tdst_break_rule_4,BUY_SETUP,True,2022-04-18 00:00:00,2022-04-28 00:00:00,38.24,38.24,2022-04-28 00:00:00,2022-05-09 00:00:00,2022-05-13 00:00:00,2022-05-16 00:00:00,2022-05-24 00:00:00,2022-05-25 00:00:00,2022-06-02 00:00:00,2022-06-13 00:00:00,,,,,,,,2022-05-25 00:00:00,33.27,33.75,38.5,38.59,37.96,2728467370.0,0.021238,0.139728
600519SS_2022-06-27T000000_SELL_COUNTDOWN_PROGRESS_-1_2022-06-10T000000_6,2022-06-27 00:00:00,600519.SS,1d,COUNTDOWN,SELL_COUNTDOWN_PROGRESS,-1,6,,,SELL_SETUP,True,2022-05-30 00:00:00,2022-06-10 00:00:00,1712.08,1563.08,2022-06-10 00:00:00,2022-06-10 00:00:00,2022-06-16 00:00:00,2022-06-17 00:00:00,2022-06-20 00:00:00,2022-06-24 00:00:00,2022-06-27 00:00:00,,,,,,,,,2022-06-10 00:00:00,1640.08,1712.08,1815.63,1855.02,1805.38,6265866925.0,0.016565,0.1466
000858SZ_2022-06-27T000000_SELL_COUNTDOWN_PROGRESS_-1_2022-06-10T000000_7,2022-06-27 00:00:00,000858.SZ,1d,COUNTDOWN,SELL_COUNTDOWN_PROGRESS,-1,7,,,SELL_SETUP,False,2022-05-30 00:00:00,2022-06-10 00:00:00,160.19,140.2,2022-06-10 00:00:00,2022-06-15 00:00:00,2022-06-16 00:00:00,2022-06-17 00:00:00,2022-06-20 00:00:00,2022-06-21 00:00:00,2022-06-24 00:00:00,2022-06-27 00:00:00,,,,,,,,2022-06-15 00:00:00,151.99,160.1,173.2,175.88,167.2,4855495655.0,0.019851,0.183222
600519SS_2022-06-28T000000_SELL_COUNTDOWN_PROGRESS_-1_2022-06-10T000000_7,2022-06-28 00:00:00,600519.SS,1d,COUNTDOWN,SELL_COUNTDOWN_PROGRESS,-1,7,,,SELL_SETUP,True,2022-05-30 00:00:00,2022-06-10 00:00:00,1712.08,1563.08,2022-06-10 00:00:00,2022-06-10 00:00:00,2022-06-16 00:00:00,2022-06-17 00:00:00,2022-06-20 00:00:00,2022-06-24 00:00:00,2022-06-27 00:00:00,2022-06-28 00:00:00,,,,,,,,2022-06-10 00:00:00,1640.08,1712.08,1841.08,1846.08,1806.08,6214700300.0,0.016512,0.14416
000858SZ_2022-06-28T000000_SELL_COUNTDOWN_PROGRESS_-1_2022-06-10T000000_8,2022-06-28 00:00:00,000858.SZ,1d,COUNTDOWN,SELL_COUNTDOWN_PROGRESS,-1,8,,,SELL_SETUP,False,2022-05-30 00:00:00,2022-06-10 00:00:00,160.19,140.2,2022-06-10 00:00:00,2022-06-15 00:00:00,2022-06-16 00:00:00,2022-06-17 00:00:00,2022-06-20 00:00:00,2022-06-21 00:00:00,2022-06-24 00:00:00,2022-06-27 00:00:00,2022-06-28 00:00:00,179.85,,,,,,2022-06-15 00:00:00,151.99,160.1,179.85,180.07,171.4,4746292005.0,0.020052,0.186346
600519SS_2022-06-29T000000_SELL_SETUP_-1_2022-06-29T000000_9,2022-06-29 00:00:00,600519.SS,1d,SETUP,SELL_SETUP,-1,9,False,,SELL_SETUP,False,2022-06-17 00:00:00,2022-06-29 00:00:00,,,,,,,,,,,,,,,,,,,,,,,,6155365665.0,0.016218,0.151726
600519SS_2022-06-29T000000_SELL_COUNTDOWN_CANCEL_-1_2022-06-10T000000_7,2022-06-29 00:00:00,600519.SS,1d,COUNTDOWN,SELL_COUNTDOWN_CANCEL,-1,7,,same_setup,SELL_SETUP,True,2022-05-30 00:00:00,2022-06-10 00:00:00,1712.08,1563.08,2022-06-10 00:00:00,2022-06-10 00:00:00,2022-06-16 00:00:00,2022-06-17 00:00:00,2022-06-20 00:00:00,2022-06-24 00:00:00,2022-06-27 00:00:00,2022-06-28 00:00:00,,,,,,,,2022-06-10 00:00:00,1640.08,1712.08,1835.08,1847.08,1816.09,6155365665.0,0.016218,0.151726
600519SS_2022-06-30T000000_SELL_COUNTDOWN_PROGRESS_-1_2022-06-29T000000_1,2022-06-30 00:00:00,600519.SS,1d,COUNTDOWN,SELL_COUNTDOWN_PROGRESS,-1,1,,,SELL_SETUP,False,2022-06-17 00:00:00,2022-06-29 00:00:00,1855.02,1683.17,2022-06-29 00:00:00,2022-06-30 00:00:00,,,,,,,,,,,,,,2022-06-30 00:00:00,1826.75,1903.76,1871.76,1903.76,1826.75,6359673685.0,0.016296,0.176408
000858SZ_2022-06-30T000000_SELL_COUNTDOWN_PROGRESS_-1_2022-06-10T000000_9,2022-06-30 00:00:00,000858.SZ,1d,COUNTDOWN,SELL_COUNTDOWN_PROGRESS,-1,9,,,SELL_SETUP,False,2022-05-30 00:00:00,2022-06-10 00:00:00,160.19,140.2,2022-06-10 00:00:00,2022-06-15 00:00:00,2022-06-16 00:00:00,2022-06-17 00:00:00,2022-06-20 00:00:00,2022-06-21 00:00:00,2022-06-24 00:00:00,2022-06-27 00:00:00,2022-06-28 00:00:00,179.85,2022-06-30 00:00:00,,,,,2022-06-15 00:00:00,151.99,160.1,185.16,188.23,175.41,4851971705.0,0.0236,0.234812
600519SS_2022-07-01T000000_SELL_COUNTDOWN_PROGRESS_-1_2022-06-29T000000_2,2022-07-01 00:00:00,600519.SS,1d,COUNTDOWN,SELL_COUNTDOWN_PROGRESS,-1,2,,,SELL_SETUP,False,2022-06-17 00:00:00,2022-06-29 00:00:00,1855.02,1683.17,2022-06-29 00:00:00,2022-06-30 00:00:00,2022-07-01 00:00:00,,,,,,,,,,,,,2022-06-30 00:00:00,1826.75,1903.76,1855.81,1894.53,1841.97,6427965550.0,0.016674,0.16492
000858SZ_2022-07-01T000000_SELL_COUNTDOWN_PROGRESS_-1_2022-06-10T000000_10,2022-07-01 00:00:00,000858.SZ,1d,COUNTDOWN,SELL_COUNTDOWN_PROGRESS,-1,10,,,SELL_SETUP,False,2022-05-30 00:00:00,2022-06-10 00:00:00,160.19,140.2,2022-06-10 00:00:00,2022-06-15 00:00:00,2022-06-16 00:00:00,2022-06-17 00:00:00,2022-06-20 00:00:00,2022-06-21 00:00:00,2022-06-24 00:00:00,2022-06-27 00:00:00,2022-06-28 00:00:00,179.85,2022-06-30 00:00:00,2022-07-01 00:00:00,,,,2022-06-15 00:00:00,151.99,160.1,186.23,188.23,181.23,4932820625.0,0.023514,0.216077
600036SS_2022-07-05T000000_BUY_COUNTDOWN_PROGRESS_1_2022-04-28T000000_11,2022-07-05 00:00:00,600036.SS,1d,COUNTDOWN,BUY_COUNTDOWN_PROGRESS,1,11,,,BUY_SETUP,False,2022-04-18 00:00:00,2022-04-28 00:00:00,37.72,37.72,2022-04-28 00:00:00,2022-05-06 00:00:00,2022-05-09 00:00:00,2022-05-10 00:00:00,2022-05-25 00:00:00,2022-05-26 00:00:00,2022-06-06 00:00:00,2022-06-13 00:00:00,2022-06-14 00:00:00,31.0,2022-06-20 00:00:00,2022-06-22 00:00:00,2022-07-05 00:00:00,,,2022-05-10 00:00:00,27.02,28.92,32.74,33.43,32.52,2861922040.0,0.02352,0.046341
600036SS_2022-07-06T000000_BUY_COUNTDOWN_PROGRESS_1_2022-04-28T000000_12,2022-07-06 00:00:00,600036.SS,1d,COUNTDOWN,BUY_COUNTDOWN_PROGRESS,1,12,,,BUY_SETUP,False,2022-04-18 00:00:00,2022-04-28 00:00:00,37.72,37.72,2022-04-28 00:00:00,2022-05-06 00:00:00,2022-05-09 00:00:00,2022-05-10 00:00:00,2022-05-25 00:00:00,2022-05-26 00:00:00,2022-06-06 00:00:00,2022-06-13 00:00:00,2022-06-14 00:00:00,31.0,2022-06-20 00:00:00,2022-06-22 00:00:00,2022-07-05 00:00:00,2022-07-06 00:00:00,,2022-05-10 00:00:00,27.02,28.92,31.56,32.85,31.36,2921753490.0,0.024441,-0.015289
600036SS_2022-07-07T000000_BUY_COUNTDOWN_COMPLETE_1_2022-04-28T000000_13,2022-07-07 00:00:00,600036.SS,1d,COUNTDOWN,BUY_COUNTDOWN_COMPLETE,1,13,False,,BUY_SETUP,False,2022-04-18 00:00:00,2022-04-28 00:00:00,37.72,37.72,2022-04-28 00:00:00,2022-05-06 00:00:00,2022-05-09 00:00:00,2022-05-10 00:00:00,2022-05-25 00:00:00,2022-05-26 00:00:00,2022-06-06 00:00:00,2022-06-13 00:00:00,2022-06-14 00:00:00,31.0,2022-06-20 00:00:00,2022-06-22 00:00:00,2022-07-05 00:00:00,2022-07-06 00:00:00,2022-07-07 00:00:00,2022-05-10 00:00:00,27.02,28.92,31.51,31.93,31.31,2840156335.0,0.024416,-0.011606
601318SS_2022-07-12T000000_BUY_SETUP_PERFECT_1_2022-07-12T000000_9,2022-07-12 00:00:00,601318.SS,1d,SETUP,BUY_SETUP_PERFECT,1,9,True,,BUY_SETUP,True,2022-06-30 00:00:00,2022-07-12 00:00:00,,,,,,,,,,,,,,,,,,,,,,,,2430900574.0,0.013413,-0.01715
601318SS_2022-07-12T000000_BUY_COUNTDOWN_PROGRESS_1_2022-07-12T000000_1,2022-07-12 00:00:00,601318.SS,1d,COUNTDOWN,BUY_COUNTDOWN_PROGRESS,1,1,,,BUY_SETUP,True,2022-06-30 00:00:00,2022-07-12 00:00:00,39.29,39.29,2022-07-12 00:00:00,2022-07-12 00:00:00,,,,,,,,,,,,,,2022-07-12 00:00:00,36.86,37.48,37.25,37.48,36.86,2430900574.0,0.013413,-0.01715
000858SZ_2022-07-13T000000_SELL_COUNTDOWN_PROGRESS_-1_2022-06-10T000000_11,2022-07-13 00:00:00,000858.SZ,1d,COUNTDOWN,SELL_COUNTDOWN_PROGRESS,-1,11,,,SELL_SETUP,False,2022-05-30 00:00:00,2022-06-10 00:00:00,160.19,140.2,2022-06-10 00:00:00,2022-06-15 00:00:00,2022-06-16 00:00:00,2022-06-17 00:00:00,2022-06-20 00:00:00,2022-06-21 00:00:00,2022-06-24 00:00:00,2022-06-27 00:00:00,2022-06-28 00:00:00,179.85,2022-06-30 00:00:00,2022-07-01 00:00:00,2022-07-13 00:00:00,,,2022-06-15 00:00:00,151.99,160.1,176.33,178.01,170.84,4736137405.0,0.024235,0.117427
601318SS_2022-07-13T000000_BUY_COUNTDOWN_PROGRESS_1_2022-07-12T000000_2,2022-07-13 00:00:00,601318.SS,1d,COUNTDOWN,BUY_COUNTDOWN_PROGRESS,1,2,,,BUY_SETUP,True,2022-06-30 00:00:00,2022-07-12 00:00:00,39.29,39.29,2022-07-12 00:00:00,2022-07-12 00:00:00,2022-07-13 00:00:00,,,,,,,,,,,,,2022-07-13 00:00:00,36.74,37.37,36.82,37.37,36.74,2029074739.0,0.011794,0.001905
601318SS_2022-07-14T000000_BUY_COUNTDOWN_PROGRESS_1_2022-07-12T000000_3,2022-07-14 00:00:00,601318.SS,1d,COUNTDOWN,BUY_COUNTDOWN_PROGRESS,1,3,,,BUY_SETUP,True,2022-06-30 00:00:00,2022-07-12 00:00:00,39.29,39.29,2022-07-12 00:00:00,2022-07-12 00:00:00,2022-07-13 00:00:00,2022-07-14 00:00:00,,,,,,,,,,,,2022-07-14 00:00:00,35.17,36.78,35.34,36.78,35.17,2029133099.0,0.014349,-0.052039
600036SS_2022-07-14T000000_BUY_SETUP_PERFECT_1_2022-07-14T000000_9,2022-07-14 00:00:00,600036.SS,1d,SETUP,BUY_SETUP_PERFECT,1,9,True,,BUY_SETUP,True,2022-07-04 00:00:00,2022-07-14 00:00:00,,,,,,,,,,,,,,,,,,,,,,,,2947382890.0,0.023492,-0.106612
600036SS_2022-07-14T000000_BUY_COUNTDOWN_PROGRESS_1_2022-07-14T000000_1,2022-07-14 00:00:00,600036.SS,1d,COUNTDOWN,BUY_COUNTDOWN_PROGRESS,1,1,,,BUY_SETUP,True,2022-07-04 00:00:00,2022-07-14 00:00:00,33.43,33.43,2022-07-14 00:00:00,2022-07-14 00:00:00,,,,,,,,,,,,,,2022-07-14 00:00:00,27.26,28.95,28.24,28.95,27.26,2947382890.0,0.023492,-0.106612
601318SS_2022-07-15T000000_BUY_COUNTDOWN_PROGRESS_1_2022-07-12T000000_4,2022-07-15 00:00:00,601318.SS,1d,COUNTDOWN,BUY_COUNTDOWN_PROGRESS,1,4,,,BUY_SETUP,True,2022-06-30 00:00:00,2022-07-12 00:00:00,39.29,39.29,2022-07-12 00:00:00,2022-07-12 00:00:00,2022-07-13 00:00:00,2022-07-14 00:00:00,2022-07-15 00:00:00,,,,,,,,,,,2022-07-15 00:00:00,34.44,35.83,34.45,35.83,34.44,2046816524.0,0.015202,-0.071429
600036SS_2022-07-15T000000_BUY_COUNTDOWN_PROGRESS_1_2022-07-14T000000_2,2022-07-15 00:00:00,600036.SS,1d,COUNTDOWN,BUY_COUNTDOWN_PROGRESS,1,2,,,BUY_SETUP,True,2022-07-04 00:00:00,2022-07-14 00:00:00,33.43,33.43,2022-07-14 00:00:00,2022-07-14 00:00:00,2022-07-15 00:00:00,,,,,,,,,,,,,2022-07-14 00:00:00,27.26,28.95,28.15,29.24,28.14,3081582135.0,0.023498,-0.105213
601318SS_2022-07-21T000000_BUY_COUNTDOWN_PROGRESS_1_2022-07-12T000000_5,2022-07-21 00:00:00,601318.SS,1d,COUNTDOWN,BUY_COUNTDOWN_PROGRESS,1,5,,,BUY_SETUP,True,2022-06-30 00:00:00,2022-07-12 00:00:00,39.29,39.29,2022-07-12 00:00:00,2022-07-12 00:00:00,2022-07-13 00:00:00,2022-07-14 00:00:00,2022-07-15 00:00:00,2022-07-21 00:00:00,,,,,,,,,,2022-07-21 00:00:00,34.39,34.99,34.48,34.99,34.39,1840771193.0,0.013288,-0.104416
601318SS_2022-07-22T000000_BUY_COUNTDOWN_PROGRESS_1_2022-07-12T000000_6,2022-07-22 00:00:00,601318.SS,1d,COUNTDOWN,BUY_COUNTDOWN_PROGRESS,1,6,,,BUY_SETUP,True,2022-06-30 00:00:00,2022-07-12 00:00:00,39.29,39.29,2022-07-12 00:00:00,2022-07-12 00:00:00,2022-07-13 00:00:00,2022-07-14 00:00:00,2022-07-15 00:00:00,2022-07-21 00:00:00,2022-07-22 00:00:00,,,,,,,,,2022-07-21 00:00:00,34.39,34.99,34.79,35.1,34.52,1779265259.0,0.013615,-0.097302
600036SS_2022-07-22T000000_BUY_COUNTDOWN_PROGRESS_1_2022-07-14T000000_3,2022-07-22 00:00:00,600036.SS,1d,COUNTDOWN,BUY_COUNTDOWN_PROGRESS,1,3,,,BUY_SETUP,True,2022-07-04 00:00:00,2022-07-14 00:00:00,33.43,33.43,2022-07-14 00:00:00,2022-07-14 00:00:00,2022-07-15 00:00:00,2022-07-22 00:00:00,,,,,,,,,,,,2022-07-14 00:00:00,27.26,28.95,28.87,29.33,28.53,2959749310.0,0.02045,-0.125417
000858SZ_2022-07-26T000000_SELL_COUNTDOWN_PROGRESS_-1_2022-06-10T000000_12,2022-07-26 00:00:00,000858.SZ,1d,COUNTDOWN,SELL_COUNTDOWN_PROGRESS,-1,12,,,SELL_SETUP,False,2022-05-30 00:00:00,2022-06-10 00:00:00,160.19,140.2,2022-06-10 00:00:00,2022-06-15 00:00:00,2022-06-16 00:00:00,2022-06-17 00:00:00,2022-06-20 00:00:00,2022-06-21 00:00:00,2022-06-24 00:00:00,2022-06-27 00:00:00,2022-06-28 00:00:00,179.85,2022-06-30 00:00:00,2022-07-01 00:00:00,2022-07-13 00:00:00,2022-07-26 00:00:00,,2022-06-15 00:00:00,151.99,160.1,174.22,175.23,171.91,3767253940.0,0.018191,-0.005764
601318SS_2022-07-28T000000_BUY_COUNTDOWN_PROGRESS_1_2022-07-12T000000_7,2022-07-28 00:00:00,601318.SS,1d,COUNTDOWN,BUY_COUNTDOWN_PROGRESS,1,7,,,BUY_SETUP,True,2022-06-30 00:00:00,2022-07-12 00:00:00,39.29,39.29,2022-07-12 00:00:00,2022-07-12 00:00:00,2022-07-13 00:00:00,2022-07-14 00:00:00,2022-07-15 00:00:00,2022-07-21 00:00:00,2022-07-22 00:00:00,2022-07-28 00:00:00,,,,,,,,2022-07-21 00:00:00,34.39,34.99,34.46,34.99,34.45,1638891728.5,0.013876,-0.09435
600036SS_2022-07-28T000000_BUY_COUNTDOWN_PROGRESS_1_2022-07-14T000000_4,2022-07-28 00:00:00,600036.SS,1d,COUNTDOWN,BUY_COUNTDOWN_PROGRESS,1,4,,,BUY_SETUP,True,2022-07-04 00:00:00,2022-07-14 00:00:00,33.43,33.43,2022-07-14 00:00:00,2022-07-14 00:00:00,2022-07-15 00:00:00,2022-07-22 00:00:00,2022-07-28 00:00:00,,,,,,,,,,,2022-07-14 00:00:00,27.26,28.95,29.06,29.63,29.03,2707646740.0,0.018538,-0.123114
601318SS_2022-07-29T000000_BUY_COUNTDOWN_PROGRESS_1_2022-07-12T000000_8,2022-07-29 00:00:00,601318.SS,1d,COUNTDOWN,BUY_COUNTDOWN_PROGRESS,1,8,,,BUY_SETUP,True,2022-06-30 00:00:00,2022-07-12 00:00:00,39.29,39.29,2022-07-12 00:00:00,2022-07-12 00:00:00,2022-07-13 00:00:00,2022-07-14 00:00:00,2022-07-15 00:00:00,2022-07-21 00:00:00,2022-07-22 00:00:00,2022-07-28 00:00:00,2022-07-29 00:00:00,33.86,,,,,,2022-07-29 00:00:00,33.84,34.89,33.86,34.89,33.84,1653747893.5,0.013962,-0.113613
600036SS_2022-07-29T000000_BUY_COUNTDOWN_PROGRESS_1_2022-07-14T000000_5,2022-07-29 00:00:00,600036.SS,1d,COUNTDOWN,BUY_COUNTDOWN_PROGRESS,1,5,,,BUY_SETUP,True,2022-07-04 00:00:00,2022-07-14 00:00:00,33.43,33.43,2022-07-14 00:00:00,2022-07-14 00:00:00,2022-07-15 00:00:00,2022-07-22 00:00:00,2022-07-28 00:00:00,2022-07-29 00:00:00,,,,,,,,,,2022-07-14 00:00:00,27.26,28.95,28.35,29.46,28.29,2678211740.0,0.018949,-0.135934
601318SS_2022-08-01T000000_BUY_COUNTDOWN_PROGRESS_1_2022-07-12T000000_9,2022-08-01 00:00:00,601318.SS,1d,COUNTDOWN,BUY_COUNTDOWN_PROGRESS,1,9,,,BUY_SETUP,True,2022-06-30 00:00:00,2022-07-12 00:00:00,39.29,39.29,2022-07-12 00:00:00,2022-07-12 00:00:00,2022-07-13 00:00:00,2022-07-14 00:00:00,2022-07-15 00:00:00,2022-07-21 00:00:00,2022-07-22 00:00:00,2022-07-28 00:00:00,2022-07-29 00:00:00,33.86,2022-08-01 00:00:00,,,,,2022-08-01 00:00:00,33.49,33.86,33.58,33.86,33.49,1624035828.5,0.013759,-0.124381
600036SS_2022-08-01T000000_BUY_COUNTDOWN_PROGRESS_1_2022-07-14T000000_6,2022-08-01 00:00:00,600036.SS,1d,COUNTDOWN,BUY_COUNTDOWN_PROGRESS,1,6,,,BUY_SETUP,True,2022-07-04 00:00:00,2022-07-14 00:00:00,33.43,33.43,2022-07-14 00:00:00,2022-07-14 00:00:00,2022-07-15 00:00:00,2022-07-22 00:00:00,2022-07-28 00:00:00,2022-07-29 00:00:00,2022-08-01 00:00:00,,,,,,,,,2022-07-14 00:00:00,27.26,28.95,27.8,28.29,27.73,2700481965.0,0.019084,-0.150886
601318SS_2022-08-02T000000_BUY_COUNTDOWN_PROGRESS_1_2022-07-12T000000_10,2022-08-02 00:00:00,601318.SS,1d,COUNTDOWN,BUY_COUNTDOWN_PROGRESS,1,10,,,BUY_SETUP,True,2022-06-30 00:00:00,2022-07-12 00:00:00,39.29,39.29,2022-07-12 00:00:00,2022-07-12 00:00:00,2022-07-13 00:00:00,2022-07-14 00:00:00,2022-07-15 00:00:00,2022-07-21 00:00:00,2022-07-22 00:00:00,2022-07-28 00:00:00,2022-07-29 00:00:00,33.86,2022-08-01 00:00:00,2022-08-02 00:00:00,,,,2022-08-02 00:00:00,32.27,33.29,32.91,33.29,32.27,1641674248.5,0.013766,-0.124501
600036SS_2022-08-02T000000_BUY_COUNTDOWN_PROGRESS_1_2022-07-14T000000_7,2022-08-02 00:00:00,600036.SS,1d,COUNTDOWN,BUY_COUNTDOWN_PROGRESS,1,7,,,BUY_SETUP,True,2022-07-04 00:00:00,2022-07-14 00:00:00,33.43,33.43,2022-07-14 00:00:00,2022-07-14 00:00:00,2022-07-15 00:00:00,2022-07-22 00:00:00,2022-07-28 00:00:00,2022-07-29 00:00:00,2022-08-01 00:00:00,2022-08-02 00:00:00,,,,,,,,2022-08-02 00:00:00,26.61,27.49,27.19,27.49,26.61,2727640470.0,0.01825,-0.138466
601318SS_2022-08-03T000000_BUY_COUNTDOWN_PROGRESS_1_2022-07-12T000000_11,2022-08-03 00:00:00,601318.SS,1d,COUNTDOWN,BUY_COUNTDOWN_PROGRESS,1,11,,,BUY_SETUP,True,2022-06-30 00:00:00,2022-07-12 00:00:00,39.29,39.29,2022-07-12 00:00:00,2022-07-12 00:00:00,2022-07-13 00:00:00,2022-07-14 00:00:00,2022-07-15 00:00:00,2022-07-21 00:00:00,2022-07-22 00:00:00,2022-07-28 00:00:00,2022-07-29 00:00:00,33.86,2022-08-01 00:00:00,2022-08-02 00:00:00,2022-08-03 00:00:00,,,2022-08-02 00:00:00,32.27,33.29,32.57,33.14,32.48,1635832118.5,0.013787,-0.127745
600036SS_2022-08-03T000000_BUY_COUNTDOWN_PROGRESS_1_2022-07-14T000000_8,2022-08-03 00:00:00,600036.SS,1d,COUNTDOWN,BUY_COUNTDOWN_PROGRESS,1,8,,,BUY_SETUP,True,2022-07-04 00:00:00,2022-07-14 00:00:00,33.43,33.43,2022-07-14 00:00:00,2022-07-14 00:00:00,2022-07-15 00:00:00,2022-07-22 00:00:00,2022-07-28 00:00:00,2022-07-29 00:00:00,2022-08-01 00:00:00,2022-08-02 00:00:00,2022-08-03 00:00:00,26.34,,,,,,2022-08-03 00:00:00,26.23,27.77,26.34,27.77,26.23,2717580950.0,0.018922,-0.164075
600519SS_2022-08-04T000000_SELL_COUNTDOWN_PROGRESS_-1_2022-06-29T000000_3,2022-08-04 00:00:00,600519.SS,1d,COUNTDOWN,SELL_COUNTDOWN_PROGRESS,-1,3,,,SELL_SETUP,False,2022-06-17 00:00:00,2022-06-29 00:00:00,1855.02,1683.17,2022-06-29 00:00:00,2022-06-30 00:00:00,2022-07-01 00:00:00,2022-08-04 00:00:00,,,,,,,,,,,,2022-08-04 00:00:00,1706.89,1749.86,1742.77,1749.86,1706.89,4601656945.0,0.008409,-0.045455
600519SS_2022-08-05T000000_SELL_COUNTDOWN_PROGRESS_-1_2022-06-29T000000_4,2022-08-05 00:00:00,600519.SS,1d,COUNTDOWN,SELL_COUNTDOWN_PROGRESS,-1,4,,,SELL_SETUP,False,2022-06-17 00:00:00,2022-06-29 00:00:00,1855.02,1683.17,2022-06-29 00:00:00,2022-06-30 00:00:00,2022-07-01 00:00:00,2022-08-04 00:00:00,2022-08-05 00:00:00,,,,,,,,,,,2022-08-04 00:00:00,1706.89,1749.86,1750.72,1761.76,1731.66,4637782085.0,0.007517,-0.022141
000858SZ_2022-08-08T000000_SELL_COUNTDOWN_COMPLETE_-1_2022-06-10T000000_13,2022-08-08 00:00:00,000858.SZ,1d,COUNTDOWN,SELL_COUNTDOWN_COMPLETE,-1,13,False,,SELL_SETUP,False,2022-05-30 00:00:00,2022-06-10 00:00:00,160.19,140.2,2022-06-10 00:00:00,2022-06-15 00:00:00,2022-06-16 00:00:00,2022-06-17 00:00:00,2022-06-20 00:00:00,2022-06-21 00:00:00,2022-06-24 00:00:00,2022-06-27 00:00:00,2022-06-28 00:00:00,179.85,2022-06-30 00:00:00,2022-07-01 00:00:00,2022-07-13 00:00:00,2022-07-26 00:00:00,2022-08-08 00:00:00,2022-06-15 00:00:00,151.99,160.1,161.14,164.76,160.73,2800074395.0,0.016394,-0.069792
601318SS_2022-08-09T000000_BUY_COUNTDOWN_PROGRESS_1_2022-07-12T000000_12,2022-08-09 00:00:00,601318.SS,1d,COUNTDOWN,BUY_COUNTDOWN_PROGRESS,1,12,,,BUY_SETUP,True,2022-06-30 00:00:00,2022-07-12 00:00:00,39.29,39.29,2022-07-12 00:00:00,2022-07-12 00:00:00,2022-07-13 00:00:00,2022-07-14 00:00:00,2022-07-15 00:00:00,2022-07-21 00:00:00,2022-07-22 00:00:00,2022-07-28 00:00:00,2022-07-29 00:00:00,33.86,2022-08-01 00:00:00,2022-08-02 00:00:00,2022-08-03 00:00:00,2022-08-09 00:00:00,,2022-08-02 00:00:00,32.27,33.29,32.7,32.95,32.66,1606330032.0,0.014418,-0.111896
600036SS_2022-08-09T000000_BUY_COUNTDOWN_PROGRESS_1_2022-07-14T000000_9,2022-08-09 00:00:00,600036.SS,1d,COUNTDOWN,BUY_COUNTDOWN_PROGRESS,1,9,,,BUY_SETUP,True,2022-07-04 00:00:00,2022-07-14 00:00:00,33.43,33.43,2022-07-14 00:00:00,2022-07-14 00:00:00,2022-07-15 00:00:00,2022-07-22 00:00:00,2022-07-28 00:00:00,2022-07-29 00:00:00,2022-08-01 00:00:00,2022-08-02 00:00:00,2022-08-03 00:00:00,26.34,2022-08-09 00:00:00,,,,,2022-08-03 00:00:00,26.23,27.77,26.88,27.23,26.68,2690173535.0,0.019417,-0.093729
601318SS_2022-08-10T000000_BUY_COUNTDOWN_COMPLETE_PERFECT_1_2022-07-12T000000_13,2022-08-10 00:00:00,601318.SS,1d,COUNTDOWN,BUY_COUNTDOWN_COMPLETE_PERFECT,1,13,True,,BUY_SETUP,True,2022-06-30 00:00:00,2022-07-12 00:00:00,39.29,39.29,2022-07-12 00:00:00,2022-07-12 00:00:00,2022-07-13 00:00:00,2022-07-14 00:00:00,2022-07-15 00:00:00,2022-07-21 00:00:00,2022-07-22 00:00:00,2022-07-28 00:00:00,2022-07-29 00:00:00,33.86,2022-08-01 00:00:00,2022-08-02 00:00:00,2022-08-03 00:00:00,2022-08-09 00:00:00,2022-08-10 00:00:00,2022-08-10 00:00:00,32.1,32.82,32.14,32.82,32.1,1632508317.0,0.012315,-0.090549
600036SS_2022-08-10T000000_BUY_COUNTDOWN_PROGRESS_1_2022-07-14T000000_10,2022-08-10 00:00:00,600036.SS,1d,COUNTDOWN,BUY_COUNTDOWN_PROGRESS,1,10,,,BUY_SETUP,True,2022-07-04 00:00:00,2022-07-14 00:00:00,33.43,33.43,2022-07-14 00:00:00,2022-07-14 00:00:00,2022-07-15 00:00:00,2022-07-22 00:00:00,2022-07-28 00:00:00,2022-07-29 00:00:00,2022-08-01 00:00:00,2022-08-02 00:00:00,2022-08-03 00:00:00,26.34,2022-08-09 00:00:00,2022-08-10 00:00:00,,,,2022-08-03 00:00:00,26.23,27.77,26.43,26.98,26.31,2508917960.0,0.016875,-0.064093
600519SS_2022-08-12T000000_SELL_COUNTDOWN_PROGRESS_-1_2022-06-29T000000_5,2022-08-12 00:00:00,600519.SS,1d,COUNTDOWN,SELL_COUNTDOWN_PROGRESS,-1,5,,,SELL_SETUP,False,2022-06-17 00:00:00,2022-06-29 00:00:00,1855.02,1683.17,2022-06-29 00:00:00,2022-06-30 00:00:00,2022-07-01 00:00:00,2022-08-04 00:00:00,2022-08-05 00:00:00,2022-08-12 00:00:00,,,,,,,,,,2022-08-04 00:00:00,1706.89,1749.86,1754.76,1756.76,1726.76,4447095010.0,0.009946,-0.013304
600519SS_2022-08-15T000000_SELL_COUNTDOWN_PROGRESS_-1_2022-06-29T000000_6,2022-08-15 00:00:00,600519.SS,1d,COUNTDOWN,SELL_COUNTDOWN_PROGRESS,-1,6,,,SELL_SETUP,False,2022-06-17 00:00:00,2022-06-29 00:00:00,1855.02,1683.17,2022-06-29 00:00:00,2022-06-30 00:00:00,2022-07-01 00:00:00,2022-08-04 00:00:00,2022-08-05 00:00:00,2022-08-12 00:00:00,2022-08-15 00:00:00,,,,,,,,,2022-08-04 00:00:00,1706.89,1749.86,1746.65,1766.26,1742.31,4397857090.0,0.009942,-0.013114
600036SS_2022-08-16T000000_BUY_COUNTDOWN_PROGRESS_1_2022-07-14T000000_11,2022-08-16 00:00:00,600036.SS,1d,COUNTDOWN,BUY_COUNTDOWN_PROGRESS,1,11,,,BUY_SETUP,True,2022-07-04 00:00:00,2022-07-14 00:00:00,33.43,33.43,2022-07-14 00:00:00,2022-07-14 00:00:00,2022-07-15 00:00:00,2022-07-22 00:00:00,2022-07-28 00:00:00,2022-07-29 00:00:00,2022-08-01 00:00:00,2022-08-02 00:00:00,2022-08-03 00:00:00,26.34,2022-08-09 00:00:00,2022-08-10 00:00:00,2022-08-16 00:00:00,,,2022-08-03 00:00:00,26.23,27.77,27.19,27.65,27.03,1956125885.0,0.019608,-0.066598
600036SS_2022-08-18T000000_BUY_COUNTDOWN_PROGRESS_1_2022-07-14T000000_12,2022-08-18 00:00:00,600036.SS,1d,COUNTDOWN,BUY_COUNTDOWN_PROGRESS,1,12,,,BUY_SETUP,True,2022-07-04 00:00:00,2022-07-14 00:00:00,33.43,33.43,2022-07-14 00:00:00,2022-07-14 00:00:00,2022-07-15 00:00:00,2022-07-22 00:00:00,2022-07-28 00:00:00,2022-07-29 00:00:00,2022-08-01 00:00:00,2022-08-02 00:00:00,2022-08-03 00:00:00,26.34,2022-08-09 00:00:00,2022-08-10 00:00:00,2022-08-16 00:00:00,2022-08-18 00:00:00,,2022-08-03 00:00:00,26.23,27.77,27.0,27.45,26.72,1951813420.0,0.020031,-0.064773
600036SS_2022-08-23T000000_BUY_COUNTDOWN_COMPLETE_1_2022-07-14T000000_13,2022-08-23 00:00:00,600036.SS,1d,COUNTDOWN,BUY_COUNTDOWN_COMPLETE,1,13,False,,BUY_SETUP,True,2022-07-04 00:00:00,2022-07-14 00:00:00,33.43,33.43,2022-07-14 00:00:00,2022-07-14 00:00:00,2022-07-15 00:00:00,2022-07-22 00:00:00,2022-07-28 00:00:00,2022-07-29 00:00:00,2022-08-01 00:00:00,2022-08-02 00:00:00,2022-08-03 00:00:00,26.34,2022-08-09 00:00:00,2022-08-10 00:00:00,2022-08-16 00:00:00,2022-08-18 00:00:00,2022-08-23 00:00:00,2022-08-03 00:00:00,26.23,27.77,26.38,26.88,26.3,1956992940.0,0.019616,-0.10058
600519SS_2022-08-24T000000_SELL_COUNTDOWN_CANCEL_-1_2022-06-29T000000_6,2022-08-24 00:00:00,600519.SS,1d,COUNTDOWN,SELL_COUNTDOWN_CANCEL,-1,6,,tdst_break_rule_4,SELL_SETUP,False,2022-06-17 00:00:00,2022-06-29 00:00:00,1855.02,1683.17,2022-06-29 00:00:00,2022-06-30 00:00:00,2022-07-01 00:00:00,2022-08-04 00:00:00,2022-08-05 00:00:00,2022-08-12 00:00:00,2022-08-15 00:00:00,,,,,,,,,2022-08-04 00:00:00,1706.89,1749.86,1680.96,1701.99,1677.76,4256141560.0,0.009641,-0.025395
000858SZ_2022-08-29T000000_BUY_SETUP_PERFECT_1_2022-08-29T000000_9,2022-08-29 00:00:00,000858.SZ,1d,SETUP,BUY_SETUP_PERFECT,1,9,True,,BUY_SETUP,True,2022-08-17 00:00:00,2022-08-29 00:00:00,,,,,,,,,,,,,,,,,,,,,,,,2695646590.0,0.014279,-0.064951
000858SZ_2022-08-29T000000_BUY_COUNTDOWN_PROGRESS_1_2022-08-29T000000_1,2022-08-29 00:00:00,000858.SZ,1d,COUNTDOWN,BUY_COUNTDOWN_PROGRESS,1,1,,,BUY_SETUP,True,2022-08-17 00:00:00,2022-08-29 00:00:00,160.2,160.2,2022-08-29 00:00:00,2022-08-29 00:00:00,,,,,,,,,,,,,,2022-08-29 00:00:00,148.23,152.78,148.57,152.78,148.23,2695646590.0,0.014279,-0.064951
000858SZ_2022-08-30T000000_BUY_COUNTDOWN_PROGRESS_1_2022-08-29T000000_2,2022-08-30 00:00:00,000858.SZ,1d,COUNTDOWN,BUY_COUNTDOWN_PROGRESS,1,2,,,BUY_SETUP,True,2022-08-17 00:00:00,2022-08-29 00:00:00,160.2,160.2,2022-08-29 00:00:00,2022-08-29 00:00:00,2022-08-30 00:00:00,,,,,,,,,,,,,2022-08-30 00:00:00,145.42,147.98,147.26,147.98,145.42,2692251410.0,0.014312,-0.066912
000858SZ_2022-09-02T000000_BUY_COUNTDOWN_PROGRESS_1_2022-08-29T000000_3,2022-09-02 00:00:00,000858.SZ,1d,COUNTDOWN,BUY_COUNTDOWN_PROGRESS,1,3,,,BUY_SETUP,True,2022-08-17 00:00:00,2022-08-29 00:00:00,160.2,160.2,2022-08-29 00:00:00,2022-08-29 00:00:00,2022-08-30 00:00:00,2022-09-02 00:00:00,,,,,,,,,,,,2022-09-02 00:00:00,144.23,147.72,145.07,147.72,144.23,2804989830.0,0.015003,-0.099727
000858SZ_2022-09-05T000000_BUY_COUNTDOWN_PROGRESS_1_2022-08-29T000000_4,2022-09-05 00:00:00,000858.SZ,1d,COUNTDOWN,BUY_COUNTDOWN_PROGRESS,1,4,,,BUY_SETUP,True,2022-08-17 00:00:00,2022-08-29 00:00:00,160.2,160.2,2022-08-29 00:00:00,2022-08-29 00:00:00,2022-08-30 00:00:00,2022-09-02 00:00:00,2022-09-05 00:00:00,,,,,,,,,,,2022-09-05 00:00:00,140.29,143.57,142.25,143.57,140.29,2865949165.0,0.015328,-0.112047
601318SS_2022-09-05T000000_SELL_SETUP_PERFECT_-1_2022-09-05T000000_9,2022-09-05 00:00:00,601318.SS,1d,SETUP,SELL_SETUP_PERFECT,-1,9,True,,SELL_SETUP,True,2022-08-24 00:00:00,2022-09-05 00:00:00,,,,,,,,,,,,,,,,,,,,,,,,2098683247.5,0.016732,0.08685
000858SZ_2022-09-06T000000_BUY_COUNTDOWN_PROGRESS_1_2022-08-29T000000_5,2022-09-06 00:00:00,000858.SZ,1d,COUNTDOWN,BUY_COUNTDOWN_PROGRESS,1,5,,,BUY_SETUP,True,2022-08-17 00:00:00,2022-08-29 00:00:00,160.2,160.2,2022-08-29 00:00:00,2022-08-29 00:00:00,2022-08-30 00:00:00,2022-09-02 00:00:00,2022-09-05 00:00:00,2022-09-06 00:00:00,,,,,,,,,,2022-09-05 00:00:00,140.29,143.57,143.76,144.57,141.5,2907697565.0,0.015466,-0.085671
000651SZ_2022-09-08T000000_SELL_SETUP_-1_2022-09-08T000000_9,2022-09-08 00:00:00,000651.SZ,1d,SETUP,SELL_SETUP,-1,9,False,,SELL_SETUP,False,2022-08-29 00:00:00,2022-09-08 00:00:00,,,,,,,,,,,,,,,,,,,,,,,,1429390715.0,0.018597,0.101417
601318SS_2022-09-09T000000_SELL_COUNTDOWN_PROGRESS_-1_2022-09-05T000000_1,2022-09-09 00:00:00,601318.SS,1d,COUNTDOWN,SELL_COUNTDOWN_PROGRESS,-1,1,,,SELL_SETUP,True,2022-08-24 00:00:00,2022-09-05 00:00:00,36.02,33.09,2022-09-05 00:00:00,2022-09-09 00:00:00,,,,,,,,,,,,,,2022-09-09 00:00:00,35.59,36.52,36.43,36.52,35.59,2133563824.5,0.014914,0.107968
000651SZ_2022-09-09T000000_SELL_COUNTDOWN_PROGRESS_-1_2022-09-08T000000_1,2022-09-09 00:00:00,000651.SZ,1d,COUNTDOWN,SELL_COUNTDOWN_PROGRESS,-1,1,,,SELL_SETUP,False,2022-08-29 00:00:00,2022-09-08 00:00:00,25.28,21.54,2022-09-08 00:00:00,2022-09-09 00:00:00,,,,,,,,,,,,,,2022-09-09 00:00:00,24.95,26.64,26.36,26.64,24.95,1585442516.0,0.022173,0.167405
601318SS_2022-09-13T000000_SELL_COUNTDOWN_PROGRESS_-1_2022-09-05T000000_2,2022-09-13 00:00:00,601318.SS,1d,COUNTDOWN,SELL_COUNTDOWN_PROGRESS,-1,2,,,SELL_SETUP,True,2022-08-24 00:00:00,2022-09-05 00:00:00,36.02,33.09,2022-09-05 00:00:00,2022-09-09 00:00:00,2022-09-13 00:00:00,,,,,,,,,,,,,2022-09-09 00:00:00,35.59,36.52,36.8,37.11,36.09,2184013929.5,0.014751,0.124351
000651SZ_2022-09-13T000000_SELL_COUNTDOWN_PROGRESS_-1_2022-09-08T000000_2,2022-09-13 00:00:00,000651.SZ,1d,COUNTDOWN,SELL_COUNTDOWN_PROGRESS,-1,2,,,SELL_SETUP,False,2022-08-29 00:00:00,2022-09-08 00:00:00,25.28,21.54,2022-09-08 00:00:00,2022-09-09 00:00:00,2022-09-13 00:00:00,,,,,,,,,,,,,2022-09-09 00:00:00,24.95,26.64,26.84,27.11,26.15,1678958840.0,0.02215,0.190244
000858SZ_2022-09-22T000000_BUY_COUNTDOWN_PROGRESS_1_2022-08-29T000000_6,2022-09-22 00:00:00,000858.SZ,1d,COUNTDOWN,BUY_COUNTDOWN_PROGRESS,1,6,,,BUY_SETUP,True,2022-08-17 00:00:00,2022-08-29 00:00:00,160.2,160.2,2022-08-29 00:00:00,2022-08-29 00:00:00,2022-08-30 00:00:00,2022-09-02 00:00:00,2022-09-05 00:00:00,2022-09-06 00:00:00,2022-09-22 00:00:00,,,,,,,,,2022-09-05 00:00:00,140.29,143.57,142.13,145.51,141.78,3077939915.0,0.017194,-0.068855
000858SZ_2022-09-23T000000_BUY_COUNTDOWN_PROGRESS_1_2022-08-29T000000_7,2022-09-23 00:00:00,000858.SZ,1d,COUNTDOWN,BUY_COUNTDOWN_PROGRESS,1,7,,,BUY_SETUP,True,2022-08-17 00:00:00,2022-08-29 00:00:00,160.2,160.2,2022-08-29 00:00:00,2022-08-29 00:00:00,2022-08-30 00:00:00,2022-09-02 00:00:00,2022-09-05 00:00:00,2022-09-06 00:00:00,2022-09-22 00:00:00,2022-09-23 00:00:00,,,,,,,,2022-09-05 00:00:00,140.29,143.57,142.35,143.85,141.13,3026296020.0,0.017135,-0.07155
000651SZ_2022-09-27T000000_SELL_COUNTDOWN_PROGRESS_-1_2022-09-08T000000_3,2022-09-27 00:00:00,000651.SZ,1d,COUNTDOWN,SELL_COUNTDOWN_PROGRESS,-1,3,,,SELL_SETUP,False,2022-08-29 00:00:00,2022-09-08 00:00:00,25.28,21.54,2022-09-08 00:00:00,2022-09-09 00:00:00,2022-09-13 00:00:00,2022-09-27 00:00:00,,,,,,,,,,,,2022-09-27 00:00:00,24.3,25.29,25.14,25.29,24.3,2026376693.5,0.025518,0.130396
601318SS_2022-09-28T000000_BUY_SETUP_PERFECT_1_2022-09-28T000000_9,2022-09-28 00:00:00,601318.SS,1d,SETUP,BUY_SETUP_PERFECT,1,9,True,,BUY_SETUP,True,2022-09-16 00:00:00,2022-09-28 00:00:00,,,,,,,,,,,,,,,,,,,,,,,,1938109075.5,0.013446,-0.054806
601318SS_2022-09-28T000000_SELL_COUNTDOWN_CANCEL_-1_2022-09-05T000000_2,2022-09-28 00:00:00,601318.SS,1d,COUNTDOWN,SELL_COUNTDOWN_CANCEL,-1,2,,opposite_setup,SELL_SETUP,True,2022-08-24 00:00:00,2022-09-05 00:00:00,36.02,33.09,2022-09-05 00:00:00,2022-09-09 00:00:00,2022-09-13 00:00:00,,,,,,,,,,,,,2022-09-09 00:00:00,35.59,36.52,33.63,34.24,33.59,1938109075.5,0.013446,-0.054806
601318SS_2022-09-28T000000_BUY_COUNTDOWN_PROGRESS_1_2022-09-28T000000_1,2022-09-28 00:00:00,601318.SS,1d,COUNTDOWN,BUY_COUNTDOWN_PROGRESS,1,1,,,BUY_SETUP,True,2022-09-16 00:00:00,2022-09-28 00:00:00,36.71,36.71,2022-09-28 00:00:00,2022-09-28 00:00:00,,,,,,,,,,,,,,2022-09-28 00:00:00,33.59,34.24,33.63,34.24,33.59,1938109075.5,0.013446,-0.054806
000651SZ_2022-09-28T000000_BUY_SETUP_PERFECT_1_2022-09-28T000000_9,2022-09-28 00:00:00,000651.SZ,1d,SETUP,BUY_SETUP_PERFECT,1,9,True,,BUY_SETUP,True,2022-09-16 00:00:00,2022-09-28 00:00:00,,,,,,,,,,,,,,,,,,,,,,,,2033429358.0,0.022469,0.045301
000651SZ_2022-09-28T000000_SELL_COUNTDOWN_CANCEL_-1_2022-09-08T000000_3,2022-09-28 00:00:00,000651.SZ,1d,COUNTDOWN,SELL_COUNTDOWN_CANCEL,-1,3,,opposite_setup,SELL_SETUP,False,2022-08-29 00:00:00,2022-09-08 00:00:00,25.28,21.54,2022-09-08 00:00:00,2022-09-09 00:00:00,2022-09-13 00:00:00,2022-09-27 00:00:00,,,,,,,,,,,,2022-09-27 00:00:00,24.3,25.29,24.69,25.14,24.63,2033429358.0,0.022469,0.045301
601318SS_2022-09-29T000000_BUY_COUNTDOWN_PROGRESS_1_2022-09-28T000000_2,2022-09-29 00:00:00,601318.SS,1d,COUNTDOWN,BUY_COUNTDOWN_PROGRESS,1,2,,,BUY_SETUP,True,2022-09-16 00:00:00,2022-09-28 00:00:00,36.71,36.71,2022-09-28 00:00:00,2022-09-28 00:00:00,2022-09-29 00:00:00,,,,,,,,,,,,,2022-09-29 00:00:00,32.89,34.08,33.06,34.08,32.89,1842864710.5,0.013803,-0.065838
600036SS_2022-09-29T000000_BUY_SETUP_PERFECT_1_2022-09-29T000000_9,2022-09-29 00:00:00,600036.SS,1d,SETUP,BUY_SETUP_PERFECT,1,9,True,,BUY_SETUP,True,2022-09-19 00:00:00,2022-09-29 00:00:00,,,,,,,,,,,,,,,,,,,,,,,,2306012397.5,0.020497,-0.048596
600036SS_2022-09-29T000000_BUY_COUNTDOWN_PROGRESS_1_2022-09-29T000000_1,2022-09-29 00:00:00,600036.SS,1d,COUNTDOWN,BUY_COUNTDOWN_PROGRESS,1,1,,,BUY_SETUP,True,2022-09-19 00:00:00,2022-09-29 00:00:00,28.6,28.6,2022-09-29 00:00:00,2022-09-29 00:00:00,,,,,,,,,,,,,,2022-09-29 00:00:00,26.28,27.6,26.43,27.6,26.28,2306012397.5,0.020497,-0.048596
000651SZ_2022-09-29T000000_BUY_COUNTDOWN_PROGRESS_1_2022-09-28T000000_1,2022-09-29 00:00:00,000651.SZ,1d,COUNTDOWN,BUY_COUNTDOWN_PROGRESS,1,1,,,BUY_SETUP,True,2022-09-16 00:00:00,2022-09-28 00:00:00,27.33,27.33,2022-09-28 00:00:00,2022-09-29 00:00:00,,,,,,,,,,,,,,2022-09-29 00:00:00,24.19,24.94,24.24,24.94,24.19,1855154055.0,0.021189,-0.012225
000858SZ_2022-09-30T000000_BUY_COUNTDOWN_PROGRESS_1_2022-08-29T000000_8,2022-09-30 00:00:00,000858.SZ,1d,COUNTDOWN,BUY_COUNTDOWN_PROGRESS,1,8,,,BUY_SETUP,True,2022-08-17 00:00:00,2022-08-29 00:00:00,160.2,160.2,2022-08-29 00:00:00,2022-08-29 00:00:00,2022-08-30 00:00:00,2022-09-02 00:00:00,2022-09-05 00:00:00,2022-09-06 00:00:00,2022-09-22 00:00:00,2022-09-23 00:00:00,2022-09-30 00:00:00,152.45,,,,,,2022-09-05 00:00:00,140.29,143.57,152.45,155.23,152.09,3067995050.0,0.020075,0.050872
601318SS_2022-09-30T000000_BUY_COUNTDOWN_PROGRESS_1_2022-09-28T000000_3,2022-09-30 00:00:00,601318.SS,1d,COUNTDOWN,BUY_COUNTDOWN_PROGRESS,1,3,,,BUY_SETUP,True,2022-09-16 00:00:00,2022-09-28 00:00:00,36.71,36.71,2022-09-28 00:00:00,2022-09-28 00:00:00,2022-09-29 00:00:00,2022-09-30 00:00:00,,,,,,,,,,,,2022-09-29 00:00:00,32.89,34.08,33.32,33.72,33.09,1812308845.5,0.013997,-0.059819
000651SZ_2022-09-30T000000_BUY_COUNTDOWN_PROGRESS_1_2022-09-28T000000_2,2022-09-30 00:00:00,000651.SZ,1d,COUNTDOWN,BUY_COUNTDOWN_PROGRESS,1,2,,,BUY_SETUP,True,2022-09-16 00:00:00,2022-09-28 00:00:00,27.33,27.33,2022-09-28 00:00:00,2022-09-29 00:00:00,2022-09-30 00:00:00,,,,,,,,,,,,,2022-09-30 00:00:00,23.89,24.51,24.12,24.51,23.89,1634847169.5,0.021138,-0.023877
000858SZ_2022-10-10T000000_BUY_COUNTDOWN_PROGRESS_1_2022-08-29T000000_9,2022-10-10 00:00:00,000858.SZ,1d,COUNTDOWN,BUY_COUNTDOWN_PROGRESS,1,9,,,BUY_SETUP,True,2022-08-17 00:00:00,2022-08-29 00:00:00,160.2,160.2,2022-08-29 00:00:00,2022-08-29 00:00:00,2022-08-30 00:00:00,2022-09-02 00:00:00,2022-09-05 00:00:00,2022-09-06 00:00:00,2022-09-22 00:00:00,2022-09-23 00:00:00,2022-09-30 00:00:00,152.45,2022-10-10 00:00:00,,,,,2022-09-05 00:00:00,140.29,143.57,142.13,153.32,141.92,3150744565.0,0.025142,-0.000844
600036SS_2022-10-10T000000_BUY_COUNTDOWN_PROGRESS_1_2022-09-29T000000_2,2022-10-10 00:00:00,600036.SS,1d,COUNTDOWN,BUY_COUNTDOWN_PROGRESS,1,2,,,BUY_SETUP,True,2022-09-19 00:00:00,2022-09-29 00:00:00,28.6,28.6,2022-09-29 00:00:00,2022-09-29 00:00:00,2022-10-10 00:00:00,,,,,,,,,,,,,2022-10-10 00:00:00,24.53,26.37,25.08,26.37,24.53,2412909937.5,0.025884,-0.088332
000651SZ_2022-10-10T000000_BUY_COUNTDOWN_PROGRESS_1_2022-09-28T000000_3,2022-10-10 00:00:00,000651.SZ,1d,COUNTDOWN,BUY_COUNTDOWN_PROGRESS,1,3,,,BUY_SETUP,True,2022-09-16 00:00:00,2022-09-28 00:00:00,27.33,27.33,2022-09-28 00:00:00,2022-09-29 00:00:00,2022-09-30 00:00:00,2022-10-10 00:00:00,,,,,,,,,,,,2022-10-10 00:00:00,23.74,24.51,23.89,24.51,23.74,1557410276.5,0.020918,-0.046307
000858SZ_2022-10-11T000000_BUY_COUNTDOWN_PROGRESS_1_2022-08-29T000000_10,2022-10-11 00:00:00,000858.SZ,1d,COUNTDOWN,BUY_COUNTDOWN_PROGRESS,1,10,,,BUY_SETUP,True,2022-08-17 00:00:00,2022-08-29 00:00:00,160.2,160.2,2022-08-29 00:00:00,2022-08-29 00:00:00,2022-08-30 00:00:00,2022-09-02 00:00:00,2022-09-05 00:00:00,2022-09-06 00:00:00,2022-09-22 00:00:00,2022-09-23 00:00:00,2022-09-30 00:00:00,152.45,2022-10-10 00:00:00,2022-10-11 00:00:00,,,,2022-10-11 00:00:00,138.13,143.23,141.82,143.23,138.13,3102553465.0,0.025027,-0.013495
601318SS_2022-10-11T000000_BUY_COUNTDOWN_PROGRESS_1_2022-09-28T000000_4,2022-10-11 00:00:00,601318.SS,1d,COUNTDOWN,BUY_COUNTDOWN_PROGRESS,1,4,,,BUY_SETUP,True,2022-09-16 00:00:00,2022-09-28 00:00:00,36.71,36.71,2022-09-28 00:00:00,2022-09-28 00:00:00,2022-09-29 00:00:00,2022-09-30 00:00:00,2022-10-11 00:00:00,,,,,,,,,,,2022-10-11 00:00:00,32.86,33.61,32.94,33.61,32.86,1765387207.0,0.013865,-0.075758
600036SS_2022-10-11T000000_BUY_COUNTDOWN_PROGRESS_1_2022-09-29T000000_3,2022-10-11 00:00:00,600036.SS,1d,COUNTDOWN,BUY_COUNTDOWN_PROGRESS,1,3,,,BUY_SETUP,True,2022-09-19 00:00:00,2022-09-29 00:00:00,28.6,28.6,2022-09-29 00:00:00,2022-09-29 00:00:00,2022-10-10 00:00:00,2022-10-11 00:00:00,,,,,,,,,,,,2022-10-10 00:00:00,24.53,26.37,24.68,25.35,24.59,2431323537.5,0.025697,-0.082528
000651SZ_2022-10-11T000000_BUY_COUNTDOWN_PROGRESS_1_2022-09-28T000000_4,2022-10-11 00:00:00,000651.SZ,1d,COUNTDOWN,BUY_COUNTDOWN_PROGRESS,1,4,,,BUY_SETUP,True,2022-09-16 00:00:00,2022-09-28 00:00:00,27.33,27.33,2022-09-28 00:00:00,2022-09-29 00:00:00,2022-09-30 00:00:00,2022-10-10 00:00:00,2022-10-11 00:00:00,,,,,,,,,,,2022-10-11 00:00:00,23.49,24.02,23.63,24.02,23.49,1497234071.5,0.02097,-0.049095
000858SZ_2022-10-12T000000_BUY_COUNTDOWN_PROGRESS_1_2022-08-29T000000_11,2022-10-12 00:00:00,000858.SZ,1d,COUNTDOWN,BUY_COUNTDOWN_PROGRESS,1,11,,,BUY_SETUP,True,2022-08-17 00:00:00,2022-08-29 00:00:00,160.2,160.2,2022-08-29 00:00:00,2022-08-29 00:00:00,2022-08-30 00:00:00,2022-09-02 00:00:00,2022-09-05 00:00:00,2022-09-06 00:00:00,2022-09-22 00:00:00,2022-09-23 00:00:00,2022-09-30 00:00:00,152.45,2022-10-10 00:00:00,2022-10-11 00:00:00,2022-10-12 00:00:00,,,2022-10-12 00:00:00,135.23,141.53,139.82,141.53,135.23,3172286735.0,0.025105,-0.01653
600036SS_2022-10-12T000000_BUY_COUNTDOWN_PROGRESS_1_2022-09-29T000000_4,2022-10-12 00:00:00,600036.SS,1d,COUNTDOWN,BUY_COUNTDOWN_PROGRESS,1,4,,,BUY_SETUP,True,2022-09-19 00:00:00,2022-09-29 00:00:00,28.6,28.6,2022-09-29 00:00:00,2022-09-29 00:00:00,2022-10-10 00:00:00,2022-10-11 00:00:00,2022-10-12 00:00:00,,,,,,,,,,,2022-10-12 00:00:00,23.33,24.58,24.23,24.58,23.33,2462355707.5,0.025871,-0.091148
000858SZ_2022-10-13T000000_BUY_COUNTDOWN_PROGRESS_1_2022-08-29T000000_12,2022-10-13 00:00:00,000858.SZ,1d,COUNTDOWN,BUY_COUNTDOWN_PROGRESS,1,12,,,BUY_SETUP,True,2022-08-17 00:00:00,2022-08-29 00:00:00,160.2,160.2,2022-08-29 00:00:00,2022-08-29 00:00:00,2022-08-30 00:00:00,2022-09-02 00:00:00,2022-09-05 00:00:00,2022-09-06 00:00:00,2022-09-22 00:00:00,2022-09-23 00:00:00,2022-09-30 00:00:00,152.45,2022-10-10 00:00:00,2022-10-11 00:00:00,2022-10-12 00:00:00,2022-10-13 00:00:00,,2022-10-12 00:00:00,135.23,141.53,136.79,138.91,135.73,3207503450.0,0.025538,-0.038653
600036SS_2022-10-13T000000_BUY_COUNTDOWN_PROGRESS_1_2022-09-29T000000_5,2022-10-13 00:00:00,600036.SS,1d,COUNTDOWN,BUY_COUNTDOWN_PROGRESS,1,5,,,BUY_SETUP,True,2022-09-19 00:00:00,2022-09-29 00:00:00,28.6,28.6,2022-09-29 00:00:00,2022-09-29 00:00:00,2022-10-10 00:00:00,2022-10-11 00:00:00,2022-10-12 00:00:00,2022-10-13 00:00:00,,,,,,,,,,2022-10-13 00:00:00,22.98,23.84,23.17,23.84,22.98,2560747642.5,0.027292,-0.128292
000651SZ_2022-10-13T000000_BUY_COUNTDOWN_PROGRESS_1_2022-09-28T000000_5,2022-10-13 00:00:00,000651.SZ,1d,COUNTDOWN,BUY_COUNTDOWN_PROGRESS,1,5,,,BUY_SETUP,True,2022-09-16 00:00:00,2022-09-28 00:00:00,27.33,27.33,2022-09-28 00:00:00,2022-09-29 00:00:00,2022-09-30 00:00:00,2022-10-10 00:00:00,2022-10-11 00:00:00,2022-10-13 00:00:00,,,,,,,,,,2022-10-13 00:00:00,23.31,23.88,23.38,23.88,23.31,1439264174.5,0.021736,-0.059912
000858SZ_2022-10-19T000000_BUY_COUNTDOWN_COMPLETE_PERFECT_1_2022-08-29T000000_13,2022-10-19 00:00:00,000858.SZ,1d,COUNTDOWN,BUY_COUNTDOWN_COMPLETE_PERFECT,1,13,True,,BUY_SETUP,True,2022-08-17 00:00:00,2022-08-29 00:00:00,160.2,160.2,2022-08-29 00:00:00,2022-08-29 00:00:00,2022-08-30 00:00:00,2022-09-02 00:00:00,2022-09-05 00:00:00,2022-09-06 00:00:00,2022-09-22 00:00:00,2022-09-23 00:00:00,2022-09-30 00:00:00,152.45,2022-10-10 00:00:00,2022-10-11 00:00:00,2022-10-12 00:00:00,2022-10-13 00:00:00,2022-10-19 00:00:00,2022-10-12 00:00:00,135.23,141.53,137.73,141.73,137.23,3167512490.0,0.027305,-0.06706
601318SS_2022-10-19T000000_BUY_COUNTDOWN_PROGRESS_1_2022-09-28T000000_5,2022-10-19 00:00:00,601318.SS,1d,COUNTDOWN,BUY_COUNTDOWN_PROGRESS,1,5,,,BUY_SETUP,True,2022-09-16 00:00:00,2022-09-28 00:00:00,36.71,36.71,2022-09-28 00:00:00,2022-09-28 00:00:00,2022-09-29 00:00:00,2022-09-30 00:00:00,2022-10-11 00:00:00,2022-10-19 00:00:00,,,,,,,,,,2022-10-11 00:00:00,32.86,33.61,33.01,33.72,33.0,1666866937.0,0.013939,-0.10372
600036SS_2022-10-19T000000_BUY_COUNTDOWN_PROGRESS_1_2022-09-29T000000_6,2022-10-19 00:00:00,600036.SS,1d,COUNTDOWN,BUY_COUNTDOWN_PROGRESS,1,6,,,BUY_SETUP,True,2022-09-19 00:00:00,2022-09-29 00:00:00,28.6,28.6,2022-09-29 00:00:00,2022-09-29 00:00:00,2022-10-10 00:00:00,2022-10-11 00:00:00,2022-10-12 00:00:00,2022-10-13 00:00:00,2022-10-19 00:00:00,,,,,,,,,2022-10-13 00:00:00,22.98,23.84,23.54,24.35,23.49,2370947897.5,0.024027,-0.196313
000651SZ_2022-10-19T000000_BUY_COUNTDOWN_PROGRESS_1_2022-09-28T000000_6,2022-10-19 00:00:00,000651.SZ,1d,COUNTDOWN,BUY_COUNTDOWN_PROGRESS,1,6,,,BUY_SETUP,True,2022-09-16 00:00:00,2022-09-28 00:00:00,27.33,27.33,2022-09-28 00:00:00,2022-09-29 00:00:00,2022-09-30 00:00:00,2022-10-10 00:00:00,2022-10-11 00:00:00,2022-10-13 00:00:00,2022-10-19 00:00:00,,,,,,,,,2022-10-19 00:00:00,22.77,23.99,22.82,23.99,22.77,1204024786.5,0.019592,-0.14819
600519SS_2022-10-20T000000_BUY_SETUP_PERFECT_1_2022-10-20T000000_9,2022-10-20 00:00:00,600519.SS,1d,SETUP,BUY_SETUP_PERFECT,1,9,True,,BUY_SETUP,True,2022-10-10 00:00:00,2022-10-20 00:00:00,,,,,,,,,,,,,,,,,,,,,,,,5872623395.0,0.018886,-0.127836
600519SS_2022-10-20T000000_BUY_COUNTDOWN_PROGRESS_1_2022-10-20T000000_1,2022-10-20 00:00:00,600519.SS,1d,COUNTDOWN,BUY_COUNTDOWN_PROGRESS,1,1,,,BUY_SETUP,True,2022-10-10 00:00:00,2022-10-20 00:00:00,1717.76,1717.76,2022-10-20 00:00:00,2022-10-20 00:00:00,,,,,,,,,,,,,,2022-10-20 00:00:00,1437.76,1495.19,1470.26,1495.19,1437.76,5872623395.0,0.018886,-0.127836
601318SS_2022-10-20T000000_BUY_COUNTDOWN_PROGRESS_1_2022-09-28T000000_6,2022-10-20 00:00:00,601318.SS,1d,COUNTDOWN,BUY_COUNTDOWN_PROGRESS,1,6,,,BUY_SETUP,True,2022-09-16 00:00:00,2022-09-28 00:00:00,36.71,36.71,2022-09-28 00:00:00,2022-09-28 00:00:00,2022-09-29 00:00:00,2022-09-30 00:00:00,2022-10-11 00:00:00,2022-10-19 00:00:00,2022-10-20 00:00:00,,,,,,,,,2022-10-20 00:00:00,32.54,33.13,32.65,33.13,32.54,1622895892.0,0.012626,-0.084665
600036SS_2022-10-20T000000_BUY_COUNTDOWN_PROGRESS_1_2022-09-29T000000_7,2022-10-20 00:00:00,600036.SS,1d,COUNTDOWN,BUY_COUNTDOWN_PROGRESS,1,7,,,BUY_SETUP,True,2022-09-19 00:00:00,2022-09-29 00:00:00,28.6,28.6,2022-09-29 00:00:00,2022-09-29 00:00:00,2022-10-10 00:00:00,2022-10-11 00:00:00,2022-10-12 00:00:00,2022-10-13 00:00:00,2022-10-19 00:00:00,2022-10-20 00:00:00,,,,,,,,2022-10-13 00:00:00,22.98,23.84,23.35,23.73,23.16,2213499322.5,0.023294,-0.172866
000651SZ_2022-10-20T000000_BUY_COUNTDOWN_PROGRESS_1_2022-09-28T000000_7,2022-10-20 00:00:00,000651.SZ,1d,COUNTDOWN,BUY_COUNTDOWN_PROGRESS,1,7,,,BUY_SETUP,True,2022-09-16 00:00:00,2022-09-28 00:00:00,27.33,27.33,2022-09-28 00:00:00,2022-09-29 00:00:00,2022-09-30 00:00:00,2022-10-10 00:00:00,2022-10-11 00:00:00,2022-10-13 00:00:00,2022-10-19 00:00:00,2022-10-20 00:00:00,,,,,,,,2022-10-20 00:00:00,22.24,22.74,22.35,22.74,22.24,1165684506.5,0.01964,-0.149543
600519SS_2022-10-21T000000_BUY_COUNTDOWN_PROGRESS_1_2022-10-20T000000_2,2022-10-21 00:00:00,600519.SS,1d,COUNTDOWN,BUY_COUNTDOWN_PROGRESS,1,2,,,BUY_SETUP,True,2022-10-10 00:00:00,2022-10-20 00:00:00,1717.76,1717.76,2022-10-20 00:00:00,2022-10-20 00:00:00,2022-10-21 00:00:00,,,,,,,,,,,,,2022-10-21 00:00:00,1436.76,1474.56,1450.76,1474.56,1436.76,5963444320.0,0.018614,-0.145808
601318SS_2022-10-21T000000_BUY_COUNTDOWN_PROGRESS_1_2022-09-28T000000_7,2022-10-21 00:00:00,601318.SS,1d,COUNTDOWN,BUY_COUNTDOWN_PROGRESS,1,7,,,BUY_SETUP,True,2022-09-16 00:00:00,2022-09-28 00:00:00,36.71,36.71,2022-09-28 00:00:00,2022-09-28 00:00:00,2022-09-29 00:00:00,2022-09-30 00:00:00,2022-10-11 00:00:00,2022-10-19 00:00:00,2022-10-20 00:00:00,2022-10-21 00:00:00,,,,,,,,2022-10-21 00:00:00,32.14,32.89,32.29,32.89,32.14,1575983717.0,0.012656,-0.094757
600036SS_2022-10-21T000000_BUY_COUNTDOWN_PROGRESS_1_2022-09-29T000000_8,2022-10-21 00:00:00,600036.SS,1d,COUNTDOWN,BUY_COUNTDOWN_PROGRESS,1,8,,,BUY_SETUP,True,2022-09-19 00:00:00,2022-09-29 00:00:00,28.6,28.6,2022-09-29 00:00:00,2022-09-29 00:00:00,2022-10-10 00:00:00,2022-10-11 00:00:00,2022-10-12 00:00:00,2022-10-13 00:00:00,2022-10-19 00:00:00,2022-10-20 00:00:00,2022-10-21 00:00:00,22.86,,,,,,2022-10-21 00:00:00,22.78,23.55,22.86,23.55,22.78,2169548202.5,0.023157,-0.194219
000651SZ_2022-10-21T000000_BUY_COUNTDOWN_PROGRESS_1_2022-09-28T000000_8,2022-10-21 00:00:00,000651.SZ,1d,COUNTDOWN,BUY_COUNTDOWN_PROGRESS,1,8,,,BUY_SETUP,True,2022-09-16 00:00:00,2022-09-28 00:00:00,27.33,27.33,2022-09-28 00:00:00,2022-09-29 00:00:00,2022-09-30 00:00:00,2022-10-10 00:00:00,2022-10-11 00:00:00,2022-10-13 00:00:00,2022-10-19 00:00:00,2022-10-20 00:00:00,2022-10-21 00:00:00,22.29,,,,,,2022-10-21 00:00:00,22.09,22.59,22.29,22.59,22.09,1109061340.0,0.019667,-0.14761
600519SS_2022-10-24T000000_BUY_COUNTDOWN_PROGRESS_1_2022-10-20T000000_3,2022-10-24 00:00:00,600519.SS,1d,COUNTDOWN,BUY_COUNTDOWN_PROGRESS,1,3,,,BUY_SETUP,True,2022-10-10 00:00:00,2022-10-20 00:00:00,1717.76,1717.76,2022-10-20 00:00:00,2022-10-20 00:00:00,2022-10-21 00:00:00,2022-10-24 00:00:00,,,,,,,,,,,,2022-10-24 00:00:00,1314.77,1415.76,1328.04,1415.76,1314.77,6800339080.0,0.025011,-0.220981
601318SS_2022-10-24T000000_BUY_COUNTDOWN_PROGRESS_1_2022-09-28T000000_8,2022-10-24 00:00:00,601318.SS,1d,COUNTDOWN,BUY_COUNTDOWN_PROGRESS,1,8,,,BUY_SETUP,True,2022-09-16 00:00:00,2022-09-28 00:00:00,36.71,36.71,2022-09-28 00:00:00,2022-09-28 00:00:00,2022-09-29 00:00:00,2022-09-30 00:00:00,2022-10-11 00:00:00,2022-10-19 00:00:00,2022-10-20 00:00:00,2022-10-21 00:00:00,2022-10-24 00:00:00,30.34,,,,,,2022-10-24 00:00:00,30.25,32.57,30.34,32.57,30.25,1670005857.0,0.01748,-0.132647
600036SS_2022-10-24T000000_BUY_COUNTDOWN_PROGRESS_1_2022-09-29T000000_9,2022-10-24 00:00:00,600036.SS,1d,COUNTDOWN,BUY_COUNTDOWN_PROGRESS,1,9,,,BUY_SETUP,True,2022-09-19 00:00:00,2022-09-29 00:00:00,28.6,28.6,2022-09-29 00:00:00,2022-09-29 00:00:00,2022-10-10 00:00:00,2022-10-11 00:00:00,2022-10-12 00:00:00,2022-10-13 00:00:00,2022-10-19 00:00:00,2022-10-20 00:00:00,2022-10-21 00:00:00,22.86,2022-10-24 00:00:00,,,,,2022-10-24 00:00:00,21.28,22.77,21.3,22.77,21.28,2297364202.5,0.026424,-0.234364
000651SZ_2022-10-24T000000_BUY_COUNTDOWN_PROGRESS_1_2022-09-28T000000_9,2022-10-24 00:00:00,000651.SZ,1d,COUNTDOWN,BUY_COUNTDOWN_PROGRESS,1,9,,,BUY_SETUP,True,2022-09-16 00:00:00,2022-09-28 00:00:00,27.33,27.33,2022-09-28 00:00:00,2022-09-29 00:00:00,2022-09-30 00:00:00,2022-10-10 00:00:00,2022-10-11 00:00:00,2022-10-13 00:00:00,2022-10-19 00:00:00,2022-10-20 00:00:00,2022-10-21 00:00:00,22.29,2022-10-24 00:00:00,,,,,2022-10-24 00:00:00,21.63,22.56,21.67,22.56,21.63,1113387455.0,0.02015,-0.162997
600519SS_2022-10-25T000000_BUY_COUNTDOWN_PROGRESS_1_2022-10-20T000000_4,2022-10-25 00:00:00,600519.SS,1d,COUNTDOWN,BUY_COUNTDOWN_PROGRESS,1,4,,,BUY_SETUP,True,2022-10-10 00:00:00,2022-10-20 00:00:00,1717.76,1717.76,2022-10-20 00:00:00,2022-10-20 00:00:00,2022-10-21 00:00:00,2022-10-24 00:00:00,2022-10-25 00:00:00,,,,,,,,,,,2022-10-25 00:00:00,1298.76,1341.76,1306.51,1341.76,1298.76,7274920435.0,0.024999,-0.219882
601318SS_2022-10-25T000000_BUY_COUNTDOWN_PROGRESS_1_2022-09-28T000000_9,2022-10-25 00:00:00,601318.SS,1d,COUNTDOWN,BUY_COUNTDOWN_PROGRESS,1,9,,,BUY_SETUP,True,2022-09-16 00:00:00,2022-09-28 00:00:00,36.71,36.71,2022-09-28 00:00:00,2022-09-28 00:00:00,2022-09-29 00:00:00,2022-09-30 00:00:00,2022-10-11 00:00:00,2022-10-19 00:00:00,2022-10-20 00:00:00,2022-10-21 00:00:00,2022-10-24 00:00:00,30.34,2022-10-25 00:00:00,,,,,2022-10-25 00:00:00,29.8,31.02,30.36,31.02,29.8,1696667827.0,0.017541,-0.129837
600036SS_2022-10-25T000000_BUY_COUNTDOWN_PROGRESS_1_2022-09-29T000000_10,2022-10-25 00:00:00,600036.SS,1d,COUNTDOWN,BUY_COUNTDOWN_PROGRESS,1,10,,,BUY_SETUP,True,2022-09-19 00:00:00,2022-09-29 00:00:00,28.6,28.6,2022-09-29 00:00:00,2022-09-29 00:00:00,2022-10-10 00:00:00,2022-10-11 00:00:00,2022-10-12 00:00:00,2022-10-13 00:00:00,2022-10-19 00:00:00,2022-10-20 00:00:00,2022-10-21 00:00:00,22.86,2022-10-24 00:00:00,2022-10-25 00:00:00,,,,2022-10-25 00:00:00,21.09,21.75,21.47,21.75,21.09,2330988177.5,0.026797,-0.22463
000651SZ_2022-10-25T000000_BUY_COUNTDOWN_PROGRESS_1_2022-09-28T000000_10,2022-10-25 00:00:00,000651.SZ,1d,COUNTDOWN,BUY_COUNTDOWN_PROGRESS,1,10,,,BUY_SETUP,True,2022-09-16 00:00:00,2022-09-28 00:00:00,27.33,27.33,2022-09-28 00:00:00,2022-09-29 00:00:00,2022-09-30 00:00:00,2022-10-10 00:00:00,2022-10-11 00:00:00,2022-10-13 00:00:00,2022-10-19 00:00:00,2022-10-20 00:00:00,2022-10-21 00:00:00,22.29,2022-10-24 00:00:00,2022-10-25 00:00:00,,,,2022-10-25 00:00:00,21.29,21.87,21.49,21.87,21.29,1091195997.0,0.019845,-0.174731
600519SS_2022-10-26T000000_BUY_COUNTDOWN_PROGRESS_1_2022-10-20T000000_5,2022-10-26 00:00:00,600519.SS,1d,COUNTDOWN,BUY_COUNTDOWN_PROGRESS,1,5,,,BUY_SETUP,True,2022-10-10 00:00:00,2022-10-20 00:00:00,1717.76,1717.76,2022-10-20 00:00:00,2022-10-20 00:00:00,2022-10-21 00:00:00,2022-10-24 00:00:00,2022-10-25 00:00:00,2022-10-26 00:00:00,,,,,,,,,,2022-10-26 00:00:00,1286.76,1341.75,1290.84,1341.75,1286.76,7685765310.0,0.024985,-0.216519
600036SS_2022-10-26T000000_BUY_COUNTDOWN_PROGRESS_1_2022-09-29T000000_11,2022-10-26 00:00:00,600036.SS,1d,COUNTDOWN,BUY_COUNTDOWN_PROGRESS,1,11,,,BUY_SETUP,True,2022-09-19 00:00:00,2022-09-29 00:00:00,28.6,28.6,2022-09-29 00:00:00,2022-09-29 00:00:00,2022-10-10 00:00:00,2022-10-11 00:00:00,2022-10-12 00:00:00,2022-10-13 00:00:00,2022-10-19 00:00:00,2022-10-20 00:00:00,2022-10-21 00:00:00,22.86,2022-10-24 00:00:00,2022-10-25 00:00:00,2022-10-26 00:00:00,,,2022-10-26 00:00:00,21.04,21.6,21.21,21.6,21.04,2345593472.5,0.026779,-0.227322
600519SS_2022-10-27T000000_BUY_COUNTDOWN_PROGRESS_1_2022-10-20T000000_6,2022-10-27 00:00:00,600519.SS,1d,COUNTDOWN,BUY_COUNTDOWN_PROGRESS,1,6,,,BUY_SETUP,True,2022-10-10 00:00:00,2022-10-20 00:00:00,1717.76,1717.76,2022-10-20 00:00:00,2022-10-20 00:00:00,2022-10-21 00:00:00,2022-10-24 00:00:00,2022-10-25 00:00:00,2022-10-26 00:00:00,2022-10-27 00:00:00,,,,,,,,,2022-10-27 00:00:00,1210.61,1314.74,1227.76,1314.74,1210.61,8241297810.0,0.025739,-0.260915
600519SS_2022-10-28T000000_BUY_COUNTDOWN_PROGRESS_1_2022-10-20T000000_7,2022-10-28 00:00:00,600519.SS,1d,COUNTDOWN,BUY_COUNTDOWN_PROGRESS,1,7,,,BUY_SETUP,True,2022-10-10 00:00:00,2022-10-20 00:00:00,1717.76,1717.76,2022-10-20 00:00:00,2022-10-20 00:00:00,2022-10-21 00:00:00,2022-10-24 00:00:00,2022-10-25 00:00:00,2022-10-26 00:00:00,2022-10-27 00:00:00,2022-10-28 00:00:00,,,,,,,,2022-10-28 00:00:00,1185.47,1232.76,1186.76,1232.76,1185.47,8622893660.0,0.024825,-0.297675
601318SS_2022-10-28T000000_BUY_SETUP_PERFECT_1_2022-10-28T000000_9,2022-10-28 00:00:00,601318.SS,1d,SETUP,BUY_SETUP_PERFECT,1,9,True,,BUY_SETUP,True,2022-10-18 00:00:00,2022-10-28 00:00:00,,,,,,,,,,,,,,,,,,,,,,,,1745046750.0,0.017366,-0.141981
601318SS_2022-10-28T000000_BUY_COUNTDOWN_CANCEL_1_2022-09-28T000000_9,2022-10-28 00:00:00,601318.SS,1d,COUNTDOWN,BUY_COUNTDOWN_CANCEL,1,9,,same_setup,BUY_SETUP,True,2022-09-16 00:00:00,2022-09-28 00:00:00,36.71,36.71,2022-09-28 00:00:00,2022-09-28 00:00:00,2022-09-29 00:00:00,2022-09-30 00:00:00,2022-10-11 00:00:00,2022-10-19 00:00:00,2022-10-20 00:00:00,2022-10-21 00:00:00,2022-10-24 00:00:00,30.34,2022-10-25 00:00:00,,,,,2022-10-25 00:00:00,29.8,31.02,29.37,30.34,29.37,1745046750.0,0.017366,-0.141981
601318SS_2022-10-28T000000_BUY_COUNTDOWN_PROGRESS_1_2022-10-28T000000_1,2022-10-28 00:00:00,601318.SS,1d,COUNTDOWN,BUY_COUNTDOWN_PROGRESS,1,1,,,BUY_SETUP,True,2022-10-18 00:00:00,2022-10-28 00:00:00,34.18,34.18,2022-10-28 00:00:00,2022-10-28 00:00:00,,,,,,,,,,,,,,2022-10-28 00:00:00,29.37,30.34,29.37,30.34,29.37,1745046750.0,0.017366,-0.141981
600036SS_2022-10-28T000000_BUY_COUNTDOWN_PROGRESS_1_2022-09-29T000000_12,2022-10-28 00:00:00,600036.SS,1d,COUNTDOWN,BUY_COUNTDOWN_PROGRESS,1,12,,,BUY_SETUP,True,2022-09-19 00:00:00,2022-09-29 00:00:00,28.6,28.6,2022-09-29 00:00:00,2022-09-29 00:00:00,2022-10-10 00:00:00,2022-10-11 00:00:00,2022-10-12 00:00:00,2022-10-13 00:00:00,2022-10-19 00:00:00,2022-10-20 00:00:00,2022-10-21 00:00:00,22.86,2022-10-24 00:00:00,2022-10-25 00:00:00,2022-10-26 00:00:00,2022-10-28 00:00:00,,2022-10-28 00:00:00,20.27,21.28,20.46,21.28,20.27,2454433030.0,0.027029,-0.248623
600519SS_2022-10-31T000000_BUY_COUNTDOWN_PROGRESS_1_2022-10-20T000000_8,2022-10-31 00:00:00,600519.SS,1d,COUNTDOWN,BUY_COUNTDOWN_PROGRESS,1,8,,,BUY_SETUP,True,2022-10-10 00:00:00,2022-10-20 00:00:00,1717.76,1717.76,2022-10-20 00:00:00,2022-10-20 00:00:00,2022-10-21 00:00:00,2022-10-24 00:00:00,2022-10-25 00:00:00,2022-10-26 00:00:00,2022-10-27 00:00:00,2022-10-28 00:00:00,2022-10-31 00:00:00,1176.76,,,,,,2022-10-31 00:00:00,1159.76,1208.77,1176.76,1208.77,1159.76,8782470255.0,0.023722,-0.313747
601318SS_2022-10-31T000000_BUY_COUNTDOWN_PROGRESS_1_2022-10-28T000000_2,2022-10-31 00:00:00,601318.SS,1d,COUNTDOWN,BUY_COUNTDOWN_PROGRESS,1,2,,,BUY_SETUP,True,2022-10-18 00:00:00,2022-10-28 00:00:00,34.18,34.18,2022-10-28 00:00:00,2022-10-28 00:00:00,2022-10-31 00:00:00,,,,,,,,,,,,,2022-10-31 00:00:00,28.54,29.31,28.79,29.31,28.54,1781184137.0,0.017491,-0.157695
600036SS_2022-10-31T000000_BUY_COUNTDOWN_COMPLETE_PERFECT_1_2022-09-29T000000_13,2022-10-31 00:00:00,600036.SS,1d,COUNTDOWN,BUY_COUNTDOWN_COMPLETE_PERFECT,1,13,True,,BUY_SETUP,True,2022-09-19 00:00:00,2022-09-29 00:00:00,28.6,28.6,2022-09-29 00:00:00,2022-09-29 00:00:00,2022-10-10 00:00:00,2022-10-11 00:00:00,2022-10-12 00:00:00,2022-10-13 00:00:00,2022-10-19 00:00:00,2022-10-20 00:00:00,2022-10-21 00:00:00,22.86,2022-10-24 00:00:00,2022-10-25 00:00:00,2022-10-26 00:00:00,2022-10-28 00:00:00,2022-10-31 00:00:00,2022-10-31 00:00:00,19.58,20.41,20.1,20.41,19.58,2492637405.0,0.026868,-0.260486
000651SZ_2022-10-31T000000_BUY_COUNTDOWN_PROGRESS_1_2022-09-28T000000_11,2022-10-31 00:00:00,000651.SZ,1d,COUNTDOWN,BUY_COUNTDOWN_PROGRESS,1,11,,,BUY_SETUP,True,2022-09-16 00:00:00,2022-09-28 00:00:00,27.33,27.33,2022-09-28 00:00:00,2022-09-29 00:00:00,2022-09-30 00:00:00,2022-10-10 00:00:00,2022-10-11 00:00:00,2022-10-13 00:00:00,2022-10-19 00:00:00,2022-10-20 00:00:00,2022-10-21 00:00:00,22.29,2022-10-24 00:00:00,2022-10-25 00:00:00,2022-10-31 00:00:00,,,2022-10-31 00:00:00,20.17,21.61,20.36,21.61,20.17,1181577475.0,0.022459,-0.190135
000858SZ_2022-11-01T000000_BUY_SETUP_PERFECT_1_2022-11-01T000000_9,2022-11-01 00:00:00,000858.SZ,1d,SETUP,BUY_SETUP_PERFECT,1,9,True,,BUY_SETUP,True,2022-10-20 00:00:00,2022-11-01 00:00:00,,,,,,,,,,,,,,,,,,,,,,,,3350080790.0,0.03296,-0.176744
000651SZ_2022-11-01T000000_BUY_COUNTDOWN_PROGRESS_1_2022-09-28T000000_12,2022-11-01 00:00:00,000651.SZ,1d,COUNTDOWN,BUY_COUNTDOWN_PROGRESS,1,12,,,BUY_SETUP,True,2022-09-16 00:00:00,2022-09-28 00:00:00,27.33,27.33,2022-09-28 00:00:00,2022-09-29 00:00:00,2022-09-30 00:00:00,2022-10-10 00:00:00,2022-10-11 00:00:00,2022-10-13 00:00:00,2022-10-19 00:00:00,2022-10-20 00:00:00,2022-10-21 00:00:00,22.29,2022-10-24 00:00:00,2022-10-25 00:00:00,2022-10-31 00:00:00,2022-11-01 00:00:00,,2022-10-31 00:00:00,20.17,21.61,21.06,21.06,20.29,1211525187.0,0.024525,-0.147023
600519SS_2022-11-09T000000_BUY_COUNTDOWN_PROGRESS_1_2022-10-20T000000_9,2022-11-09 00:00:00,600519.SS,1d,COUNTDOWN,BUY_COUNTDOWN_PROGRESS,1,9,,,BUY_SETUP,True,2022-10-10 00:00:00,2022-10-20 00:00:00,1717.76,1717.76,2022-10-20 00:00:00,2022-10-20 00:00:00,2022-10-21 00:00:00,2022-10-24 00:00:00,2022-10-25 00:00:00,2022-10-26 00:00:00,2022-10-27 00:00:00,2022-10-28 00:00:00,2022-10-31 00:00:00,1176.76,2022-11-09 00:00:00,,,,,2022-10-31 00:00:00,1159.76,1208.77,1286.66,1315.64,1276.76,9988727755.0,0.03728,-0.157256
000858SZ_2022-11-09T000000_BUY_COUNTDOWN_PROGRESS_1_2022-11-01T000000_1,2022-11-09 00:00:00,000858.SZ,1d,COUNTDOWN,BUY_COUNTDOWN_PROGRESS,1,1,,,BUY_SETUP,True,2022-10-20 00:00:00,2022-11-01 00:00:00,140.03,140.03,2022-11-01 00:00:00,2022-11-09 00:00:00,,,,,,,,,,,,,,2022-11-09 00:00:00,128.31,132.28,128.63,132.28,128.31,3500660930.0,0.035464,-0.059653
000858SZ_2022-11-10T000000_BUY_COUNTDOWN_PROGRESS_1_2022-11-01T000000_2,2022-11-10 00:00:00,000858.SZ,1d,COUNTDOWN,BUY_COUNTDOWN_PROGRESS,1,2,,,BUY_SETUP,True,2022-10-20 00:00:00,2022-11-01 00:00:00,140.03,140.03,2022-11-01 00:00:00,2022-11-09 00:00:00,2022-11-10 00:00:00,,,,,,,,,,,,,2022-11-10 00:00:00,126.94,129.79,128.98,129.79,126.94,3481568630.0,0.03401,-0.093923
600036SS_2022-11-11T000000_SELL_SETUP_PERFECT_-1_2022-11-11T000000_9,2022-11-11 00:00:00,600036.SS,1d,SETUP,SELL_SETUP_PERFECT,-1,9,True,,SELL_SETUP,True,2022-11-01 00:00:00,2022-11-11 00:00:00,,,,,,,,,,,,,,,,,,,,,,,,2240428740.5,0.034981,0.009053
600036SS_2022-11-11T000000_SELL_COUNTDOWN_PROGRESS_-1_2022-11-11T000000_1,2022-11-11 00:00:00,600036.SS,1d,COUNTDOWN,SELL_COUNTDOWN_PROGRESS,-1,1,,,SELL_SETUP,True,2022-11-01 00:00:00,2022-11-11 00:00:00,25.08,20.29,2022-11-11 00:00:00,2022-11-11 00:00:00,,,,,,,,,,,,,,2022-11-11 00:00:00,22.99,25.08,24.52,25.08,22.99,2240428740.5,0.034981,0.009053
601318SS_2022-11-14T000000_BUY_COUNTDOWN_CANCEL_1_2022-10-28T000000_2,2022-11-14 00:00:00,601318.SS,1d,COUNTDOWN,BUY_COUNTDOWN_CANCEL,1,2,,tdst_break_rule_4,BUY_SETUP,True,2022-10-18 00:00:00,2022-10-28 00:00:00,34.18,34.18,2022-10-28 00:00:00,2022-10-28 00:00:00,2022-10-31 00:00:00,,,,,,,,,,,,,2022-10-31 00:00:00,28.54,29.31,34.24,34.76,33.85,2151645398.5,0.028415,0.022395
600036SS_2022-11-14T000000_SELL_COUNTDOWN_PROGRESS_-1_2022-11-11T000000_2,2022-11-14 00:00:00,600036.SS,1d,COUNTDOWN,SELL_COUNTDOWN_PROGRESS,-1,2,,,SELL_SETUP,True,2022-11-01 00:00:00,2022-11-11 00:00:00,25.08,20.29,2022-11-11 00:00:00,2022-11-11 00:00:00,2022-11-14 00:00:00,,,,,,,,,,,,,2022-11-11 00:00:00,22.99,25.08,26.42,26.97,25.61,2481460315.5,0.038792,0.097176
601318SS_2022-11-15T000000_SELL_SETUP_PERFECT_-1_2022-11-15T000000_9,2022-11-15 00:00:00,601318.SS,1d,SETUP,SELL_SETUP_PERFECT,-1,9,True,,SELL_SETUP,True,2022-11-03 00:00:00,2022-11-15 00:00:00,,,,,,,,,,,,,,,,,,,,,,,,2262611973.5,0.028654,0.064223
601318SS_2022-11-15T000000_SELL_COUNTDOWN_PROGRESS_-1_2022-11-15T000000_1,2022-11-15 00:00:00,601318.SS,1d,COUNTDOWN,SELL_COUNTDOWN_PROGRESS,-1,1,,,SELL_SETUP,True,2022-11-03 00:00:00,2022-11-15 00:00:00,35.59,29.34,2022-11-15 00:00:00,2022-11-15 00:00:00,,,,,,,,,,,,,,2022-11-15 00:00:00,33.95,35.59,35.13,35.59,33.95,2262611973.5,0.028654,0.064223
600036SS_2022-11-15T000000_SELL_COUNTDOWN_PROGRESS_-1_2022-11-11T000000_3,2022-11-15 00:00:00,600036.SS,1d,COUNTDOWN,SELL_COUNTDOWN_PROGRESS,-1,3,,,SELL_SETUP,True,2022-11-01 00:00:00,2022-11-11 00:00:00,25.08,20.29,2022-11-11 00:00:00,2022-11-11 00:00:00,2022-11-14 00:00:00,2022-11-15 00:00:00,,,,,,,,,,,,2022-11-11 00:00:00,22.99,25.08,26.56,27.11,26.03,2546631445.5,0.038227,0.128292
601318SS_2022-11-16T000000_SELL_COUNTDOWN_PROGRESS_-1_2022-11-15T000000_2,2022-11-16 00:00:00,601318.SS,1d,COUNTDOWN,SELL_COUNTDOWN_PROGRESS,-1,2,,,SELL_SETUP,True,2022-11-03 00:00:00,2022-11-15 00:00:00,35.59,29.34,2022-11-15 00:00:00,2022-11-15 00:00:00,2022-11-16 00:00:00,,,,,,,,,,,,,2022-11-15 00:00:00,33.95,35.59,34.94,35.46,34.91,2313917008.5,0.028532,0.070138
600519SS_2022-11-18T000000_BUY_COUNTDOWN_PROGRESS_1_2022-10-20T000000_10,2022-11-18 00:00:00,600519.SS,1d,COUNTDOWN,BUY_COUNTDOWN_PROGRESS,1,10,,,BUY_SETUP,True,2022-10-10 00:00:00,2022-10-20 00:00:00,1717.76,1717.76,2022-10-20 00:00:00,2022-10-20 00:00:00,2022-10-21 00:00:00,2022-10-24 00:00:00,2022-10-25 00:00:00,2022-10-26 00:00:00,2022-10-27 00:00:00,2022-10-28 00:00:00,2022-10-31 00:00:00,1176.76,2022-11-09 00:00:00,2022-11-18 00:00:00,,,,2022-10-31 00:00:00,1159.76,1208.77,1393.89,1410.76,1382.76,9708367410.0,0.033687,0.049584
600519SS_2022-11-21T000000_BUY_COUNTDOWN_PROGRESS_1_2022-10-20T000000_11,2022-11-21 00:00:00,600519.SS,1d,COUNTDOWN,BUY_COUNTDOWN_PROGRESS,1,11,,,BUY_SETUP,True,2022-10-10 00:00:00,2022-10-20 00:00:00,1717.76,1717.76,2022-10-20 00:00:00,2022-10-20 00:00:00,2022-10-21 00:00:00,2022-10-24 00:00:00,2022-10-25 00:00:00,2022-10-26 00:00:00,2022-10-27 00:00:00,2022-10-28 00:00:00,2022-10-31 00:00:00,1176.76,2022-11-09 00:00:00,2022-11-18 00:00:00,2022-11-21 00:00:00,,,2022-10-31 00:00:00,1159.76,1208.77,1346.74,1368.11,1325.29,8993342915.0,0.03444,0.030792
000858SZ_2022-11-21T000000_BUY_COUNTDOWN_PROGRESS_1_2022-11-01T000000_3,2022-11-21 00:00:00,000858.SZ,1d,COUNTDOWN,BUY_COUNTDOWN_PROGRESS,1,3,,,BUY_SETUP,True,2022-10-20 00:00:00,2022-11-01 00:00:00,140.03,140.03,2022-11-01 00:00:00,2022-11-09 00:00:00,2022-11-10 00:00:00,2022-11-21 00:00:00,,,,,,,,,,,,2022-11-10 00:00:00,126.94,129.79,132.16,134.2,131.23,3683861375.0,0.032276,0.054328
000651SZ_2022-11-21T000000_BUY_COUNTDOWN_COMPLETE_1_2022-09-28T000000_13,2022-11-21 00:00:00,000651.SZ,1d,COUNTDOWN,BUY_COUNTDOWN_COMPLETE,1,13,False,,BUY_SETUP,True,2022-09-16 00:00:00,2022-09-28 00:00:00,27.33,27.33,2022-09-28 00:00:00,2022-09-29 00:00:00,2022-09-30 00:00:00,2022-10-10 00:00:00,2022-10-11 00:00:00,2022-10-13 00:00:00,2022-10-19 00:00:00,2022-10-20 00:00:00,2022-10-21 00:00:00,22.29,2022-10-24 00:00:00,2022-10-25 00:00:00,2022-10-31 00:00:00,2022-11-01 00:00:00,2022-11-21 00:00:00,2022-10-31 00:00:00,20.17,21.61,22.79,23.26,22.69,1295882899.5,0.025316,0.060493
600519SS_2022-11-22T000000_BUY_COUNTDOWN_PROGRESS_1_2022-10-20T000000_12,2022-11-22 00:00:00,600519.SS,1d,COUNTDOWN,BUY_COUNTDOWN_PROGRESS,1,12,,,BUY_SETUP,True,2022-10-10 00:00:00,2022-10-20 00:00:00,1717.76,1717.76,2022-10-20 00:00:00,2022-10-20 00:00:00,2022-10-21 00:00:00,2022-10-24 00:00:00,2022-10-25 00:00:00,2022-10-26 00:00:00,2022-10-27 00:00:00,2022-10-28 00:00:00,2022-10-31 00:00:00,1176.76,2022-11-09 00:00:00,2022-11-18 00:00:00,2022-11-21 00:00:00,2022-11-22 00:00:00,,2022-10-31 00:00:00,1159.76,1208.77,1366.71,1386.5,1342.87,8615636970.0,0.03438,0.058776
000858SZ_2022-11-22T000000_BUY_COUNTDOWN_PROGRESS_1_2022-11-01T000000_4,2022-11-22 00:00:00,000858.SZ,1d,COUNTDOWN,BUY_COUNTDOWN_PROGRESS,1,4,,,BUY_SETUP,True,2022-10-20 00:00:00,2022-11-01 00:00:00,140.03,140.03,2022-11-01 00:00:00,2022-11-09 00:00:00,2022-11-10 00:00:00,2022-11-21 00:00:00,2022-11-22 00:00:00,,,,,,,,,,,2022-11-10 00:00:00,126.94,129.79,133.45,136.13,132.04,3642663650.0,0.032271,0.053858
601318SS_2022-11-23T000000_SELL_COUNTDOWN_PROGRESS_-1_2022-11-15T000000_3,2022-11-23 00:00:00,601318.SS,1d,COUNTDOWN,SELL_COUNTDOWN_PROGRESS,-1,3,,,SELL_SETUP,True,2022-11-03 00:00:00,2022-11-15 00:00:00,35.59,29.34,2022-11-15 00:00:00,2022-11-15 00:00:00,2022-11-16 00:00:00,2022-11-23 00:00:00,,,,,,,,,,,,2022-11-15 00:00:00,33.95,35.59,34.41,35.08,34.4,2238492228.5,0.025672,0.135644
600036SS_2022-11-23T000000_SELL_COUNTDOWN_PROGRESS_-1_2022-11-11T000000_4,2022-11-23 00:00:00,600036.SS,1d,COUNTDOWN,SELL_COUNTDOWN_PROGRESS,-1,4,,,SELL_SETUP,True,2022-11-01 00:00:00,2022-11-11 00:00:00,25.08,20.29,2022-11-11 00:00:00,2022-11-11 00:00:00,2022-11-14 00:00:00,2022-11-15 00:00:00,2022-11-23 00:00:00,,,,,,,,,,,2022-11-11 00:00:00,22.99,25.08,25.5,26.23,25.43,2477095140.5,0.035325,0.201697
000858SZ_2022-11-24T000000_BUY_COUNTDOWN_PROGRESS_1_2022-11-01T000000_5,2022-11-24 00:00:00,000858.SZ,1d,COUNTDOWN,BUY_COUNTDOWN_PROGRESS,1,5,,,BUY_SETUP,True,2022-10-20 00:00:00,2022-11-01 00:00:00,140.03,140.03,2022-11-01 00:00:00,2022-11-09 00:00:00,2022-11-10 00:00:00,2022-11-21 00:00:00,2022-11-22 00:00:00,2022-11-24 00:00:00,,,,,,,,,,2022-11-10 00:00:00,126.94,129.79,131.04,134.72,130.23,3452910250.0,0.030169,0.085397
000858SZ_2022-11-25T000000_BUY_COUNTDOWN_PROGRESS_1_2022-11-01T000000_6,2022-11-25 00:00:00,000858.SZ,1d,COUNTDOWN,BUY_COUNTDOWN_PROGRESS,1,6,,,BUY_SETUP,True,2022-10-20 00:00:00,2022-11-01 00:00:00,140.03,140.03,2022-11-01 00:00:00,2022-11-09 00:00:00,2022-11-10 00:00:00,2022-11-21 00:00:00,2022-11-22 00:00:00,2022-11-24 00:00:00,2022-11-25 00:00:00,,,,,,,,,2022-11-10 00:00:00,126.94,129.79,130.6,132.16,129.63,3354957975.0,0.028906,0.118821
601318SS_2022-11-25T000000_SELL_COUNTDOWN_PROGRESS_-1_2022-11-15T000000_4,2022-11-25 00:00:00,601318.SS,1d,COUNTDOWN,SELL_COUNTDOWN_PROGRESS,-1,4,,,SELL_SETUP,True,2022-11-03 00:00:00,2022-11-15 00:00:00,35.59,29.34,2022-11-15 00:00:00,2022-11-15 00:00:00,2022-11-16 00:00:00,2022-11-23 00:00:00,2022-11-25 00:00:00,,,,,,,,,,,2022-11-15 00:00:00,33.95,35.59,35.39,35.59,34.39,2237374613.5,0.023522,0.229246
600036SS_2022-11-25T000000_SELL_COUNTDOWN_PROGRESS_-1_2022-11-11T000000_5,2022-11-25 00:00:00,600036.SS,1d,COUNTDOWN,SELL_COUNTDOWN_PROGRESS,-1,5,,,SELL_SETUP,True,2022-11-01 00:00:00,2022-11-11 00:00:00,25.08,20.29,2022-11-11 00:00:00,2022-11-11 00:00:00,2022-11-14 00:00:00,2022-11-15 00:00:00,2022-11-23 00:00:00,2022-11-25 00:00:00,,,,,,,,,,2022-11-11 00:00:00,22.99,25.08,26.3,26.5,25.46,2441975457.0,0.033223,0.308458
600519SS_2022-11-28T000000_BUY_COUNTDOWN_COMPLETE_1_2022-10-20T000000_13,2022-11-28 00:00:00,600519.SS,1d,COUNTDOWN,BUY_COUNTDOWN_COMPLETE,1,13,False,,BUY_SETUP,True,2022-10-10 00:00:00,2022-10-20 00:00:00,1717.76,1717.76,2022-10-20 00:00:00,2022-10-20 00:00:00,2022-10-21 00:00:00,2022-10-24 00:00:00,2022-10-25 00:00:00,2022-10-26 00:00:00,2022-10-27 00:00:00,2022-10-28 00:00:00,2022-10-31 00:00:00,1176.76,2022-11-09 00:00:00,2022-11-18 00:00:00,2022-11-21 00:00:00,2022-11-22 00:00:00,2022-11-28 00:00:00,2022-10-31 00:00:00,1159.76,1208.77,1336.64,1341.76,1277.76,6994840820.0,0.023561,0.037144
601318SS_2022-11-29T000000_SELL_COUNTDOWN_PROGRESS_-1_2022-11-15T000000_5,2022-11-29 00:00:00,601318.SS,1d,COUNTDOWN,SELL_COUNTDOWN_PROGRESS,-1,5,,,SELL_SETUP,True,2022-11-03 00:00:00,2022-11-15 00:00:00,35.59,29.34,2022-11-15 00:00:00,2022-11-15 00:00:00,2022-11-16 00:00:00,2022-11-23 00:00:00,2022-11-25 00:00:00,2022-11-29 00:00:00,,,,,,,,,,2022-11-15 00:00:00,33.95,35.59,37.42,37.54,34.96,2522018428.5,0.031836,0.245672
600036SS_2022-11-29T000000_SELL_COUNTDOWN_PROGRESS_-1_2022-11-11T000000_6,2022-11-29 00:00:00,600036.SS,1d,COUNTDOWN,SELL_COUNTDOWN_PROGRESS,-1,6,,,SELL_SETUP,True,2022-11-01 00:00:00,2022-11-11 00:00:00,25.08,20.29,2022-11-11 00:00:00,2022-11-11 00:00:00,2022-11-14 00:00:00,2022-11-15 00:00:00,2022-11-23 00:00:00,2022-11-25 00:00:00,2022-11-29 00:00:00,,,,,,,,,2022-11-11 00:00:00,22.99,25.08,28.14,28.19,26.03,2594624037.0,0.040499,0.296774
000858SZ_2022-11-30T000000_BUY_COUNTDOWN_CANCEL_1_2022-11-01T000000_6,2022-11-30 00:00:00,000858.SZ,1d,COUNTDOWN,BUY_COUNTDOWN_CANCEL,1,6,,tdst_break_rule_4,BUY_SETUP,True,2022-10-20 00:00:00,2022-11-01 00:00:00,140.03,140.03,2022-11-01 00:00:00,2022-11-09 00:00:00,2022-11-10 00:00:00,2022-11-21 00:00:00,2022-11-22 00:00:00,2022-11-24 00:00:00,2022-11-25 00:00:00,,,,,,,,,2022-11-10 00:00:00,126.94,129.79,140.09,143.2,137.23,3353001205.0,0.025732,0.128484
601318SS_2022-11-30T000000_SELL_COUNTDOWN_PROGRESS_-1_2022-11-15T000000_6,2022-11-30 00:00:00,601318.SS,1d,COUNTDOWN,SELL_COUNTDOWN_PROGRESS,-1,6,,,SELL_SETUP,True,2022-11-03 00:00:00,2022-11-15 00:00:00,35.59,29.34,2022-11-15 00:00:00,2022-11-15 00:00:00,2022-11-16 00:00:00,2022-11-23 00:00:00,2022-11-25 00:00:00,2022-11-29 00:00:00,2022-11-30 00:00:00,,,,,,,,,2022-11-15 00:00:00,33.95,35.59,37.59,38.81,37.24,2701745658.5,0.031223,0.271221
600036SS_2022-11-30T000000_SELL_COUNTDOWN_PROGRESS_-1_2022-11-11T000000_7,2022-11-30 00:00:00,600036.SS,1d,COUNTDOWN,SELL_COUNTDOWN_PROGRESS,-1,7,,,SELL_SETUP,True,2022-11-01 00:00:00,2022-11-11 00:00:00,25.08,20.29,2022-11-11 00:00:00,2022-11-11 00:00:00,2022-11-14 00:00:00,2022-11-15 00:00:00,2022-11-23 00:00:00,2022-11-25 00:00:00,2022-11-29 00:00:00,2022-11-30 00:00:00,,,,,,,,2022-11-11 00:00:00,22.99,25.08,28.24,28.72,27.48,2644012707.0,0.039909,0.323957
600036SS_2022-12-01T000000_SELL_COUNTDOWN_PROGRESS_-1_2022-11-11T000000_8,2022-12-01 00:00:00,600036.SS,1d,COUNTDOWN,SELL_COUNTDOWN_PROGRESS,-1,8,,,SELL_SETUP,True,2022-11-01 00:00:00,2022-11-11 00:00:00,25.08,20.29,2022-11-11 00:00:00,2022-11-11 00:00:00,2022-11-14 00:00:00,2022-11-15 00:00:00,2022-11-23 00:00:00,2022-11-25 00:00:00,2022-11-29 00:00:00,2022-11-30 00:00:00,2022-12-01 00:00:00,28.28,,,,,,2022-11-11 00:00:00,22.99,25.08,28.28,29.78,28.13,2720890987.0,0.039259,0.264758
601318SS_2022-12-05T000000_SELL_COUNTDOWN_PROGRESS_-1_2022-11-15T000000_7,2022-12-05 00:00:00,601318.SS,1d,COUNTDOWN,SELL_COUNTDOWN_PROGRESS,-1,7,,,SELL_SETUP,True,2022-11-03 00:00:00,2022-11-15 00:00:00,35.59,29.34,2022-11-15 00:00:00,2022-11-15 00:00:00,2022-11-16 00:00:00,2022-11-23 00:00:00,2022-11-25 00:00:00,2022-11-29 00:00:00,2022-11-30 00:00:00,2022-12-05 00:00:00,,,,,,,,2022-11-15 00:00:00,33.95,35.59,39.92,39.95,37.99,3046701959.0,0.033353,0.274178
601318SS_2022-12-06T000000_SELL_COUNTDOWN_PROGRESS_-1_2022-11-15T000000_8,2022-12-06 00:00:00,601318.SS,1d,COUNTDOWN,SELL_COUNTDOWN_PROGRESS,-1,8,,,SELL_SETUP,True,2022-11-03 00:00:00,2022-11-15 00:00:00,35.59,29.34,2022-11-15 00:00:00,2022-11-15 00:00:00,2022-11-16 00:00:00,2022-11-23 00:00:00,2022-11-25 00:00:00,2022-11-29 00:00:00,2022-11-30 00:00:00,2022-12-05 00:00:00,2022-12-06 00:00:00,40.08,,,,,,2022-11-15 00:00:00,33.95,35.59,40.08,40.32,39.38,3182705799.0,0.032973,0.292486
600036SS_2022-12-06T000000_SELL_COUNTDOWN_PROGRESS_-1_2022-11-11T000000_9,2022-12-06 00:00:00,600036.SS,1d,COUNTDOWN,SELL_COUNTDOWN_PROGRESS,-1,9,,,SELL_SETUP,True,2022-11-01 00:00:00,2022-11-11 00:00:00,25.08,20.29,2022-11-11 00:00:00,2022-11-11 00:00:00,2022-11-14 00:00:00,2022-11-15 00:00:00,2022-11-23 00:00:00,2022-11-25 00:00:00,2022-11-29 00:00:00,2022-11-30 00:00:00,2022-12-01 00:00:00,28.28,2022-12-06 00:00:00,,,,,2022-11-11 00:00:00,22.99,25.08,29.13,29.26,28.7,2849411201.0,0.041592,0.296972
000651SZ_2022-12-07T000000_SELL_SETUP_PERFECT_-1_2022-12-07T000000_9,2022-12-07 00:00:00,000651.SZ,1d,SETUP,SELL_SETUP_PERFECT,-1,9,True,,SELL_SETUP,True,2022-11-25 00:00:00,2022-12-07 00:00:00,,,,,,,,,,,,,,,,,,,,,,,,1084848434.0,0.018502,0.137552
000651SZ_2022-12-07T000000_SELL_COUNTDOWN_PROGRESS_-1_2022-12-07T000000_1,2022-12-07 00:00:00,000651.SZ,1d,COUNTDOWN,SELL_COUNTDOWN_PROGRESS,-1,1,,,SELL_SETUP,True,2022-11-25 00:00:00,2022-12-07 00:00:00,25.04,22.55,2022-12-07 00:00:00,2022-12-07 00:00:00,,,,,,,,,,,,,,2022-12-07 00:00:00,24.39,25.04,24.81,25.04,24.39,1084848434.0,0.018502,0.137552
600519SS_2022-12-09T000000_SELL_SETUP_PERFECT_-1_2022-12-09T000000_9,2022-12-09 00:00:00,600519.SS,1d,SETUP,SELL_SETUP_PERFECT,-1,9,True,,SELL_SETUP,True,2022-11-29 00:00:00,2022-12-09 00:00:00,,,,,,,,,,,,,,,,,,,,,,,,5852886610.0,0.02196,0.144879
600519SS_2022-12-09T000000_SELL_COUNTDOWN_PROGRESS_-1_2022-12-09T000000_1,2022-12-09 00:00:00,600519.SS,1d,COUNTDOWN,SELL_COUNTDOWN_PROGRESS,-1,1,,,SELL_SETUP,True,2022-11-29 00:00:00,2022-12-09 00:00:00,1556.76,1377.76,2022-12-09 00:00:00,2022-12-09 00:00:00,,,,,,,,,,,,,,2022-12-09 00:00:00,1508.76,1556.76,1556.76,1556.76,1508.76,5852886610.0,0.02196,0.144879
000858SZ_2022-12-09T000000_SELL_SETUP_PERFECT_-1_2022-12-09T000000_9,2022-12-09 00:00:00,000858.SZ,1d,SETUP,SELL_SETUP_PERFECT,-1,9,True,,SELL_SETUP,True,2022-11-29 00:00:00,2022-12-09 00:00:00,,,,,,,,,,,,,,,,,,,,,,,,3955986735.0,0.025993,0.246911
000858SZ_2022-12-09T000000_SELL_COUNTDOWN_PROGRESS_-1_2022-12-09T000000_1,2022-12-09 00:00:00,000858.SZ,1d,COUNTDOWN,SELL_COUNTDOWN_PROGRESS,-1,1,,,SELL_SETUP,True,2022-11-29 00:00:00,2022-12-09 00:00:00,166.7,133.13,2022-12-09 00:00:00,2022-12-09 00:00:00,,,,,,,,,,,,,,2022-12-09 00:00:00,157.35,166.7,166.5,166.7,157.35,3955986735.0,0.025993,0.246911
601318SS_2022-12-09T000000_SELL_SETUP_PERFECT_-1_2022-12-09T000000_9,2022-12-09 00:00:00,601318.SS,1d,SETUP,SELL_SETUP_PERFECT,-1,9,True,,SELL_SETUP,True,2022-11-29 00:00:00,2022-12-09 00:00:00,,,,,,,,,,,,,,,,,,,,,,,,3328360965.0,0.031118,0.175234
601318SS_2022-12-09T000000_SELL_COUNTDOWN_CANCEL_-1_2022-11-15T000000_8,2022-12-09 00:00:00,601318.SS,1d,COUNTDOWN,SELL_COUNTDOWN_CANCEL,-1,8,,same_setup,SELL_SETUP,True,2022-11-03 00:00:00,2022-11-15 00:00:00,35.59,29.34,2022-11-15 00:00:00,2022-11-15 00:00:00,2022-11-16 00:00:00,2022-11-23 00:00:00,2022-11-25 00:00:00,2022-11-29 00:00:00,2022-11-30 00:00:00,2022-12-05 00:00:00,2022-12-06 00:00:00,40.08,,,,,,2022-11-15 00:00:00,33.95,35.59,40.24,40.52,39.34,3328360965.0,0.031118,0.175234
601318SS_2022-12-09T000000_SELL_COUNTDOWN_PROGRESS_-1_2022-12-09T000000_1,2022-12-09 00:00:00,601318.SS,1d,COUNTDOWN,SELL_COUNTDOWN_PROGRESS,-1,1,,,SELL_SETUP,True,2022-11-29 00:00:00,2022-12-09 00:00:00,40.52,34.96,2022-12-09 00:00:00,2022-12-09 00:00:00,,,,,,,,,,,,,,2022-12-09 00:00:00,39.34,40.52,40.24,40.52,39.34,3328360965.0,0.031118,0.175234
600036SS_2022-12-09T000000_SELL_SETUP_PERFECT_-1_2022-12-09T000000_9,2022-12-09 00:00:00,600036.SS,1d,SETUP,SELL_SETUP_PERFECT,-1,9,True,,SELL_SETUP,True,2022-11-29 00:00:00,2022-12-09 00:00:00,,,,,,,,,,,,,,,,,,,,,,,,2817448041.5,0.035514,0.136639
600036SS_2022-12-09T000000_SELL_COUNTDOWN_CANCEL_-1_2022-11-11T000000_9,2022-12-09 00:00:00,600036.SS,1d,COUNTDOWN,SELL_COUNTDOWN_CANCEL,-1,9,,same_setup,SELL_SETUP,True,2022-11-01 00:00:00,2022-11-11 00:00:00,25.08,20.29,2022-11-11 00:00:00,2022-11-11 00:00:00,2022-11-14 00:00:00,2022-11-15 00:00:00,2022-11-23 00:00:00,2022-11-25 00:00:00,2022-11-29 00:00:00,2022-11-30 00:00:00,2022-12-01 00:00:00,28.28,2022-12-06 00:00:00,,,,,2022-11-11 00:00:00,22.99,25.08,30.03,30.21,28.91,2817448041.5,0.035514,0.136639
600036SS_2022-12-09T000000_SELL_COUNTDOWN_PROGRESS_-1_2022-12-09T000000_1,2022-12-09 00:00:00,600036.SS,1d,COUNTDOWN,SELL_COUNTDOWN_PROGRESS,-1,1,,,SELL_SETUP,True,2022-11-29 00:00:00,2022-12-09 00:00:00,30.21,26.03,2022-12-09 00:00:00,2022-12-09 00:00:00,,,,,,,,,,,,,,2022-12-09 00:00:00,28.91,30.21,30.03,30.21,28.91,2817448041.5,0.035514,0.136639
000651SZ_2022-12-09T000000_SELL_COUNTDOWN_PROGRESS_-1_2022-12-07T000000_2,2022-12-09 00:00:00,000651.SZ,1d,COUNTDOWN,SELL_COUNTDOWN_PROGRESS,-1,2,,,SELL_SETUP,True,2022-11-25 00:00:00,2022-12-07 00:00:00,25.04,22.55,2022-12-07 00:00:00,2022-12-07 00:00:00,2022-12-09 00:00:00,,,,,,,,,,,,,2022-12-07 00:00:00,24.39,25.04,25.57,25.79,24.67,1107277255.5,0.017005,0.092735
600519SS_2022-12-12T000000_SELL_COUNTDOWN_PROGRESS_-1_2022-12-09T000000_2,2022-12-12 00:00:00,600519.SS,1d,COUNTDOWN,SELL_COUNTDOWN_PROGRESS,-1,2,,,SELL_SETUP,True,2022-11-29 00:00:00,2022-12-09 00:00:00,1556.76,1377.76,2022-12-09 00:00:00,2022-12-09 00:00:00,2022-12-12 00:00:00,,,,,,,,,,,,,2022-12-09 00:00:00,1508.76,1556.76,1565.78,1592.76,1541.76,5713182010.0,0.02053,0.106746
000858SZ_2022-12-12T000000_SELL_COUNTDOWN_PROGRESS_-1_2022-12-09T000000_2,2022-12-12 00:00:00,000858.SZ,1d,COUNTDOWN,SELL_COUNTDOWN_PROGRESS,-1,2,,,SELL_SETUP,True,2022-11-29 00:00:00,2022-12-09 00:00:00,166.7,133.13,2022-12-09 00:00:00,2022-12-09 00:00:00,2022-12-12 00:00:00,,,,,,,,,,,,,2022-12-09 00:00:00,157.35,166.7,161.57,166.61,161.14,4010995735.0,0.027249,0.176081
600036SS_2022-12-12T000000_SELL_COUNTDOWN_PROGRESS_-1_2022-12-09T000000_2,2022-12-12 00:00:00,600036.SS,1d,COUNTDOWN,SELL_COUNTDOWN_PROGRESS,-1,2,,,SELL_SETUP,True,2022-11-29 00:00:00,2022-12-09 00:00:00,30.21,26.03,2022-12-09 00:00:00,2022-12-09 00:00:00,2022-12-12 00:00:00,,,,,,,,,,,,,2022-12-09 00:00:00,28.91,30.21,29.07,29.88,28.96,2585849866.5,0.036587,0.094503
600519SS_2022-12-13T000000_SELL_COUNTDOWN_PROGRESS_-1_2022-12-09T000000_3,2022-12-13 00:00:00,600519.SS,1d,COUNTDOWN,SELL_COUNTDOWN_PROGRESS,-1,3,,,SELL_SETUP,True,2022-11-29 00:00:00,2022-12-09 00:00:00,1556.76,1377.76,2022-12-09 00:00:00,2022-12-09 00:00:00,2022-12-12 00:00:00,2022-12-13 00:00:00,,,,,,,,,,,,2022-12-09 00:00:00,1508.76,1556.76,1576.76,1587.45,1556.76,5457017575.0,0.020455,0.116678
600519SS_2022-12-14T000000_SELL_COUNTDOWN_PROGRESS_-1_2022-12-09T000000_4,2022-12-14 00:00:00,600519.SS,1d,COUNTDOWN,SELL_COUNTDOWN_PROGRESS,-1,4,,,SELL_SETUP,True,2022-11-29 00:00:00,2022-12-09 00:00:00,1556.76,1377.76,2022-12-09 00:00:00,2022-12-09 00:00:00,2022-12-12 00:00:00,2022-12-13 00:00:00,2022-12-14 00:00:00,,,,,,,,,,,2022-12-09 00:00:00,1508.76,1556.76,1597.63,1607.56,1569.76,5501536355.0,0.020008,0.146273
000858SZ_2022-12-14T000000_SELL_COUNTDOWN_PROGRESS_-1_2022-12-09T000000_3,2022-12-14 00:00:00,000858.SZ,1d,COUNTDOWN,SELL_COUNTDOWN_PROGRESS,-1,3,,,SELL_SETUP,True,2022-11-29 00:00:00,2022-12-09 00:00:00,166.7,133.13,2022-12-09 00:00:00,2022-12-09 00:00:00,2022-12-12 00:00:00,2022-12-14 00:00:00,,,,,,,,,,,,2022-12-09 00:00:00,157.35,166.7,167.31,168.5,161.59,4093600660.0,0.027019,0.231851
600036SS_2022-12-14T000000_SELL_COUNTDOWN_PROGRESS_-1_2022-12-09T000000_3,2022-12-14 00:00:00,600036.SS,1d,COUNTDOWN,SELL_COUNTDOWN_PROGRESS,-1,3,,,SELL_SETUP,True,2022-11-29 00:00:00,2022-12-09 00:00:00,30.21,26.03,2022-12-09 00:00:00,2022-12-09 00:00:00,2022-12-12 00:00:00,2022-12-14 00:00:00,,,,,,,,,,,,2022-12-09 00:00:00,28.91,30.21,30.19,30.32,29.3,2518559536.5,0.035198,0.179758
600519SS_2022-12-15T000000_SELL_COUNTDOWN_PROGRESS_-1_2022-12-09T000000_5,2022-12-15 00:00:00,600519.SS,1d,COUNTDOWN,SELL_COUNTDOWN_PROGRESS,-1,5,,,SELL_SETUP,True,2022-11-29 00:00:00,2022-12-09 00:00:00,1556.76,1377.76,2022-12-09 00:00:00,2022-12-09 00:00:00,2022-12-12 00:00:00,2022-12-13 00:00:00,2022-12-14 00:00:00,2022-12-15 00:00:00,,,,,,,,,,2022-12-09 00:00:00,1508.76,1556.76,1613.75,1642.76,1606.76,5536739465.0,0.019941,0.157731
000858SZ_2022-12-15T000000_SELL_COUNTDOWN_PROGRESS_-1_2022-12-09T000000_4,2022-12-15 00:00:00,000858.SZ,1d,COUNTDOWN,SELL_COUNTDOWN_PROGRESS,-1,4,,,SELL_SETUP,True,2022-11-29 00:00:00,2022-12-09 00:00:00,166.7,133.13,2022-12-09 00:00:00,2022-12-09 00:00:00,2022-12-12 00:00:00,2022-12-14 00:00:00,2022-12-15 00:00:00,,,,,,,,,,,2022-12-09 00:00:00,157.35,166.7,165.19,169.03,164.0,4149321095.0,0.027543,0.207176
600036SS_2022-12-15T000000_SELL_COUNTDOWN_PROGRESS_-1_2022-12-09T000000_4,2022-12-15 00:00:00,600036.SS,1d,COUNTDOWN,SELL_COUNTDOWN_PROGRESS,-1,4,,,SELL_SETUP,True,2022-11-29 00:00:00,2022-12-09 00:00:00,30.21,26.03,2022-12-09 00:00:00,2022-12-09 00:00:00,2022-12-12 00:00:00,2022-12-14 00:00:00,2022-12-15 00:00:00,,,,,,,,,,,2022-12-09 00:00:00,28.91,30.21,29.61,30.24,29.5,2424158941.5,0.03554,0.168047
600519SS_2022-12-16T000000_SELL_COUNTDOWN_PROGRESS_-1_2022-12-09T000000_6,2022-12-16 00:00:00,600519.SS,1d,COUNTDOWN,SELL_COUNTDOWN_PROGRESS,-1,6,,,SELL_SETUP,True,2022-11-29 00:00:00,2022-12-09 00:00:00,1556.76,1377.76,2022-12-09 00:00:00,2022-12-09 00:00:00,2022-12-12 00:00:00,2022-12-13 00:00:00,2022-12-14 00:00:00,2022-12-15 00:00:00,2022-12-16 00:00:00,,,,,,,,,2022-12-09 00:00:00,1508.76,1556.76,1613.63,1617.76,1569.76,5646629150.0,0.017495,0.198175
600036SS_2022-12-16T000000_SELL_COUNTDOWN_PROGRESS_-1_2022-12-09T000000_5,2022-12-16 00:00:00,600036.SS,1d,COUNTDOWN,SELL_COUNTDOWN_PROGRESS,-1,5,,,SELL_SETUP,True,2022-11-29 00:00:00,2022-12-09 00:00:00,30.21,26.03,2022-12-09 00:00:00,2022-12-09 00:00:00,2022-12-12 00:00:00,2022-12-14 00:00:00,2022-12-15 00:00:00,2022-12-16 00:00:00,,,,,,,,,,2022-12-09 00:00:00,28.91,30.21,30.37,30.48,29.58,2446038796.5,0.0355,0.207555
600519SS_2022-12-22T000000_SELL_COUNTDOWN_PROGRESS_-1_2022-12-09T000000_7,2022-12-22 00:00:00,600519.SS,1d,COUNTDOWN,SELL_COUNTDOWN_PROGRESS,-1,7,,,SELL_SETUP,True,2022-11-29 00:00:00,2022-12-09 00:00:00,1556.76,1377.76,2022-12-09 00:00:00,2022-12-09 00:00:00,2022-12-12 00:00:00,2022-12-13 00:00:00,2022-12-14 00:00:00,2022-12-15 00:00:00,2022-12-16 00:00:00,2022-12-22 00:00:00,,,,,,,,2022-12-09 00:00:00,1508.76,1556.76,1594.76,1609.76,1571.76,5759804220.0,0.019621,0.182381
601318SS_2022-12-22T000000_SELL_COUNTDOWN_PROGRESS_-1_2022-12-09T000000_2,2022-12-22 00:00:00,601318.SS,1d,COUNTDOWN,SELL_COUNTDOWN_PROGRESS,-1,2,,,SELL_SETUP,True,2022-11-29 00:00:00,2022-12-09 00:00:00,40.52,34.96,2022-12-09 00:00:00,2022-12-09 00:00:00,2022-12-22 00:00:00,,,,,,,,,,,,,2022-12-22 00:00:00,38.29,38.82,38.52,38.82,38.29,3111718350.0,0.032384,0.088443
000651SZ_2022-12-22T000000_SELL_COUNTDOWN_PROGRESS_-1_2022-12-07T000000_3,2022-12-22 00:00:00,000651.SZ,1d,COUNTDOWN,SELL_COUNTDOWN_PROGRESS,-1,3,,,SELL_SETUP,True,2022-11-25 00:00:00,2022-12-07 00:00:00,25.04,22.55,2022-12-07 00:00:00,2022-12-07 00:00:00,2022-12-09 00:00:00,2022-12-22 00:00:00,,,,,,,,,,,,2022-12-22 00:00:00,24.27,25.06,24.63,25.06,24.27,1108190398.5,0.018151,0.05032
600519SS_2022-12-23T000000_SELL_COUNTDOWN_PROGRESS_-1_2022-12-09T000000_8,2022-12-23 00:00:00,600519.SS,1d,COUNTDOWN,SELL_COUNTDOWN_PROGRESS,-1,8,,,SELL_SETUP,True,2022-11-29 00:00:00,2022-12-09 00:00:00,1556.76,1377.76,2022-12-09 00:00:00,2022-12-09 00:00:00,2022-12-12 00:00:00,2022-12-13 00:00:00,2022-12-14 00:00:00,2022-12-15 00:00:00,2022-12-16 00:00:00,2022-12-22 00:00:00,2022-12-23 00:00:00,1597.76,,,,,,2022-12-09 00:00:00,1508.76,1556.76,1597.76,1608.76,1571.76,5771285220.0,0.019242,0.195356
000858SZ_2022-12-23T000000_SELL_COUNTDOWN_PROGRESS_-1_2022-12-09T000000_5,2022-12-23 00:00:00,000858.SZ,1d,COUNTDOWN,SELL_COUNTDOWN_PROGRESS,-1,5,,,SELL_SETUP,True,2022-11-29 00:00:00,2022-12-09 00:00:00,166.7,133.13,2022-12-09 00:00:00,2022-12-09 00:00:00,2022-12-12 00:00:00,2022-12-14 00:00:00,2022-12-15 00:00:00,2022-12-23 00:00:00,,,,,,,,,,2022-12-09 00:00:00,157.35,166.7,163.51,166.23,159.63,4666569995.0,0.028688,0.249312
601318SS_2022-12-23T000000_SELL_COUNTDOWN_PROGRESS_-1_2022-12-09T000000_3,2022-12-23 00:00:00,601318.SS,1d,COUNTDOWN,SELL_COUNTDOWN_PROGRESS,-1,3,,,SELL_SETUP,True,2022-11-29 00:00:00,2022-12-09 00:00:00,40.52,34.96,2022-12-09 00:00:00,2022-12-09 00:00:00,2022-12-22 00:00:00,2022-12-23 00:00:00,,,,,,,,,,,,2022-12-23 00:00:00,37.96,38.65,38.28,38.65,37.96,3054281900.0,0.030918,0.124229
600036SS_2022-12-23T000000_SELL_COUNTDOWN_PROGRESS_-1_2022-12-09T000000_6,2022-12-23 00:00:00,600036.SS,1d,COUNTDOWN,SELL_COUNTDOWN_PROGRESS,-1,6,,,SELL_SETUP,True,2022-11-29 00:00:00,2022-12-09 00:00:00,30.21,26.03,2022-12-09 00:00:00,2022-12-09 00:00:00,2022-12-12 00:00:00,2022-12-14 00:00:00,2022-12-15 00:00:00,2022-12-16 00:00:00,2022-12-23 00:00:00,,,,,,,,,2022-12-09 00:00:00,28.91,30.21,29.65,30.08,29.43,2380244545.0,0.034628,0.174723
000651SZ_2022-12-23T000000_SELL_COUNTDOWN_PROGRESS_-1_2022-12-07T000000_4,2022-12-23 00:00:00,000651.SZ,1d,COUNTDOWN,SELL_COUNTDOWN_PROGRESS,-1,4,,,SELL_SETUP,True,2022-11-25 00:00:00,2022-12-07 00:00:00,25.04,22.55,2022-12-07 00:00:00,2022-12-07 00:00:00,2022-12-09 00:00:00,2022-12-22 00:00:00,2022-12-23 00:00:00,,,,,,,,,,,2022-12-23 00:00:00,24.25,24.78,24.47,24.78,24.25,1074581886.5,0.017995,0.055196
601318SS_2022-12-28T000000_SELL_COUNTDOWN_PROGRESS_-1_2022-12-09T000000_4,2022-12-28 00:00:00,601318.SS,1d,COUNTDOWN,SELL_COUNTDOWN_PROGRESS,-1,4,,,SELL_SETUP,True,2022-11-29 00:00:00,2022-12-09 00:00:00,40.52,34.96,2022-12-09 00:00:00,2022-12-09 00:00:00,2022-12-22 00:00:00,2022-12-23 00:00:00,2022-12-28 00:00:00,,,,,,,,,,,2022-12-28 00:00:00,37.94,39.09,38.92,39.09,37.94,2574665645.0,0.023704,0.038698
600036SS_2022-12-28T000000_SELL_COUNTDOWN_PROGRESS_-1_2022-12-09T000000_7,2022-12-28 00:00:00,600036.SS,1d,COUNTDOWN,SELL_COUNTDOWN_PROGRESS,-1,7,,,SELL_SETUP,True,2022-11-29 00:00:00,2022-12-09 00:00:00,30.21,26.03,2022-12-09 00:00:00,2022-12-09 00:00:00,2022-12-12 00:00:00,2022-12-14 00:00:00,2022-12-15 00:00:00,2022-12-16 00:00:00,2022-12-23 00:00:00,2022-12-28 00:00:00,,,,,,,,2022-12-09 00:00:00,28.91,30.21,30.61,30.8,29.86,2032193419.5,0.025179,0.08239
600036SS_2022-12-29T000000_SELL_COUNTDOWN_PROGRESS_-1_2022-12-09T000000_8,2022-12-29 00:00:00,600036.SS,1d,COUNTDOWN,SELL_COUNTDOWN_PROGRESS,-1,8,,,SELL_SETUP,True,2022-11-29 00:00:00,2022-12-09 00:00:00,30.21,26.03,2022-12-09 00:00:00,2022-12-09 00:00:00,2022-12-12 00:00:00,2022-12-14 00:00:00,2022-12-15 00:00:00,2022-12-16 00:00:00,2022-12-23 00:00:00,2022-12-28 00:00:00,2022-12-29 00:00:00,30.51,,,,,,2022-12-09 00:00:00,28.91,30.21,30.51,30.6,29.93,1979891129.5,0.024504,0.102638
601318SS_2022-12-30T000000_SELL_COUNTDOWN_PROGRESS_-1_2022-12-09T000000_5,2022-12-30 00:00:00,601318.SS,1d,COUNTDOWN,SELL_COUNTDOWN_PROGRESS,-1,5,,,SELL_SETUP,True,2022-11-29 00:00:00,2022-12-09 00:00:00,40.52,34.96,2022-12-09 00:00:00,2022-12-09 00:00:00,2022-12-22 00:00:00,2022-12-23 00:00:00,2022-12-28 00:00:00,2022-12-30 00:00:00,,,,,,,,,,2022-12-28 00:00:00,37.94,39.09,39.64,39.84,38.64,2480807660.0,0.018816,-0.007014
600519SS_2023-01-03T000000_SELL_COUNTDOWN_PROGRESS_-1_2022-12-09T000000_9,2023-01-03 00:00:00,600519.SS,1d,COUNTDOWN,SELL_COUNTDOWN_PROGRESS,-1,9,,,SELL_SETUP,True,2022-11-29 00:00:00,2022-12-09 00:00:00,1556.76,1377.76,2022-12-09 00:00:00,2022-12-09 00:00:00,2022-12-12 00:00:00,2022-12-13 00:00:00,2022-12-14 00:00:00,2022-12-15 00:00:00,2022-12-16 00:00:00,2022-12-22 00:00:00,2022-12-23 00:00:00,1597.76,2023-01-03 00:00:00,,,,,2022-12-09 00:00:00,1508.76,1556.76,1578.68,1587.1,1554.68,4833369650.0,0.013687,0.042198
601318SS_2023-01-03T000000_SELL_COUNTDOWN_PROGRESS_-1_2022-12-09T000000_6,2023-01-03 00:00:00,601318.SS,1d,COUNTDOWN,SELL_COUNTDOWN_PROGRESS,-1,6,,,SELL_SETUP,True,2022-11-29 00:00:00,2022-12-09 00:00:00,40.52,34.96,2022-12-09 00:00:00,2022-12-09 00:00:00,2022-12-22 00:00:00,2022-12-23 00:00:00,2022-12-28 00:00:00,2022-12-30 00:00:00,2023-01-03 00:00:00,,,,,,,,,2022-12-28 00:00:00,37.94,39.09,39.79,39.9,38.7,2300097900.0,0.018813,-0.007236
600036SS_2023-01-03T000000_SELL_COUNTDOWN_PROGRESS_-1_2022-12-09T000000_9,2023-01-03 00:00:00,600036.SS,1d,COUNTDOWN,SELL_COUNTDOWN_PROGRESS,-1,9,,,SELL_SETUP,True,2022-11-29 00:00:00,2022-12-09 00:00:00,30.21,26.03,2022-12-09 00:00:00,2022-12-09 00:00:00,2022-12-12 00:00:00,2022-12-14 00:00:00,2022-12-15 00:00:00,2022-12-16 00:00:00,2022-12-23 00:00:00,2022-12-28 00:00:00,2022-12-29 00:00:00,30.51,2023-01-03 00:00:00,,,,,2022-12-09 00:00:00,28.91,30.21,30.86,31.06,29.81,1901072654.5,0.020509,0.059389
601318SS_2023-01-04T000000_SELL_COUNTDOWN_PROGRESS_-1_2022-12-09T000000_7,2023-01-04 00:00:00,601318.SS,1d,COUNTDOWN,SELL_COUNTDOWN_PROGRESS,-1,7,,,SELL_SETUP,True,2022-11-29 00:00:00,2022-12-09 00:00:00,40.52,34.96,2022-12-09 00:00:00,2022-12-09 00:00:00,2022-12-22 00:00:00,2022-12-23 00:00:00,2022-12-28 00:00:00,2022-12-30 00:00:00,2023-01-03 00:00:00,2023-01-04 00:00:00,,,,,,,,2022-12-28 00:00:00,37.94,39.09,41.17,41.27,39.94,2301733795.0,0.019815,0.046518
600036SS_2023-01-04T000000_SELL_COUNTDOWN_PROGRESS_-1_2022-12-09T000000_10,2023-01-04 00:00:00,600036.SS,1d,COUNTDOWN,SELL_COUNTDOWN_PROGRESS,-1,10,,,SELL_SETUP,True,2022-11-29 00:00:00,2022-12-09 00:00:00,30.21,26.03,2022-12-09 00:00:00,2022-12-09 00:00:00,2022-12-12 00:00:00,2022-12-14 00:00:00,2022-12-15 00:00:00,2022-12-16 00:00:00,2022-12-23 00:00:00,2022-12-28 00:00:00,2022-12-29 00:00:00,30.51,2023-01-03 00:00:00,2023-01-04 00:00:00,,,,2022-12-09 00:00:00,28.91,30.21,31.93,32.11,30.81,1945302399.5,0.020992,0.116434
000651SZ_2023-01-04T000000_SELL_COUNTDOWN_PROGRESS_-1_2022-12-07T000000_5,2023-01-04 00:00:00,000651.SZ,1d,COUNTDOWN,SELL_COUNTDOWN_PROGRESS,-1,5,,,SELL_SETUP,True,2022-11-25 00:00:00,2022-12-07 00:00:00,25.04,22.55,2022-12-07 00:00:00,2022-12-07 00:00:00,2022-12-09 00:00:00,2022-12-22 00:00:00,2022-12-23 00:00:00,2023-01-04 00:00:00,,,,,,,,,,2023-01-04 00:00:00,24.13,25.03,25.0,25.03,24.13,970563043.5,0.016862,0.007658
600519SS_2023-01-05T000000_SELL_COUNTDOWN_PROGRESS_-1_2022-12-09T000000_10,2023-01-05 00:00:00,600519.SS,1d,COUNTDOWN,SELL_COUNTDOWN_PROGRESS,-1,10,,,SELL_SETUP,True,2022-11-29 00:00:00,2022-12-09 00:00:00,1556.76,1377.76,2022-12-09 00:00:00,2022-12-09 00:00:00,2022-12-12 00:00:00,2022-12-13 00:00:00,2022-12-14 00:00:00,2022-12-15 00:00:00,2022-12-16 00:00:00,2022-12-22 00:00:00,2022-12-23 00:00:00,1597.76,2023-01-03 00:00:00,2023-01-05 00:00:00,,,,2022-12-09 00:00:00,1508.76,1556.76,1649.67,1649.67,1581.67,4762119610.0,0.017125,0.089769
000858SZ_2023-01-05T000000_SELL_COUNTDOWN_PROGRESS_-1_2022-12-09T000000_6,2023-01-05 00:00:00,000858.SZ,1d,COUNTDOWN,SELL_COUNTDOWN_PROGRESS,-1,6,,,SELL_SETUP,True,2022-11-29 00:00:00,2022-12-09 00:00:00,166.7,133.13,2022-12-09 00:00:00,2022-12-09 00:00:00,2022-12-12 00:00:00,2022-12-14 00:00:00,2022-12-15 00:00:00,2022-12-23 00:00:00,2023-01-05 00:00:00,,,,,,,,,2022-12-09 00:00:00,157.35,166.7,172.23,172.74,163.63,3938177915.0,0.025966,0.090201
601318SS_2023-01-05T000000_SELL_COUNTDOWN_PROGRESS_-1_2022-12-09T000000_8,2023-01-05 00:00:00,601318.SS,1d,COUNTDOWN,SELL_COUNTDOWN_PROGRESS,-1,8,,,SELL_SETUP,True,2022-11-29 00:00:00,2022-12-09 00:00:00,40.52,34.96,2022-12-09 00:00:00,2022-12-09 00:00:00,2022-12-22 00:00:00,2022-12-23 00:00:00,2022-12-28 00:00:00,2022-12-30 00:00:00,2023-01-03 00:00:00,2023-01-04 00:00:00,2023-01-05 00:00:00,41.57,,,,,,2022-12-28 00:00:00,37.94,39.09,41.57,42.14,41.14,2287534070.0,0.019778,0.044735
600036SS_2023-01-05T000000_SELL_COUNTDOWN_PROGRESS_-1_2022-12-09T000000_11,2023-01-05 00:00:00,600036.SS,1d,COUNTDOWN,SELL_COUNTDOWN_PROGRESS,-1,11,,,SELL_SETUP,True,2022-11-29 00:00:00,2022-12-09 00:00:00,30.21,26.03,2022-12-09 00:00:00,2022-12-09 00:00:00,2022-12-12 00:00:00,2022-12-14 00:00:00,2022-12-15 00:00:00,2022-12-16 00:00:00,2022-12-23 00:00:00,2022-12-28 00:00:00,2022-12-29 00:00:00,30.51,2023-01-03 00:00:00,2023-01-04 00:00:00,2023-01-05 00:00:00,,,2022-12-09 00:00:00,28.91,30.21,31.78,32.55,31.68,1964992879.5,0.021127,0.106161
000651SZ_2023-01-05T000000_SELL_COUNTDOWN_PROGRESS_-1_2022-12-07T000000_6,2023-01-05 00:00:00,000651.SZ,1d,COUNTDOWN,SELL_COUNTDOWN_PROGRESS,-1,6,,,SELL_SETUP,True,2022-11-25 00:00:00,2022-12-07 00:00:00,25.04,22.55,2022-12-07 00:00:00,2022-12-07 00:00:00,2022-12-09 00:00:00,2022-12-22 00:00:00,2022-12-23 00:00:00,2023-01-04 00:00:00,2023-01-05 00:00:00,,,,,,,,,2023-01-04 00:00:00,24.13,25.03,25.89,26.14,25.19,993581792.5,0.018527,0.048178
600519SS_2023-01-06T000000_SELL_COUNTDOWN_PROGRESS_-1_2022-12-09T000000_11,2023-01-06 00:00:00,600519.SS,1d,COUNTDOWN,SELL_COUNTDOWN_PROGRESS,-1,11,,,SELL_SETUP,True,2022-11-29 00:00:00,2022-12-09 00:00:00,1556.76,1377.76,2022-12-09 00:00:00,2022-12-09 00:00:00,2022-12-12 00:00:00,2022-12-13 00:00:00,2022-12-14 00:00:00,2022-12-15 00:00:00,2022-12-16 00:00:00,2022-12-22 00:00:00,2022-12-23 00:00:00,1597.76,2023-01-03 00:00:00,2023-01-05 00:00:00,2023-01-06 00:00:00,,,2022-12-09 00:00:00,1508.76,1556.76,1652.44,1660.57,1635.67,4819990510.0,0.016191,0.061461
000858SZ_2023-01-06T000000_SELL_COUNTDOWN_PROGRESS_-1_2022-12-09T000000_7,2023-01-06 00:00:00,000858.SZ,1d,COUNTDOWN,SELL_COUNTDOWN_PROGRESS,-1,7,,,SELL_SETUP,True,2022-11-29 00:00:00,2022-12-09 00:00:00,166.7,133.13,2022-12-09 00:00:00,2022-12-09 00:00:00,2022-12-12 00:00:00,2022-12-14 00:00:00,2022-12-15 00:00:00,2022-12-23 00:00:00,2023-01-05 00:00:00,2023-01-06 00:00:00,,,,,,,,2022-12-09 00:00:00,157.35,166.7,173.69,174.34,171.01,4023394905.0,0.023294,0.043183
601318SS_2023-01-06T000000_SELL_COUNTDOWN_PROGRESS_-1_2022-12-09T000000_9,2023-01-06 00:00:00,601318.SS,1d,COUNTDOWN,SELL_COUNTDOWN_PROGRESS,-1,9,,,SELL_SETUP,True,2022-11-29 00:00:00,2022-12-09 00:00:00,40.52,34.96,2022-12-09 00:00:00,2022-12-09 00:00:00,2022-12-22 00:00:00,2022-12-23 00:00:00,2022-12-28 00:00:00,2022-12-30 00:00:00,2023-01-03 00:00:00,2023-01-04 00:00:00,2023-01-05 00:00:00,41.57,2023-01-06 00:00:00,,,,,2022-12-28 00:00:00,37.94,39.09,42.38,42.47,41.69,2375626375.0,0.020052,0.053181
600036SS_2023-01-06T000000_SELL_SETUP_PERFECT_-1_2023-01-06T000000_9,2023-01-06 00:00:00,600036.SS,1d,SETUP,SELL_SETUP_PERFECT,-1,9,True,,SELL_SETUP,True,2022-12-26 00:00:00,2023-01-06 00:00:00,,,,,,,,,,,,,,,,,,,,,,,,1999061734.5,0.019008,0.054279
600036SS_2023-01-06T000000_SELL_COUNTDOWN_CANCEL_-1_2022-12-09T000000_11,2023-01-06 00:00:00,600036.SS,1d,COUNTDOWN,SELL_COUNTDOWN_CANCEL,-1,11,,same_setup,SELL_SETUP,True,2022-11-29 00:00:00,2022-12-09 00:00:00,30.21,26.03,2022-12-09 00:00:00,2022-12-09 00:00:00,2022-12-12 00:00:00,2022-12-14 00:00:00,2022-12-15 00:00:00,2022-12-16 00:00:00,2022-12-23 00:00:00,2022-12-28 00:00:00,2022-12-29 00:00:00,30.51,2023-01-03 00:00:00,2023-01-04 00:00:00,2023-01-05 00:00:00,,,2022-12-09 00:00:00,28.91,30.21,31.66,32.21,31.17,1999061734.5,0.019008,0.054279
000651SZ_2023-01-06T000000_SELL_COUNTDOWN_PROGRESS_-1_2022-12-07T000000_7,2023-01-06 00:00:00,000651.SZ,1d,COUNTDOWN,SELL_COUNTDOWN_PROGRESS,-1,7,,,SELL_SETUP,True,2022-11-25 00:00:00,2022-12-07 00:00:00,25.04,22.55,2022-12-07 00:00:00,2022-12-07 00:00:00,2022-12-09 00:00:00,2022-12-22 00:00:00,2022-12-23 00:00:00,2023-01-04 00:00:00,2023-01-05 00:00:00,2023-01-06 00:00:00,,,,,,,,2023-01-04 00:00:00,24.13,25.03,25.79,26.09,25.6,1005337281.0,0.016894,0.008604
600519SS_2023-01-09T000000_SELL_COUNTDOWN_PROGRESS_-1_2022-12-09T000000_12,2023-01-09 00:00:00,600519.SS,1d,COUNTDOWN,SELL_COUNTDOWN_PROGRESS,-1,12,,,SELL_SETUP,True,2022-11-29 00:00:00,2022-12-09 00:00:00,1556.76,1377.76,2022-12-09 00:00:00,2022-12-09 00:00:00,2022-12-12 00:00:00,2022-12-13 00:00:00,2022-12-14 00:00:00,2022-12-15 00:00:00,2022-12-16 00:00:00,2022-12-22 00:00:00,2022-12-23 00:00:00,1597.76,2023-01-03 00:00:00,2023-01-05 00:00:00,2023-01-06 00:00:00,2023-01-09 00:00:00,,2022-12-09 00:00:00,1508.76,1556.76,1689.87,1698.65,1656.49,4768352340.0,0.016757,0.079251
000858SZ_2023-01-09T000000_SELL_COUNTDOWN_PROGRESS_-1_2022-12-09T000000_8,2023-01-09 00:00:00,000858.SZ,1d,COUNTDOWN,SELL_COUNTDOWN_PROGRESS,-1,8,,,SELL_SETUP,True,2022-11-29 00:00:00,2022-12-09 00:00:00,166.7,133.13,2022-12-09 00:00:00,2022-12-09 00:00:00,2022-12-12 00:00:00,2022-12-14 00:00:00,2022-12-15 00:00:00,2022-12-23 00:00:00,2023-01-05 00:00:00,2023-01-06 00:00:00,2023-01-09 00:00:00,179.11,,,,,,2022-12-09 00:00:00,157.35,166.7,179.11,180.11,173.39,3914029015.0,0.022836,0.10856
601318SS_2023-01-09T000000_SELL_SETUP_PERFECT_-1_2023-01-09T000000_9,2023-01-09 00:00:00,601318.SS,1d,SETUP,SELL_SETUP_PERFECT,-1,9,True,,SELL_SETUP,True,2022-12-27 00:00:00,2023-01-09 00:00:00,,,,,,,,,,,,,,,,,,,,,,,,2429629740.0,0.018579,0.122133
601318SS_2023-01-09T000000_SELL_COUNTDOWN_CANCEL_-1_2022-12-09T000000_9,2023-01-09 00:00:00,601318.SS,1d,COUNTDOWN,SELL_COUNTDOWN_CANCEL,-1,9,,same_setup,SELL_SETUP,True,2022-11-29 00:00:00,2022-12-09 00:00:00,40.52,34.96,2022-12-09 00:00:00,2022-12-09 00:00:00,2022-12-22 00:00:00,2022-12-23 00:00:00,2022-12-28 00:00:00,2022-12-30 00:00:00,2023-01-03 00:00:00,2023-01-04 00:00:00,2023-01-05 00:00:00,41.57,2023-01-06 00:00:00,,,,,2022-12-28 00:00:00,37.94,39.09,43.55,43.59,42.34,2429629740.0,0.018579,0.122133
601318SS_2023-01-09T000000_SELL_COUNTDOWN_PROGRESS_-1_2023-01-09T000000_1,2023-01-09 00:00:00,601318.SS,1d,COUNTDOWN,SELL_COUNTDOWN_PROGRESS,-1,1,,,SELL_SETUP,True,2022-12-27 00:00:00,2023-01-09 00:00:00,43.59,37.67,2023-01-09 00:00:00,2023-01-09 00:00:00,,,,,,,,,,,,,,2023-01-09 00:00:00,42.34,43.59,43.55,43.59,42.34,2429629740.0,0.018579,0.122133
600519SS_2023-01-10T000000_SELL_COUNTDOWN_COMPLETE_PERFECT_-1_2022-12-09T000000_13,2023-01-10 00:00:00,600519.SS,1d,COUNTDOWN,SELL_COUNTDOWN_COMPLETE_PERFECT,-1,13,True,,SELL_SETUP,True,2022-11-29 00:00:00,2022-12-09 00:00:00,1556.76,1377.76,2022-12-09 00:00:00,2022-12-09 00:00:00,2022-12-12 00:00:00,2022-12-13 00:00:00,2022-12-14 00:00:00,2022-12-15 00:00:00,2022-12-16 00:00:00,2022-12-22 00:00:00,2022-12-23 00:00:00,1597.76,2023-01-03 00:00:00,2023-01-05 00:00:00,2023-01-06 00:00:00,2023-01-09 00:00:00,2023-01-10 00:00:00,2022-12-09 00:00:00,1508.76,1556.76,1703.12,1713.17,1679.17,4675393645.0,0.016766,0.080139
000858SZ_2023-01-10T000000_SELL_COUNTDOWN_PROGRESS_-1_2022-12-09T000000_9,2023-01-10 00:00:00,000858.SZ,1d,COUNTDOWN,SELL_COUNTDOWN_PROGRESS,-1,9,,,SELL_SETUP,True,2022-11-29 00:00:00,2022-12-09 00:00:00,166.7,133.13,2022-12-09 00:00:00,2022-12-09 00:00:00,2022-12-12 00:00:00,2022-12-14 00:00:00,2022-12-15 00:00:00,2022-12-23 00:00:00,2023-01-05 00:00:00,2023-01-06 00:00:00,2023-01-09 00:00:00,179.11,2023-01-10 00:00:00,,,,,2022-12-09 00:00:00,157.35,166.7,178.47,179.94,177.84,3842918850.0,0.022926,0.096927
000651SZ_2023-01-11T000000_SELL_COUNTDOWN_PROGRESS_-1_2022-12-07T000000_8,2023-01-11 00:00:00,000651.SZ,1d,COUNTDOWN,SELL_COUNTDOWN_PROGRESS,-1,8,,,SELL_SETUP,True,2022-11-25 00:00:00,2022-12-07 00:00:00,25.04,22.55,2022-12-07 00:00:00,2022-12-07 00:00:00,2022-12-09 00:00:00,2022-12-22 00:00:00,2022-12-23 00:00:00,2023-01-04 00:00:00,2023-01-05 00:00:00,2023-01-06 00:00:00,2023-01-11 00:00:00,26.12,,,,,,2023-01-04 00:00:00,24.13,25.03,26.12,26.19,25.62,915227799.0,0.016083,0.041052
601318SS_2023-01-12T000000_SELL_COUNTDOWN_PROGRESS_-1_2023-01-09T000000_2,2023-01-12 00:00:00,601318.SS,1d,COUNTDOWN,SELL_COUNTDOWN_PROGRESS,-1,2,,,SELL_SETUP,True,2022-12-27 00:00:00,2023-01-09 00:00:00,43.59,37.67,2023-01-09 00:00:00,2023-01-09 00:00:00,2023-01-12 00:00:00,,,,,,,,,,,,,2023-01-09 00:00:00,42.34,43.59,43.55,43.75,43.07,2702332170.0,0.021878,0.114666
600036SS_2023-01-12T000000_SELL_COUNTDOWN_PROGRESS_-1_2023-01-06T000000_1,2023-01-12 00:00:00,600036.SS,1d,COUNTDOWN,SELL_COUNTDOWN_PROGRESS,-1,1,,,SELL_SETUP,True,2022-12-26 00:00:00,2023-01-06 00:00:00,32.55,29.17,2023-01-06 00:00:00,2023-01-12 00:00:00,,,,,,,,,,,,,,2023-01-12 00:00:00,32.01,32.43,32.33,32.43,32.01,1893538661.0,0.016726,0.091861
000858SZ_2023-01-13T000000_SELL_COUNTDOWN_PROGRESS_-1_2022-12-09T000000_10,2023-01-13 00:00:00,000858.SZ,1d,COUNTDOWN,SELL_COUNTDOWN_PROGRESS,-1,10,,,SELL_SETUP,True,2022-11-29 00:00:00,2022-12-09 00:00:00,166.7,133.13,2022-12-09 00:00:00,2022-12-09 00:00:00,2022-12-12 00:00:00,2022-12-14 00:00:00,2022-12-15 00:00:00,2022-12-23 00:00:00,2023-01-05 00:00:00,2023-01-06 00:00:00,2023-01-09 00:00:00,179.11,2023-01-10 00:00:00,2023-01-13 00:00:00,,,,2022-12-09 00:00:00,157.35,166.7,181.81,182.64,176.57,3766327845.0,0.022869,0.096893
601318SS_2023-01-13T000000_SELL_COUNTDOWN_PROGRESS_-1_2023-01-09T000000_3,2023-01-13 00:00:00,601318.SS,1d,COUNTDOWN,SELL_COUNTDOWN_PROGRESS,-1,3,,,SELL_SETUP,True,2022-12-27 00:00:00,2023-01-09 00:00:00,43.59,37.67,2023-01-09 00:00:00,2023-01-09 00:00:00,2023-01-12 00:00:00,2023-01-13 00:00:00,,,,,,,,,,,,2023-01-09 00:00:00,42.34,43.59,44.99,44.99,43.69,2841133540.0,0.022675,0.137835
600036SS_2023-01-13T000000_SELL_COUNTDOWN_PROGRESS_-1_2023-01-06T000000_2,2023-01-13 00:00:00,600036.SS,1d,COUNTDOWN,SELL_COUNTDOWN_PROGRESS,-1,2,,,SELL_SETUP,True,2022-12-26 00:00:00,2023-01-06 00:00:00,32.55,29.17,2023-01-06 00:00:00,2023-01-12 00:00:00,2023-01-13 00:00:00,,,,,,,,,,,,,2023-01-12 00:00:00,32.01,32.43,32.94,32.94,32.25,1911310046.0,0.016344,0.084623
000858SZ_2023-01-16T000000_SELL_COUNTDOWN_PROGRESS_-1_2022-12-09T000000_11,2023-01-16 00:00:00,000858.SZ,1d,COUNTDOWN,SELL_COUNTDOWN_PROGRESS,-1,11,,,SELL_SETUP,True,2022-11-29 00:00:00,2022-12-09 00:00:00,166.7,133.13,2022-12-09 00:00:00,2022-12-09 00:00:00,2022-12-12 00:00:00,2022-12-14 00:00:00,2022-12-15 00:00:00,2022-12-23 00:00:00,2023-01-05 00:00:00,2023-01-06 00:00:00,2023-01-09 00:00:00,179.11,2023-01-10 00:00:00,2023-01-13 00:00:00,2023-01-16 00:00:00,,,2022-12-09 00:00:00,157.35,166.7,189.75,192.5,183.23,3972108280.0,0.02385,0.162898
601318SS_2023-01-16T000000_SELL_COUNTDOWN_PROGRESS_-1_2023-01-09T000000_4,2023-01-16 00:00:00,601318.SS,1d,COUNTDOWN,SELL_COUNTDOWN_PROGRESS,-1,4,,,SELL_SETUP,True,2022-12-27 00:00:00,2023-01-09 00:00:00,43.59,37.67,2023-01-09 00:00:00,2023-01-09 00:00:00,2023-01-12 00:00:00,2023-01-13 00:00:00,2023-01-16 00:00:00,,,,,,,,,,,2023-01-09 00:00:00,42.34,43.59,44.73,46.12,44.13,3065502765.0,0.021319,0.16454
600036SS_2023-01-16T000000_SELL_COUNTDOWN_PROGRESS_-1_2023-01-06T000000_3,2023-01-16 00:00:00,600036.SS,1d,COUNTDOWN,SELL_COUNTDOWN_PROGRESS,-1,3,,,SELL_SETUP,True,2022-12-26 00:00:00,2023-01-06 00:00:00,32.55,29.17,2023-01-06 00:00:00,2023-01-12 00:00:00,2023-01-13 00:00:00,2023-01-16 00:00:00,,,,,,,,,,,,2023-01-12 00:00:00,32.01,32.43,33.75,34.42,33.08,1977642686.0,0.015914,0.133311
000651SZ_2023-01-16T000000_SELL_SETUP_PERFECT_-1_2023-01-16T000000_9,2023-01-16 00:00:00,000651.SZ,1d,SETUP,SELL_SETUP_PERFECT,-1,9,True,,SELL_SETUP,True,2023-01-04 00:00:00,2023-01-16 00:00:00,,,,,,,,,,,,,,,,,,,,,,,,951488933.5,0.017198,0.108527
000651SZ_2023-01-16T000000_SELL_COUNTDOWN_CANCEL_-1_2022-12-07T000000_8,2023-01-16 00:00:00,000651.SZ,1d,COUNTDOWN,SELL_COUNTDOWN_CANCEL,-1,8,,same_setup,SELL_SETUP,True,2022-11-25 00:00:00,2022-12-07 00:00:00,25.04,22.55,2022-12-07 00:00:00,2022-12-07 00:00:00,2022-12-09 00:00:00,2022-12-22 00:00:00,2022-12-23 00:00:00,2023-01-04 00:00:00,2023-01-05 00:00:00,2023-01-06 00:00:00,2023-01-11 00:00:00,26.12,,,,,,2023-01-04 00:00:00,24.13,25.03,27.17,27.69,26.21,951488933.5,0.017198,0.108527
000651SZ_2023-01-16T000000_SELL_COUNTDOWN_PROGRESS_-1_2023-01-16T000000_1,2023-01-16 00:00:00,000651.SZ,1d,COUNTDOWN,SELL_COUNTDOWN_PROGRESS,-1,1,,,SELL_SETUP,True,2023-01-04 00:00:00,2023-01-16 00:00:00,27.69,24.13,2023-01-16 00:00:00,2023-01-16 00:00:00,,,,,,,,,,,,,,2023-01-16 00:00:00,26.21,27.69,27.17,27.69,26.21,951488933.5,0.017198,0.108527
600519SS_2023-01-17T000000_SELL_SETUP_PERFECT_-1_2023-01-17T000000_9,2023-01-17 00:00:00,600519.SS,1d,SETUP,SELL_SETUP_PERFECT,-1,9,True,,SELL_SETUP,True,2023-01-05 00:00:00,2023-01-17 00:00:00,,,,,,,,,,,,,,,,,,,,,,,,4662396975.0,0.015173,0.139393
600519SS_2023-01-17T000000_SELL_COUNTDOWN_PROGRESS_-1_2023-01-17T000000_1,2023-01-17 00:00:00,600519.SS,1d,COUNTDOWN,SELL_COUNTDOWN_PROGRESS,-1,1,,,SELL_SETUP,True,2023-01-05 00:00:00,2023-01-17 00:00:00,1783.67,1581.67,2023-01-17 00:00:00,2023-01-17 00:00:00,,,,,,,,,,,,,,2023-01-17 00:00:00,1743.67,1771.67,1756.67,1771.67,1743.67,4662396975.0,0.015173,0.139393
000858SZ_2023-01-17T000000_SELL_SETUP_PERFECT_-1_2023-01-17T000000_9,2023-01-17 00:00:00,000858.SZ,1d,SETUP,SELL_SETUP_PERFECT,-1,9,True,,SELL_SETUP,True,2023-01-05 00:00:00,2023-01-17 00:00:00,,,,,,,,,,,,,,,,,,,,,,,,4015619765.0,0.021312,0.194953
000858SZ_2023-01-17T000000_SELL_COUNTDOWN_CANCEL_-1_2022-12-09T000000_11,2023-01-17 00:00:00,000858.SZ,1d,COUNTDOWN,SELL_COUNTDOWN_CANCEL,-1,11,,same_setup,SELL_SETUP,True,2022-11-29 00:00:00,2022-12-09 00:00:00,166.7,133.13,2022-12-09 00:00:00,2022-12-09 00:00:00,2022-12-12 00:00:00,2022-12-14 00:00:00,2022-12-15 00:00:00,2022-12-23 00:00:00,2023-01-05 00:00:00,2023-01-06 00:00:00,2023-01-09 00:00:00,179.11,2023-01-10 00:00:00,2023-01-13 00:00:00,2023-01-16 00:00:00,,,2022-12-09 00:00:00,157.35,166.7,186.09,191.01,184.84,4015619765.0,0.021312,0.194953
000858SZ_2023-01-17T000000_SELL_COUNTDOWN_PROGRESS_-1_2023-01-17T000000_1,2023-01-17 00:00:00,000858.SZ,1d,COUNTDOWN,SELL_COUNTDOWN_PROGRESS,-1,1,,,SELL_SETUP,True,2023-01-05 00:00:00,2023-01-17 00:00:00,192.5,163.63,2023-01-17 00:00:00,2023-01-17 00:00:00,,,,,,,,,,,,,,2023-01-17 00:00:00,184.84,191.01,186.09,191.01,184.84,4015619765.0,0.021312,0.194953
600036SS_2023-01-17T000000_SELL_COUNTDOWN_PROGRESS_-1_2023-01-06T000000_4,2023-01-17 00:00:00,600036.SS,1d,COUNTDOWN,SELL_COUNTDOWN_PROGRESS,-1,4,,,SELL_SETUP,True,2022-12-26 00:00:00,2023-01-06 00:00:00,32.55,29.17,2023-01-06 00:00:00,2023-01-12 00:00:00,2023-01-13 00:00:00,2023-01-16 00:00:00,2023-01-17 00:00:00,,,,,,,,,,,2023-01-12 00:00:00,32.01,32.43,33.96,34.22,33.56,1964538966.0,0.013903,0.171034
000651SZ_2023-01-17T000000_SELL_COUNTDOWN_PROGRESS_-1_2023-01-16T000000_2,2023-01-17 00:00:00,000651.SZ,1d,COUNTDOWN,SELL_COUNTDOWN_PROGRESS,-1,2,,,SELL_SETUP,True,2023-01-04 00:00:00,2023-01-16 00:00:00,27.69,24.13,2023-01-16 00:00:00,2023-01-16 00:00:00,2023-01-17 00:00:00,,,,,,,,,,,,,2023-01-16 00:00:00,26.21,27.69,27.14,27.24,26.83,958633114.5,0.0161,0.131305
601318SS_2023-01-20T000000_SELL_COUNTDOWN_PROGRESS_-1_2023-01-09T000000_5,2023-01-20 00:00:00,601318.SS,1d,COUNTDOWN,SELL_COUNTDOWN_PROGRESS,-1,5,,,SELL_SETUP,True,2022-12-27 00:00:00,2023-01-09 00:00:00,43.59,37.67,2023-01-09 00:00:00,2023-01-09 00:00:00,2023-01-12 00:00:00,2023-01-13 00:00:00,2023-01-16 00:00:00,2023-01-20 00:00:00,,,,,,,,,,2023-01-09 00:00:00,42.34,43.59,44.74,44.88,44.14,3236845170.0,0.020482,0.168757
600036SS_2023-01-20T000000_SELL_COUNTDOWN_PROGRESS_-1_2023-01-06T000000_5,2023-01-20 00:00:00,600036.SS,1d,COUNTDOWN,SELL_COUNTDOWN_PROGRESS,-1,5,,,SELL_SETUP,True,2022-12-26 00:00:00,2023-01-06 00:00:00,32.55,29.17,2023-01-06 00:00:00,2023-01-12 00:00:00,2023-01-13 00:00:00,2023-01-16 00:00:00,2023-01-17 00:00:00,2023-01-20 00:00:00,,,,,,,,,,2023-01-12 00:00:00,32.01,32.43,34.33,34.38,33.96,1953244564.5,0.013962,0.157841
000858SZ_2023-01-30T000000_SELL_COUNTDOWN_PROGRESS_-1_2023-01-17T000000_2,2023-01-30 00:00:00,000858.SZ,1d,COUNTDOWN,SELL_COUNTDOWN_PROGRESS,-1,2,,,SELL_SETUP,True,2023-01-05 00:00:00,2023-01-17 00:00:00,192.5,163.63,2023-01-17 00:00:00,2023-01-17 00:00:00,2023-01-30 00:00:00,,,,,,,,,,,,,2023-01-17 00:00:00,184.84,191.01,200.83,203.11,197.51,4288972545.0,0.022043,0.24107
600036SS_2023-01-30T000000_SELL_SETUP_PERFECT_-1_2023-01-30T000000_9,2023-01-30 00:00:00,600036.SS,1d,SETUP,SELL_SETUP_PERFECT,-1,9,True,,SELL_SETUP,True,2023-01-11 00:00:00,2023-01-30 00:00:00,,,,,,,,,,,,,,,,,,,,,,,,2105812275.5,0.013673,0.208005
600036SS_2023-01-30T000000_SELL_COUNTDOWN_CANCEL_-1_2023-01-06T000000_5,2023-01-30 00:00:00,600036.SS,1d,COUNTDOWN,SELL_COUNTDOWN_CANCEL,-1,5,,same_setup,SELL_SETUP,True,2022-12-26 00:00:00,2023-01-06 00:00:00,32.55,29.17,2023-01-06 00:00:00,2023-01-12 00:00:00,2023-01-13 00:00:00,2023-01-16 00:00:00,2023-01-17 00:00:00,2023-01-20 00:00:00,,,,,,,,,,2023-01-12 00:00:00,32.01,32.43,35.31,35.91,35.13,2105812275.5,0.013673,0.208005
600036SS_2023-01-30T000000_SELL_COUNTDOWN_PROGRESS_-1_2023-01-30T000000_1,2023-01-30 00:00:00,600036.SS,1d,COUNTDOWN,SELL_COUNTDOWN_PROGRESS,-1,1,,,SELL_SETUP,True,2023-01-11 00:00:00,2023-01-30 00:00:00,35.91,31.42,2023-01-30 00:00:00,2023-01-30 00:00:00,,,,,,,,,,,,,,2023-01-30 00:00:00,35.13,35.91,35.31,35.91,35.13,2105812275.5,0.013673,0.208005
600036SS_2023-01-31T000000_SELL_COUNTDOWN_PROGRESS_-1_2023-01-30T000000_2,2023-01-31 00:00:00,600036.SS,1d,COUNTDOWN,SELL_COUNTDOWN_PROGRESS,-1,2,,,SELL_SETUP,True,2023-01-11 00:00:00,2023-01-30 00:00:00,35.91,31.42,2023-01-30 00:00:00,2023-01-30 00:00:00,2023-01-31 00:00:00,,,,,,,,,,,,,2023-01-31 00:00:00,34.49,35.63,34.49,35.63,34.49,2174210596.0,0.015096,0.151586
600519SS_2023-02-07T000000_BUY_SETUP_PERFECT_1_2023-02-07T000000_9,2023-02-07 00:00:00,600519.SS,1d,SETUP,BUY_SETUP_PERFECT,1,9,True,,BUY_SETUP,True,2023-01-19 00:00:00,2023-02-07 00:00:00,,,,,,,,,,,,,,,,,,,,,,,,5352379815.0,0.017082,0.045746
600519SS_2023-02-07T000000_SELL_COUNTDOWN_CANCEL_-1_2023-01-17T000000_1,2023-02-07 00:00:00,600519.SS,1d,COUNTDOWN,SELL_COUNTDOWN_CANCEL,-1,1,,opposite_setup,SELL_SETUP,True,2023-01-05 00:00:00,2023-01-17 00:00:00,1783.67,1581.67,2023-01-17 00:00:00,2023-01-17 00:00:00,,,,,,,,,,,,,,2023-01-17 00:00:00,1743.67,1771.67,1645.67,1657.47,1636.4,5352379815.0,0.017082,0.045746
000651SZ_2023-02-08T000000_BUY_SETUP_1_2023-02-08T000000_9,2023-02-08 00:00:00,000651.SZ,1d,SETUP,BUY_SETUP,1,9,False,,BUY_SETUP,False,2023-01-20 00:00:00,2023-02-08 00:00:00,,,,,,,,,,,,,,,,,,,,,,,,1021214595.0,0.014807,0.003476
000651SZ_2023-02-08T000000_SELL_COUNTDOWN_CANCEL_-1_2023-01-16T000000_2,2023-02-08 00:00:00,000651.SZ,1d,COUNTDOWN,SELL_COUNTDOWN_CANCEL,-1,2,,opposite_setup,SELL_SETUP,True,2023-01-04 00:00:00,2023-01-16 00:00:00,27.69,24.13,2023-01-16 00:00:00,2023-01-16 00:00:00,2023-01-17 00:00:00,,,,,,,,,,,,,2023-01-16 00:00:00,26.21,27.69,25.98,26.53,25.84,1021214595.0,0.014807,0.003476
000858SZ_2023-02-09T000000_SELL_COUNTDOWN_PROGRESS_-1_2023-01-17T000000_3,2023-02-09 00:00:00,000858.SZ,1d,COUNTDOWN,SELL_COUNTDOWN_PROGRESS,-1,3,,,SELL_SETUP,True,2023-01-05 00:00:00,2023-01-17 00:00:00,192.5,163.63,2023-01-17 00:00:00,2023-01-17 00:00:00,2023-01-30 00:00:00,2023-02-09 00:00:00,,,,,,,,,,,,2023-02-09 00:00:00,182.78,190.97,190.61,190.97,182.78,4786143170.0,0.025858,0.097415
601318SS_2023-02-09T000000_BUY_SETUP_1_2023-02-09T000000_9,2023-02-09 00:00:00,601318.SS,1d,SETUP,BUY_SETUP,1,9,False,,BUY_SETUP,False,2023-01-30 00:00:00,2023-02-09 00:00:00,,,,,,,,,,,,,,,,,,,,,,,,3594929485.0,0.020577,-0.00991
601318SS_2023-02-09T000000_SELL_COUNTDOWN_CANCEL_-1_2023-01-09T000000_5,2023-02-09 00:00:00,601318.SS,1d,COUNTDOWN,SELL_COUNTDOWN_CANCEL,-1,5,,opposite_setup,SELL_SETUP,True,2022-12-27 00:00:00,2023-01-09 00:00:00,43.59,37.67,2023-01-09 00:00:00,2023-01-09 00:00:00,2023-01-12 00:00:00,2023-01-13 00:00:00,2023-01-16 00:00:00,2023-01-20 00:00:00,,,,,,,,,,2023-01-09 00:00:00,42.34,43.59,41.96,42.19,41.03,3594929485.0,0.020577,-0.00991
000858SZ_2023-02-10T000000_SELL_COUNTDOWN_PROGRESS_-1_2023-01-17T000000_4,2023-02-10 00:00:00,000858.SZ,1d,COUNTDOWN,SELL_COUNTDOWN_PROGRESS,-1,4,,,SELL_SETUP,True,2023-01-05 00:00:00,2023-01-17 00:00:00,192.5,163.63,2023-01-17 00:00:00,2023-01-17 00:00:00,2023-01-30 00:00:00,2023-02-09 00:00:00,2023-02-10 00:00:00,,,,,,,,,,,2023-02-09 00:00:00,182.78,190.97,187.93,190.71,186.35,4708358400.0,0.025438,0.049243
000858SZ_2023-02-13T000000_SELL_COUNTDOWN_PROGRESS_-1_2023-01-17T000000_5,2023-02-13 00:00:00,000858.SZ,1d,COUNTDOWN,SELL_COUNTDOWN_PROGRESS,-1,5,,,SELL_SETUP,True,2023-01-05 00:00:00,2023-01-17 00:00:00,192.5,163.63,2023-01-17 00:00:00,2023-01-17 00:00:00,2023-01-30 00:00:00,2023-02-09 00:00:00,2023-02-10 00:00:00,2023-02-13 00:00:00,,,,,,,,,,2023-02-09 00:00:00,182.78,190.97,195.63,198.13,186.22,4745725545.0,0.026756,0.096151
600036SS_2023-02-13T000000_BUY_SETUP_PERFECT_1_2023-02-13T000000_9,2023-02-13 00:00:00,600036.SS,1d,SETUP,BUY_SETUP_PERFECT,1,9,True,,BUY_SETUP,True,2023-02-01 00:00:00,2023-02-13 00:00:00,,,,,,,,,,,,,,,,,,,,,,,,2280125279.5,0.016766,-0.016809
600036SS_2023-02-13T000000_SELL_COUNTDOWN_CANCEL_-1_2023-01-30T000000_2,2023-02-13 00:00:00,600036.SS,1d,COUNTDOWN,SELL_COUNTDOWN_CANCEL,-1,2,,opposite_setup,SELL_SETUP,True,2023-01-11 00:00:00,2023-01-30 00:00:00,35.91,31.42,2023-01-30 00:00:00,2023-01-30 00:00:00,2023-01-31 00:00:00,,,,,,,,,,,,,2023-01-31 00:00:00,34.49,35.63,31.0,31.26,30.35,2280125279.5,0.016766,-0.016809
600036SS_2023-02-13T000000_BUY_COUNTDOWN_PROGRESS_1_2023-02-13T000000_1,2023-02-13 00:00:00,600036.SS,1d,COUNTDOWN,BUY_COUNTDOWN_PROGRESS,1,1,,,BUY_SETUP,True,2023-02-01 00:00:00,2023-02-13 00:00:00,34.97,34.97,2023-02-13 00:00:00,2023-02-13 00:00:00,,,,,,,,,,,,,,2023-02-13 00:00:00,30.35,31.26,31.0,31.26,30.35,2280125279.5,0.016766,-0.016809
000858SZ_2023-02-14T000000_SELL_COUNTDOWN_PROGRESS_-1_2023-01-17T000000_6,2023-02-14 00:00:00,000858.SZ,1d,COUNTDOWN,SELL_COUNTDOWN_PROGRESS,-1,6,,,SELL_SETUP,True,2023-01-05 00:00:00,2023-01-17 00:00:00,192.5,163.63,2023-01-17 00:00:00,2023-01-17 00:00:00,2023-01-30 00:00:00,2023-02-09 00:00:00,2023-02-10 00:00:00,2023-02-13 00:00:00,2023-02-14 00:00:00,,,,,,,,,2023-02-09 00:00:00,182.78,190.97,192.47,196.98,191.83,4741791710.0,0.027066,0.085378
600036SS_2023-02-16T000000_BUY_COUNTDOWN_PROGRESS_1_2023-02-13T000000_2,2023-02-16 00:00:00,600036.SS,1d,COUNTDOWN,BUY_COUNTDOWN_PROGRESS,1,2,,,BUY_SETUP,True,2023-02-01 00:00:00,2023-02-13 00:00:00,34.97,34.97,2023-02-13 00:00:00,2023-02-13 00:00:00,2023-02-16 00:00:00,,,,,,,,,,,,,2023-02-16 00:00:00,30.3,31.13,30.55,31.13,30.3,2369746388.0,0.016298,-0.072556
000651SZ_2023-02-16T000000_BUY_COUNTDOWN_PROGRESS_1_2023-02-08T000000_1,2023-02-16 00:00:00,000651.SZ,1d,COUNTDOWN,BUY_COUNTDOWN_PROGRESS,1,1,,,BUY_SETUP,False,2023-01-20 00:00:00,2023-02-08 00:00:00,27.44,27.44,2023-02-08 00:00:00,2023-02-16 00:00:00,,,,,,,,,,,,,,2023-02-16 00:00:00,25.62,26.48,25.84,26.48,25.62,945200401.0,0.015239,-0.011477
600519SS_2023-02-17T000000_BUY_COUNTDOWN_PROGRESS_1_2023-02-07T000000_1,2023-02-17 00:00:00,600519.SS,1d,COUNTDOWN,BUY_COUNTDOWN_PROGRESS,1,1,,,BUY_SETUP,True,2023-01-19 00:00:00,2023-02-07 00:00:00,1757.67,1757.67,2023-02-07 00:00:00,2023-02-17 00:00:00,,,,,,,,,,,,,,2023-02-17 00:00:00,1668.72,1721.67,1669.45,1721.67,1668.72,5200163685.0,0.013394,-0.052294
600036SS_2023-02-17T000000_BUY_COUNTDOWN_PROGRESS_1_2023-02-13T000000_3,2023-02-17 00:00:00,600036.SS,1d,COUNTDOWN,BUY_COUNTDOWN_PROGRESS,1,3,,,BUY_SETUP,True,2023-02-01 00:00:00,2023-02-13 00:00:00,34.97,34.97,2023-02-13 00:00:00,2023-02-13 00:00:00,2023-02-16 00:00:00,2023-02-17 00:00:00,,,,,,,,,,,,2023-02-17 00:00:00,29.96,30.66,29.99,30.66,29.96,2385005928.0,0.015136,-0.111407
000651SZ_2023-02-17T000000_BUY_COUNTDOWN_PROGRESS_1_2023-02-08T000000_2,2023-02-17 00:00:00,000651.SZ,1d,COUNTDOWN,BUY_COUNTDOWN_PROGRESS,1,2,,,BUY_SETUP,False,2023-01-20 00:00:00,2023-02-08 00:00:00,27.44,27.44,2023-02-08 00:00:00,2023-02-16 00:00:00,2023-02-17 00:00:00,,,,,,,,,,,,,2023-02-16 00:00:00,25.62,26.48,25.66,26.04,25.64,933594036.0,0.012029,-0.055576
000651SZ_2023-02-21T000000_BUY_COUNTDOWN_CANCEL_1_2023-02-08T000000_2,2023-02-21 00:00:00,000651.SZ,1d,COUNTDOWN,BUY_COUNTDOWN_CANCEL,1,2,,tdst_break_rule_4,BUY_SETUP,False,2023-01-20 00:00:00,2023-02-08 00:00:00,27.44,27.44,2023-02-08 00:00:00,2023-02-16 00:00:00,2023-02-17 00:00:00,,,,,,,,,,,,,2023-02-16 00:00:00,25.62,26.48,27.83,27.98,27.02,997665369.5,0.018116,0.034572
600519SS_2023-02-23T000000_BUY_COUNTDOWN_PROGRESS_1_2023-02-07T000000_2,2023-02-23 00:00:00,600519.SS,1d,COUNTDOWN,BUY_COUNTDOWN_PROGRESS,1,2,,,BUY_SETUP,True,2023-01-19 00:00:00,2023-02-07 00:00:00,1757.67,1757.67,2023-02-07 00:00:00,2023-02-17 00:00:00,2023-02-23 00:00:00,,,,,,,,,,,,,2023-02-23 00:00:00,1653.92,1697.47,1666.67,1697.47,1653.92,5072987535.0,0.015844,-0.024586
601318SS_2023-02-23T000000_BUY_COUNTDOWN_PROGRESS_1_2023-02-09T000000_1,2023-02-23 00:00:00,601318.SS,1d,COUNTDOWN,BUY_COUNTDOWN_PROGRESS,1,1,,,BUY_SETUP,False,2023-01-30 00:00:00,2023-02-09 00:00:00,46.24,46.24,2023-02-09 00:00:00,2023-02-23 00:00:00,,,,,,,,,,,,,,2023-02-23 00:00:00,41.45,42.34,41.62,42.34,41.45,2713517110.0,0.016185,-0.069736
600519SS_2023-02-24T000000_BUY_COUNTDOWN_PROGRESS_1_2023-02-07T000000_3,2023-02-24 00:00:00,600519.SS,1d,COUNTDOWN,BUY_COUNTDOWN_PROGRESS,1,3,,,BUY_SETUP,True,2023-01-19 00:00:00,2023-02-07 00:00:00,1757.67,1757.67,2023-02-07 00:00:00,2023-02-17 00:00:00,2023-02-23 00:00:00,2023-02-24 00:00:00,,,,,,,,,,,,2023-02-24 00:00:00,1630.85,1658.86,1636.67,1658.86,1630.85,5053400805.0,0.015697,-0.057581
601318SS_2023-02-24T000000_BUY_COUNTDOWN_PROGRESS_1_2023-02-09T000000_2,2023-02-24 00:00:00,601318.SS,1d,COUNTDOWN,BUY_COUNTDOWN_PROGRESS,1,2,,,BUY_SETUP,False,2023-01-30 00:00:00,2023-02-09 00:00:00,46.24,46.24,2023-02-09 00:00:00,2023-02-23 00:00:00,2023-02-24 00:00:00,,,,,,,,,,,,,2023-02-24 00:00:00,40.75,41.65,40.84,41.65,40.75,2692359460.0,0.016383,-0.074343
600036SS_2023-02-24T000000_BUY_COUNTDOWN_PROGRESS_1_2023-02-13T000000_4,2023-02-24 00:00:00,600036.SS,1d,COUNTDOWN,BUY_COUNTDOWN_PROGRESS,1,4,,,BUY_SETUP,True,2023-02-01 00:00:00,2023-02-13 00:00:00,34.97,34.97,2023-02-13 00:00:00,2023-02-13 00:00:00,2023-02-16 00:00:00,2023-02-17 00:00:00,2023-02-24 00:00:00,,,,,,,,,,,2023-02-17 00:00:00,29.96,30.66,30.74,31.53,30.68,2430904088.5,0.019839,-0.129425
601318SS_2023-02-27T000000_BUY_COUNTDOWN_PROGRESS_1_2023-02-09T000000_3,2023-02-27 00:00:00,601318.SS,1d,COUNTDOWN,BUY_COUNTDOWN_PROGRESS,1,3,,,BUY_SETUP,False,2023-01-30 00:00:00,2023-02-09 00:00:00,46.24,46.24,2023-02-09 00:00:00,2023-02-23 00:00:00,2023-02-24 00:00:00,2023-02-27 00:00:00,,,,,,,,,,,,2023-02-27 00:00:00,40.42,41.03,40.44,41.03,40.42,2579797305.0,0.01635,-0.072902
600036SS_2023-02-27T000000_BUY_COUNTDOWN_PROGRESS_1_2023-02-13T000000_5,2023-02-27 00:00:00,600036.SS,1d,COUNTDOWN,BUY_COUNTDOWN_PROGRESS,1,5,,,BUY_SETUP,True,2023-02-01 00:00:00,2023-02-13 00:00:00,34.97,34.97,2023-02-13 00:00:00,2023-02-13 00:00:00,2023-02-16 00:00:00,2023-02-17 00:00:00,2023-02-24 00:00:00,2023-02-27 00:00:00,,,,,,,,,,2023-02-17 00:00:00,29.96,30.66,30.44,30.86,30.37,2301831413.5,0.019487,-0.117425
600036SS_2023-02-28T000000_BUY_COUNTDOWN_PROGRESS_1_2023-02-13T000000_6,2023-02-28 00:00:00,600036.SS,1d,COUNTDOWN,BUY_COUNTDOWN_PROGRESS,1,6,,,BUY_SETUP,True,2023-02-01 00:00:00,2023-02-13 00:00:00,34.97,34.97,2023-02-13 00:00:00,2023-02-13 00:00:00,2023-02-16 00:00:00,2023-02-17 00:00:00,2023-02-24 00:00:00,2023-02-27 00:00:00,2023-02-28 00:00:00,,,,,,,,,2023-02-17 00:00:00,29.96,30.66,30.59,30.76,30.13,2238238328.5,0.019387,-0.095506
000858SZ_2023-03-01T000000_SELL_COUNTDOWN_PROGRESS_-1_2023-01-17T000000_7,2023-03-01 00:00:00,000858.SZ,1d,COUNTDOWN,SELL_COUNTDOWN_PROGRESS,-1,7,,,SELL_SETUP,True,2023-01-05 00:00:00,2023-01-17 00:00:00,192.5,163.63,2023-01-17 00:00:00,2023-01-17 00:00:00,2023-01-30 00:00:00,2023-02-09 00:00:00,2023-02-10 00:00:00,2023-02-13 00:00:00,2023-02-14 00:00:00,2023-03-01 00:00:00,,,,,,,,2023-02-09 00:00:00,182.78,190.97,190.61,192.08,186.13,3865328590.0,0.02171,-0.026208
000651SZ_2023-03-02T000000_SELL_SETUP_PERFECT_-1_2023-03-02T000000_9,2023-03-02 00:00:00,000651.SZ,1d,SETUP,SELL_SETUP_PERFECT,-1,9,True,,SELL_SETUP,True,2023-02-20 00:00:00,2023-03-02 00:00:00,,,,,,,,,,,,,,,,,,,,,,,,1246122534.5,0.020534,0.10989
000651SZ_2023-03-02T000000_SELL_COUNTDOWN_PROGRESS_-1_2023-03-02T000000_1,2023-03-02 00:00:00,000651.SZ,1d,COUNTDOWN,SELL_COUNTDOWN_PROGRESS,-1,1,,,SELL_SETUP,True,2023-02-20 00:00:00,2023-03-02 00:00:00,29.58,25.66,2023-03-02 00:00:00,2023-03-02 00:00:00,,,,,,,,,,,,,,2023-03-02 00:00:00,28.8,29.58,29.29,29.58,28.8,1246122534.5,0.020534,0.10989
000651SZ_2023-03-03T000000_SELL_COUNTDOWN_PROGRESS_-1_2023-03-02T000000_2,2023-03-03 00:00:00,000651.SZ,1d,COUNTDOWN,SELL_COUNTDOWN_PROGRESS,-1,2,,,SELL_SETUP,True,2023-02-20 00:00:00,2023-03-02 00:00:00,29.58,25.66,2023-03-02 00:00:00,2023-03-02 00:00:00,2023-03-03 00:00:00,,,,,,,,,,,,,2023-03-02 00:00:00,28.8,29.58,29.65,30.21,29.48,1291219780.0,0.01847,0.161379
600519SS_2023-03-06T000000_BUY_COUNTDOWN_PROGRESS_1_2023-02-07T000000_4,2023-03-06 00:00:00,600519.SS,1d,COUNTDOWN,BUY_COUNTDOWN_PROGRESS,1,4,,,BUY_SETUP,True,2023-01-19 00:00:00,2023-02-07 00:00:00,1757.67,1757.67,2023-02-07 00:00:00,2023-02-17 00:00:00,2023-02-23 00:00:00,2023-02-24 00:00:00,2023-03-06 00:00:00,,,,,,,,,,,2023-02-24 00:00:00,1630.85,1658.86,1655.81,1667.17,1645.44,4218009905.0,0.015309,0.006162
601318SS_2023-03-06T000000_BUY_COUNTDOWN_PROGRESS_1_2023-02-09T000000_4,2023-03-06 00:00:00,601318.SS,1d,COUNTDOWN,BUY_COUNTDOWN_PROGRESS,1,4,,,BUY_SETUP,False,2023-01-30 00:00:00,2023-02-09 00:00:00,46.24,46.24,2023-02-09 00:00:00,2023-02-23 00:00:00,2023-02-24 00:00:00,2023-02-27 00:00:00,2023-03-06 00:00:00,,,,,,,,,,,2023-02-27 00:00:00,40.42,41.03,41.22,42.81,41.09,2292039170.0,0.018673,-0.002903
600036SS_2023-03-06T000000_BUY_COUNTDOWN_PROGRESS_1_2023-02-13T000000_7,2023-03-06 00:00:00,600036.SS,1d,COUNTDOWN,BUY_COUNTDOWN_PROGRESS,1,7,,,BUY_SETUP,True,2023-02-01 00:00:00,2023-02-13 00:00:00,34.97,34.97,2023-02-13 00:00:00,2023-02-13 00:00:00,2023-02-16 00:00:00,2023-02-17 00:00:00,2023-02-24 00:00:00,2023-02-27 00:00:00,2023-02-28 00:00:00,2023-03-06 00:00:00,,,,,,,,2023-02-17 00:00:00,29.96,30.66,30.28,31.51,30.19,2037134994.0,0.021148,-0.044494
000651SZ_2023-03-06T000000_SELL_COUNTDOWN_PROGRESS_-1_2023-03-02T000000_3,2023-03-06 00:00:00,000651.SZ,1d,COUNTDOWN,SELL_COUNTDOWN_PROGRESS,-1,3,,,SELL_SETUP,True,2023-02-20 00:00:00,2023-03-02 00:00:00,29.58,25.66,2023-03-02 00:00:00,2023-03-02 00:00:00,2023-03-03 00:00:00,2023-03-06 00:00:00,,,,,,,,,,,,2023-03-02 00:00:00,28.8,29.58,29.59,30.03,29.16,1312044291.0,0.018262,0.133282
600519SS_2023-03-07T000000_BUY_COUNTDOWN_PROGRESS_1_2023-02-07T000000_5,2023-03-07 00:00:00,600519.SS,1d,COUNTDOWN,BUY_COUNTDOWN_PROGRESS,1,5,,,BUY_SETUP,True,2023-01-19 00:00:00,2023-02-07 00:00:00,1757.67,1757.67,2023-02-07 00:00:00,2023-02-17 00:00:00,2023-02-23 00:00:00,2023-02-24 00:00:00,2023-03-06 00:00:00,2023-03-07 00:00:00,,,,,,,,,,2023-02-24 00:00:00,1630.85,1658.86,1636.97,1665.27,1636.67,4204391445.0,0.015428,0.002634
601318SS_2023-03-07T000000_BUY_COUNTDOWN_PROGRESS_1_2023-02-09T000000_5,2023-03-07 00:00:00,601318.SS,1d,COUNTDOWN,BUY_COUNTDOWN_PROGRESS,1,5,,,BUY_SETUP,False,2023-01-30 00:00:00,2023-02-09 00:00:00,46.24,46.24,2023-02-09 00:00:00,2023-02-23 00:00:00,2023-02-24 00:00:00,2023-02-27 00:00:00,2023-03-06 00:00:00,2023-03-07 00:00:00,,,,,,,,,,2023-03-07 00:00:00,40.39,41.84,40.55,41.84,40.39,2326231160.0,0.019001,-0.014341
600036SS_2023-03-07T000000_BUY_COUNTDOWN_PROGRESS_1_2023-02-13T000000_8,2023-03-07 00:00:00,600036.SS,1d,COUNTDOWN,BUY_COUNTDOWN_PROGRESS,1,8,,,BUY_SETUP,True,2023-02-01 00:00:00,2023-02-13 00:00:00,34.97,34.97,2023-02-13 00:00:00,2023-02-13 00:00:00,2023-02-16 00:00:00,2023-02-17 00:00:00,2023-02-24 00:00:00,2023-02-27 00:00:00,2023-02-28 00:00:00,2023-03-06 00:00:00,2023-03-07 00:00:00,29.84,,,,,,2023-03-07 00:00:00,29.69,30.76,29.84,30.76,29.69,2091050124.0,0.021291,-0.060749
600519SS_2023-03-08T000000_BUY_COUNTDOWN_PROGRESS_1_2023-02-07T000000_6,2023-03-08 00:00:00,600519.SS,1d,COUNTDOWN,BUY_COUNTDOWN_PROGRESS,1,6,,,BUY_SETUP,True,2023-01-19 00:00:00,2023-02-07 00:00:00,1757.67,1757.67,2023-02-07 00:00:00,2023-02-17 00:00:00,2023-02-23 00:00:00,2023-02-24 00:00:00,2023-03-06 00:00:00,2023-03-07 00:00:00,2023-03-08 00:00:00,,,,,,,,,2023-03-08 00:00:00,1609.79,1634.61,1619.09,1634.61,1609.79,4257152065.0,0.014816,-0.028548
601318SS_2023-03-08T000000_BUY_COUNTDOWN_PROGRESS_1_2023-02-09T000000_6,2023-03-08 00:00:00,601318.SS,1d,COUNTDOWN,BUY_COUNTDOWN_PROGRESS,1,6,,,BUY_SETUP,False,2023-01-30 00:00:00,2023-02-09 00:00:00,46.24,46.24,2023-02-09 00:00:00,2023-02-23 00:00:00,2023-02-24 00:00:00,2023-02-27 00:00:00,2023-03-06 00:00:00,2023-03-07 00:00:00,2023-03-08 00:00:00,,,,,,,,,2023-03-08 00:00:00,39.63,40.25,39.87,40.25,39.63,2366134605.0,0.01868,-0.049809
600036SS_2023-03-08T000000_BUY_COUNTDOWN_PROGRESS_1_2023-02-13T000000_9,2023-03-08 00:00:00,600036.SS,1d,COUNTDOWN,BUY_COUNTDOWN_PROGRESS,1,9,,,BUY_SETUP,True,2023-02-01 00:00:00,2023-02-13 00:00:00,34.97,34.97,2023-02-13 00:00:00,2023-02-13 00:00:00,2023-02-16 00:00:00,2023-02-17 00:00:00,2023-02-24 00:00:00,2023-02-27 00:00:00,2023-02-28 00:00:00,2023-03-06 00:00:00,2023-03-07 00:00:00,29.84,2023-03-08 00:00:00,,,,,2023-03-08 00:00:00,29.08,29.6,29.28,29.6,29.08,2140759265.5,0.021559,-0.078376
600519SS_2023-03-09T000000_BUY_COUNTDOWN_PROGRESS_1_2023-02-07T000000_7,2023-03-09 00:00:00,600519.SS,1d,COUNTDOWN,BUY_COUNTDOWN_PROGRESS,1,7,,,BUY_SETUP,True,2023-01-19 00:00:00,2023-02-07 00:00:00,1757.67,1757.67,2023-02-07 00:00:00,2023-02-17 00:00:00,2023-02-23 00:00:00,2023-02-24 00:00:00,2023-03-06 00:00:00,2023-03-07 00:00:00,2023-03-08 00:00:00,2023-03-09 00:00:00,,,,,,,,2023-03-09 00:00:00,1588.67,1633.67,1618.69,1633.67,1588.67,4231154245.0,0.014797,-0.024104
601318SS_2023-03-09T000000_BUY_COUNTDOWN_PROGRESS_1_2023-02-09T000000_7,2023-03-09 00:00:00,601318.SS,1d,COUNTDOWN,BUY_COUNTDOWN_PROGRESS,1,7,,,BUY_SETUP,False,2023-01-30 00:00:00,2023-02-09 00:00:00,46.24,46.24,2023-02-09 00:00:00,2023-02-23 00:00:00,2023-02-24 00:00:00,2023-02-27 00:00:00,2023-03-06 00:00:00,2023-03-07 00:00:00,2023-03-08 00:00:00,2023-03-09 00:00:00,,,,,,,,2023-03-09 00:00:00,39.11,40.02,39.28,40.02,39.11,2348390020.0,0.018871,-0.063424
600036SS_2023-03-09T000000_BUY_COUNTDOWN_PROGRESS_1_2023-02-13T000000_10,2023-03-09 00:00:00,600036.SS,1d,COUNTDOWN,BUY_COUNTDOWN_PROGRESS,1,10,,,BUY_SETUP,True,2023-02-01 00:00:00,2023-02-13 00:00:00,34.97,34.97,2023-02-13 00:00:00,2023-02-13 00:00:00,2023-02-16 00:00:00,2023-02-17 00:00:00,2023-02-24 00:00:00,2023-02-27 00:00:00,2023-02-28 00:00:00,2023-03-06 00:00:00,2023-03-07 00:00:00,29.84,2023-03-08 00:00:00,2023-03-09 00:00:00,,,,2023-03-09 00:00:00,28.78,29.36,28.86,29.36,28.78,2141149835.5,0.021638,-0.082061
600519SS_2023-03-10T000000_BUY_COUNTDOWN_PROGRESS_1_2023-02-07T000000_8,2023-03-10 00:00:00,600519.SS,1d,COUNTDOWN,BUY_COUNTDOWN_PROGRESS,1,8,,,BUY_SETUP,True,2023-01-19 00:00:00,2023-02-07 00:00:00,1757.67,1757.67,2023-02-07 00:00:00,2023-02-17 00:00:00,2023-02-23 00:00:00,2023-02-24 00:00:00,2023-03-06 00:00:00,2023-03-07 00:00:00,2023-03-08 00:00:00,2023-03-09 00:00:00,2023-03-10 00:00:00,1598.67,,,,,,2023-03-09 00:00:00,1588.67,1633.67,1598.67,1629.67,1598.67,4254718235.0,0.013282,-0.062375
601318SS_2023-03-10T000000_BUY_COUNTDOWN_PROGRESS_1_2023-02-09T000000_8,2023-03-10 00:00:00,601318.SS,1d,COUNTDOWN,BUY_COUNTDOWN_PROGRESS,1,8,,,BUY_SETUP,False,2023-01-30 00:00:00,2023-02-09 00:00:00,46.24,46.24,2023-02-09 00:00:00,2023-02-23 00:00:00,2023-02-24 00:00:00,2023-02-27 00:00:00,2023-03-06 00:00:00,2023-03-07 00:00:00,2023-03-08 00:00:00,2023-03-09 00:00:00,2023-03-10 00:00:00,38.64,,,,,,2023-03-10 00:00:00,38.64,39.29,38.64,39.29,38.64,2377748830.0,0.019084,-0.077584
600036SS_2023-03-10T000000_BUY_COUNTDOWN_PROGRESS_1_2023-02-13T000000_11,2023-03-10 00:00:00,600036.SS,1d,COUNTDOWN,BUY_COUNTDOWN_PROGRESS,1,11,,,BUY_SETUP,True,2023-02-01 00:00:00,2023-02-13 00:00:00,34.97,34.97,2023-02-13 00:00:00,2023-02-13 00:00:00,2023-02-16 00:00:00,2023-02-17 00:00:00,2023-02-24 00:00:00,2023-02-27 00:00:00,2023-02-28 00:00:00,2023-03-06 00:00:00,2023-03-07 00:00:00,29.84,2023-03-08 00:00:00,2023-03-09 00:00:00,2023-03-10 00:00:00,,,2023-03-10 00:00:00,28.23,28.94,28.31,28.94,28.23,2160935640.5,0.021787,-0.086774
600036SS_2023-03-13T000000_BUY_COUNTDOWN_PROGRESS_1_2023-02-13T000000_12,2023-03-13 00:00:00,600036.SS,1d,COUNTDOWN,BUY_COUNTDOWN_PROGRESS,1,12,,,BUY_SETUP,True,2023-02-01 00:00:00,2023-02-13 00:00:00,34.97,34.97,2023-02-13 00:00:00,2023-02-13 00:00:00,2023-02-16 00:00:00,2023-02-17 00:00:00,2023-02-24 00:00:00,2023-02-27 00:00:00,2023-02-28 00:00:00,2023-03-06 00:00:00,2023-03-07 00:00:00,29.84,2023-03-08 00:00:00,2023-03-09 00:00:00,2023-03-10 00:00:00,2023-03-13 00:00:00,,2023-03-13 00:00:00,27.99,28.66,28.33,28.66,27.99,2108458450.5,0.021593,-0.094309
000651SZ_2023-03-13T000000_SELL_COUNTDOWN_PROGRESS_-1_2023-03-02T000000_4,2023-03-13 00:00:00,000651.SZ,1d,COUNTDOWN,SELL_COUNTDOWN_PROGRESS,-1,4,,,SELL_SETUP,True,2023-02-20 00:00:00,2023-03-02 00:00:00,29.58,25.66,2023-03-02 00:00:00,2023-03-02 00:00:00,2023-03-03 00:00:00,2023-03-06 00:00:00,2023-03-13 00:00:00,,,,,,,,,,,2023-03-13 00:00:00,28.21,29.8,29.79,29.8,28.21,1482173729.5,0.023718,0.121611
601318SS_2023-03-14T000000_BUY_COUNTDOWN_PROGRESS_1_2023-02-09T000000_9,2023-03-14 00:00:00,601318.SS,1d,COUNTDOWN,BUY_COUNTDOWN_PROGRESS,1,9,,,BUY_SETUP,False,2023-01-30 00:00:00,2023-02-09 00:00:00,46.24,46.24,2023-02-09 00:00:00,2023-02-23 00:00:00,2023-02-24 00:00:00,2023-02-27 00:00:00,2023-03-06 00:00:00,2023-03-07 00:00:00,2023-03-08 00:00:00,2023-03-09 00:00:00,2023-03-10 00:00:00,38.64,2023-03-14 00:00:00,,,,,2023-03-14 00:00:00,38.03,38.86,38.1,38.86,38.03,2378722865.0,0.019103,-0.08237
600036SS_2023-03-14T000000_BUY_COUNTDOWN_COMPLETE_PERFECT_1_2023-02-13T000000_13,2023-03-14 00:00:00,600036.SS,1d,COUNTDOWN,BUY_COUNTDOWN_COMPLETE_PERFECT,1,13,True,,BUY_SETUP,True,2023-02-01 00:00:00,2023-02-13 00:00:00,34.97,34.97,2023-02-13 00:00:00,2023-02-13 00:00:00,2023-02-16 00:00:00,2023-02-17 00:00:00,2023-02-24 00:00:00,2023-02-27 00:00:00,2023-02-28 00:00:00,2023-03-06 00:00:00,2023-03-07 00:00:00,29.84,2023-03-08 00:00:00,2023-03-09 00:00:00,2023-03-10 00:00:00,2023-03-13 00:00:00,2023-03-14 00:00:00,2023-03-14 00:00:00,27.62,28.21,27.86,28.21,27.62,2125064135.5,0.02118,-0.085057
000651SZ_2023-03-14T000000_SELL_COUNTDOWN_PROGRESS_-1_2023-03-02T000000_5,2023-03-14 00:00:00,000651.SZ,1d,COUNTDOWN,SELL_COUNTDOWN_PROGRESS,-1,5,,,SELL_SETUP,True,2023-02-20 00:00:00,2023-03-02 00:00:00,29.58,25.66,2023-03-02 00:00:00,2023-03-02 00:00:00,2023-03-03 00:00:00,2023-03-06 00:00:00,2023-03-13 00:00:00,2023-03-14 00:00:00,,,,,,,,,,2023-03-13 00:00:00,28.21,29.8,29.62,30.28,29.27,1562158585.0,0.023485,0.129241
000651SZ_2023-03-15T000000_SELL_COUNTDOWN_PROGRESS_-1_2023-03-02T000000_6,2023-03-15 00:00:00,000651.SZ,1d,COUNTDOWN,SELL_COUNTDOWN_PROGRESS,-1,6,,,SELL_SETUP,True,2023-02-20 00:00:00,2023-03-02 00:00:00,29.58,25.66,2023-03-02 00:00:00,2023-03-02 00:00:00,2023-03-03 00:00:00,2023-03-06 00:00:00,2023-03-13 00:00:00,2023-03-14 00:00:00,2023-03-15 00:00:00,,,,,,,,,2023-03-13 00:00:00,28.21,29.8,30.13,30.33,29.6,1602185911.0,0.023023,0.166022
601318SS_2023-03-16T000000_BUY_COUNTDOWN_PROGRESS_1_2023-02-09T000000_10,2023-03-16 00:00:00,601318.SS,1d,COUNTDOWN,BUY_COUNTDOWN_PROGRESS,1,10,,,BUY_SETUP,False,2023-01-30 00:00:00,2023-02-09 00:00:00,46.24,46.24,2023-02-09 00:00:00,2023-02-23 00:00:00,2023-02-24 00:00:00,2023-02-27 00:00:00,2023-03-06 00:00:00,2023-03-07 00:00:00,2023-03-08 00:00:00,2023-03-09 00:00:00,2023-03-10 00:00:00,38.64,2023-03-14 00:00:00,2023-03-16 00:00:00,,,,2023-03-16 00:00:00,37.39,38.47,37.87,38.47,37.39,2403509515.0,0.01955,-0.086149
600036SS_2023-03-16T000000_BUY_SETUP_PERFECT_1_2023-03-16T000000_9,2023-03-16 00:00:00,600036.SS,1d,SETUP,BUY_SETUP_PERFECT,1,9,True,,BUY_SETUP,True,2023-03-06 00:00:00,2023-03-16 00:00:00,,,,,,,,,,,,,,,,,,,,,,,,2047885370.5,0.021151,-0.06869
600519SS_2023-03-17T000000_BUY_COUNTDOWN_PROGRESS_1_2023-02-07T000000_9,2023-03-17 00:00:00,600519.SS,1d,COUNTDOWN,BUY_COUNTDOWN_PROGRESS,1,9,,,BUY_SETUP,True,2023-01-19 00:00:00,2023-02-07 00:00:00,1757.67,1757.67,2023-02-07 00:00:00,2023-02-17 00:00:00,2023-02-23 00:00:00,2023-02-24 00:00:00,2023-03-06 00:00:00,2023-03-07 00:00:00,2023-03-08 00:00:00,2023-03-09 00:00:00,2023-03-10 00:00:00,1598.67,2023-03-17 00:00:00,,,,,2023-03-17 00:00:00,1584.67,1624.56,1590.67,1624.56,1584.67,3952152530.0,0.009109,-0.077161
000858SZ_2023-03-17T000000_BUY_SETUP_PERFECT_1_2023-03-17T000000_9,2023-03-17 00:00:00,000858.SZ,1d,SETUP,BUY_SETUP_PERFECT,1,9,True,,BUY_SETUP,True,2023-03-07 00:00:00,2023-03-17 00:00:00,,,,,,,,,,,,,,,,,,,,,,,,2708312555.0,0.012319,-0.12463
000858SZ_2023-03-17T000000_SELL_COUNTDOWN_CANCEL_-1_2023-01-17T000000_7,2023-03-17 00:00:00,000858.SZ,1d,COUNTDOWN,SELL_COUNTDOWN_CANCEL,-1,7,,opposite_setup,SELL_SETUP,True,2023-01-05 00:00:00,2023-01-17 00:00:00,192.5,163.63,2023-01-17 00:00:00,2023-01-17 00:00:00,2023-01-30 00:00:00,2023-02-09 00:00:00,2023-02-10 00:00:00,2023-02-13 00:00:00,2023-02-14 00:00:00,2023-03-01 00:00:00,,,,,,,,2023-02-09 00:00:00,182.78,190.97,171.73,177.47,171.23,2708312555.0,0.012319,-0.12463
000858SZ_2023-03-17T000000_BUY_COUNTDOWN_PROGRESS_1_2023-03-17T000000_1,2023-03-17 00:00:00,000858.SZ,1d,COUNTDOWN,BUY_COUNTDOWN_PROGRESS,1,1,,,BUY_SETUP,True,2023-03-07 00:00:00,2023-03-17 00:00:00,187.58,187.58,2023-03-17 00:00:00,2023-03-17 00:00:00,,,,,,,,,,,,,,2023-03-17 00:00:00,171.23,177.47,171.73,177.47,171.23,2708312555.0,0.012319,-0.12463
601318SS_2023-03-17T000000_BUY_SETUP_PERFECT_1_2023-03-17T000000_9,2023-03-17 00:00:00,601318.SS,1d,SETUP,BUY_SETUP_PERFECT,1,9,True,,BUY_SETUP,True,2023-03-07 00:00:00,2023-03-17 00:00:00,,,,,,,,,,,,,,,,,,,,,,,,2520907915.0,0.019369,-0.088049
601318SS_2023-03-17T000000_BUY_COUNTDOWN_CANCEL_1_2023-02-09T000000_10,2023-03-17 00:00:00,601318.SS,1d,COUNTDOWN,BUY_COUNTDOWN_CANCEL,1,10,,same_setup,BUY_SETUP,False,2023-01-30 00:00:00,2023-02-09 00:00:00,46.24,46.24,2023-02-09 00:00:00,2023-02-23 00:00:00,2023-02-24 00:00:00,2023-02-27 00:00:00,2023-03-06 00:00:00,2023-03-07 00:00:00,2023-03-08 00:00:00,2023-03-09 00:00:00,2023-03-10 00:00:00,38.64,2023-03-14 00:00:00,2023-03-16 00:00:00,,,,2023-03-16 00:00:00,37.39,38.47,38.84,39.6,38.45,2520907915.0,0.019369,-0.088049
600036SS_2023-03-17T000000_BUY_COUNTDOWN_PROGRESS_1_2023-03-16T000000_1,2023-03-17 00:00:00,600036.SS,1d,COUNTDOWN,BUY_COUNTDOWN_PROGRESS,1,1,,,BUY_SETUP,True,2023-03-06 00:00:00,2023-03-16 00:00:00,31.51,31.51,2023-03-16 00:00:00,2023-03-17 00:00:00,,,,,,,,,,,,,,2023-03-17 00:00:00,27.3,28.65,27.64,28.65,27.3,2086010120.5,0.01511,-0.129997
600519SS_2023-03-20T000000_BUY_COUNTDOWN_PROGRESS_1_2023-02-07T000000_10,2023-03-20 00:00:00,600519.SS,1d,COUNTDOWN,BUY_COUNTDOWN_PROGRESS,1,10,,,BUY_SETUP,True,2023-01-19 00:00:00,2023-02-07 00:00:00,1757.67,1757.67,2023-02-07 00:00:00,2023-02-17 00:00:00,2023-02-23 00:00:00,2023-02-24 00:00:00,2023-03-06 00:00:00,2023-03-07 00:00:00,2023-03-08 00:00:00,2023-03-09 00:00:00,2023-03-10 00:00:00,1598.67,2023-03-17 00:00:00,2023-03-20 00:00:00,,,,2023-03-20 00:00:00,1576.67,1603.67,1578.27,1603.67,1576.67,3855606125.0,0.009145,-0.080085
000858SZ_2023-03-20T000000_BUY_COUNTDOWN_PROGRESS_1_2023-03-17T000000_2,2023-03-20 00:00:00,000858.SZ,1d,COUNTDOWN,BUY_COUNTDOWN_PROGRESS,1,2,,,BUY_SETUP,True,2023-03-07 00:00:00,2023-03-17 00:00:00,187.58,187.58,2023-03-17 00:00:00,2023-03-17 00:00:00,2023-03-20 00:00:00,,,,,,,,,,,,,2023-03-20 00:00:00,168.23,173.82,169.13,173.82,168.23,2651559185.0,0.012336,-0.125084
600036SS_2023-03-20T000000_BUY_COUNTDOWN_PROGRESS_1_2023-03-16T000000_2,2023-03-20 00:00:00,600036.SS,1d,COUNTDOWN,BUY_COUNTDOWN_PROGRESS,1,2,,,BUY_SETUP,True,2023-03-06 00:00:00,2023-03-16 00:00:00,31.51,31.51,2023-03-16 00:00:00,2023-03-17 00:00:00,2023-03-20 00:00:00,,,,,,,,,,,,,2023-03-17 00:00:00,27.3,28.65,27.4,28.19,27.3,1971054130.5,0.014773,-0.142947
601318SS_2023-03-24T000000_BUY_COUNTDOWN_PROGRESS_1_2023-03-17T000000_1,2023-03-24 00:00:00,601318.SS,1d,COUNTDOWN,BUY_COUNTDOWN_PROGRESS,1,1,,,BUY_SETUP,True,2023-03-07 00:00:00,2023-03-17 00:00:00,41.84,41.84,2023-03-17 00:00:00,2023-03-24 00:00:00,,,,,,,,,,,,,,2023-03-24 00:00:00,38.7,39.44,38.84,39.44,38.7,2564639355.0,0.019935,-0.039565
601318SS_2023-03-27T000000_BUY_COUNTDOWN_PROGRESS_1_2023-03-17T000000_2,2023-03-27 00:00:00,601318.SS,1d,COUNTDOWN,BUY_COUNTDOWN_PROGRESS,1,2,,,BUY_SETUP,True,2023-03-07 00:00:00,2023-03-17 00:00:00,41.84,41.84,2023-03-17 00:00:00,2023-03-24 00:00:00,2023-03-27 00:00:00,,,,,,,,,,,,,2023-03-27 00:00:00,38.14,38.97,38.63,38.97,38.14,2535355220.0,0.019749,-0.054114
600036SS_2023-03-27T000000_BUY_COUNTDOWN_PROGRESS_1_2023-03-16T000000_3,2023-03-27 00:00:00,600036.SS,1d,COUNTDOWN,BUY_COUNTDOWN_PROGRESS,1,3,,,BUY_SETUP,True,2023-03-06 00:00:00,2023-03-16 00:00:00,31.51,31.51,2023-03-16 00:00:00,2023-03-17 00:00:00,2023-03-20 00:00:00,2023-03-27 00:00:00,,,,,,,,,,,,2023-03-17 00:00:00,27.3,28.65,27.49,27.88,27.33,1970840238.5,0.016577,-0.10134
601318SS_2023-03-28T000000_BUY_COUNTDOWN_PROGRESS_1_2023-03-17T000000_3,2023-03-28 00:00:00,601318.SS,1d,COUNTDOWN,BUY_COUNTDOWN_PROGRESS,1,3,,,BUY_SETUP,True,2023-03-07 00:00:00,2023-03-17 00:00:00,41.84,41.84,2023-03-17 00:00:00,2023-03-24 00:00:00,2023-03-27 00:00:00,2023-03-28 00:00:00,,,,,,,,,,,,2023-03-27 00:00:00,38.14,38.97,38.52,39.02,38.32,2509231175.0,0.016429,-0.096411
601318SS_2023-03-29T000000_BUY_COUNTDOWN_PROGRESS_1_2023-03-17T000000_4,2023-03-29 00:00:00,601318.SS,1d,COUNTDOWN,BUY_COUNTDOWN_PROGRESS,1,4,,,BUY_SETUP,True,2023-03-07 00:00:00,2023-03-17 00:00:00,41.84,41.84,2023-03-17 00:00:00,2023-03-24 00:00:00,2023-03-27 00:00:00,2023-03-28 00:00:00,2023-03-29 00:00:00,,,,,,,,,,,2023-03-29 00:00:00,38.04,39.22,38.06,39.22,38.04,2423812210.0,0.016314,-0.111578
601318SS_2023-03-30T000000_BUY_COUNTDOWN_PROGRESS_1_2023-03-17T000000_5,2023-03-30 00:00:00,601318.SS,1d,COUNTDOWN,BUY_COUNTDOWN_PROGRESS,1,5,,,BUY_SETUP,True,2023-03-07 00:00:00,2023-03-17 00:00:00,41.84,41.84,2023-03-17 00:00:00,2023-03-24 00:00:00,2023-03-27 00:00:00,2023-03-28 00:00:00,2023-03-29 00:00:00,2023-03-30 00:00:00,,,,,,,,,,2023-03-30 00:00:00,37.58,38.34,38.12,38.34,37.58,2430150575.0,0.016307,-0.111836
000651SZ_2023-03-30T000000_SELL_COUNTDOWN_PROGRESS_-1_2023-03-02T000000_7,2023-03-30 00:00:00,000651.SZ,1d,COUNTDOWN,SELL_COUNTDOWN_PROGRESS,-1,7,,,SELL_SETUP,True,2023-02-20 00:00:00,2023-03-02 00:00:00,29.58,25.66,2023-03-02 00:00:00,2023-03-02 00:00:00,2023-03-03 00:00:00,2023-03-06 00:00:00,2023-03-13 00:00:00,2023-03-14 00:00:00,2023-03-15 00:00:00,2023-03-30 00:00:00,,,,,,,,2023-03-13 00:00:00,28.21,29.8,29.91,30.22,28.51,1387677372.0,0.019886,0.008769
000651SZ_2023-03-31T000000_SELL_COUNTDOWN_PROGRESS_-1_2023-03-02T000000_8,2023-03-31 00:00:00,000651.SZ,1d,COUNTDOWN,SELL_COUNTDOWN_PROGRESS,-1,8,,,SELL_SETUP,True,2023-02-20 00:00:00,2023-03-02 00:00:00,29.58,25.66,2023-03-02 00:00:00,2023-03-02 00:00:00,2023-03-03 00:00:00,2023-03-06 00:00:00,2023-03-13 00:00:00,2023-03-14 00:00:00,2023-03-15 00:00:00,2023-03-30 00:00:00,2023-03-31 00:00:00,29.43,,,,,,2023-03-13 00:00:00,28.21,29.8,29.43,29.98,29.39,1364478583.0,0.020229,-0.005407
600519SS_2023-04-04T000000_BUY_COUNTDOWN_PROGRESS_1_2023-02-07T000000_11,2023-04-04 00:00:00,600519.SS,1d,COUNTDOWN,BUY_COUNTDOWN_PROGRESS,1,11,,,BUY_SETUP,True,2023-01-19 00:00:00,2023-02-07 00:00:00,1757.67,1757.67,2023-02-07 00:00:00,2023-02-17 00:00:00,2023-02-23 00:00:00,2023-02-24 00:00:00,2023-03-06 00:00:00,2023-03-07 00:00:00,2023-03-08 00:00:00,2023-03-09 00:00:00,2023-03-10 00:00:00,1598.67,2023-03-17 00:00:00,2023-03-20 00:00:00,2023-04-04 00:00:00,,,2023-03-20 00:00:00,1576.67,1603.67,1663.26,1663.84,1635.67,3665657295.0,0.009457,0.027281
000858SZ_2023-04-04T000000_BUY_COUNTDOWN_PROGRESS_1_2023-03-17T000000_3,2023-04-04 00:00:00,000858.SZ,1d,COUNTDOWN,BUY_COUNTDOWN_PROGRESS,1,3,,,BUY_SETUP,True,2023-03-07 00:00:00,2023-03-17 00:00:00,187.58,187.58,2023-03-17 00:00:00,2023-03-17 00:00:00,2023-03-20 00:00:00,2023-04-04 00:00:00,,,,,,,,,,,,2023-03-20 00:00:00,168.23,173.82,179.38,179.89,176.18,2568326990.0,0.015549,-0.017257
600519SS_2023-04-06T000000_BUY_COUNTDOWN_PROGRESS_1_2023-02-07T000000_12,2023-04-06 00:00:00,600519.SS,1d,COUNTDOWN,BUY_COUNTDOWN_PROGRESS,1,12,,,BUY_SETUP,True,2023-01-19 00:00:00,2023-02-07 00:00:00,1757.67,1757.67,2023-02-07 00:00:00,2023-02-17 00:00:00,2023-02-23 00:00:00,2023-02-24 00:00:00,2023-03-06 00:00:00,2023-03-07 00:00:00,2023-03-08 00:00:00,2023-03-09 00:00:00,2023-03-10 00:00:00,1598.67,2023-03-17 00:00:00,2023-03-20 00:00:00,2023-04-04 00:00:00,2023-04-06 00:00:00,,2023-03-20 00:00:00,1576.67,1603.67,1645.63,1664.57,1636.89,3597680535.0,0.00983,0.016643
000858SZ_2023-04-06T000000_BUY_COUNTDOWN_PROGRESS_1_2023-03-17T000000_4,2023-04-06 00:00:00,000858.SZ,1d,COUNTDOWN,BUY_COUNTDOWN_PROGRESS,1,4,,,BUY_SETUP,True,2023-03-07 00:00:00,2023-03-17 00:00:00,187.58,187.58,2023-03-17 00:00:00,2023-03-17 00:00:00,2023-03-20 00:00:00,2023-04-04 00:00:00,2023-04-06 00:00:00,,,,,,,,,,,2023-03-20 00:00:00,168.23,173.82,173.77,178.23,172.3,2611041900.0,0.016939,-0.041163
601318SS_2023-04-06T000000_BUY_COUNTDOWN_PROGRESS_1_2023-03-17T000000_6,2023-04-06 00:00:00,601318.SS,1d,COUNTDOWN,BUY_COUNTDOWN_PROGRESS,1,6,,,BUY_SETUP,True,2023-03-07 00:00:00,2023-03-17 00:00:00,41.84,41.84,2023-03-17 00:00:00,2023-03-24 00:00:00,2023-03-27 00:00:00,2023-03-28 00:00:00,2023-03-29 00:00:00,2023-03-30 00:00:00,2023-04-06 00:00:00,,,,,,,,,2023-03-30 00:00:00,37.58,38.34,37.72,38.19,37.67,2315595230.0,0.013633,-0.039715
600036SS_2023-04-06T000000_BUY_COUNTDOWN_PROGRESS_1_2023-03-16T000000_4,2023-04-06 00:00:00,600036.SS,1d,COUNTDOWN,BUY_COUNTDOWN_PROGRESS,1,4,,,BUY_SETUP,True,2023-03-06 00:00:00,2023-03-16 00:00:00,31.51,31.51,2023-03-16 00:00:00,2023-03-17 00:00:00,2023-03-20 00:00:00,2023-03-27 00:00:00,2023-04-06 00:00:00,,,,,,,,,,,2023-04-06 00:00:00,27.01,27.45,27.08,27.45,27.01,1870654778.0,0.012264,-0.061677
000858SZ_2023-04-07T000000_BUY_COUNTDOWN_PROGRESS_1_2023-03-17T000000_5,2023-04-07 00:00:00,000858.SZ,1d,COUNTDOWN,BUY_COUNTDOWN_PROGRESS,1,5,,,BUY_SETUP,True,2023-03-07 00:00:00,2023-03-17 00:00:00,187.58,187.58,2023-03-17 00:00:00,2023-03-17 00:00:00,2023-03-20 00:00:00,2023-04-04 00:00:00,2023-04-06 00:00:00,2023-04-07 00:00:00,,,,,,,,,,2023-03-20 00:00:00,168.23,173.82,172.29,175.06,170.77,2551842830.0,0.01673,-0.034628
000651SZ_2023-04-07T000000_SELL_COUNTDOWN_PROGRESS_-1_2023-03-02T000000_9,2023-04-07 00:00:00,000651.SZ,1d,COUNTDOWN,SELL_COUNTDOWN_PROGRESS,-1,9,,,SELL_SETUP,True,2023-02-20 00:00:00,2023-03-02 00:00:00,29.58,25.66,2023-03-02 00:00:00,2023-03-02 00:00:00,2023-03-03 00:00:00,2023-03-06 00:00:00,2023-03-13 00:00:00,2023-03-14 00:00:00,2023-03-15 00:00:00,2023-03-30 00:00:00,2023-03-31 00:00:00,29.43,2023-04-07 00:00:00,,,,,2023-03-13 00:00:00,28.21,29.8,29.97,30.24,29.34,1317676751.5,0.018593,0.059385
600519SS_2023-04-10T000000_BUY_COUNTDOWN_COMPLETE_1_2023-02-07T000000_13,2023-04-10 00:00:00,600519.SS,1d,COUNTDOWN,BUY_COUNTDOWN_COMPLETE,1,13,False,,BUY_SETUP,True,2023-01-19 00:00:00,2023-02-07 00:00:00,1757.67,1757.67,2023-02-07 00:00:00,2023-02-17 00:00:00,2023-02-23 00:00:00,2023-02-24 00:00:00,2023-03-06 00:00:00,2023-03-07 00:00:00,2023-03-08 00:00:00,2023-03-09 00:00:00,2023-03-10 00:00:00,1598.67,2023-03-17 00:00:00,2023-03-20 00:00:00,2023-04-04 00:00:00,2023-04-06 00:00:00,2023-04-10 00:00:00,2023-03-20 00:00:00,1576.67,1603.67,1620.37,1639.55,1592.67,3547317005.0,0.009711,0.006022
000858SZ_2023-04-10T000000_BUY_COUNTDOWN_PROGRESS_1_2023-03-17T000000_6,2023-04-10 00:00:00,000858.SZ,1d,COUNTDOWN,BUY_COUNTDOWN_PROGRESS,1,6,,,BUY_SETUP,True,2023-03-07 00:00:00,2023-03-17 00:00:00,187.58,187.58,2023-03-17 00:00:00,2023-03-17 00:00:00,2023-03-20 00:00:00,2023-04-04 00:00:00,2023-04-06 00:00:00,2023-04-07 00:00:00,2023-04-10 00:00:00,,,,,,,,,2023-04-10 00:00:00,161.42,168.25,167.88,168.25,161.42,2751245550.0,0.0168,-0.07672
000651SZ_2023-04-10T000000_SELL_COUNTDOWN_PROGRESS_-1_2023-03-02T000000_10,2023-04-10 00:00:00,000651.SZ,1d,COUNTDOWN,SELL_COUNTDOWN_PROGRESS,-1,10,,,SELL_SETUP,True,2023-02-20 00:00:00,2023-03-02 00:00:00,29.58,25.66,2023-03-02 00:00:00,2023-03-02 00:00:00,2023-03-03 00:00:00,2023-03-06 00:00:00,2023-03-13 00:00:00,2023-03-14 00:00:00,2023-03-15 00:00:00,2023-03-30 00:00:00,2023-03-31 00:00:00,29.43,2023-04-07 00:00:00,2023-04-10 00:00:00,,,,2023-03-13 00:00:00,28.21,29.8,30.43,30.45,29.7,1312648229.0,0.014797,0.021484
000858SZ_2023-04-11T000000_BUY_COUNTDOWN_PROGRESS_1_2023-03-17T000000_7,2023-04-11 00:00:00,000858.SZ,1d,COUNTDOWN,BUY_COUNTDOWN_PROGRESS,1,7,,,BUY_SETUP,True,2023-03-07 00:00:00,2023-03-17 00:00:00,187.58,187.58,2023-03-17 00:00:00,2023-03-17 00:00:00,2023-03-20 00:00:00,2023-04-04 00:00:00,2023-04-06 00:00:00,2023-04-07 00:00:00,2023-04-10 00:00:00,2023-04-11 00:00:00,,,,,,,,2023-04-10 00:00:00,161.42,168.25,163.76,167.38,163.23,2799324090.0,0.017135,-0.082628
600036SS_2023-04-11T000000_BUY_COUNTDOWN_PROGRESS_1_2023-03-16T000000_5,2023-04-11 00:00:00,600036.SS,1d,COUNTDOWN,BUY_COUNTDOWN_PROGRESS,1,5,,,BUY_SETUP,True,2023-03-06 00:00:00,2023-03-16 00:00:00,31.51,31.51,2023-03-16 00:00:00,2023-03-17 00:00:00,2023-03-20 00:00:00,2023-03-27 00:00:00,2023-04-06 00:00:00,2023-04-11 00:00:00,,,,,,,,,,2023-04-11 00:00:00,26.91,27.62,27.01,27.62,26.91,1821610191.5,0.012334,-0.03051
000651SZ_2023-04-11T000000_SELL_COUNTDOWN_PROGRESS_-1_2023-03-02T000000_11,2023-04-11 00:00:00,000651.SZ,1d,COUNTDOWN,SELL_COUNTDOWN_PROGRESS,-1,11,,,SELL_SETUP,True,2023-02-20 00:00:00,2023-03-02 00:00:00,29.58,25.66,2023-03-02 00:00:00,2023-03-02 00:00:00,2023-03-03 00:00:00,2023-03-06 00:00:00,2023-03-13 00:00:00,2023-03-14 00:00:00,2023-03-15 00:00:00,2023-03-30 00:00:00,2023-03-31 00:00:00,29.43,2023-04-07 00:00:00,2023-04-10 00:00:00,2023-04-11 00:00:00,,,2023-03-13 00:00:00,28.21,29.8,32.08,32.08,30.56,1383030489.0,0.018822,0.083052
000858SZ_2023-04-12T000000_BUY_COUNTDOWN_PROGRESS_1_2023-03-17T000000_8,2023-04-12 00:00:00,000858.SZ,1d,COUNTDOWN,BUY_COUNTDOWN_PROGRESS,1,8,,,BUY_SETUP,True,2023-03-07 00:00:00,2023-03-17 00:00:00,187.58,187.58,2023-03-17 00:00:00,2023-03-17 00:00:00,2023-03-20 00:00:00,2023-04-04 00:00:00,2023-04-06 00:00:00,2023-04-07 00:00:00,2023-04-10 00:00:00,2023-04-11 00:00:00,2023-04-12 00:00:00,159.04,,,,,,2023-04-12 00:00:00,158.78,164.34,159.04,164.34,158.78,2940024810.0,0.017799,-0.094047
600036SS_2023-04-12T000000_BUY_COUNTDOWN_PROGRESS_1_2023-03-16T000000_6,2023-04-12 00:00:00,600036.SS,1d,COUNTDOWN,BUY_COUNTDOWN_PROGRESS,1,6,,,BUY_SETUP,True,2023-03-06 00:00:00,2023-03-16 00:00:00,31.51,31.51,2023-03-16 00:00:00,2023-03-17 00:00:00,2023-03-20 00:00:00,2023-03-27 00:00:00,2023-04-06 00:00:00,2023-04-11 00:00:00,2023-04-12 00:00:00,,,,,,,,,2023-04-11 00:00:00,26.91,27.62,27.02,27.23,26.94,1783362236.5,0.012001,-0.040483
000651SZ_2023-04-12T000000_SELL_COUNTDOWN_PROGRESS_-1_2023-03-02T000000_12,2023-04-12 00:00:00,000651.SZ,1d,COUNTDOWN,SELL_COUNTDOWN_PROGRESS,-1,12,,,SELL_SETUP,True,2023-02-20 00:00:00,2023-03-02 00:00:00,29.58,25.66,2023-03-02 00:00:00,2023-03-02 00:00:00,2023-03-03 00:00:00,2023-03-06 00:00:00,2023-03-13 00:00:00,2023-03-14 00:00:00,2023-03-15 00:00:00,2023-03-30 00:00:00,2023-03-31 00:00:00,29.43,2023-04-07 00:00:00,2023-04-10 00:00:00,2023-04-11 00:00:00,2023-04-12 00:00:00,,2023-03-13 00:00:00,28.21,29.8,32.08,32.38,31.83,1347834719.0,0.018596,0.06472
000858SZ_2023-04-13T000000_BUY_COUNTDOWN_PROGRESS_1_2023-03-17T000000_9,2023-04-13 00:00:00,000858.SZ,1d,COUNTDOWN,BUY_COUNTDOWN_PROGRESS,1,9,,,BUY_SETUP,True,2023-03-07 00:00:00,2023-03-17 00:00:00,187.58,187.58,2023-03-17 00:00:00,2023-03-17 00:00:00,2023-03-20 00:00:00,2023-04-04 00:00:00,2023-04-06 00:00:00,2023-04-07 00:00:00,2023-04-10 00:00:00,2023-04-11 00:00:00,2023-04-12 00:00:00,159.04,2023-04-13 00:00:00,,,,,2023-04-12 00:00:00,158.78,164.34,161.1,163.13,158.78,3001048940.0,0.018239,-0.07642
601318SS_2023-04-13T000000_BUY_COUNTDOWN_PROGRESS_1_2023-03-17T000000_7,2023-04-13 00:00:00,601318.SS,1d,COUNTDOWN,BUY_COUNTDOWN_PROGRESS,1,7,,,BUY_SETUP,True,2023-03-07 00:00:00,2023-03-17 00:00:00,41.84,41.84,2023-03-17 00:00:00,2023-03-24 00:00:00,2023-03-27 00:00:00,2023-03-28 00:00:00,2023-03-29 00:00:00,2023-03-30 00:00:00,2023-04-06 00:00:00,2023-04-13 00:00:00,,,,,,,,2023-04-13 00:00:00,37.45,38.01,37.76,38.01,37.45,2335616565.0,0.011616,-0.002905
000651SZ_2023-04-17T000000_SELL_COUNTDOWN_COMPLETE_PERFECT_-1_2023-03-02T000000_13,2023-04-17 00:00:00,000651.SZ,1d,COUNTDOWN,SELL_COUNTDOWN_COMPLETE_PERFECT,-1,13,True,,SELL_SETUP,True,2023-02-20 00:00:00,2023-03-02 00:00:00,29.58,25.66,2023-03-02 00:00:00,2023-03-02 00:00:00,2023-03-03 00:00:00,2023-03-06 00:00:00,2023-03-13 00:00:00,2023-03-14 00:00:00,2023-03-15 00:00:00,2023-03-30 00:00:00,2023-03-31 00:00:00,29.43,2023-04-07 00:00:00,2023-04-10 00:00:00,2023-04-11 00:00:00,2023-04-12 00:00:00,2023-04-17 00:00:00,2023-03-13 00:00:00,28.21,29.8,32.94,33.02,31.38,1392320519.5,0.02328,0.106111
000858SZ_2023-04-19T000000_BUY_COUNTDOWN_PROGRESS_1_2023-03-17T000000_10,2023-04-19 00:00:00,000858.SZ,1d,COUNTDOWN,BUY_COUNTDOWN_PROGRESS,1,10,,,BUY_SETUP,True,2023-03-07 00:00:00,2023-03-17 00:00:00,187.58,187.58,2023-03-17 00:00:00,2023-03-17 00:00:00,2023-03-20 00:00:00,2023-04-04 00:00:00,2023-04-06 00:00:00,2023-04-07 00:00:00,2023-04-10 00:00:00,2023-04-11 00:00:00,2023-04-12 00:00:00,159.04,2023-04-13 00:00:00,2023-04-19 00:00:00,,,,2023-04-19 00:00:00,158.73,162.19,159.51,162.19,158.73,2945979960.0,0.016131,-0.088514
000651SZ_2023-04-19T000000_SELL_SETUP_PERFECT_-1_2023-04-19T000000_9,2023-04-19 00:00:00,000651.SZ,1d,SETUP,SELL_SETUP_PERFECT,-1,9,True,,SELL_SETUP,True,2023-04-07 00:00:00,2023-04-19 00:00:00,,,,,,,,,,,,,,,,,,,,,,,,1471758064.0,0.023288,0.094011
000858SZ_2023-04-20T000000_BUY_COUNTDOWN_PROGRESS_1_2023-03-17T000000_11,2023-04-20 00:00:00,000858.SZ,1d,COUNTDOWN,BUY_COUNTDOWN_PROGRESS,1,11,,,BUY_SETUP,True,2023-03-07 00:00:00,2023-03-17 00:00:00,187.58,187.58,2023-03-17 00:00:00,2023-03-17 00:00:00,2023-03-20 00:00:00,2023-04-04 00:00:00,2023-04-06 00:00:00,2023-04-07 00:00:00,2023-04-10 00:00:00,2023-04-11 00:00:00,2023-04-12 00:00:00,159.04,2023-04-13 00:00:00,2023-04-19 00:00:00,2023-04-20 00:00:00,,,2023-04-20 00:00:00,155.73,160.2,156.73,160.2,155.73,2970039550.0,0.015583,-0.118554
600036SS_2023-04-20T000000_BUY_COUNTDOWN_PROGRESS_1_2023-03-16T000000_7,2023-04-20 00:00:00,600036.SS,1d,COUNTDOWN,BUY_COUNTDOWN_PROGRESS,1,7,,,BUY_SETUP,True,2023-03-06 00:00:00,2023-03-16 00:00:00,31.51,31.51,2023-03-16 00:00:00,2023-03-17 00:00:00,2023-03-20 00:00:00,2023-03-27 00:00:00,2023-04-06 00:00:00,2023-04-11 00:00:00,2023-04-12 00:00:00,2023-04-20 00:00:00,,,,,,,,2023-04-11 00:00:00,26.91,27.62,28.27,29.02,28.14,1978972893.5,0.013861,-0.007374
000651SZ_2023-04-20T000000_SELL_COUNTDOWN_PROGRESS_-1_2023-04-19T000000_1,2023-04-20 00:00:00,000651.SZ,1d,COUNTDOWN,SELL_COUNTDOWN_PROGRESS,-1,1,,,SELL_SETUP,True,2023-04-07 00:00:00,2023-04-19 00:00:00,33.86,29.34,2023-04-19 00:00:00,2023-04-20 00:00:00,,,,,,,,,,,,,,2023-04-20 00:00:00,33.18,34.58,34.49,34.58,33.18,1579435870.5,0.025703,0.156606
000858SZ_2023-04-21T000000_BUY_COUNTDOWN_PROGRESS_1_2023-03-17T000000_12,2023-04-21 00:00:00,000858.SZ,1d,COUNTDOWN,BUY_COUNTDOWN_PROGRESS,1,12,,,BUY_SETUP,True,2023-03-07 00:00:00,2023-03-17 00:00:00,187.58,187.58,2023-03-17 00:00:00,2023-03-17 00:00:00,2023-03-20 00:00:00,2023-04-04 00:00:00,2023-04-06 00:00:00,2023-04-07 00:00:00,2023-04-10 00:00:00,2023-04-11 00:00:00,2023-04-12 00:00:00,159.04,2023-04-13 00:00:00,2023-04-19 00:00:00,2023-04-20 00:00:00,2023-04-21 00:00:00,,2023-04-21 00:00:00,155.03,158.53,155.23,158.53,155.03,2945930530.0,0.01559,-0.119262
601318SS_2023-04-21T000000_BUY_COUNTDOWN_PROGRESS_1_2023-03-17T000000_8,2023-04-21 00:00:00,601318.SS,1d,COUNTDOWN,BUY_COUNTDOWN_PROGRESS,1,8,,,BUY_SETUP,True,2023-03-07 00:00:00,2023-03-17 00:00:00,41.84,41.84,2023-03-17 00:00:00,2023-03-24 00:00:00,2023-03-27 00:00:00,2023-03-28 00:00:00,2023-03-29 00:00:00,2023-03-30 00:00:00,2023-04-06 00:00:00,2023-04-13 00:00:00,2023-04-21 00:00:00,39.38,,,,,,2023-04-13 00:00:00,37.45,38.01,39.38,41.33,39.27,2496478280.0,0.019404,0.013903
600036SS_2023-04-21T000000_BUY_COUNTDOWN_PROGRESS_1_2023-03-16T000000_8,2023-04-21 00:00:00,600036.SS,1d,COUNTDOWN,BUY_COUNTDOWN_PROGRESS,1,8,,,BUY_SETUP,True,2023-03-06 00:00:00,2023-03-16 00:00:00,31.51,31.51,2023-03-16 00:00:00,2023-03-17 00:00:00,2023-03-20 00:00:00,2023-03-27 00:00:00,2023-04-06 00:00:00,2023-04-11 00:00:00,2023-04-12 00:00:00,2023-04-20 00:00:00,2023-04-21 00:00:00,27.78,,,,,,2023-04-11 00:00:00,26.91,27.62,27.78,28.46,27.71,1976905308.5,0.013019,0.002526
000651SZ_2023-04-21T000000_SELL_COUNTDOWN_PROGRESS_-1_2023-04-19T000000_2,2023-04-21 00:00:00,000651.SZ,1d,COUNTDOWN,SELL_COUNTDOWN_PROGRESS,-1,2,,,SELL_SETUP,True,2023-04-07 00:00:00,2023-04-19 00:00:00,33.86,29.34,2023-04-19 00:00:00,2023-04-20 00:00:00,2023-04-21 00:00:00,,,,,,,,,,,,,2023-04-20 00:00:00,33.18,34.58,33.7,35.06,33.62,1613122463.0,0.026353,0.140826
000858SZ_2023-04-24T000000_BUY_COUNTDOWN_COMPLETE_PERFECT_1_2023-03-17T000000_13,2023-04-24 00:00:00,000858.SZ,1d,COUNTDOWN,BUY_COUNTDOWN_COMPLETE_PERFECT,1,13,True,,BUY_SETUP,True,2023-03-07 00:00:00,2023-03-17 00:00:00,187.58,187.58,2023-03-17 00:00:00,2023-03-17 00:00:00,2023-03-20 00:00:00,2023-04-04 00:00:00,2023-04-06 00:00:00,2023-04-07 00:00:00,2023-04-10 00:00:00,2023-04-11 00:00:00,2023-04-12 00:00:00,159.04,2023-04-13 00:00:00,2023-04-19 00:00:00,2023-04-20 00:00:00,2023-04-21 00:00:00,2023-04-24 00:00:00,2023-04-24 00:00:00,150.73,156.13,151.23,156.13,150.73,2995233935.0,0.01608,-0.12906
601318SS_2023-04-24T000000_BUY_COUNTDOWN_PROGRESS_1_2023-03-17T000000_9,2023-04-24 00:00:00,601318.SS,1d,COUNTDOWN,BUY_COUNTDOWN_PROGRESS,1,9,,,BUY_SETUP,True,2023-03-07 00:00:00,2023-03-17 00:00:00,41.84,41.84,2023-03-17 00:00:00,2023-03-24 00:00:00,2023-03-27 00:00:00,2023-03-28 00:00:00,2023-03-29 00:00:00,2023-03-30 00:00:00,2023-04-06 00:00:00,2023-04-13 00:00:00,2023-04-21 00:00:00,39.38,2023-04-24 00:00:00,,,,,2023-04-13 00:00:00,37.45,38.01,39.04,40.39,38.84,2533305910.0,0.019472,0.010614
600036SS_2023-04-24T000000_BUY_COUNTDOWN_PROGRESS_1_2023-03-16T000000_9,2023-04-24 00:00:00,600036.SS,1d,COUNTDOWN,BUY_COUNTDOWN_PROGRESS,1,9,,,BUY_SETUP,True,2023-03-06 00:00:00,2023-03-16 00:00:00,31.51,31.51,2023-03-16 00:00:00,2023-03-17 00:00:00,2023-03-20 00:00:00,2023-03-27 00:00:00,2023-04-06 00:00:00,2023-04-11 00:00:00,2023-04-12 00:00:00,2023-04-20 00:00:00,2023-04-21 00:00:00,27.78,2023-04-24 00:00:00,,,,,2023-04-24 00:00:00,26.79,27.97,26.88,27.97,26.79,1983503648.5,0.014843,-0.02219
601318SS_2023-04-25T000000_BUY_COUNTDOWN_PROGRESS_1_2023-03-17T000000_10,2023-04-25 00:00:00,601318.SS,1d,COUNTDOWN,BUY_COUNTDOWN_PROGRESS,1,10,,,BUY_SETUP,True,2023-03-07 00:00:00,2023-03-17 00:00:00,41.84,41.84,2023-03-17 00:00:00,2023-03-24 00:00:00,2023-03-27 00:00:00,2023-03-28 00:00:00,2023-03-29 00:00:00,2023-03-30 00:00:00,2023-04-06 00:00:00,2023-04-13 00:00:00,2023-04-21 00:00:00,39.38,2023-04-24 00:00:00,2023-04-25 00:00:00,,,,2023-04-13 00:00:00,37.45,38.01,38.73,39.72,38.52,2593471770.0,0.019555,0.005452
600036SS_2023-04-25T000000_BUY_COUNTDOWN_PROGRESS_1_2023-03-16T000000_10,2023-04-25 00:00:00,600036.SS,1d,COUNTDOWN,BUY_COUNTDOWN_PROGRESS,1,10,,,BUY_SETUP,True,2023-03-06 00:00:00,2023-03-16 00:00:00,31.51,31.51,2023-03-16 00:00:00,2023-03-17 00:00:00,2023-03-20 00:00:00,2023-03-27 00:00:00,2023-04-06 00:00:00,2023-04-11 00:00:00,2023-04-12 00:00:00,2023-04-20 00:00:00,2023-04-21 00:00:00,27.78,2023-04-24 00:00:00,2023-04-25 00:00:00,,,,2023-04-24 00:00:00,26.79,27.97,27.31,27.42,26.79,1993148153.5,0.015234,-0.013367
601318SS_2023-04-26T000000_BUY_COUNTDOWN_PROGRESS_1_2023-03-17T000000_11,2023-04-26 00:00:00,601318.SS,1d,COUNTDOWN,BUY_COUNTDOWN_PROGRESS,1,11,,,BUY_SETUP,True,2023-03-07 00:00:00,2023-03-17 00:00:00,41.84,41.84,2023-03-17 00:00:00,2023-03-24 00:00:00,2023-03-27 00:00:00,2023-03-28 00:00:00,2023-03-29 00:00:00,2023-03-30 00:00:00,2023-04-06 00:00:00,2023-04-13 00:00:00,2023-04-21 00:00:00,39.38,2023-04-24 00:00:00,2023-04-25 00:00:00,2023-04-26 00:00:00,,,2023-04-13 00:00:00,37.45,38.01,38.43,38.89,38.3,2644473835.0,0.019437,0.009721
601318SS_2023-04-27T000000_BUY_COUNTDOWN_CANCEL_1_2023-03-17T000000_11,2023-04-27 00:00:00,601318.SS,1d,COUNTDOWN,BUY_COUNTDOWN_CANCEL,1,11,,tdst_break_rule_4,BUY_SETUP,True,2023-03-07 00:00:00,2023-03-17 00:00:00,41.84,41.84,2023-03-17 00:00:00,2023-03-24 00:00:00,2023-03-27 00:00:00,2023-03-28 00:00:00,2023-03-29 00:00:00,2023-03-30 00:00:00,2023-04-06 00:00:00,2023-04-13 00:00:00,2023-04-21 00:00:00,39.38,2023-04-24 00:00:00,2023-04-25 00:00:00,2023-04-26 00:00:00,,,2023-04-13 00:00:00,37.45,38.01,43.01,43.01,39.45,3183685280.0,0.032837,0.128279
600036SS_2023-04-27T000000_BUY_COUNTDOWN_PROGRESS_1_2023-03-16T000000_11,2023-04-27 00:00:00,600036.SS,1d,COUNTDOWN,BUY_COUNTDOWN_PROGRESS,1,11,,,BUY_SETUP,True,2023-03-06 00:00:00,2023-03-16 00:00:00,31.51,31.51,2023-03-16 00:00:00,2023-03-17 00:00:00,2023-03-20 00:00:00,2023-03-27 00:00:00,2023-04-06 00:00:00,2023-04-11 00:00:00,2023-04-12 00:00:00,2023-04-20 00:00:00,2023-04-21 00:00:00,27.78,2023-04-24 00:00:00,2023-04-25 00:00:00,2023-04-27 00:00:00,,,2023-04-27 00:00:00,25.42,26.27,25.91,26.27,25.42,2167060883.5,0.017821,-0.062251
000651SZ_2023-05-04T000000_SELL_COUNTDOWN_CANCEL_-1_2023-04-19T000000_2,2023-05-04 00:00:00,000651.SZ,1d,COUNTDOWN,SELL_COUNTDOWN_CANCEL,-1,2,,tdst_break_rule_4,SELL_SETUP,True,2023-04-07 00:00:00,2023-04-19 00:00:00,33.86,29.34,2023-04-19 00:00:00,2023-04-20 00:00:00,2023-04-21 00:00:00,,,,,,,,,,,,,2023-04-20 00:00:00,33.18,34.58,28.1,29.18,28.09,2185192803.0,0.038303,-0.061456
600036SS_2023-05-10T000000_BUY_COUNTDOWN_PROGRESS_1_2023-03-16T000000_12,2023-05-10 00:00:00,600036.SS,1d,COUNTDOWN,BUY_COUNTDOWN_PROGRESS,1,12,,,BUY_SETUP,True,2023-03-06 00:00:00,2023-03-16 00:00:00,31.51,31.51,2023-03-16 00:00:00,2023-03-17 00:00:00,2023-03-20 00:00:00,2023-03-27 00:00:00,2023-04-06 00:00:00,2023-04-11 00:00:00,2023-04-12 00:00:00,2023-04-20 00:00:00,2023-04-21 00:00:00,27.78,2023-04-24 00:00:00,2023-04-25 00:00:00,2023-04-27 00:00:00,2023-05-10 00:00:00,,2023-04-27 00:00:00,25.42,26.27,27.68,28.4,27.57,2545090533.5,0.022787,0.005814
600036SS_2023-05-11T000000_BUY_COUNTDOWN_COMPLETE_PERFECT_1_2023-03-16T000000_13,2023-05-11 00:00:00,600036.SS,1d,COUNTDOWN,BUY_COUNTDOWN_COMPLETE_PERFECT,1,13,True,,BUY_SETUP,True,2023-03-06 00:00:00,2023-03-16 00:00:00,31.51,31.51,2023-03-16 00:00:00,2023-03-17 00:00:00,2023-03-20 00:00:00,2023-03-27 00:00:00,2023-04-06 00:00:00,2023-04-11 00:00:00,2023-04-12 00:00:00,2023-04-20 00:00:00,2023-04-21 00:00:00,27.78,2023-04-24 00:00:00,2023-04-25 00:00:00,2023-04-27 00:00:00,2023-05-10 00:00:00,2023-05-11 00:00:00,2023-04-27 00:00:00,25.42,26.27,27.73,28.61,27.68,2566069585.0,0.022339,0.026657
000651SZ_2023-05-11T000000_BUY_SETUP_PERFECT_1_2023-05-11T000000_9,2023-05-11 00:00:00,000651.SZ,1d,SETUP,BUY_SETUP_PERFECT,1,9,True,,BUY_SETUP,True,2023-04-26 00:00:00,2023-05-11 00:00:00,,,,,,,,,,,,,,,,,,,,,,,,2588909825.5,0.035349,-0.168017
000651SZ_2023-05-11T000000_BUY_COUNTDOWN_PROGRESS_1_2023-05-11T000000_1,2023-05-11 00:00:00,000651.SZ,1d,COUNTDOWN,BUY_COUNTDOWN_PROGRESS,1,1,,,BUY_SETUP,True,2023-04-26 00:00:00,2023-05-11 00:00:00,33.33,33.33,2023-05-11 00:00:00,2023-05-11 00:00:00,,,,,,,,,,,,,,2023-05-11 00:00:00,26.68,27.35,26.69,27.35,26.68,2588909825.5,0.035349,-0.168017
000651SZ_2023-05-16T000000_BUY_COUNTDOWN_PROGRESS_1_2023-05-11T000000_2,2023-05-16 00:00:00,000651.SZ,1d,COUNTDOWN,BUY_COUNTDOWN_PROGRESS,1,2,,,BUY_SETUP,True,2023-04-26 00:00:00,2023-05-11 00:00:00,33.33,33.33,2023-05-11 00:00:00,2023-05-11 00:00:00,2023-05-16 00:00:00,,,,,,,,,,,,,2023-05-16 00:00:00,26.41,27.08,26.54,27.08,26.41,2512657157.0,0.035585,-0.146075
600519SS_2023-05-18T000000_BUY_SETUP_PERFECT_1_2023-05-18T000000_9,2023-05-18 00:00:00,600519.SS,1d,SETUP,BUY_SETUP_PERFECT,1,9,True,,BUY_SETUP,True,2023-05-08 00:00:00,2023-05-18 00:00:00,,,,,,,,,,,,,,,,,,,,,,,,3826227700.0,0.008369,-0.041701
600519SS_2023-05-18T000000_BUY_COUNTDOWN_PROGRESS_1_2023-05-18T000000_1,2023-05-18 00:00:00,600519.SS,1d,COUNTDOWN,BUY_COUNTDOWN_PROGRESS,1,1,,,BUY_SETUP,True,2023-05-08 00:00:00,2023-05-18 00:00:00,1617.67,1617.67,2023-05-18 00:00:00,2023-05-18 00:00:00,,,,,,,,,,,,,,2023-05-18 00:00:00,1538.67,1554.07,1539.67,1554.07,1538.67,3826227700.0,0.008369,-0.041701
000651SZ_2023-05-24T000000_BUY_COUNTDOWN_PROGRESS_1_2023-05-11T000000_3,2023-05-24 00:00:00,000651.SZ,1d,COUNTDOWN,BUY_COUNTDOWN_PROGRESS,1,3,,,BUY_SETUP,True,2023-04-26 00:00:00,2023-05-11 00:00:00,33.33,33.33,2023-05-11 00:00:00,2023-05-11 00:00:00,2023-05-16 00:00:00,2023-05-24 00:00:00,,,,,,,,,,,,2023-05-16 00:00:00,26.41,27.08,27.17,27.88,27.08,2281937279.0,0.029332,-0.200177
600519SS_2023-05-25T000000_BUY_COUNTDOWN_PROGRESS_1_2023-05-18T000000_2,2023-05-25 00:00:00,600519.SS,1d,COUNTDOWN,BUY_COUNTDOWN_PROGRESS,1,2,,,BUY_SETUP,True,2023-05-08 00:00:00,2023-05-18 00:00:00,1617.67,1617.67,2023-05-18 00:00:00,2023-05-18 00:00:00,2023-05-25 00:00:00,,,,,,,,,,,,,2023-05-18 00:00:00,1538.67,1554.07,1549.67,1558.67,1538.67,4110029825.0,0.010207,-0.018606
000651SZ_2023-05-25T000000_BUY_COUNTDOWN_PROGRESS_1_2023-05-11T000000_4,2023-05-25 00:00:00,000651.SZ,1d,COUNTDOWN,BUY_COUNTDOWN_PROGRESS,1,4,,,BUY_SETUP,True,2023-04-26 00:00:00,2023-05-11 00:00:00,33.33,33.33,2023-05-11 00:00:00,2023-05-11 00:00:00,2023-05-16 00:00:00,2023-05-24 00:00:00,2023-05-25 00:00:00,,,,,,,,,,,2023-05-16 00:00:00,26.41,27.08,27.02,27.1,26.67,2201315631.5,0.029355,-0.193914
600519SS_2023-05-26T000000_BUY_COUNTDOWN_PROGRESS_1_2023-05-18T000000_3,2023-05-26 00:00:00,600519.SS,1d,COUNTDOWN,BUY_COUNTDOWN_PROGRESS,1,3,,,BUY_SETUP,True,2023-05-08 00:00:00,2023-05-18 00:00:00,1617.67,1617.67,2023-05-18 00:00:00,2023-05-18 00:00:00,2023-05-25 00:00:00,2023-05-26 00:00:00,,,,,,,,,,,,2023-05-26 00:00:00,1523.68,1553.67,1539.23,1553.67,1523.68,4087814905.0,0.010027,-0.033499
000651SZ_2023-05-26T000000_BUY_COUNTDOWN_PROGRESS_1_2023-05-11T000000_5,2023-05-26 00:00:00,000651.SZ,1d,COUNTDOWN,BUY_COUNTDOWN_PROGRESS,1,5,,,BUY_SETUP,True,2023-04-26 00:00:00,2023-05-11 00:00:00,33.33,33.33,2023-05-11 00:00:00,2023-05-11 00:00:00,2023-05-16 00:00:00,2023-05-24 00:00:00,2023-05-25 00:00:00,2023-05-26 00:00:00,,,,,,,,,,2023-05-16 00:00:00,26.41,27.08,27.08,27.15,26.59,2114010302.0,0.02929,-0.171359
600519SS_2023-05-29T000000_BUY_COUNTDOWN_PROGRESS_1_2023-05-18T000000_4,2023-05-29 00:00:00,600519.SS,1d,COUNTDOWN,BUY_COUNTDOWN_PROGRESS,1,4,,,BUY_SETUP,True,2023-05-08 00:00:00,2023-05-18 00:00:00,1617.67,1617.67,2023-05-18 00:00:00,2023-05-18 00:00:00,2023-05-25 00:00:00,2023-05-26 00:00:00,2023-05-29 00:00:00,,,,,,,,,,,2023-05-26 00:00:00,1523.68,1553.67,1537.67,1547.02,1526.67,3994648380.0,0.009719,-0.042898
600519SS_2023-05-30T000000_BUY_COUNTDOWN_PROGRESS_1_2023-05-18T000000_5,2023-05-30 00:00:00,600519.SS,1d,COUNTDOWN,BUY_COUNTDOWN_PROGRESS,1,5,,,BUY_SETUP,True,2023-05-08 00:00:00,2023-05-18 00:00:00,1617.67,1617.67,2023-05-18 00:00:00,2023-05-18 00:00:00,2023-05-25 00:00:00,2023-05-26 00:00:00,2023-05-29 00:00:00,2023-05-30 00:00:00,,,,,,,,,,2023-05-30 00:00:00,1507.23,1547.56,1516.96,1547.56,1507.23,3991388370.0,0.009983,-0.057315
000651SZ_2023-05-30T000000_BUY_COUNTDOWN_PROGRESS_1_2023-05-11T000000_6,2023-05-30 00:00:00,000651.SZ,1d,COUNTDOWN,BUY_COUNTDOWN_PROGRESS,1,6,,,BUY_SETUP,True,2023-04-26 00:00:00,2023-05-11 00:00:00,33.33,33.33,2023-05-11 00:00:00,2023-05-11 00:00:00,2023-05-16 00:00:00,2023-05-24 00:00:00,2023-05-25 00:00:00,2023-05-26 00:00:00,2023-05-30 00:00:00,,,,,,,,,2023-05-30 00:00:00,26.0,26.71,26.29,26.71,26.0,2058396791.5,0.029309,-0.178951
600519SS_2023-05-31T000000_BUY_COUNTDOWN_PROGRESS_1_2023-05-18T000000_6,2023-05-31 00:00:00,600519.SS,1d,COUNTDOWN,BUY_COUNTDOWN_PROGRESS,1,6,,,BUY_SETUP,True,2023-05-08 00:00:00,2023-05-18 00:00:00,1617.67,1617.67,2023-05-18 00:00:00,2023-05-18 00:00:00,2023-05-25 00:00:00,2023-05-26 00:00:00,2023-05-29 00:00:00,2023-05-30 00:00:00,2023-05-31 00:00:00,,,,,,,,,2023-05-31 00:00:00,1475.34,1514.39,1477.57,1514.39,1475.34,4062271025.0,0.011206,-0.075693
601318SS_2023-05-31T000000_BUY_SETUP_PERFECT_1_2023-05-31T000000_9,2023-05-31 00:00:00,601318.SS,1d,SETUP,BUY_SETUP_PERFECT,1,9,True,,BUY_SETUP,True,2023-05-19 00:00:00,2023-05-31 00:00:00,,,,,,,,,,,,,,,,,,,,,,,,4250207185.0,0.021638,-0.144584
601318SS_2023-05-31T000000_BUY_COUNTDOWN_PROGRESS_1_2023-05-31T000000_1,2023-05-31 00:00:00,601318.SS,1d,COUNTDOWN,BUY_COUNTDOWN_PROGRESS,1,1,,,BUY_SETUP,True,2023-05-19 00:00:00,2023-05-31 00:00:00,44.49,44.49,2023-05-31 00:00:00,2023-05-31 00:00:00,,,,,,,,,,,,,,2023-05-31 00:00:00,39.64,40.43,39.64,40.43,39.64,4250207185.0,0.021638,-0.144584
600036SS_2023-05-31T000000_BUY_SETUP_1_2023-05-31T000000_9,2023-05-31 00:00:00,600036.SS,1d,SETUP,BUY_SETUP,1,9,False,,BUY_SETUP,False,2023-05-19 00:00:00,2023-05-31 00:00:00,,,,,,,,,,,,,,,,,,,,,,,,1795294828.5,0.016707,-0.066764
600036SS_2023-05-31T000000_BUY_COUNTDOWN_PROGRESS_1_2023-05-31T000000_1,2023-05-31 00:00:00,600036.SS,1d,COUNTDOWN,BUY_COUNTDOWN_PROGRESS,1,1,,,BUY_SETUP,False,2023-05-19 00:00:00,2023-05-31 00:00:00,27.73,27.73,2023-05-31 00:00:00,2023-05-31 00:00:00,,,,,,,,,,,,,,2023-05-31 00:00:00,25.52,26.08,25.58,26.08,25.52,1795294828.5,0.016707,-0.066764
000651SZ_2023-05-31T000000_BUY_COUNTDOWN_PROGRESS_1_2023-05-11T000000_7,2023-05-31 00:00:00,000651.SZ,1d,COUNTDOWN,BUY_COUNTDOWN_PROGRESS,1,7,,,BUY_SETUP,True,2023-04-26 00:00:00,2023-05-11 00:00:00,33.33,33.33,2023-05-11 00:00:00,2023-05-11 00:00:00,2023-05-16 00:00:00,2023-05-24 00:00:00,2023-05-25 00:00:00,2023-05-26 00:00:00,2023-05-30 00:00:00,2023-05-31 00:00:00,,,,,,,,2023-05-31 00:00:00,25.4,26.35,25.66,26.35,25.4,2005484006.5,0.013258,-0.086833
600519SS_2023-06-01T000000_BUY_COUNTDOWN_PROGRESS_1_2023-05-18T000000_7,2023-06-01 00:00:00,600519.SS,1d,COUNTDOWN,BUY_COUNTDOWN_PROGRESS,1,7,,,BUY_SETUP,True,2023-05-08 00:00:00,2023-05-18 00:00:00,1617.67,1617.67,2023-05-18 00:00:00,2023-05-18 00:00:00,2023-05-25 00:00:00,2023-05-26 00:00:00,2023-05-29 00:00:00,2023-05-30 00:00:00,2023-05-31 00:00:00,2023-06-01 00:00:00,,,,,,,,2023-06-01 00:00:00,1466.67,1523.66,1484.59,1523.66,1466.67,4056757185.0,0.011345,-0.071359
600036SS_2023-06-01T000000_BUY_COUNTDOWN_PROGRESS_1_2023-05-31T000000_2,2023-06-01 00:00:00,600036.SS,1d,COUNTDOWN,BUY_COUNTDOWN_PROGRESS,1,2,,,BUY_SETUP,False,2023-05-19 00:00:00,2023-05-31 00:00:00,27.73,27.73,2023-05-31 00:00:00,2023-05-31 00:00:00,2023-06-01 00:00:00,,,,,,,,,,,,,2023-06-01 00:00:00,25.3,25.78,25.34,25.78,25.3,1748491428.5,0.01576,-0.094029
000651SZ_2023-06-01T000000_BUY_COUNTDOWN_PROGRESS_1_2023-05-11T000000_8,2023-06-01 00:00:00,000651.SZ,1d,COUNTDOWN,BUY_COUNTDOWN_PROGRESS,1,8,,,BUY_SETUP,True,2023-04-26 00:00:00,2023-05-11 00:00:00,33.33,33.33,2023-05-11 00:00:00,2023-05-11 00:00:00,2023-05-16 00:00:00,2023-05-24 00:00:00,2023-05-25 00:00:00,2023-05-26 00:00:00,2023-05-30 00:00:00,2023-05-31 00:00:00,2023-06-01 00:00:00,25.21,,,,,,2023-06-01 00:00:00,25.19,25.69,25.21,25.69,25.19,1697215421.5,0.013529,-0.094143
600519SS_2023-06-07T000000_BUY_COUNTDOWN_PROGRESS_1_2023-05-18T000000_8,2023-06-07 00:00:00,600519.SS,1d,COUNTDOWN,BUY_COUNTDOWN_PROGRESS,1,8,,,BUY_SETUP,True,2023-05-08 00:00:00,2023-05-18 00:00:00,1617.67,1617.67,2023-05-18 00:00:00,2023-05-18 00:00:00,2023-05-25 00:00:00,2023-05-26 00:00:00,2023-05-29 00:00:00,2023-05-30 00:00:00,2023-05-31 00:00:00,2023-06-01 00:00:00,2023-06-07 00:00:00,1499.57,,,,,,2023-06-01 00:00:00,1466.67,1523.66,1499.57,1527.47,1498.67,3814549750.0,0.012431,-0.042261
600036SS_2023-06-13T000000_BUY_COUNTDOWN_PROGRESS_1_2023-05-31T000000_3,2023-06-13 00:00:00,600036.SS,1d,COUNTDOWN,BUY_COUNTDOWN_PROGRESS,1,3,,,BUY_SETUP,False,2023-05-19 00:00:00,2023-05-31 00:00:00,27.73,27.73,2023-05-31 00:00:00,2023-05-31 00:00:00,2023-06-01 00:00:00,2023-06-13 00:00:00,,,,,,,,,,,,2023-06-01 00:00:00,25.3,25.78,27.01,27.22,26.78,1356737407.5,0.016158,-0.027718
000651SZ_2023-06-14T000000_SELL_SETUP_PERFECT_-1_2023-06-14T000000_9,2023-06-14 00:00:00,000651.SZ,1d,SETUP,SELL_SETUP_PERFECT,-1,9,True,,SELL_SETUP,True,2023-06-02 00:00:00,2023-06-14 00:00:00,,,,,,,,,,,,,,,,,,,,,,,,1500587395.5,0.021567,0.084382
000651SZ_2023-06-14T000000_BUY_COUNTDOWN_CANCEL_1_2023-05-11T000000_8,2023-06-14 00:00:00,000651.SZ,1d,COUNTDOWN,BUY_COUNTDOWN_CANCEL,1,8,,opposite_setup,BUY_SETUP,True,2023-04-26 00:00:00,2023-05-11 00:00:00,33.33,33.33,2023-05-11 00:00:00,2023-05-11 00:00:00,2023-05-16 00:00:00,2023-05-24 00:00:00,2023-05-25 00:00:00,2023-05-26 00:00:00,2023-05-30 00:00:00,2023-05-31 00:00:00,2023-06-01 00:00:00,25.21,,,,,,2023-06-01 00:00:00,25.19,25.69,29.3,29.76,28.83,1500587395.5,0.021567,0.084382
000651SZ_2023-06-14T000000_SELL_COUNTDOWN_PROGRESS_-1_2023-06-14T000000_1,2023-06-14 00:00:00,000651.SZ,1d,COUNTDOWN,SELL_COUNTDOWN_PROGRESS,-1,1,,,SELL_SETUP,True,2023-06-02 00:00:00,2023-06-14 00:00:00,29.76,25.4,2023-06-14 00:00:00,2023-06-14 00:00:00,,,,,,,,,,,,,,2023-06-14 00:00:00,28.83,29.76,29.3,29.76,28.83,1500587395.5,0.021567,0.084382
000651SZ_2023-06-15T000000_SELL_COUNTDOWN_PROGRESS_-1_2023-06-14T000000_2,2023-06-15 00:00:00,000651.SZ,1d,COUNTDOWN,SELL_COUNTDOWN_PROGRESS,-1,2,,,SELL_SETUP,True,2023-06-02 00:00:00,2023-06-14 00:00:00,29.76,25.4,2023-06-14 00:00:00,2023-06-14 00:00:00,2023-06-15 00:00:00,,,,,,,,,,,,,2023-06-14 00:00:00,28.83,29.76,29.72,29.92,29.34,1516733325.5,0.02147,0.080727
600519SS_2023-06-16T000000_BUY_COUNTDOWN_CANCEL_1_2023-05-18T000000_8,2023-06-16 00:00:00,600519.SS,1d,COUNTDOWN,BUY_COUNTDOWN_CANCEL,1,8,,tdst_break_rule_4,BUY_SETUP,True,2023-05-08 00:00:00,2023-05-18 00:00:00,1617.67,1617.67,2023-05-18 00:00:00,2023-05-18 00:00:00,2023-05-25 00:00:00,2023-05-26 00:00:00,2023-05-29 00:00:00,2023-05-30 00:00:00,2023-05-31 00:00:00,2023-06-01 00:00:00,2023-06-07 00:00:00,1499.57,,,,,,2023-06-01 00:00:00,1466.67,1523.66,1646.36,1648.67,1598.77,4027115180.0,0.013982,0.032414
000651SZ_2023-06-16T000000_SELL_COUNTDOWN_PROGRESS_-1_2023-06-14T000000_3,2023-06-16 00:00:00,000651.SZ,1d,COUNTDOWN,SELL_COUNTDOWN_PROGRESS,-1,3,,,SELL_SETUP,True,2023-06-02 00:00:00,2023-06-14 00:00:00,29.76,25.4,2023-06-14 00:00:00,2023-06-14 00:00:00,2023-06-15 00:00:00,2023-06-16 00:00:00,,,,,,,,,,,,2023-06-14 00:00:00,28.83,29.76,29.78,29.96,29.16,1531506205.5,0.021356,0.068149
601318SS_2023-06-19T000000_BUY_COUNTDOWN_PROGRESS_1_2023-05-31T000000_2,2023-06-19 00:00:00,601318.SS,1d,COUNTDOWN,BUY_COUNTDOWN_PROGRESS,1,2,,,BUY_SETUP,True,2023-05-19 00:00:00,2023-05-31 00:00:00,44.49,44.49,2023-05-31 00:00:00,2023-05-31 00:00:00,2023-06-19 00:00:00,,,,,,,,,,,,,2023-05-31 00:00:00,39.64,40.43,41.62,42.6,41.45,2676630795.0,0.016127,-0.021627
601318SS_2023-06-20T000000_BUY_COUNTDOWN_PROGRESS_1_2023-05-31T000000_3,2023-06-20 00:00:00,601318.SS,1d,COUNTDOWN,BUY_COUNTDOWN_PROGRESS,1,3,,,BUY_SETUP,True,2023-05-19 00:00:00,2023-05-31 00:00:00,44.49,44.49,2023-05-31 00:00:00,2023-05-31 00:00:00,2023-06-19 00:00:00,2023-06-20 00:00:00,,,,,,,,,,,,2023-05-31 00:00:00,39.64,40.43,41.01,41.87,40.92,2648242940.0,0.014593,-0.002432
600036SS_2023-06-20T000000_BUY_COUNTDOWN_PROGRESS_1_2023-05-31T000000_4,2023-06-20 00:00:00,600036.SS,1d,COUNTDOWN,BUY_COUNTDOWN_PROGRESS,1,4,,,BUY_SETUP,False,2023-05-19 00:00:00,2023-05-31 00:00:00,27.73,27.73,2023-05-31 00:00:00,2023-05-31 00:00:00,2023-06-01 00:00:00,2023-06-13 00:00:00,2023-06-20 00:00:00,,,,,,,,,,,2023-06-01 00:00:00,25.3,25.78,26.47,26.84,26.38,1351387610.5,0.014912,0.00992
601318SS_2023-06-21T000000_BUY_COUNTDOWN_PROGRESS_1_2023-05-31T000000_4,2023-06-21 00:00:00,601318.SS,1d,COUNTDOWN,BUY_COUNTDOWN_PROGRESS,1,4,,,BUY_SETUP,True,2023-05-19 00:00:00,2023-05-31 00:00:00,44.49,44.49,2023-05-31 00:00:00,2023-05-31 00:00:00,2023-06-19 00:00:00,2023-06-20 00:00:00,2023-06-21 00:00:00,,,,,,,,,,,2023-05-31 00:00:00,39.64,40.43,40.76,41.37,40.6,2562938855.0,0.014652,-0.006823
600036SS_2023-06-21T000000_BUY_COUNTDOWN_PROGRESS_1_2023-05-31T000000_5,2023-06-21 00:00:00,600036.SS,1d,COUNTDOWN,BUY_COUNTDOWN_PROGRESS,1,5,,,BUY_SETUP,False,2023-05-19 00:00:00,2023-05-31 00:00:00,27.73,27.73,2023-05-31 00:00:00,2023-05-31 00:00:00,2023-06-01 00:00:00,2023-06-13 00:00:00,2023-06-20 00:00:00,2023-06-21 00:00:00,,,,,,,,,,2023-06-01 00:00:00,25.3,25.78,26.45,26.92,26.28,1345613390.5,0.014152,0.029183
601318SS_2023-06-26T000000_BUY_COUNTDOWN_PROGRESS_1_2023-05-31T000000_5,2023-06-26 00:00:00,601318.SS,1d,COUNTDOWN,BUY_COUNTDOWN_PROGRESS,1,5,,,BUY_SETUP,True,2023-05-19 00:00:00,2023-05-31 00:00:00,44.49,44.49,2023-05-31 00:00:00,2023-05-31 00:00:00,2023-06-19 00:00:00,2023-06-20 00:00:00,2023-06-21 00:00:00,2023-06-26 00:00:00,,,,,,,,,,2023-05-31 00:00:00,39.64,40.43,40.05,40.49,39.82,2547518925.0,0.015139,-0.025073
600036SS_2023-06-26T000000_BUY_COUNTDOWN_PROGRESS_1_2023-05-31T000000_6,2023-06-26 00:00:00,600036.SS,1d,COUNTDOWN,BUY_COUNTDOWN_PROGRESS,1,6,,,BUY_SETUP,False,2023-05-19 00:00:00,2023-05-31 00:00:00,27.73,27.73,2023-05-31 00:00:00,2023-05-31 00:00:00,2023-06-01 00:00:00,2023-06-13 00:00:00,2023-06-20 00:00:00,2023-06-21 00:00:00,2023-06-26 00:00:00,,,,,,,,,2023-06-01 00:00:00,25.3,25.78,25.89,26.38,25.7,1301815390.5,0.014774,-0.004996
601318SS_2023-06-27T000000_BUY_COUNTDOWN_PROGRESS_1_2023-05-31T000000_6,2023-06-27 00:00:00,601318.SS,1d,COUNTDOWN,BUY_COUNTDOWN_PROGRESS,1,6,,,BUY_SETUP,True,2023-05-19 00:00:00,2023-05-31 00:00:00,44.49,44.49,2023-05-31 00:00:00,2023-05-31 00:00:00,2023-06-19 00:00:00,2023-06-20 00:00:00,2023-06-21 00:00:00,2023-06-26 00:00:00,2023-06-27 00:00:00,,,,,,,,,2023-05-31 00:00:00,39.64,40.43,40.42,40.75,39.87,2560835970.0,0.01517,-0.006391
600036SS_2023-06-27T000000_BUY_COUNTDOWN_PROGRESS_1_2023-05-31T000000_7,2023-06-27 00:00:00,600036.SS,1d,COUNTDOWN,BUY_COUNTDOWN_PROGRESS,1,7,,,BUY_SETUP,False,2023-05-19 00:00:00,2023-05-31 00:00:00,27.73,27.73,2023-05-31 00:00:00,2023-05-31 00:00:00,2023-06-01 00:00:00,2023-06-13 00:00:00,2023-06-20 00:00:00,2023-06-21 00:00:00,2023-06-26 00:00:00,2023-06-27 00:00:00,,,,,,,,2023-06-01 00:00:00,25.3,25.78,26.1,26.29,25.72,1310500496.5,0.014881,0.005006
000651SZ_2023-06-27T000000_SELL_COUNTDOWN_PROGRESS_-1_2023-06-14T000000_4,2023-06-27 00:00:00,000651.SZ,1d,COUNTDOWN,SELL_COUNTDOWN_PROGRESS,-1,4,,,SELL_SETUP,True,2023-06-02 00:00:00,2023-06-14 00:00:00,29.76,25.4,2023-06-14 00:00:00,2023-06-14 00:00:00,2023-06-15 00:00:00,2023-06-16 00:00:00,2023-06-27 00:00:00,,,,,,,,,,,2023-06-27 00:00:00,28.41,29.78,29.56,29.78,28.41,1644842281.5,0.023137,0.106702
000651SZ_2023-06-28T000000_SELL_COUNTDOWN_PROGRESS_-1_2023-06-14T000000_5,2023-06-28 00:00:00,000651.SZ,1d,COUNTDOWN,SELL_COUNTDOWN_PROGRESS,-1,5,,,SELL_SETUP,True,2023-06-02 00:00:00,2023-06-14 00:00:00,29.76,25.4,2023-06-14 00:00:00,2023-06-14 00:00:00,2023-06-15 00:00:00,2023-06-16 00:00:00,2023-06-27 00:00:00,2023-06-28 00:00:00,,,,,,,,,,2023-06-27 00:00:00,28.41,29.78,29.98,30.36,29.68,1694890737.0,0.022645,0.140358
601318SS_2023-07-06T000000_BUY_COUNTDOWN_PROGRESS_1_2023-05-31T000000_7,2023-07-06 00:00:00,601318.SS,1d,COUNTDOWN,BUY_COUNTDOWN_PROGRESS,1,7,,,BUY_SETUP,True,2023-05-19 00:00:00,2023-05-31 00:00:00,44.49,44.49,2023-05-31 00:00:00,2023-05-31 00:00:00,2023-06-19 00:00:00,2023-06-20 00:00:00,2023-06-21 00:00:00,2023-06-26 00:00:00,2023-06-27 00:00:00,2023-07-06 00:00:00,,,,,,,,2023-05-31 00:00:00,39.64,40.43,41.42,42.28,41.14,2182280246.0,0.014367,-0.005522
600036SS_2023-07-06T000000_BUY_COUNTDOWN_PROGRESS_1_2023-05-31T000000_8,2023-07-06 00:00:00,600036.SS,1d,COUNTDOWN,BUY_COUNTDOWN_PROGRESS,1,8,,,BUY_SETUP,False,2023-05-19 00:00:00,2023-05-31 00:00:00,27.73,27.73,2023-05-31 00:00:00,2023-05-31 00:00:00,2023-06-01 00:00:00,2023-06-13 00:00:00,2023-06-20 00:00:00,2023-06-21 00:00:00,2023-06-26 00:00:00,2023-06-27 00:00:00,2023-07-06 00:00:00,25.86,,,,,,2023-06-01 00:00:00,25.3,25.78,25.86,26.4,25.79,1216964927.5,0.015497,-0.027088
601318SS_2023-07-07T000000_BUY_COUNTDOWN_PROGRESS_1_2023-05-31T000000_8,2023-07-07 00:00:00,601318.SS,1d,COUNTDOWN,BUY_COUNTDOWN_PROGRESS,1,8,,,BUY_SETUP,True,2023-05-19 00:00:00,2023-05-31 00:00:00,44.49,44.49,2023-05-31 00:00:00,2023-05-31 00:00:00,2023-06-19 00:00:00,2023-06-20 00:00:00,2023-06-21 00:00:00,2023-06-26 00:00:00,2023-06-27 00:00:00,2023-07-06 00:00:00,2023-07-07 00:00:00,41.33,,,,,,2023-05-31 00:00:00,39.64,40.43,41.33,41.81,41.1,2163782221.0,0.013863,-0.023162
600036SS_2023-07-07T000000_BUY_COUNTDOWN_PROGRESS_1_2023-05-31T000000_9,2023-07-07 00:00:00,600036.SS,1d,COUNTDOWN,BUY_COUNTDOWN_PROGRESS,1,9,,,BUY_SETUP,False,2023-05-19 00:00:00,2023-05-31 00:00:00,27.73,27.73,2023-05-31 00:00:00,2023-05-31 00:00:00,2023-06-01 00:00:00,2023-06-13 00:00:00,2023-06-20 00:00:00,2023-06-21 00:00:00,2023-06-26 00:00:00,2023-06-27 00:00:00,2023-07-06 00:00:00,25.86,2023-07-07 00:00:00,,,,,2023-06-01 00:00:00,25.3,25.78,25.59,25.86,25.57,1236873855.5,0.013807,-0.064693
601318SS_2023-07-10T000000_BUY_COUNTDOWN_PROGRESS_1_2023-05-31T000000_9,2023-07-10 00:00:00,601318.SS,1d,COUNTDOWN,BUY_COUNTDOWN_PROGRESS,1,9,,,BUY_SETUP,True,2023-05-19 00:00:00,2023-05-31 00:00:00,44.49,44.49,2023-05-31 00:00:00,2023-05-31 00:00:00,2023-06-19 00:00:00,2023-06-20 00:00:00,2023-06-21 00:00:00,2023-06-26 00:00:00,2023-06-27 00:00:00,2023-07-06 00:00:00,2023-07-07 00:00:00,41.33,2023-07-10 00:00:00,,,,,2023-05-31 00:00:00,39.64,40.43,40.73,41.81,40.63,2108686981.0,0.014168,-0.033001
600036SS_2023-07-10T000000_BUY_COUNTDOWN_PROGRESS_1_2023-05-31T000000_10,2023-07-10 00:00:00,600036.SS,1d,COUNTDOWN,BUY_COUNTDOWN_PROGRESS,1,10,,,BUY_SETUP,False,2023-05-19 00:00:00,2023-05-31 00:00:00,27.73,27.73,2023-05-31 00:00:00,2023-05-31 00:00:00,2023-06-01 00:00:00,2023-06-13 00:00:00,2023-06-20 00:00:00,2023-06-21 00:00:00,2023-06-26 00:00:00,2023-06-27 00:00:00,2023-07-06 00:00:00,25.86,2023-07-07 00:00:00,2023-07-10 00:00:00,,,,2023-06-01 00:00:00,25.3,25.78,25.73,25.97,25.61,1188079424.5,0.013771,-0.047742
000651SZ_2023-07-11T000000_SELL_COUNTDOWN_PROGRESS_-1_2023-06-14T000000_6,2023-07-11 00:00:00,000651.SZ,1d,COUNTDOWN,SELL_COUNTDOWN_PROGRESS,-1,6,,,SELL_SETUP,True,2023-06-02 00:00:00,2023-06-14 00:00:00,29.76,25.4,2023-06-14 00:00:00,2023-06-14 00:00:00,2023-06-15 00:00:00,2023-06-16 00:00:00,2023-06-27 00:00:00,2023-06-28 00:00:00,2023-07-11 00:00:00,,,,,,,,,2023-06-27 00:00:00,28.41,29.78,29.77,29.88,29.26,1393474146.0,0.016539,0.035118
000651SZ_2023-07-12T000000_SELL_COUNTDOWN_PROGRESS_-1_2023-06-14T000000_7,2023-07-12 00:00:00,000651.SZ,1d,COUNTDOWN,SELL_COUNTDOWN_PROGRESS,-1,7,,,SELL_SETUP,True,2023-06-02 00:00:00,2023-06-14 00:00:00,29.76,25.4,2023-06-14 00:00:00,2023-06-14 00:00:00,2023-06-15 00:00:00,2023-06-16 00:00:00,2023-06-27 00:00:00,2023-06-28 00:00:00,2023-07-11 00:00:00,2023-07-12 00:00:00,,,,,,,,2023-06-27 00:00:00,28.41,29.78,29.9,30.23,29.58,1341890983.5,0.016538,0.04
000651SZ_2023-07-13T000000_SELL_COUNTDOWN_PROGRESS_-1_2023-06-14T000000_8,2023-07-13 00:00:00,000651.SZ,1d,COUNTDOWN,SELL_COUNTDOWN_PROGRESS,-1,8,,,SELL_SETUP,True,2023-06-02 00:00:00,2023-06-14 00:00:00,29.76,25.4,2023-06-14 00:00:00,2023-06-14 00:00:00,2023-06-15 00:00:00,2023-06-16 00:00:00,2023-06-27 00:00:00,2023-06-28 00:00:00,2023-07-11 00:00:00,2023-07-12 00:00:00,2023-07-13 00:00:00,29.9,,,,,,2023-06-27 00:00:00,28.41,29.78,29.9,30.31,29.73,1318815439.5,0.016052,0.020478
601318SS_2023-07-18T000000_BUY_COUNTDOWN_PROGRESS_1_2023-05-31T000000_10,2023-07-18 00:00:00,601318.SS,1d,COUNTDOWN,BUY_COUNTDOWN_PROGRESS,1,10,,,BUY_SETUP,True,2023-05-19 00:00:00,2023-05-31 00:00:00,44.49,44.49,2023-05-31 00:00:00,2023-05-31 00:00:00,2023-06-19 00:00:00,2023-06-20 00:00:00,2023-06-21 00:00:00,2023-06-26 00:00:00,2023-06-27 00:00:00,2023-07-06 00:00:00,2023-07-07 00:00:00,41.33,2023-07-10 00:00:00,2023-07-18 00:00:00,,,,2023-05-31 00:00:00,39.64,40.43,41.72,42.41,41.58,1932144381.5,0.015637,0.002403
600036SS_2023-07-18T000000_BUY_COUNTDOWN_PROGRESS_1_2023-05-31T000000_11,2023-07-18 00:00:00,600036.SS,1d,COUNTDOWN,BUY_COUNTDOWN_PROGRESS,1,11,,,BUY_SETUP,False,2023-05-19 00:00:00,2023-05-31 00:00:00,27.73,27.73,2023-05-31 00:00:00,2023-05-31 00:00:00,2023-06-01 00:00:00,2023-06-13 00:00:00,2023-06-20 00:00:00,2023-06-21 00:00:00,2023-06-26 00:00:00,2023-06-27 00:00:00,2023-07-06 00:00:00,25.86,2023-07-07 00:00:00,2023-07-10 00:00:00,2023-07-18 00:00:00,,,2023-06-01 00:00:00,25.3,25.78,26.48,26.79,26.41,1206304393.0,0.014539,-0.014147
601318SS_2023-07-19T000000_BUY_COUNTDOWN_PROGRESS_1_2023-05-31T000000_11,2023-07-19 00:00:00,601318.SS,1d,COUNTDOWN,BUY_COUNTDOWN_PROGRESS,1,11,,,BUY_SETUP,True,2023-05-19 00:00:00,2023-05-31 00:00:00,44.49,44.49,2023-05-31 00:00:00,2023-05-31 00:00:00,2023-06-19 00:00:00,2023-06-20 00:00:00,2023-06-21 00:00:00,2023-06-26 00:00:00,2023-06-27 00:00:00,2023-07-06 00:00:00,2023-07-07 00:00:00,41.33,2023-07-10 00:00:00,2023-07-18 00:00:00,2023-07-19 00:00:00,,,2023-05-31 00:00:00,39.64,40.43,41.89,41.98,41.42,1855350196.5,0.015253,0.021458
000651SZ_2023-07-19T000000_SELL_COUNTDOWN_PROGRESS_-1_2023-06-14T000000_9,2023-07-19 00:00:00,000651.SZ,1d,COUNTDOWN,SELL_COUNTDOWN_PROGRESS,-1,9,,,SELL_SETUP,True,2023-06-02 00:00:00,2023-06-14 00:00:00,29.76,25.4,2023-06-14 00:00:00,2023-06-14 00:00:00,2023-06-15 00:00:00,2023-06-16 00:00:00,2023-06-27 00:00:00,2023-06-28 00:00:00,2023-07-11 00:00:00,2023-07-12 00:00:00,2023-07-13 00:00:00,29.9,2023-07-19 00:00:00,,,,,2023-06-27 00:00:00,28.41,29.78,30.19,30.26,29.84,1115554895.5,0.014028,0.039243
601318SS_2023-07-20T000000_BUY_COUNTDOWN_PROGRESS_1_2023-05-31T000000_12,2023-07-20 00:00:00,601318.SS,1d,COUNTDOWN,BUY_COUNTDOWN_PROGRESS,1,12,,,BUY_SETUP,True,2023-05-19 00:00:00,2023-05-31 00:00:00,44.49,44.49,2023-05-31 00:00:00,2023-05-31 00:00:00,2023-06-19 00:00:00,2023-06-20 00:00:00,2023-06-21 00:00:00,2023-06-26 00:00:00,2023-06-27 00:00:00,2023-07-06 00:00:00,2023-07-07 00:00:00,41.33,2023-07-10 00:00:00,2023-07-18 00:00:00,2023-07-19 00:00:00,2023-07-20 00:00:00,,2023-05-31 00:00:00,39.64,40.43,41.54,42.32,41.44,1782635391.5,0.015318,0.019136
601318SS_2023-07-21T000000_BUY_COUNTDOWN_COMPLETE_PERFECT_1_2023-05-31T000000_13,2023-07-21 00:00:00,601318.SS,1d,COUNTDOWN,BUY_COUNTDOWN_COMPLETE_PERFECT,1,13,True,,BUY_SETUP,True,2023-05-19 00:00:00,2023-05-31 00:00:00,44.49,44.49,2023-05-31 00:00:00,2023-05-31 00:00:00,2023-06-19 00:00:00,2023-06-20 00:00:00,2023-06-21 00:00:00,2023-06-26 00:00:00,2023-06-27 00:00:00,2023-07-06 00:00:00,2023-07-07 00:00:00,41.33,2023-07-10 00:00:00,2023-07-18 00:00:00,2023-07-19 00:00:00,2023-07-20 00:00:00,2023-07-21 00:00:00,2023-05-31 00:00:00,39.64,40.43,41.09,41.87,40.92,1798790021.5,0.014965,0.025968
600036SS_2023-07-24T000000_BUY_COUNTDOWN_PROGRESS_1_2023-05-31T000000_12,2023-07-24 00:00:00,600036.SS,1d,COUNTDOWN,BUY_COUNTDOWN_PROGRESS,1,12,,,BUY_SETUP,False,2023-05-19 00:00:00,2023-05-31 00:00:00,27.73,27.73,2023-05-31 00:00:00,2023-05-31 00:00:00,2023-06-01 00:00:00,2023-06-13 00:00:00,2023-06-20 00:00:00,2023-06-21 00:00:00,2023-06-26 00:00:00,2023-06-27 00:00:00,2023-07-06 00:00:00,25.86,2023-07-07 00:00:00,2023-07-10 00:00:00,2023-07-18 00:00:00,2023-07-24 00:00:00,,2023-06-01 00:00:00,25.3,25.78,26.47,26.75,26.42,1135276707.0,0.013593,0.014176
600036SS_2023-07-25T000000_BUY_COUNTDOWN_CANCEL_1_2023-05-31T000000_12,2023-07-25 00:00:00,600036.SS,1d,COUNTDOWN,BUY_COUNTDOWN_CANCEL,1,12,,tdst_break_rule_4,BUY_SETUP,False,2023-05-19 00:00:00,2023-05-31 00:00:00,27.73,27.73,2023-05-31 00:00:00,2023-05-31 00:00:00,2023-06-01 00:00:00,2023-06-13 00:00:00,2023-06-20 00:00:00,2023-06-21 00:00:00,2023-06-26 00:00:00,2023-06-27 00:00:00,2023-07-06 00:00:00,25.86,2023-07-07 00:00:00,2023-07-10 00:00:00,2023-07-18 00:00:00,2023-07-24 00:00:00,,2023-06-01 00:00:00,25.3,25.78,28.29,28.37,27.02,1286643851.5,0.020354,0.07444
000651SZ_2023-07-25T000000_SELL_COUNTDOWN_PROGRESS_-1_2023-06-14T000000_10,2023-07-25 00:00:00,000651.SZ,1d,COUNTDOWN,SELL_COUNTDOWN_PROGRESS,-1,10,,,SELL_SETUP,True,2023-06-02 00:00:00,2023-06-14 00:00:00,29.76,25.4,2023-06-14 00:00:00,2023-06-14 00:00:00,2023-06-15 00:00:00,2023-06-16 00:00:00,2023-06-27 00:00:00,2023-06-28 00:00:00,2023-07-11 00:00:00,2023-07-12 00:00:00,2023-07-13 00:00:00,29.9,2023-07-19 00:00:00,2023-07-25 00:00:00,,,,2023-06-27 00:00:00,28.41,29.78,31.38,31.56,29.67,1053738761.5,0.020193,0.046698
000651SZ_2023-07-26T000000_SELL_COUNTDOWN_PROGRESS_-1_2023-06-14T000000_11,2023-07-26 00:00:00,000651.SZ,1d,COUNTDOWN,SELL_COUNTDOWN_PROGRESS,-1,11,,,SELL_SETUP,True,2023-06-02 00:00:00,2023-06-14 00:00:00,29.76,25.4,2023-06-14 00:00:00,2023-06-14 00:00:00,2023-06-15 00:00:00,2023-06-16 00:00:00,2023-06-27 00:00:00,2023-06-28 00:00:00,2023-07-11 00:00:00,2023-07-12 00:00:00,2023-07-13 00:00:00,29.9,2023-07-19 00:00:00,2023-07-25 00:00:00,2023-07-26 00:00:00,,,2023-06-27 00:00:00,28.41,29.78,31.54,31.72,31.19,1019776902.0,0.01966,0.070241
600519SS_2023-08-02T000000_SELL_SETUP_-1_2023-08-02T000000_9,2023-08-02 00:00:00,600519.SS,1d,SETUP,SELL_SETUP,-1,9,False,,SELL_SETUP,False,2023-07-21 00:00:00,2023-08-02 00:00:00,,,,,,,,,,,,,,,,,,,,,,,,3916142435.0,0.013616,0.112211
600519SS_2023-08-04T000000_SELL_COUNTDOWN_PROGRESS_-1_2023-08-02T000000_1,2023-08-04 00:00:00,600519.SS,1d,COUNTDOWN,SELL_COUNTDOWN_PROGRESS,-1,1,,,SELL_SETUP,False,2023-07-21 00:00:00,2023-08-02 00:00:00,1809.58,1600.58,2023-08-02 00:00:00,2023-08-04 00:00:00,,,,,,,,,,,,,,2023-08-04 00:00:00,1756.58,1781.1,1768.05,1781.1,1756.58,4092441630.0,0.013327,0.122229
000858SZ_2023-08-14T000000_BUY_SETUP_PERFECT_1_2023-08-14T000000_9,2023-08-14 00:00:00,000858.SZ,1d,SETUP,BUY_SETUP_PERFECT,1,9,True,,BUY_SETUP,True,2023-08-02 00:00:00,2023-08-14 00:00:00,,,,,,,,,,,,,,,,,,,,,,,,3113794099.0,0.018591,0.001416
000858SZ_2023-08-14T000000_BUY_COUNTDOWN_PROGRESS_1_2023-08-14T000000_1,2023-08-14 00:00:00,000858.SZ,1d,COUNTDOWN,BUY_COUNTDOWN_PROGRESS,1,1,,,BUY_SETUP,True,2023-08-02 00:00:00,2023-08-14 00:00:00,169.51,169.51,2023-08-14 00:00:00,2023-08-14 00:00:00,,,,,,,,,,,,,,2023-08-14 00:00:00,153.01,157.34,155.63,157.34,153.01,3113794099.0,0.018591,0.001416
000858SZ_2023-08-15T000000_BUY_COUNTDOWN_PROGRESS_1_2023-08-14T000000_2,2023-08-15 00:00:00,000858.SZ,1d,COUNTDOWN,BUY_COUNTDOWN_PROGRESS,1,2,,,BUY_SETUP,True,2023-08-02 00:00:00,2023-08-14 00:00:00,169.51,169.51,2023-08-14 00:00:00,2023-08-14 00:00:00,2023-08-15 00:00:00,,,,,,,,,,,,,2023-08-15 00:00:00,152.7,155.91,153.51,155.91,152.7,3184902739.0,0.018847,-0.011717
000651SZ_2023-08-15T000000_BUY_SETUP_PERFECT_1_2023-08-15T000000_9,2023-08-15 00:00:00,000651.SZ,1d,SETUP,BUY_SETUP_PERFECT,1,9,True,,BUY_SETUP,True,2023-08-03 00:00:00,2023-08-15 00:00:00,,,,,,,,,,,,,,,,,,,,,,,,1046610658.5,0.019479,-0.025505
000651SZ_2023-08-15T000000_SELL_COUNTDOWN_CANCEL_-1_2023-06-14T000000_11,2023-08-15 00:00:00,000651.SZ,1d,COUNTDOWN,SELL_COUNTDOWN_CANCEL,-1,11,,opposite_setup,SELL_SETUP,True,2023-06-02 00:00:00,2023-06-14 00:00:00,29.76,25.4,2023-06-14 00:00:00,2023-06-14 00:00:00,2023-06-15 00:00:00,2023-06-16 00:00:00,2023-06-27 00:00:00,2023-06-28 00:00:00,2023-07-11 00:00:00,2023-07-12 00:00:00,2023-07-13 00:00:00,29.9,2023-07-19 00:00:00,2023-07-25 00:00:00,2023-07-26 00:00:00,,,2023-06-27 00:00:00,28.41,29.78,29.42,29.73,29.2,1046610658.5,0.019479,-0.025505
000651SZ_2023-08-15T000000_BUY_COUNTDOWN_PROGRESS_1_2023-08-15T000000_1,2023-08-15 00:00:00,000651.SZ,1d,COUNTDOWN,BUY_COUNTDOWN_PROGRESS,1,1,,,BUY_SETUP,True,2023-08-03 00:00:00,2023-08-15 00:00:00,31.76,31.76,2023-08-15 00:00:00,2023-08-15 00:00:00,,,,,,,,,,,,,,2023-08-15 00:00:00,29.2,29.73,29.42,29.73,29.2,1046610658.5,0.019479,-0.025505
601318SS_2023-08-16T000000_BUY_SETUP_PERFECT_1_2023-08-16T000000_9,2023-08-16 00:00:00,601318.SS,1d,SETUP,BUY_SETUP_PERFECT,1,9,True,,BUY_SETUP,True,2023-08-04 00:00:00,2023-08-16 00:00:00,,,,,,,,,,,,,,,,,,,,,,,,3339846425.0,0.024355,0.022388
600519SS_2023-08-17T000000_SELL_COUNTDOWN_PROGRESS_-1_2023-08-02T000000_2,2023-08-17 00:00:00,600519.SS,1d,COUNTDOWN,SELL_COUNTDOWN_PROGRESS,-1,2,,,SELL_SETUP,False,2023-07-21 00:00:00,2023-08-02 00:00:00,1809.58,1600.58,2023-08-02 00:00:00,2023-08-04 00:00:00,2023-08-17 00:00:00,,,,,,,,,,,,,2023-08-17 00:00:00,1676.13,1708.58,1702.63,1708.58,1676.13,4478638475.0,0.013793,0.03448
601318SS_2023-08-17T000000_BUY_COUNTDOWN_PROGRESS_1_2023-08-16T000000_1,2023-08-17 00:00:00,601318.SS,1d,COUNTDOWN,BUY_COUNTDOWN_PROGRESS,1,1,,,BUY_SETUP,True,2023-08-04 00:00:00,2023-08-16 00:00:00,47.97,47.97,2023-08-16 00:00:00,2023-08-17 00:00:00,,,,,,,,,,,,,,2023-08-17 00:00:00,41.45,42.3,42.03,42.3,41.45,3410596180.0,0.024343,0.022877
000858SZ_2023-08-18T000000_BUY_COUNTDOWN_PROGRESS_1_2023-08-14T000000_3,2023-08-18 00:00:00,000858.SZ,1d,COUNTDOWN,BUY_COUNTDOWN_PROGRESS,1,3,,,BUY_SETUP,True,2023-08-02 00:00:00,2023-08-14 00:00:00,169.51,169.51,2023-08-14 00:00:00,2023-08-14 00:00:00,2023-08-15 00:00:00,2023-08-18 00:00:00,,,,,,,,,,,,2023-08-18 00:00:00,150.51,155.69,150.54,155.69,150.51,3311130525.0,0.019691,-0.037283
601318SS_2023-08-18T000000_BUY_COUNTDOWN_PROGRESS_1_2023-08-16T000000_2,2023-08-18 00:00:00,601318.SS,1d,COUNTDOWN,BUY_COUNTDOWN_PROGRESS,1,2,,,BUY_SETUP,True,2023-08-04 00:00:00,2023-08-16 00:00:00,47.97,47.97,2023-08-16 00:00:00,2023-08-17 00:00:00,2023-08-18 00:00:00,,,,,,,,,,,,,2023-08-17 00:00:00,41.45,42.3,41.64,43.12,41.64,3458478870.0,0.02436,0.022091
000858SZ_2023-08-21T000000_BUY_COUNTDOWN_PROGRESS_1_2023-08-14T000000_4,2023-08-21 00:00:00,000858.SZ,1d,COUNTDOWN,BUY_COUNTDOWN_PROGRESS,1,4,,,BUY_SETUP,True,2023-08-02 00:00:00,2023-08-14 00:00:00,169.51,169.51,2023-08-14 00:00:00,2023-08-14 00:00:00,2023-08-15 00:00:00,2023-08-18 00:00:00,2023-08-21 00:00:00,,,,,,,,,,,2023-08-21 00:00:00,148.39,151.37,148.98,151.37,148.39,3333835980.0,0.01192,-0.105279
601318SS_2023-08-21T000000_BUY_COUNTDOWN_PROGRESS_1_2023-08-16T000000_3,2023-08-21 00:00:00,601318.SS,1d,COUNTDOWN,BUY_COUNTDOWN_PROGRESS,1,3,,,BUY_SETUP,True,2023-08-04 00:00:00,2023-08-16 00:00:00,47.97,47.97,2023-08-16 00:00:00,2023-08-17 00:00:00,2023-08-18 00:00:00,2023-08-21 00:00:00,,,,,,,,,,,,2023-08-21 00:00:00,40.79,41.61,40.79,41.61,40.79,3532194495.0,0.018262,-0.065949
600036SS_2023-08-21T000000_BUY_SETUP_PERFECT_1_2023-08-21T000000_9,2023-08-21 00:00:00,600036.SS,1d,SETUP,BUY_SETUP_PERFECT,1,9,True,,BUY_SETUP,True,2023-08-09 00:00:00,2023-08-21 00:00:00,,,,,,,,,,,,,,,,,,,,,,,,2305319614.5,0.020098,-0.075645
600036SS_2023-08-21T000000_BUY_COUNTDOWN_PROGRESS_1_2023-08-21T000000_1,2023-08-21 00:00:00,600036.SS,1d,COUNTDOWN,BUY_COUNTDOWN_PROGRESS,1,1,,,BUY_SETUP,True,2023-08-09 00:00:00,2023-08-21 00:00:00,29.49,29.49,2023-08-21 00:00:00,2023-08-21 00:00:00,,,,,,,,,,,,,,2023-08-21 00:00:00,26.15,26.86,26.15,26.86,26.15,2305319614.5,0.020098,-0.075645
000651SZ_2023-08-21T000000_BUY_COUNTDOWN_PROGRESS_1_2023-08-15T000000_2,2023-08-21 00:00:00,000651.SZ,1d,COUNTDOWN,BUY_COUNTDOWN_PROGRESS,1,2,,,BUY_SETUP,True,2023-08-03 00:00:00,2023-08-15 00:00:00,31.76,31.76,2023-08-15 00:00:00,2023-08-15 00:00:00,2023-08-21 00:00:00,,,,,,,,,,,,,2023-08-21 00:00:00,28.29,29.27,28.29,29.27,28.29,1054896541.0,0.011705,-0.09847
600519SS_2023-08-22T000000_BUY_SETUP_PERFECT_1_2023-08-22T000000_9,2023-08-22 00:00:00,600519.SS,1d,SETUP,BUY_SETUP_PERFECT,1,9,True,,BUY_SETUP,True,2023-08-10 00:00:00,2023-08-22 00:00:00,,,,,,,,,,,,,,,,,,,,,,,,4129022200.0,0.011949,-0.023809
600519SS_2023-08-22T000000_SELL_COUNTDOWN_CANCEL_-1_2023-08-02T000000_2,2023-08-22 00:00:00,600519.SS,1d,COUNTDOWN,SELL_COUNTDOWN_CANCEL,-1,2,,opposite_setup,SELL_SETUP,False,2023-07-21 00:00:00,2023-08-02 00:00:00,1809.58,1600.58,2023-08-02 00:00:00,2023-08-04 00:00:00,2023-08-17 00:00:00,,,,,,,,,,,,,2023-08-17 00:00:00,1676.13,1708.58,1662.58,1677.14,1645.6,4129022200.0,0.011949,-0.023809
600519SS_2023-08-22T000000_BUY_COUNTDOWN_PROGRESS_1_2023-08-22T000000_1,2023-08-22 00:00:00,600519.SS,1d,COUNTDOWN,BUY_COUNTDOWN_PROGRESS,1,1,,,BUY_SETUP,True,2023-08-10 00:00:00,2023-08-22 00:00:00,1763.58,1763.58,2023-08-22 00:00:00,2023-08-22 00:00:00,,,,,,,,,,,,,,2023-08-22 00:00:00,1645.6,1677.14,1662.58,1677.14,1645.6,4129022200.0,0.011949,-0.023809
000858SZ_2023-08-22T000000_BUY_COUNTDOWN_PROGRESS_1_2023-08-14T000000_5,2023-08-22 00:00:00,000858.SZ,1d,COUNTDOWN,BUY_COUNTDOWN_PROGRESS,1,5,,,BUY_SETUP,True,2023-08-02 00:00:00,2023-08-14 00:00:00,169.51,169.51,2023-08-14 00:00:00,2023-08-14 00:00:00,2023-08-15 00:00:00,2023-08-18 00:00:00,2023-08-21 00:00:00,2023-08-22 00:00:00,,,,,,,,,,2023-08-22 00:00:00,147.49,150.51,149.16,150.51,147.49,3067398580.0,0.011969,-0.094958
601318SS_2023-08-22T000000_BUY_COUNTDOWN_PROGRESS_1_2023-08-16T000000_4,2023-08-22 00:00:00,601318.SS,1d,COUNTDOWN,BUY_COUNTDOWN_PROGRESS,1,4,,,BUY_SETUP,True,2023-08-04 00:00:00,2023-08-16 00:00:00,47.97,47.97,2023-08-16 00:00:00,2023-08-17 00:00:00,2023-08-18 00:00:00,2023-08-21 00:00:00,2023-08-22 00:00:00,,,,,,,,,,,2023-08-22 00:00:00,40.59,41.42,41.12,41.42,40.59,3308359850.0,0.018441,-0.056448
600036SS_2023-08-22T000000_BUY_COUNTDOWN_PROGRESS_1_2023-08-21T000000_2,2023-08-22 00:00:00,600036.SS,1d,COUNTDOWN,BUY_COUNTDOWN_PROGRESS,1,2,,,BUY_SETUP,True,2023-08-09 00:00:00,2023-08-21 00:00:00,29.49,29.49,2023-08-21 00:00:00,2023-08-21 00:00:00,2023-08-22 00:00:00,,,,,,,,,,,,,2023-08-22 00:00:00,26.02,26.49,26.34,26.49,26.02,2191179439.5,0.020201,-0.071554
000651SZ_2023-08-22T000000_BUY_COUNTDOWN_PROGRESS_1_2023-08-15T000000_3,2023-08-22 00:00:00,000651.SZ,1d,COUNTDOWN,BUY_COUNTDOWN_PROGRESS,1,3,,,BUY_SETUP,True,2023-08-03 00:00:00,2023-08-15 00:00:00,31.76,31.76,2023-08-15 00:00:00,2023-08-15 00:00:00,2023-08-21 00:00:00,2023-08-22 00:00:00,,,,,,,,,,,,2023-08-22 00:00:00,28.02,28.67,28.18,28.67,28.02,966071427.5,0.011451,-0.106531
600519SS_2023-08-23T000000_BUY_COUNTDOWN_PROGRESS_1_2023-08-22T000000_2,2023-08-23 00:00:00,600519.SS,1d,COUNTDOWN,BUY_COUNTDOWN_PROGRESS,1,2,,,BUY_SETUP,True,2023-08-10 00:00:00,2023-08-22 00:00:00,1763.58,1763.58,2023-08-22 00:00:00,2023-08-22 00:00:00,2023-08-23 00:00:00,,,,,,,,,,,,,2023-08-23 00:00:00,1644.66,1674.58,1648.58,1674.58,1644.66,4127822555.0,0.01194,-0.037387
000858SZ_2023-08-23T000000_BUY_COUNTDOWN_PROGRESS_1_2023-08-14T000000_6,2023-08-23 00:00:00,000858.SZ,1d,COUNTDOWN,BUY_COUNTDOWN_PROGRESS,1,6,,,BUY_SETUP,True,2023-08-02 00:00:00,2023-08-14 00:00:00,169.51,169.51,2023-08-14 00:00:00,2023-08-14 00:00:00,2023-08-15 00:00:00,2023-08-18 00:00:00,2023-08-21 00:00:00,2023-08-22 00:00:00,2023-08-23 00:00:00,,,,,,,,,2023-08-23 00:00:00,147.01,149.15,147.02,149.15,147.01,3030204095.0,0.01193,-0.111501
601318SS_2023-08-23T000000_BUY_COUNTDOWN_PROGRESS_1_2023-08-16T000000_5,2023-08-23 00:00:00,601318.SS,1d,COUNTDOWN,BUY_COUNTDOWN_PROGRESS,1,5,,,BUY_SETUP,True,2023-08-04 00:00:00,2023-08-16 00:00:00,47.97,47.97,2023-08-16 00:00:00,2023-08-17 00:00:00,2023-08-18 00:00:00,2023-08-21 00:00:00,2023-08-22 00:00:00,2023-08-23 00:00:00,,,,,,,,,,2023-08-23 00:00:00,40.51,41.22,40.58,41.22,40.51,3292511420.0,0.018328,-0.077727
600036SS_2023-08-23T000000_BUY_COUNTDOWN_PROGRESS_1_2023-08-21T000000_3,2023-08-23 00:00:00,600036.SS,1d,COUNTDOWN,BUY_COUNTDOWN_PROGRESS,1,3,,,BUY_SETUP,True,2023-08-09 00:00:00,2023-08-21 00:00:00,29.49,29.49,2023-08-21 00:00:00,2023-08-21 00:00:00,2023-08-22 00:00:00,2023-08-23 00:00:00,,,,,,,,,,,,2023-08-23 00:00:00,25.87,26.46,25.87,26.46,25.87,2194663814.5,0.020141,-0.097663
000651SZ_2023-08-23T000000_BUY_COUNTDOWN_PROGRESS_1_2023-08-15T000000_4,2023-08-23 00:00:00,000651.SZ,1d,COUNTDOWN,BUY_COUNTDOWN_PROGRESS,1,4,,,BUY_SETUP,True,2023-08-03 00:00:00,2023-08-15 00:00:00,31.76,31.76,2023-08-15 00:00:00,2023-08-15 00:00:00,2023-08-21 00:00:00,2023-08-22 00:00:00,2023-08-23 00:00:00,,,,,,,,,,,2023-08-23 00:00:00,27.87,28.5,27.91,28.5,27.87,940887253.5,0.010909,-0.095886
000858SZ_2023-08-28T000000_BUY_COUNTDOWN_PROGRESS_1_2023-08-14T000000_7,2023-08-28 00:00:00,000858.SZ,1d,COUNTDOWN,BUY_COUNTDOWN_PROGRESS,1,7,,,BUY_SETUP,True,2023-08-02 00:00:00,2023-08-14 00:00:00,169.51,169.51,2023-08-14 00:00:00,2023-08-14 00:00:00,2023-08-15 00:00:00,2023-08-18 00:00:00,2023-08-21 00:00:00,2023-08-22 00:00:00,2023-08-23 00:00:00,2023-08-28 00:00:00,,,,,,,,2023-08-28 00:00:00,144.02,156.0,144.5,156.0,144.02,2956382645.0,0.01266,-0.13416
000858SZ_2023-08-29T000000_BUY_COUNTDOWN_PROGRESS_1_2023-08-14T000000_8,2023-08-29 00:00:00,000858.SZ,1d,COUNTDOWN,BUY_COUNTDOWN_PROGRESS,1,8,,,BUY_SETUP,True,2023-08-02 00:00:00,2023-08-14 00:00:00,169.51,169.51,2023-08-14 00:00:00,2023-08-14 00:00:00,2023-08-15 00:00:00,2023-08-18 00:00:00,2023-08-21 00:00:00,2023-08-22 00:00:00,2023-08-23 00:00:00,2023-08-28 00:00:00,2023-08-29 00:00:00,146.41,,,,,,2023-08-29 00:00:00,142.34,147.11,146.41,147.11,142.34,2968207050.0,0.013429,-0.112613
600036SS_2023-08-30T000000_BUY_COUNTDOWN_PROGRESS_1_2023-08-21T000000_4,2023-08-30 00:00:00,600036.SS,1d,COUNTDOWN,BUY_COUNTDOWN_PROGRESS,1,4,,,BUY_SETUP,True,2023-08-09 00:00:00,2023-08-21 00:00:00,29.49,29.49,2023-08-21 00:00:00,2023-08-21 00:00:00,2023-08-22 00:00:00,2023-08-23 00:00:00,2023-08-30 00:00:00,,,,,,,,,,,2023-08-23 00:00:00,25.87,26.46,26.68,27.21,26.57,2018873432.0,0.015165,-0.101684
600036SS_2023-08-31T000000_BUY_COUNTDOWN_PROGRESS_1_2023-08-21T000000_5,2023-08-31 00:00:00,600036.SS,1d,COUNTDOWN,BUY_COUNTDOWN_PROGRESS,1,5,,,BUY_SETUP,True,2023-08-09 00:00:00,2023-08-21 00:00:00,29.49,29.49,2023-08-21 00:00:00,2023-08-21 00:00:00,2023-08-22 00:00:00,2023-08-23 00:00:00,2023-08-30 00:00:00,2023-08-31 00:00:00,,,,,,,,,,2023-08-23 00:00:00,25.87,26.46,26.57,27.1,26.51,2011104917.0,0.014894,-0.111371
600519SS_2023-09-05T000000_SELL_SETUP_PERFECT_-1_2023-09-05T000000_9,2023-09-05 00:00:00,600519.SS,1d,SETUP,SELL_SETUP_PERFECT,-1,9,True,,SELL_SETUP,True,2023-08-24 00:00:00,2023-09-05 00:00:00,,,,,,,,,,,,,,,,,,,,,,,,3829730980.0,0.011008,-0.017894
600519SS_2023-09-05T000000_BUY_COUNTDOWN_CANCEL_1_2023-08-22T000000_2,2023-09-05 00:00:00,600519.SS,1d,COUNTDOWN,BUY_COUNTDOWN_CANCEL,1,2,,opposite_setup,BUY_SETUP,True,2023-08-10 00:00:00,2023-08-22 00:00:00,1763.58,1763.58,2023-08-22 00:00:00,2023-08-22 00:00:00,2023-08-23 00:00:00,,,,,,,,,,,,,2023-08-23 00:00:00,1644.66,1674.58,1733.28,1742.58,1731.38,3829730980.0,0.011008,-0.017894
601318SS_2023-09-06T000000_SELL_SETUP_-1_2023-09-06T000000_9,2023-09-06 00:00:00,601318.SS,1d,SETUP,SELL_SETUP,-1,9,False,,SELL_SETUP,False,2023-08-25 00:00:00,2023-09-06 00:00:00,,,,,,,,,,,,,,,,,,,,,,,,2940681955.0,0.019704,-0.007256
601318SS_2023-09-06T000000_BUY_COUNTDOWN_CANCEL_1_2023-08-16T000000_5,2023-09-06 00:00:00,601318.SS,1d,COUNTDOWN,BUY_COUNTDOWN_CANCEL,1,5,,opposite_setup,BUY_SETUP,True,2023-08-04 00:00:00,2023-08-16 00:00:00,47.97,47.97,2023-08-16 00:00:00,2023-08-17 00:00:00,2023-08-18 00:00:00,2023-08-21 00:00:00,2023-08-22 00:00:00,2023-08-23 00:00:00,,,,,,,,,,2023-08-23 00:00:00,40.51,41.22,45.15,45.31,44.0,2940681955.0,0.019704,-0.007256
000651SZ_2023-09-06T000000_SELL_SETUP_-1_2023-09-06T000000_9,2023-09-06 00:00:00,000651.SZ,1d,SETUP,SELL_SETUP,-1,9,False,,SELL_SETUP,False,2023-08-25 00:00:00,2023-09-06 00:00:00,,,,,,,,,,,,,,,,,,,,,,,,1066835732.0,0.015149,0.005954
000651SZ_2023-09-06T000000_BUY_COUNTDOWN_CANCEL_1_2023-08-15T000000_4,2023-09-06 00:00:00,000651.SZ,1d,COUNTDOWN,BUY_COUNTDOWN_CANCEL,1,4,,opposite_setup,BUY_SETUP,True,2023-08-03 00:00:00,2023-08-15 00:00:00,31.76,31.76,2023-08-15 00:00:00,2023-08-15 00:00:00,2023-08-21 00:00:00,2023-08-22 00:00:00,2023-08-23 00:00:00,,,,,,,,,,,2023-08-23 00:00:00,27.87,28.5,30.41,30.58,30.13,1066835732.0,0.015149,0.005954
000858SZ_2023-09-07T000000_BUY_COUNTDOWN_PROGRESS_1_2023-08-14T000000_9,2023-09-07 00:00:00,000858.SZ,1d,COUNTDOWN,BUY_COUNTDOWN_PROGRESS,1,9,,,BUY_SETUP,True,2023-08-02 00:00:00,2023-08-14 00:00:00,169.51,169.51,2023-08-14 00:00:00,2023-08-14 00:00:00,2023-08-15 00:00:00,2023-08-18 00:00:00,2023-08-21 00:00:00,2023-08-22 00:00:00,2023-08-23 00:00:00,2023-08-28 00:00:00,2023-08-29 00:00:00,146.41,2023-09-07 00:00:00,,,,,2023-08-29 00:00:00,142.34,147.11,150.11,152.18,149.91,3440128620.0,0.02027,-0.058104
000858SZ_2023-09-08T000000_BUY_COUNTDOWN_PROGRESS_1_2023-08-14T000000_10,2023-09-08 00:00:00,000858.SZ,1d,COUNTDOWN,BUY_COUNTDOWN_PROGRESS,1,10,,,BUY_SETUP,True,2023-08-02 00:00:00,2023-08-14 00:00:00,169.51,169.51,2023-08-14 00:00:00,2023-08-14 00:00:00,2023-08-15 00:00:00,2023-08-18 00:00:00,2023-08-21 00:00:00,2023-08-22 00:00:00,2023-08-23 00:00:00,2023-08-28 00:00:00,2023-08-29 00:00:00,146.41,2023-09-07 00:00:00,2023-09-08 00:00:00,,,,2023-08-29 00:00:00,142.34,147.11,148.93,149.71,147.51,3395383025.0,0.019731,-0.043051
600036SS_2023-09-11T000000_BUY_COUNTDOWN_PROGRESS_1_2023-08-21T000000_6,2023-09-11 00:00:00,600036.SS,1d,COUNTDOWN,BUY_COUNTDOWN_PROGRESS,1,6,,,BUY_SETUP,True,2023-08-09 00:00:00,2023-08-21 00:00:00,29.49,29.49,2023-08-21 00:00:00,2023-08-21 00:00:00,2023-08-22 00:00:00,2023-08-23 00:00:00,2023-08-30 00:00:00,2023-08-31 00:00:00,2023-09-11 00:00:00,,,,,,,,,2023-08-23 00:00:00,25.87,26.46,27.92,28.31,27.92,2072775650.5,0.017919,0.019722
600036SS_2023-09-12T000000_BUY_COUNTDOWN_PROGRESS_1_2023-08-21T000000_7,2023-09-12 00:00:00,600036.SS,1d,COUNTDOWN,BUY_COUNTDOWN_PROGRESS,1,7,,,BUY_SETUP,True,2023-08-09 00:00:00,2023-08-21 00:00:00,29.49,29.49,2023-08-21 00:00:00,2023-08-21 00:00:00,2023-08-22 00:00:00,2023-08-23 00:00:00,2023-08-30 00:00:00,2023-08-31 00:00:00,2023-09-11 00:00:00,2023-09-12 00:00:00,,,,,,,,2023-08-23 00:00:00,25.87,26.46,27.9,28.07,27.84,2024113296.5,0.017557,0.033716
000651SZ_2023-09-12T000000_SELL_COUNTDOWN_PROGRESS_-1_2023-09-06T000000_1,2023-09-12 00:00:00,000651.SZ,1d,COUNTDOWN,SELL_COUNTDOWN_PROGRESS,-1,1,,,SELL_SETUP,False,2023-08-25 00:00:00,2023-09-06 00:00:00,31.01,27.93,2023-09-06 00:00:00,2023-09-12 00:00:00,,,,,,,,,,,,,,2023-09-12 00:00:00,29.71,30.43,30.23,30.43,29.71,992680936.5,0.015102,0.024746
600036SS_2023-09-13T000000_BUY_COUNTDOWN_PROGRESS_1_2023-08-21T000000_8,2023-09-13 00:00:00,600036.SS,1d,COUNTDOWN,BUY_COUNTDOWN_PROGRESS,1,8,,,BUY_SETUP,True,2023-08-09 00:00:00,2023-08-21 00:00:00,29.49,29.49,2023-08-21 00:00:00,2023-08-21 00:00:00,2023-08-22 00:00:00,2023-08-23 00:00:00,2023-08-30 00:00:00,2023-08-31 00:00:00,2023-09-11 00:00:00,2023-09-12 00:00:00,2023-09-13 00:00:00,27.77,,,,,,2023-08-23 00:00:00,25.87,26.46,27.77,28.1,27.67,1980269207.0,0.017511,0.035808
000858SZ_2023-09-14T000000_BUY_COUNTDOWN_PROGRESS_1_2023-08-14T000000_11,2023-09-14 00:00:00,000858.SZ,1d,COUNTDOWN,BUY_COUNTDOWN_PROGRESS,1,11,,,BUY_SETUP,True,2023-08-02 00:00:00,2023-08-14 00:00:00,169.51,169.51,2023-08-14 00:00:00,2023-08-14 00:00:00,2023-08-15 00:00:00,2023-08-18 00:00:00,2023-08-21 00:00:00,2023-08-22 00:00:00,2023-08-23 00:00:00,2023-08-28 00:00:00,2023-08-29 00:00:00,146.41,2023-09-07 00:00:00,2023-09-08 00:00:00,2023-09-14 00:00:00,,,2023-08-29 00:00:00,142.34,147.11,149.01,151.24,148.04,3259001045.0,0.018715,-0.010163
000858SZ_2023-09-15T000000_BUY_COUNTDOWN_PROGRESS_1_2023-08-14T000000_12,2023-09-15 00:00:00,000858.SZ,1d,COUNTDOWN,BUY_COUNTDOWN_PROGRESS,1,12,,,BUY_SETUP,True,2023-08-02 00:00:00,2023-08-14 00:00:00,169.51,169.51,2023-08-14 00:00:00,2023-08-14 00:00:00,2023-08-15 00:00:00,2023-08-18 00:00:00,2023-08-21 00:00:00,2023-08-22 00:00:00,2023-08-23 00:00:00,2023-08-28 00:00:00,2023-08-29 00:00:00,146.41,2023-09-07 00:00:00,2023-09-08 00:00:00,2023-09-14 00:00:00,2023-09-15 00:00:00,,2023-08-29 00:00:00,142.34,147.11,146.72,150.05,146.31,3171058990.0,0.018888,-0.01517
600519SS_2023-09-18T000000_SELL_COUNTDOWN_PROGRESS_-1_2023-09-05T000000_1,2023-09-18 00:00:00,600519.SS,1d,COUNTDOWN,SELL_COUNTDOWN_PROGRESS,-1,1,,,SELL_SETUP,True,2023-08-24 00:00:00,2023-09-05 00:00:00,1773.16,1649.58,2023-09-05 00:00:00,2023-09-18 00:00:00,,,,,,,,,,,,,,2023-09-18 00:00:00,1647.58,1704.08,1703.78,1704.08,1647.58,3797457880.0,0.011642,0.024781
600519SS_2023-09-19T000000_SELL_COUNTDOWN_PROGRESS_-1_2023-09-05T000000_2,2023-09-19 00:00:00,600519.SS,1d,COUNTDOWN,SELL_COUNTDOWN_PROGRESS,-1,2,,,SELL_SETUP,True,2023-08-24 00:00:00,2023-09-05 00:00:00,1773.16,1649.58,2023-09-05 00:00:00,2023-09-18 00:00:00,2023-09-19 00:00:00,,,,,,,,,,,,,2023-09-18 00:00:00,1647.58,1704.08,1701.52,1703.58,1682.58,3695694270.0,0.011434,0.032112
000651SZ_2023-09-20T000000_SELL_COUNTDOWN_PROGRESS_-1_2023-09-06T000000_2,2023-09-20 00:00:00,000651.SZ,1d,COUNTDOWN,SELL_COUNTDOWN_PROGRESS,-1,2,,,SELL_SETUP,False,2023-08-25 00:00:00,2023-09-06 00:00:00,31.01,27.93,2023-09-06 00:00:00,2023-09-12 00:00:00,2023-09-20 00:00:00,,,,,,,,,,,,,2023-09-20 00:00:00,29.48,30.43,30.28,30.43,29.48,945495953.0,0.012425,0.064323
000858SZ_2023-09-21T000000_BUY_COUNTDOWN_COMPLETE_PERFECT_1_2023-08-14T000000_13,2023-09-21 00:00:00,000858.SZ,1d,COUNTDOWN,BUY_COUNTDOWN_COMPLETE_PERFECT,1,13,True,,BUY_SETUP,True,2023-08-02 00:00:00,2023-08-14 00:00:00,169.51,169.51,2023-08-14 00:00:00,2023-08-14 00:00:00,2023-08-15 00:00:00,2023-08-18 00:00:00,2023-08-21 00:00:00,2023-08-22 00:00:00,2023-08-23 00:00:00,2023-08-28 00:00:00,2023-08-29 00:00:00,146.41,2023-09-07 00:00:00,2023-09-08 00:00:00,2023-09-14 00:00:00,2023-09-15 00:00:00,2023-09-21 00:00:00,2023-08-29 00:00:00,142.34,147.11,144.67,146.51,144.53,3045127770.0,0.019425,-0.026185
600036SS_2023-09-21T000000_BUY_COUNTDOWN_PROGRESS_1_2023-08-21T000000_9,2023-09-21 00:00:00,600036.SS,1d,COUNTDOWN,BUY_COUNTDOWN_PROGRESS,1,9,,,BUY_SETUP,True,2023-08-09 00:00:00,2023-08-21 00:00:00,29.49,29.49,2023-08-21 00:00:00,2023-08-21 00:00:00,2023-08-22 00:00:00,2023-08-23 00:00:00,2023-08-30 00:00:00,2023-08-31 00:00:00,2023-09-11 00:00:00,2023-09-12 00:00:00,2023-09-13 00:00:00,27.77,2023-09-21 00:00:00,,,,,2023-08-23 00:00:00,25.87,26.46,27.39,27.83,27.39,1779387739.5,0.015635,0.030474
000651SZ_2023-09-21T000000_SELL_COUNTDOWN_PROGRESS_-1_2023-09-06T000000_3,2023-09-21 00:00:00,000651.SZ,1d,COUNTDOWN,SELL_COUNTDOWN_PROGRESS,-1,3,,,SELL_SETUP,False,2023-08-25 00:00:00,2023-09-06 00:00:00,31.01,27.93,2023-09-06 00:00:00,2023-09-12 00:00:00,2023-09-20 00:00:00,2023-09-21 00:00:00,,,,,,,,,,,,2023-09-20 00:00:00,29.48,30.43,29.82,30.23,29.79,936187450.0,0.013006,0.052594
600519SS_2023-09-22T000000_SELL_COUNTDOWN_PROGRESS_-1_2023-09-05T000000_3,2023-09-22 00:00:00,600519.SS,1d,COUNTDOWN,SELL_COUNTDOWN_PROGRESS,-1,3,,,SELL_SETUP,True,2023-08-24 00:00:00,2023-09-05 00:00:00,1773.16,1649.58,2023-09-05 00:00:00,2023-09-18 00:00:00,2023-09-19 00:00:00,2023-09-22 00:00:00,,,,,,,,,,,,2023-09-18 00:00:00,1647.58,1704.08,1723.58,1724.54,1666.99,3715594785.0,0.012486,0.008207
601318SS_2023-09-22T000000_SELL_COUNTDOWN_PROGRESS_-1_2023-09-06T000000_1,2023-09-22 00:00:00,601318.SS,1d,COUNTDOWN,SELL_COUNTDOWN_PROGRESS,-1,1,,,SELL_SETUP,False,2023-08-25 00:00:00,2023-09-06 00:00:00,46.02,40.37,2023-09-06 00:00:00,2023-09-22 00:00:00,,,,,,,,,,,,,,2023-09-22 00:00:00,42.49,44.45,44.45,44.45,42.49,2606211749.5,0.017434,0.052569
600519SS_2023-09-25T000000_SELL_COUNTDOWN_PROGRESS_-1_2023-09-05T000000_4,2023-09-25 00:00:00,600519.SS,1d,COUNTDOWN,SELL_COUNTDOWN_PROGRESS,-1,4,,,SELL_SETUP,True,2023-08-24 00:00:00,2023-09-05 00:00:00,1773.16,1649.58,2023-09-05 00:00:00,2023-09-18 00:00:00,2023-09-19 00:00:00,2023-09-22 00:00:00,2023-09-25 00:00:00,,,,,,,,,,,2023-09-18 00:00:00,1647.58,1704.08,1706.96,1722.58,1701.17,3462222410.0,0.01249,-0.01098
601318SS_2023-09-25T000000_SELL_COUNTDOWN_PROGRESS_-1_2023-09-06T000000_2,2023-09-25 00:00:00,601318.SS,1d,COUNTDOWN,SELL_COUNTDOWN_PROGRESS,-1,2,,,SELL_SETUP,False,2023-08-25 00:00:00,2023-09-06 00:00:00,46.02,40.37,2023-09-06 00:00:00,2023-09-22 00:00:00,2023-09-25 00:00:00,,,,,,,,,,,,,2023-09-22 00:00:00,42.49,44.45,43.18,44.22,43.15,2463342904.5,0.018667,0.011715
000651SZ_2023-09-25T000000_SELL_COUNTDOWN_PROGRESS_-1_2023-09-06T000000_4,2023-09-25 00:00:00,000651.SZ,1d,COUNTDOWN,SELL_COUNTDOWN_PROGRESS,-1,4,,,SELL_SETUP,False,2023-08-25 00:00:00,2023-09-06 00:00:00,31.01,27.93,2023-09-06 00:00:00,2023-09-12 00:00:00,2023-09-20 00:00:00,2023-09-21 00:00:00,2023-09-25 00:00:00,,,,,,,,,,,2023-09-20 00:00:00,29.48,30.43,30.33,30.6,30.18,887108216.0,0.013386,0.065332
000858SZ_2023-09-27T000000_BUY_SETUP_PERFECT_1_2023-09-27T000000_9,2023-09-27 00:00:00,000858.SZ,1d,SETUP,BUY_SETUP_PERFECT,1,9,True,,BUY_SETUP,True,2023-09-15 00:00:00,2023-09-27 00:00:00,,,,,,,,,,,,,,,,,,,,,,,,2555266345.0,0.018514,0.004758
000858SZ_2023-09-27T000000_BUY_COUNTDOWN_PROGRESS_1_2023-09-27T000000_1,2023-09-27 00:00:00,000858.SZ,1d,COUNTDOWN,BUY_COUNTDOWN_PROGRESS,1,1,,,BUY_SETUP,True,2023-09-15 00:00:00,2023-09-27 00:00:00,150.05,150.05,2023-09-27 00:00:00,2023-09-27 00:00:00,,,,,,,,,,,,,,2023-09-27 00:00:00,143.01,145.66,143.6,145.66,143.01,2555266345.0,0.018514,0.004758
600036SS_2023-09-27T000000_BUY_COUNTDOWN_PROGRESS_1_2023-08-21T000000_10,2023-09-27 00:00:00,600036.SS,1d,COUNTDOWN,BUY_COUNTDOWN_PROGRESS,1,10,,,BUY_SETUP,True,2023-08-09 00:00:00,2023-08-21 00:00:00,29.49,29.49,2023-08-21 00:00:00,2023-08-21 00:00:00,2023-08-22 00:00:00,2023-08-23 00:00:00,2023-08-30 00:00:00,2023-08-31 00:00:00,2023-09-11 00:00:00,2023-09-12 00:00:00,2023-09-13 00:00:00,27.77,2023-09-21 00:00:00,2023-09-27 00:00:00,,,,2023-08-23 00:00:00,25.87,26.46,27.84,28.11,27.77,1534099363.5,0.016301,0.047798
000858SZ_2023-09-28T000000_BUY_COUNTDOWN_PROGRESS_1_2023-09-27T000000_2,2023-09-28 00:00:00,000858.SZ,1d,COUNTDOWN,BUY_COUNTDOWN_PROGRESS,1,2,,,BUY_SETUP,True,2023-09-15 00:00:00,2023-09-27 00:00:00,150.05,150.05,2023-09-27 00:00:00,2023-09-27 00:00:00,2023-09-28 00:00:00,,,,,,,,,,,,,2023-09-28 00:00:00,142.69,144.39,143.11,144.39,142.69,2479725605.0,0.017446,-0.024804
000858SZ_2023-10-09T000000_BUY_COUNTDOWN_PROGRESS_1_2023-09-27T000000_3,2023-10-09 00:00:00,000858.SZ,1d,COUNTDOWN,BUY_COUNTDOWN_PROGRESS,1,3,,,BUY_SETUP,True,2023-09-15 00:00:00,2023-09-27 00:00:00,150.05,150.05,2023-09-27 00:00:00,2023-09-27 00:00:00,2023-09-28 00:00:00,2023-10-09 00:00:00,,,,,,,,,,,,2023-10-09 00:00:00,138.81,143.1,141.28,143.1,138.81,2412910235.0,0.011294,-0.088163
600036SS_2023-10-09T000000_BUY_COUNTDOWN_PROGRESS_1_2023-08-21T000000_11,2023-10-09 00:00:00,600036.SS,1d,COUNTDOWN,BUY_COUNTDOWN_PROGRESS,1,11,,,BUY_SETUP,True,2023-08-09 00:00:00,2023-08-21 00:00:00,29.49,29.49,2023-08-21 00:00:00,2023-08-21 00:00:00,2023-08-22 00:00:00,2023-08-23 00:00:00,2023-08-30 00:00:00,2023-08-31 00:00:00,2023-09-11 00:00:00,2023-09-12 00:00:00,2023-09-13 00:00:00,27.77,2023-09-21 00:00:00,2023-09-27 00:00:00,2023-10-09 00:00:00,,,2023-08-23 00:00:00,25.87,26.46,27.6,27.72,27.4,1464671714.5,0.011419,-0.033275
600519SS_2023-10-10T000000_SELL_COUNTDOWN_CANCEL_-1_2023-09-05T000000_4,2023-10-10 00:00:00,600519.SS,1d,COUNTDOWN,SELL_COUNTDOWN_CANCEL,-1,4,,tdst_break_rule_4,SELL_SETUP,True,2023-08-24 00:00:00,2023-09-05 00:00:00,1773.16,1649.58,2023-09-05 00:00:00,2023-09-18 00:00:00,2023-09-19 00:00:00,2023-09-22 00:00:00,2023-09-25 00:00:00,,,,,,,,,,,2023-09-18 00:00:00,1647.58,1704.08,1644.58,1673.56,1642.58,3491638770.0,0.012692,-0.051175
000858SZ_2023-10-10T000000_BUY_COUNTDOWN_PROGRESS_1_2023-09-27T000000_4,2023-10-10 00:00:00,000858.SZ,1d,COUNTDOWN,BUY_COUNTDOWN_PROGRESS,1,4,,,BUY_SETUP,True,2023-09-15 00:00:00,2023-09-27 00:00:00,150.05,150.05,2023-09-27 00:00:00,2023-09-27 00:00:00,2023-09-28 00:00:00,2023-10-09 00:00:00,2023-10-10 00:00:00,,,,,,,,,,,2023-10-09 00:00:00,138.81,143.1,140.42,143.59,140.07,2125647420.0,0.011078,-0.0806
600036SS_2023-10-10T000000_BUY_COUNTDOWN_PROGRESS_1_2023-08-21T000000_12,2023-10-10 00:00:00,600036.SS,1d,COUNTDOWN,BUY_COUNTDOWN_PROGRESS,1,12,,,BUY_SETUP,True,2023-08-09 00:00:00,2023-08-21 00:00:00,29.49,29.49,2023-08-21 00:00:00,2023-08-21 00:00:00,2023-08-22 00:00:00,2023-08-23 00:00:00,2023-08-30 00:00:00,2023-08-31 00:00:00,2023-09-11 00:00:00,2023-09-12 00:00:00,2023-09-13 00:00:00,27.77,2023-09-21 00:00:00,2023-09-27 00:00:00,2023-10-09 00:00:00,2023-10-10 00:00:00,,2023-08-23 00:00:00,25.87,26.46,27.61,28.15,27.61,1337281762.5,0.011004,-0.018486
601318SS_2023-10-13T000000_SELL_COUNTDOWN_PROGRESS_-1_2023-09-06T000000_3,2023-10-13 00:00:00,601318.SS,1d,COUNTDOWN,SELL_COUNTDOWN_PROGRESS,-1,3,,,SELL_SETUP,False,2023-08-25 00:00:00,2023-09-06 00:00:00,46.02,40.37,2023-09-06 00:00:00,2023-09-22 00:00:00,2023-09-25 00:00:00,2023-10-13 00:00:00,,,,,,,,,,,,2023-10-13 00:00:00,41.79,42.4,42.09,42.4,41.79,1913456981.5,0.014144,-0.048599
000858SZ_2023-10-16T000000_BUY_COUNTDOWN_PROGRESS_1_2023-09-27T000000_5,2023-10-16 00:00:00,000858.SZ,1d,COUNTDOWN,BUY_COUNTDOWN_PROGRESS,1,5,,,BUY_SETUP,True,2023-09-15 00:00:00,2023-09-27 00:00:00,150.05,150.05,2023-09-27 00:00:00,2023-09-27 00:00:00,2023-09-28 00:00:00,2023-10-09 00:00:00,2023-10-10 00:00:00,2023-10-16 00:00:00,,,,,,,,,,2023-10-16 00:00:00,136.72,140.41,137.15,140.41,136.72,2085177380.0,0.011754,-0.093882
600036SS_2023-10-16T000000_BUY_COUNTDOWN_COMPLETE_PERFECT_1_2023-08-21T000000_13,2023-10-16 00:00:00,600036.SS,1d,COUNTDOWN,BUY_COUNTDOWN_COMPLETE_PERFECT,1,13,True,,BUY_SETUP,True,2023-08-09 00:00:00,2023-08-21 00:00:00,29.49,29.49,2023-08-21 00:00:00,2023-08-21 00:00:00,2023-08-22 00:00:00,2023-08-23 00:00:00,2023-08-30 00:00:00,2023-08-31 00:00:00,2023-09-11 00:00:00,2023-09-12 00:00:00,2023-09-13 00:00:00,27.77,2023-09-21 00:00:00,2023-09-27 00:00:00,2023-10-09 00:00:00,2023-10-10 00:00:00,2023-10-16 00:00:00,2023-08-23 00:00:00,25.87,26.46,27.33,27.67,27.26,1340459098.5,0.012535,-0.021132
000858SZ_2023-10-17T000000_BUY_COUNTDOWN_PROGRESS_1_2023-09-27T000000_6,2023-10-17 00:00:00,000858.SZ,1d,COUNTDOWN,BUY_COUNTDOWN_PROGRESS,1,6,,,BUY_SETUP,True,2023-09-15 00:00:00,2023-09-27 00:00:00,150.05,150.05,2023-09-27 00:00:00,2023-09-27 00:00:00,2023-09-28 00:00:00,2023-10-09 00:00:00,2023-10-10 00:00:00,2023-10-16 00:00:00,2023-10-17 00:00:00,,,,,,,,,2023-10-17 00:00:00,135.57,138.25,137.42,138.25,135.57,2034395145.0,0.011817,-0.083806
600519SS_2023-10-18T000000_BUY_SETUP_PERFECT_1_2023-10-18T000000_9,2023-10-18 00:00:00,600519.SS,1d,SETUP,BUY_SETUP_PERFECT,1,9,True,,BUY_SETUP,True,2023-09-28 00:00:00,2023-10-18 00:00:00,,,,,,,,,,,,,,,,,,,,,,,,3750687160.0,0.013373,-0.054241
000858SZ_2023-10-18T000000_BUY_COUNTDOWN_PROGRESS_1_2023-09-27T000000_7,2023-10-18 00:00:00,000858.SZ,1d,COUNTDOWN,BUY_COUNTDOWN_PROGRESS,1,7,,,BUY_SETUP,True,2023-09-15 00:00:00,2023-09-27 00:00:00,150.05,150.05,2023-09-27 00:00:00,2023-09-27 00:00:00,2023-09-28 00:00:00,2023-10-09 00:00:00,2023-10-10 00:00:00,2023-10-16 00:00:00,2023-10-17 00:00:00,2023-10-18 00:00:00,,,,,,,,2023-10-17 00:00:00,135.57,138.25,136.25,138.33,136.19,2037216780.0,0.011651,-0.095646
000651SZ_2023-10-18T000000_BUY_SETUP_PERFECT_1_2023-10-18T000000_9,2023-10-18 00:00:00,000651.SZ,1d,SETUP,BUY_SETUP_PERFECT,1,9,True,,BUY_SETUP,True,2023-09-28 00:00:00,2023-10-18 00:00:00,,,,,,,,,,,,,,,,,,,,,,,,720550471.0,0.013554,-0.062771
000651SZ_2023-10-18T000000_SELL_COUNTDOWN_CANCEL_-1_2023-09-06T000000_4,2023-10-18 00:00:00,000651.SZ,1d,COUNTDOWN,SELL_COUNTDOWN_CANCEL,-1,4,,opposite_setup,SELL_SETUP,False,2023-08-25 00:00:00,2023-09-06 00:00:00,31.01,27.93,2023-09-06 00:00:00,2023-09-12 00:00:00,2023-09-20 00:00:00,2023-09-21 00:00:00,2023-09-25 00:00:00,,,,,,,,,,,2023-09-20 00:00:00,29.48,30.43,28.07,28.38,27.99,720550471.0,0.013554,-0.062771
000651SZ_2023-10-18T000000_BUY_COUNTDOWN_PROGRESS_1_2023-10-18T000000_1,2023-10-18 00:00:00,000651.SZ,1d,COUNTDOWN,BUY_COUNTDOWN_PROGRESS,1,1,,,BUY_SETUP,True,2023-09-28 00:00:00,2023-10-18 00:00:00,30.53,30.53,2023-10-18 00:00:00,2023-10-18 00:00:00,,,,,,,,,,,,,,2023-10-18 00:00:00,27.99,28.38,28.07,28.38,27.99,720550471.0,0.013554,-0.062771
600519SS_2023-10-19T000000_BUY_COUNTDOWN_PROGRESS_1_2023-10-18T000000_1,2023-10-19 00:00:00,600519.SS,1d,COUNTDOWN,BUY_COUNTDOWN_PROGRESS,1,1,,,BUY_SETUP,True,2023-09-28 00:00:00,2023-10-18 00:00:00,1699.56,1699.56,2023-10-18 00:00:00,2023-10-19 00:00:00,,,,,,,,,,,,,,2023-10-19 00:00:00,1500.61,1574.61,1504.58,1574.61,1500.61,4181004070.0,0.018639,-0.111435
000858SZ_2023-10-19T000000_BUY_COUNTDOWN_PROGRESS_1_2023-09-27T000000_8,2023-10-19 00:00:00,000858.SZ,1d,COUNTDOWN,BUY_COUNTDOWN_PROGRESS,1,8,,,BUY_SETUP,True,2023-09-15 00:00:00,2023-09-27 00:00:00,150.05,150.05,2023-09-27 00:00:00,2023-09-27 00:00:00,2023-09-28 00:00:00,2023-10-09 00:00:00,2023-10-10 00:00:00,2023-10-16 00:00:00,2023-10-17 00:00:00,2023-10-18 00:00:00,2023-10-19 00:00:00,131.26,,,,,,2023-10-19 00:00:00,130.97,135.01,131.26,135.01,130.97,2087779940.0,0.01357,-0.11912
601318SS_2023-10-19T000000_SELL_COUNTDOWN_CANCEL_-1_2023-09-06T000000_3,2023-10-19 00:00:00,601318.SS,1d,COUNTDOWN,SELL_COUNTDOWN_CANCEL,-1,3,,tdst_break_rule_4,SELL_SETUP,False,2023-08-25 00:00:00,2023-09-06 00:00:00,46.02,40.37,2023-09-06 00:00:00,2023-09-22 00:00:00,2023-09-25 00:00:00,2023-10-13 00:00:00,,,,,,,,,,,,2023-10-13 00:00:00,41.79,42.4,40.17,41.28,40.13,1902851829.0,0.015525,-0.072501
000651SZ_2023-10-19T000000_BUY_COUNTDOWN_PROGRESS_1_2023-10-18T000000_2,2023-10-19 00:00:00,000651.SZ,1d,COUNTDOWN,BUY_COUNTDOWN_PROGRESS,1,2,,,BUY_SETUP,True,2023-09-28 00:00:00,2023-10-18 00:00:00,30.53,30.53,2023-10-18 00:00:00,2023-10-18 00:00:00,2023-10-19 00:00:00,,,,,,,,,,,,,2023-10-19 00:00:00,27.37,27.99,27.39,27.99,27.37,747511188.5,0.014295,-0.085781
600519SS_2023-10-20T000000_BUY_COUNTDOWN_PROGRESS_1_2023-10-18T000000_2,2023-10-20 00:00:00,600519.SS,1d,COUNTDOWN,BUY_COUNTDOWN_PROGRESS,1,2,,,BUY_SETUP,True,2023-09-28 00:00:00,2023-10-18 00:00:00,1699.56,1699.56,2023-10-18 00:00:00,2023-10-19 00:00:00,2023-10-20 00:00:00,,,,,,,,,,,,,2023-10-20 00:00:00,1490.83,1529.58,1519.58,1529.58,1490.83,4393051220.0,0.01858,-0.082695
000858SZ_2023-10-20T000000_BUY_COUNTDOWN_PROGRESS_1_2023-09-27T000000_9,2023-10-20 00:00:00,000858.SZ,1d,COUNTDOWN,BUY_COUNTDOWN_PROGRESS,1,9,,,BUY_SETUP,True,2023-09-15 00:00:00,2023-09-27 00:00:00,150.05,150.05,2023-09-27 00:00:00,2023-09-27 00:00:00,2023-09-28 00:00:00,2023-10-09 00:00:00,2023-10-10 00:00:00,2023-10-16 00:00:00,2023-10-17 00:00:00,2023-10-18 00:00:00,2023-10-19 00:00:00,131.26,2023-10-20 00:00:00,,,,,2023-10-20 00:00:00,129.58,132.94,130.71,132.94,129.58,2078019430.0,0.013416,-0.109119
000651SZ_2023-10-20T000000_BUY_COUNTDOWN_PROGRESS_1_2023-10-18T000000_3,2023-10-20 00:00:00,000651.SZ,1d,COUNTDOWN,BUY_COUNTDOWN_PROGRESS,1,3,,,BUY_SETUP,True,2023-09-28 00:00:00,2023-10-18 00:00:00,30.53,30.53,2023-10-18 00:00:00,2023-10-18 00:00:00,2023-10-19 00:00:00,2023-10-20 00:00:00,,,,,,,,,,,,2023-10-20 00:00:00,27.16,27.56,27.26,27.56,27.16,755319979.0,0.014224,-0.080297
000858SZ_2023-10-23T000000_BUY_COUNTDOWN_PROGRESS_1_2023-09-27T000000_10,2023-10-23 00:00:00,000858.SZ,1d,COUNTDOWN,BUY_COUNTDOWN_PROGRESS,1,10,,,BUY_SETUP,True,2023-09-15 00:00:00,2023-09-27 00:00:00,150.05,150.05,2023-09-27 00:00:00,2023-09-27 00:00:00,2023-09-28 00:00:00,2023-10-09 00:00:00,2023-10-10 00:00:00,2023-10-16 00:00:00,2023-10-17 00:00:00,2023-10-18 00:00:00,2023-10-19 00:00:00,131.26,2023-10-20 00:00:00,2023-10-23 00:00:00,,,,2023-10-23 00:00:00,129.41,132.82,130.76,132.82,129.41,2022049670.0,0.011936,-0.127161
000651SZ_2023-10-23T000000_BUY_COUNTDOWN_PROGRESS_1_2023-10-18T000000_4,2023-10-23 00:00:00,000651.SZ,1d,COUNTDOWN,BUY_COUNTDOWN_PROGRESS,1,4,,,BUY_SETUP,True,2023-09-28 00:00:00,2023-10-18 00:00:00,30.53,30.53,2023-10-18 00:00:00,2023-10-18 00:00:00,2023-10-19 00:00:00,2023-10-20 00:00:00,2023-10-23 00:00:00,,,,,,,,,,,2023-10-23 00:00:00,26.79,27.48,27.13,27.48,26.79,738695169.0,0.013998,-0.090513
000858SZ_2023-11-03T000000_BUY_COUNTDOWN_PROGRESS_1_2023-09-27T000000_11,2023-11-03 00:00:00,000858.SZ,1d,COUNTDOWN,BUY_COUNTDOWN_PROGRESS,1,11,,,BUY_SETUP,True,2023-09-15 00:00:00,2023-09-27 00:00:00,150.05,150.05,2023-09-27 00:00:00,2023-09-27 00:00:00,2023-09-28 00:00:00,2023-10-09 00:00:00,2023-10-10 00:00:00,2023-10-16 00:00:00,2023-10-17 00:00:00,2023-10-18 00:00:00,2023-10-19 00:00:00,131.26,2023-10-20 00:00:00,2023-10-23 00:00:00,2023-11-03 00:00:00,,,2023-10-23 00:00:00,129.41,132.82,146.68,147.01,144.67,2620210215.0,0.018118,0.038222
600519SS_2023-11-06T000000_SELL_SETUP_-1_2023-11-06T000000_9,2023-11-06 00:00:00,600519.SS,1d,SETUP,SELL_SETUP,-1,9,False,,SELL_SETUP,False,2023-10-25 00:00:00,2023-11-06 00:00:00,,,,,,,,,,,,,,,,,,,,,,,,5379791315.0,0.02201,0.025538
600519SS_2023-11-06T000000_BUY_COUNTDOWN_CANCEL_1_2023-10-18T000000_2,2023-11-06 00:00:00,600519.SS,1d,COUNTDOWN,BUY_COUNTDOWN_CANCEL,1,2,,opposite_setup,BUY_SETUP,True,2023-09-28 00:00:00,2023-10-18 00:00:00,1699.56,1699.56,2023-10-18 00:00:00,2023-10-19 00:00:00,2023-10-20 00:00:00,,,,,,,,,,,,,2023-10-20 00:00:00,1490.83,1529.58,1686.58,1698.37,1675.7,5379791315.0,0.02201,0.025538
600519SS_2023-11-06T000000_SELL_COUNTDOWN_PROGRESS_-1_2023-11-06T000000_1,2023-11-06 00:00:00,600519.SS,1d,COUNTDOWN,SELL_COUNTDOWN_PROGRESS,-1,1,,,SELL_SETUP,False,2023-10-25 00:00:00,2023-11-06 00:00:00,1724.58,1535.18,2023-11-06 00:00:00,2023-11-06 00:00:00,,,,,,,,,,,,,,2023-11-06 00:00:00,1675.7,1698.37,1686.58,1698.37,1675.7,5379791315.0,0.02201,0.025538
000858SZ_2023-11-06T000000_SELL_SETUP_-1_2023-11-06T000000_9,2023-11-06 00:00:00,000858.SZ,1d,SETUP,SELL_SETUP,-1,9,False,,SELL_SETUP,False,2023-10-25 00:00:00,2023-11-06 00:00:00,,,,,,,,,,,,,,,,,,,,,,,,2611557520.0,0.018017,0.045791
000858SZ_2023-11-06T000000_BUY_COUNTDOWN_CANCEL_1_2023-09-27T000000_11,2023-11-06 00:00:00,000858.SZ,1d,COUNTDOWN,BUY_COUNTDOWN_CANCEL,1,11,,opposite_setup,BUY_SETUP,True,2023-09-15 00:00:00,2023-09-27 00:00:00,150.05,150.05,2023-09-27 00:00:00,2023-09-27 00:00:00,2023-09-28 00:00:00,2023-10-09 00:00:00,2023-10-10 00:00:00,2023-10-16 00:00:00,2023-10-17 00:00:00,2023-10-18 00:00:00,2023-10-19 00:00:00,131.26,2023-10-20 00:00:00,2023-10-23 00:00:00,2023-11-03 00:00:00,,,2023-10-23 00:00:00,129.41,132.82,146.85,147.88,145.51,2611557520.0,0.018017,0.045791
000651SZ_2023-11-07T000000_BUY_COUNTDOWN_PROGRESS_1_2023-10-18T000000_5,2023-11-07 00:00:00,000651.SZ,1d,COUNTDOWN,BUY_COUNTDOWN_PROGRESS,1,5,,,BUY_SETUP,True,2023-09-28 00:00:00,2023-10-18 00:00:00,30.53,30.53,2023-10-18 00:00:00,2023-10-18 00:00:00,2023-10-19 00:00:00,2023-10-20 00:00:00,2023-10-23 00:00:00,2023-11-07 00:00:00,,,,,,,,,,2023-10-23 00:00:00,26.79,27.48,27.47,27.7,27.34,862851908.0,0.010774,-0.044522
000651SZ_2023-11-08T000000_BUY_COUNTDOWN_PROGRESS_1_2023-10-18T000000_6,2023-11-08 00:00:00,000651.SZ,1d,COUNTDOWN,BUY_COUNTDOWN_PROGRESS,1,6,,,BUY_SETUP,True,2023-09-28 00:00:00,2023-10-18 00:00:00,30.53,30.53,2023-10-18 00:00:00,2023-10-18 00:00:00,2023-10-19 00:00:00,2023-10-20 00:00:00,2023-10-23 00:00:00,2023-11-07 00:00:00,2023-11-08 00:00:00,,,,,,,,,2023-10-23 00:00:00,26.79,27.48,27.35,27.56,27.18,874280041.5,0.010704,-0.051664
000651SZ_2023-11-10T000000_BUY_COUNTDOWN_PROGRESS_1_2023-10-18T000000_7,2023-11-10 00:00:00,000651.SZ,1d,COUNTDOWN,BUY_COUNTDOWN_PROGRESS,1,7,,,BUY_SETUP,True,2023-09-28 00:00:00,2023-10-18 00:00:00,30.53,30.53,2023-10-18 00:00:00,2023-10-18 00:00:00,2023-10-19 00:00:00,2023-10-20 00:00:00,2023-10-23 00:00:00,2023-11-07 00:00:00,2023-11-08 00:00:00,2023-11-10 00:00:00,,,,,,,,2023-10-23 00:00:00,26.79,27.48,27.16,27.38,27.05,862288765.5,0.010497,-0.038924
000651SZ_2023-11-13T000000_BUY_COUNTDOWN_PROGRESS_1_2023-10-18T000000_8,2023-11-13 00:00:00,000651.SZ,1d,COUNTDOWN,BUY_COUNTDOWN_PROGRESS,1,8,,,BUY_SETUP,True,2023-09-28 00:00:00,2023-10-18 00:00:00,30.53,30.53,2023-10-18 00:00:00,2023-10-18 00:00:00,2023-10-19 00:00:00,2023-10-20 00:00:00,2023-10-23 00:00:00,2023-11-07 00:00:00,2023-11-08 00:00:00,2023-11-10 00:00:00,2023-11-13 00:00:00,26.25,,,,,,2023-11-13 00:00:00,26.0,27.16,26.25,27.16,26.0,925335584.5,0.012368,-0.077977
000651SZ_2023-11-14T000000_BUY_COUNTDOWN_PROGRESS_1_2023-10-18T000000_9,2023-11-14 00:00:00,000651.SZ,1d,COUNTDOWN,BUY_COUNTDOWN_PROGRESS,1,9,,,BUY_SETUP,True,2023-09-28 00:00:00,2023-10-18 00:00:00,30.53,30.53,2023-10-18 00:00:00,2023-10-18 00:00:00,2023-10-19 00:00:00,2023-10-20 00:00:00,2023-10-23 00:00:00,2023-11-07 00:00:00,2023-11-08 00:00:00,2023-11-10 00:00:00,2023-11-13 00:00:00,26.25,2023-11-14 00:00:00,,,,,2023-11-14 00:00:00,25.88,26.52,26.46,26.52,25.88,946078470.5,0.012422,-0.057357
000858SZ_2023-11-15T000000_SELL_COUNTDOWN_PROGRESS_-1_2023-11-06T000000_1,2023-11-15 00:00:00,000858.SZ,1d,COUNTDOWN,SELL_COUNTDOWN_PROGRESS,-1,1,,,SELL_SETUP,False,2023-10-25 00:00:00,2023-11-06 00:00:00,154.29,133.96,2023-11-06 00:00:00,2023-11-15 00:00:00,,,,,,,,,,,,,,2023-11-15 00:00:00,143.71,145.15,144.26,145.15,143.71,2543443470.0,0.01421,0.09904
000651SZ_2023-11-17T000000_BUY_SETUP_1_2023-11-17T000000_9,2023-11-17 00:00:00,000651.SZ,1d,SETUP,BUY_SETUP,1,9,False,,BUY_SETUP,False,2023-11-07 00:00:00,2023-11-17 00:00:00,,,,,,,,,,,,,,,,,,,,,,,,936817914.5,0.011512,-0.035017
000651SZ_2023-11-17T000000_BUY_COUNTDOWN_CANCEL_1_2023-10-18T000000_9,2023-11-17 00:00:00,000651.SZ,1d,COUNTDOWN,BUY_COUNTDOWN_CANCEL,1,9,,same_setup,BUY_SETUP,True,2023-09-28 00:00:00,2023-10-18 00:00:00,30.53,30.53,2023-10-18 00:00:00,2023-10-18 00:00:00,2023-10-19 00:00:00,2023-10-20 00:00:00,2023-10-23 00:00:00,2023-11-07 00:00:00,2023-11-08 00:00:00,2023-11-10 00:00:00,2023-11-13 00:00:00,26.25,2023-11-14 00:00:00,,,,,2023-11-14 00:00:00,25.88,26.52,26.18,26.25,25.94,936817914.5,0.011512,-0.035017
000651SZ_2023-11-17T000000_BUY_COUNTDOWN_PROGRESS_1_2023-11-17T000000_1,2023-11-17 00:00:00,000651.SZ,1d,COUNTDOWN,BUY_COUNTDOWN_PROGRESS,1,1,,,BUY_SETUP,False,2023-11-07 00:00:00,2023-11-17 00:00:00,27.7,27.7,2023-11-17 00:00:00,2023-11-17 00:00:00,,,,,,,,,,,,,,2023-11-17 00:00:00,25.94,26.25,26.18,26.25,25.94,936817914.5,0.011512,-0.035017
600519SS_2023-11-21T000000_SELL_COUNTDOWN_PROGRESS_-1_2023-11-06T000000_2,2023-11-21 00:00:00,600519.SS,1d,COUNTDOWN,SELL_COUNTDOWN_PROGRESS,-1,2,,,SELL_SETUP,False,2023-10-25 00:00:00,2023-11-06 00:00:00,1724.58,1535.18,2023-11-06 00:00:00,2023-11-06 00:00:00,2023-11-21 00:00:00,,,,,,,,,,,,,2023-11-21 00:00:00,1644.68,1672.58,1664.58,1672.58,1644.68,4476236505.0,0.015748,0.072483
600519SS_2023-11-22T000000_SELL_COUNTDOWN_PROGRESS_-1_2023-11-06T000000_3,2023-11-22 00:00:00,600519.SS,1d,COUNTDOWN,SELL_COUNTDOWN_PROGRESS,-1,3,,,SELL_SETUP,False,2023-10-25 00:00:00,2023-11-06 00:00:00,1724.58,1535.18,2023-11-06 00:00:00,2023-11-06 00:00:00,2023-11-21 00:00:00,2023-11-22 00:00:00,,,,,,,,,,,,2023-11-21 00:00:00,1644.68,1672.58,1656.09,1668.93,1655.12,4285638660.0,0.015793,0.070649
600519SS_2023-11-29T000000_SELL_COUNTDOWN_PROGRESS_-1_2023-11-06T000000_4,2023-11-29 00:00:00,600519.SS,1d,COUNTDOWN,SELL_COUNTDOWN_PROGRESS,-1,4,,,SELL_SETUP,False,2023-10-25 00:00:00,2023-11-06 00:00:00,1724.58,1535.18,2023-11-06 00:00:00,2023-11-06 00:00:00,2023-11-21 00:00:00,2023-11-22 00:00:00,2023-11-29 00:00:00,,,,,,,,,,,2023-11-29 00:00:00,1632.58,1650.58,1649.29,1650.58,1632.58,3246483115.0,0.008241,-0.002896
600519SS_2023-11-30T000000_SELL_COUNTDOWN_PROGRESS_-1_2023-11-06T000000_5,2023-11-30 00:00:00,600519.SS,1d,COUNTDOWN,SELL_COUNTDOWN_PROGRESS,-1,5,,,SELL_SETUP,False,2023-10-25 00:00:00,2023-11-06 00:00:00,1724.58,1535.18,2023-11-06 00:00:00,2023-11-06 00:00:00,2023-11-21 00:00:00,2023-11-22 00:00:00,2023-11-29 00:00:00,2023-11-30 00:00:00,,,,,,,,,,2023-11-29 00:00:00,1632.58,1650.58,1666.08,1669.34,1645.66,3188254250.0,0.007325,-0.011709
000858SZ_2023-11-30T000000_BUY_SETUP_PERFECT_1_2023-11-30T000000_9,2023-11-30 00:00:00,000858.SZ,1d,SETUP,BUY_SETUP_PERFECT,1,9,True,,BUY_SETUP,True,2023-11-20 00:00:00,2023-11-30 00:00:00,,,,,,,,,,,,,,,,,,,,,,,,1749079463.5,0.008716,-0.071721
000858SZ_2023-11-30T000000_SELL_COUNTDOWN_CANCEL_-1_2023-11-06T000000_1,2023-11-30 00:00:00,000858.SZ,1d,COUNTDOWN,SELL_COUNTDOWN_CANCEL,-1,1,,opposite_setup,SELL_SETUP,False,2023-10-25 00:00:00,2023-11-06 00:00:00,154.29,133.96,2023-11-06 00:00:00,2023-11-15 00:00:00,,,,,,,,,,,,,,2023-11-15 00:00:00,143.71,145.15,136.16,136.4,135.02,1749079463.5,0.008716,-0.071721
600036SS_2023-12-01T000000_BUY_SETUP_PERFECT_1_2023-12-01T000000_9,2023-12-01 00:00:00,600036.SS,1d,SETUP,BUY_SETUP_PERFECT,1,9,True,,BUY_SETUP,True,2023-11-21 00:00:00,2023-12-01 00:00:00,,,,,,,,,,,,,,,,,,,,,,,,1434457716.5,0.011203,-0.110092
600036SS_2023-12-01T000000_BUY_COUNTDOWN_PROGRESS_1_2023-12-01T000000_1,2023-12-01 00:00:00,600036.SS,1d,COUNTDOWN,BUY_COUNTDOWN_PROGRESS,1,1,,,BUY_SETUP,True,2023-11-21 00:00:00,2023-12-01 00:00:00,25.89,25.89,2023-12-01 00:00:00,2023-12-01 00:00:00,,,,,,,,,,,,,,2023-12-01 00:00:00,23.09,23.76,23.28,23.76,23.09,1434457716.5,0.011203,-0.110092
000651SZ_2023-12-01T000000_BUY_COUNTDOWN_PROGRESS_1_2023-11-17T000000_2,2023-12-01 00:00:00,000651.SZ,1d,COUNTDOWN,BUY_COUNTDOWN_PROGRESS,1,2,,,BUY_SETUP,False,2023-11-07 00:00:00,2023-11-17 00:00:00,27.7,27.7,2023-11-17 00:00:00,2023-11-17 00:00:00,2023-12-01 00:00:00,,,,,,,,,,,,,2023-12-01 00:00:00,25.91,26.68,26.18,26.68,25.91,867099728.5,0.010047,-0.056916
000858SZ_2023-12-04T000000_BUY_COUNTDOWN_PROGRESS_1_2023-11-30T000000_1,2023-12-04 00:00:00,000858.SZ,1d,COUNTDOWN,BUY_COUNTDOWN_PROGRESS,1,1,,,BUY_SETUP,True,2023-11-20 00:00:00,2023-11-30 00:00:00,143.65,143.65,2023-11-30 00:00:00,2023-12-04 00:00:00,,,,,,,,,,,,,,2023-12-04 00:00:00,132.6,134.68,132.86,134.68,132.6,1706542878.5,0.009002,-0.09199
600036SS_2023-12-04T000000_BUY_COUNTDOWN_PROGRESS_1_2023-12-01T000000_2,2023-12-04 00:00:00,600036.SS,1d,COUNTDOWN,BUY_COUNTDOWN_PROGRESS,1,2,,,BUY_SETUP,True,2023-11-21 00:00:00,2023-12-01 00:00:00,25.89,25.89,2023-12-01 00:00:00,2023-12-01 00:00:00,2023-12-04 00:00:00,,,,,,,,,,,,,2023-12-04 00:00:00,23.04,23.48,23.1,23.48,23.04,1432052136.5,0.011092,-0.105345
000858SZ_2023-12-05T000000_BUY_COUNTDOWN_PROGRESS_1_2023-11-30T000000_2,2023-12-05 00:00:00,000858.SZ,1d,COUNTDOWN,BUY_COUNTDOWN_PROGRESS,1,2,,,BUY_SETUP,True,2023-11-20 00:00:00,2023-11-30 00:00:00,143.65,143.65,2023-11-30 00:00:00,2023-12-04 00:00:00,2023-12-05 00:00:00,,,,,,,,,,,,,2023-12-05 00:00:00,129.25,132.84,129.68,132.84,129.25,1729649723.5,0.009941,-0.109585
600036SS_2023-12-05T000000_BUY_COUNTDOWN_PROGRESS_1_2023-12-01T000000_3,2023-12-05 00:00:00,600036.SS,1d,COUNTDOWN,BUY_COUNTDOWN_PROGRESS,1,3,,,BUY_SETUP,True,2023-11-21 00:00:00,2023-12-01 00:00:00,25.89,25.89,2023-12-01 00:00:00,2023-12-01 00:00:00,2023-12-04 00:00:00,2023-12-05 00:00:00,,,,,,,,,,,,2023-12-05 00:00:00,22.52,23.09,22.53,23.09,22.52,1438443256.5,0.011867,-0.120609
000858SZ_2023-12-06T000000_BUY_COUNTDOWN_PROGRESS_1_2023-11-30T000000_3,2023-12-06 00:00:00,000858.SZ,1d,COUNTDOWN,BUY_COUNTDOWN_PROGRESS,1,3,,,BUY_SETUP,True,2023-11-20 00:00:00,2023-11-30 00:00:00,143.65,143.65,2023-11-30 00:00:00,2023-12-04 00:00:00,2023-12-05 00:00:00,2023-12-06 00:00:00,,,,,,,,,,,,2023-12-06 00:00:00,128.67,132.21,131.11,132.21,128.67,1733549683.5,0.010592,-0.099272
601318SS_2023-12-06T000000_BUY_SETUP_PERFECT_1_2023-12-06T000000_9,2023-12-06 00:00:00,601318.SS,1d,SETUP,BUY_SETUP_PERFECT,1,9,True,,BUY_SETUP,True,2023-11-24 00:00:00,2023-12-06 00:00:00,,,,,,,,,,,,,,,,,,,,,,,,2217562573.0,0.012684,-0.09786
601318SS_2023-12-06T000000_BUY_COUNTDOWN_PROGRESS_1_2023-12-06T000000_1,2023-12-06 00:00:00,601318.SS,1d,COUNTDOWN,BUY_COUNTDOWN_PROGRESS,1,1,,,BUY_SETUP,True,2023-11-24 00:00:00,2023-12-06 00:00:00,38.07,38.07,2023-12-06 00:00:00,2023-12-06 00:00:00,,,,,,,,,,,,,,2023-12-06 00:00:00,34.33,34.79,34.57,34.79,34.33,2217562573.0,0.012684,-0.09786
600036SS_2023-12-06T000000_BUY_COUNTDOWN_PROGRESS_1_2023-12-01T000000_4,2023-12-06 00:00:00,600036.SS,1d,COUNTDOWN,BUY_COUNTDOWN_PROGRESS,1,4,,,BUY_SETUP,True,2023-11-21 00:00:00,2023-12-01 00:00:00,25.89,25.89,2023-12-01 00:00:00,2023-12-01 00:00:00,2023-12-04 00:00:00,2023-12-05 00:00:00,2023-12-06 00:00:00,,,,,,,,,,,2023-12-06 00:00:00,22.47,22.98,22.78,22.98,22.47,1455182546.5,0.012368,-0.112928
601318SS_2023-12-07T000000_BUY_COUNTDOWN_PROGRESS_1_2023-12-06T000000_2,2023-12-07 00:00:00,601318.SS,1d,COUNTDOWN,BUY_COUNTDOWN_PROGRESS,1,2,,,BUY_SETUP,True,2023-11-24 00:00:00,2023-12-06 00:00:00,38.07,38.07,2023-12-06 00:00:00,2023-12-06 00:00:00,2023-12-07 00:00:00,,,,,,,,,,,,,2023-12-07 00:00:00,33.92,34.76,34.38,34.76,33.92,1988958368.0,0.011875,-0.080503
601318SS_2023-12-08T000000_BUY_COUNTDOWN_PROGRESS_1_2023-12-06T000000_3,2023-12-08 00:00:00,601318.SS,1d,COUNTDOWN,BUY_COUNTDOWN_PROGRESS,1,3,,,BUY_SETUP,True,2023-11-24 00:00:00,2023-12-06 00:00:00,38.07,38.07,2023-12-06 00:00:00,2023-12-06 00:00:00,2023-12-07 00:00:00,2023-12-08 00:00:00,,,,,,,,,,,,2023-12-07 00:00:00,33.92,34.76,34.23,34.67,34.23,1841244663.0,0.011807,-0.085493
000858SZ_2023-12-11T000000_BUY_COUNTDOWN_PROGRESS_1_2023-11-30T000000_4,2023-12-11 00:00:00,000858.SZ,1d,COUNTDOWN,BUY_COUNTDOWN_PROGRESS,1,4,,,BUY_SETUP,True,2023-11-20 00:00:00,2023-11-30 00:00:00,143.65,143.65,2023-11-30 00:00:00,2023-12-04 00:00:00,2023-12-05 00:00:00,2023-12-06 00:00:00,2023-12-11 00:00:00,,,,,,,,,,,2023-12-11 00:00:00,123.57,127.01,126.21,127.01,123.57,1927498103.5,0.011478,-0.116857
600519SS_2023-12-12T000000_SELL_COUNTDOWN_PROGRESS_-1_2023-11-06T000000_6,2023-12-12 00:00:00,600519.SS,1d,COUNTDOWN,SELL_COUNTDOWN_PROGRESS,-1,6,,,SELL_SETUP,False,2023-10-25 00:00:00,2023-11-06 00:00:00,1724.58,1535.18,2023-11-06 00:00:00,2023-11-06 00:00:00,2023-11-21 00:00:00,2023-11-22 00:00:00,2023-11-29 00:00:00,2023-11-30 00:00:00,2023-12-12 00:00:00,,,,,,,,,2023-12-12 00:00:00,1558.58,1584.57,1584.57,1584.57,1558.58,3681435210.0,0.009535,-0.038203
000858SZ_2023-12-12T000000_BUY_COUNTDOWN_PROGRESS_1_2023-11-30T000000_5,2023-12-12 00:00:00,000858.SZ,1d,COUNTDOWN,BUY_COUNTDOWN_PROGRESS,1,5,,,BUY_SETUP,True,2023-11-20 00:00:00,2023-11-30 00:00:00,143.65,143.65,2023-11-30 00:00:00,2023-12-04 00:00:00,2023-12-05 00:00:00,2023-12-06 00:00:00,2023-12-11 00:00:00,2023-12-12 00:00:00,,,,,,,,,,2023-12-11 00:00:00,123.57,127.01,126.31,126.69,124.74,1939415228.5,0.011,-0.124428
600519SS_2023-12-13T000000_SELL_COUNTDOWN_CANCEL_-1_2023-11-06T000000_6,2023-12-13 00:00:00,600519.SS,1d,COUNTDOWN,SELL_COUNTDOWN_CANCEL,-1,6,,tdst_break_rule_4,SELL_SETUP,False,2023-10-25 00:00:00,2023-11-06 00:00:00,1724.58,1535.18,2023-11-06 00:00:00,2023-11-06 00:00:00,2023-11-21 00:00:00,2023-11-22 00:00:00,2023-11-29 00:00:00,2023-11-30 00:00:00,2023-12-12 00:00:00,,,,,,,,,2023-12-12 00:00:00,1558.58,1584.57,1534.58,1580.3,1531.66,3841914070.0,0.011555,-0.061207
000858SZ_2023-12-13T000000_BUY_COUNTDOWN_PROGRESS_1_2023-11-30T000000_6,2023-12-13 00:00:00,000858.SZ,1d,COUNTDOWN,BUY_COUNTDOWN_PROGRESS,1,6,,,BUY_SETUP,True,2023-11-20 00:00:00,2023-11-30 00:00:00,143.65,143.65,2023-11-30 00:00:00,2023-12-04 00:00:00,2023-12-05 00:00:00,2023-12-06 00:00:00,2023-12-11 00:00:00,2023-12-12 00:00:00,2023-12-13 00:00:00,,,,,,,,,2023-12-13 00:00:00,120.59,125.69,120.79,125.69,120.59,2075026108.5,0.013722,-0.157553
000858SZ_2023-12-14T000000_BUY_COUNTDOWN_PROGRESS_1_2023-11-30T000000_7,2023-12-14 00:00:00,000858.SZ,1d,COUNTDOWN,BUY_COUNTDOWN_PROGRESS,1,7,,,BUY_SETUP,True,2023-11-20 00:00:00,2023-11-30 00:00:00,143.65,143.65,2023-11-30 00:00:00,2023-12-04 00:00:00,2023-12-05 00:00:00,2023-12-06 00:00:00,2023-12-11 00:00:00,2023-12-12 00:00:00,2023-12-13 00:00:00,2023-12-14 00:00:00,,,,,,,,2023-12-14 00:00:00,119.66,122.99,119.66,122.99,119.66,2163528396.5,0.013722,-0.157383
601318SS_2023-12-14T000000_BUY_COUNTDOWN_PROGRESS_1_2023-12-06T000000_4,2023-12-14 00:00:00,601318.SS,1d,COUNTDOWN,BUY_COUNTDOWN_PROGRESS,1,4,,,BUY_SETUP,True,2023-11-24 00:00:00,2023-12-06 00:00:00,38.07,38.07,2023-12-06 00:00:00,2023-12-06 00:00:00,2023-12-07 00:00:00,2023-12-08 00:00:00,2023-12-14 00:00:00,,,,,,,,,,,2023-12-14 00:00:00,33.73,34.51,33.74,34.51,33.73,1702474703.0,0.011862,-0.10504
600036SS_2023-12-14T000000_BUY_COUNTDOWN_PROGRESS_1_2023-12-01T000000_5,2023-12-14 00:00:00,600036.SS,1d,COUNTDOWN,BUY_COUNTDOWN_PROGRESS,1,5,,,BUY_SETUP,True,2023-11-21 00:00:00,2023-12-01 00:00:00,25.89,25.89,2023-12-01 00:00:00,2023-12-01 00:00:00,2023-12-04 00:00:00,2023-12-05 00:00:00,2023-12-06 00:00:00,2023-12-14 00:00:00,,,,,,,,,,2023-12-14 00:00:00,22.05,22.66,22.05,22.66,22.05,1507528702.0,0.013212,-0.130178
601318SS_2023-12-15T000000_BUY_COUNTDOWN_PROGRESS_1_2023-12-06T000000_5,2023-12-15 00:00:00,601318.SS,1d,COUNTDOWN,BUY_COUNTDOWN_PROGRESS,1,5,,,BUY_SETUP,True,2023-11-24 00:00:00,2023-12-06 00:00:00,38.07,38.07,2023-12-06 00:00:00,2023-12-06 00:00:00,2023-12-07 00:00:00,2023-12-08 00:00:00,2023-12-14 00:00:00,2023-12-15 00:00:00,,,,,,,,,,2023-12-14 00:00:00,33.73,34.51,33.83,34.6,33.77,1715601443.0,0.011676,-0.108564
601318SS_2023-12-18T000000_BUY_COUNTDOWN_PROGRESS_1_2023-12-06T000000_6,2023-12-18 00:00:00,601318.SS,1d,COUNTDOWN,BUY_COUNTDOWN_PROGRESS,1,6,,,BUY_SETUP,True,2023-11-24 00:00:00,2023-12-06 00:00:00,38.07,38.07,2023-12-06 00:00:00,2023-12-06 00:00:00,2023-12-07 00:00:00,2023-12-08 00:00:00,2023-12-14 00:00:00,2023-12-15 00:00:00,2023-12-18 00:00:00,,,,,,,,,2023-12-18 00:00:00,33.35,33.89,33.65,33.89,33.35,1709752699.5,0.01143,-0.11703
601318SS_2023-12-19T000000_BUY_COUNTDOWN_PROGRESS_1_2023-12-06T000000_7,2023-12-19 00:00:00,601318.SS,1d,COUNTDOWN,BUY_COUNTDOWN_PROGRESS,1,7,,,BUY_SETUP,True,2023-11-24 00:00:00,2023-12-06 00:00:00,38.07,38.07,2023-12-06 00:00:00,2023-12-06 00:00:00,2023-12-07 00:00:00,2023-12-08 00:00:00,2023-12-14 00:00:00,2023-12-15 00:00:00,2023-12-18 00:00:00,2023-12-19 00:00:00,,,,,,,,2023-12-18 00:00:00,33.35,33.89,33.75,34.02,33.44,1680408256.5,0.011603,-0.106434
000651SZ_2023-12-20T000000_BUY_COUNTDOWN_PROGRESS_1_2023-11-17T000000_3,2023-12-20 00:00:00,000651.SZ,1d,COUNTDOWN,BUY_COUNTDOWN_PROGRESS,1,3,,,BUY_SETUP,False,2023-11-07 00:00:00,2023-11-17 00:00:00,27.7,27.7,2023-11-17 00:00:00,2023-11-17 00:00:00,2023-12-01 00:00:00,2023-12-20 00:00:00,,,,,,,,,,,,2023-12-20 00:00:00,24.46,26.48,24.48,26.48,24.46,932893230.5,0.021436,-0.081081
000651SZ_2023-12-21T000000_BUY_COUNTDOWN_PROGRESS_1_2023-11-17T000000_4,2023-12-21 00:00:00,000651.SZ,1d,COUNTDOWN,BUY_COUNTDOWN_PROGRESS,1,4,,,BUY_SETUP,False,2023-11-07 00:00:00,2023-11-17 00:00:00,27.7,27.7,2023-11-17 00:00:00,2023-11-17 00:00:00,2023-12-01 00:00:00,2023-12-20 00:00:00,2023-12-21 00:00:00,,,,,,,,,,,2023-12-20 00:00:00,24.46,26.48,25.17,25.54,24.74,1040466040.5,0.022606,-0.056597
600036SS_2023-12-26T000000_BUY_COUNTDOWN_PROGRESS_1_2023-12-01T000000_6,2023-12-26 00:00:00,600036.SS,1d,COUNTDOWN,BUY_COUNTDOWN_PROGRESS,1,6,,,BUY_SETUP,True,2023-11-21 00:00:00,2023-12-01 00:00:00,25.89,25.89,2023-12-01 00:00:00,2023-12-01 00:00:00,2023-12-04 00:00:00,2023-12-05 00:00:00,2023-12-06 00:00:00,2023-12-14 00:00:00,2023-12-26 00:00:00,,,,,,,,,2023-12-14 00:00:00,22.05,22.66,22.29,22.51,22.18,1646894211.5,0.014775,-0.064232
600036SS_2023-12-27T000000_BUY_COUNTDOWN_PROGRESS_1_2023-12-01T000000_7,2023-12-27 00:00:00,600036.SS,1d,COUNTDOWN,BUY_COUNTDOWN_PROGRESS,1,7,,,BUY_SETUP,True,2023-11-21 00:00:00,2023-12-01 00:00:00,25.89,25.89,2023-12-01 00:00:00,2023-12-01 00:00:00,2023-12-04 00:00:00,2023-12-05 00:00:00,2023-12-06 00:00:00,2023-12-14 00:00:00,2023-12-26 00:00:00,2023-12-27 00:00:00,,,,,,,,2023-12-14 00:00:00,22.05,22.66,22.32,22.39,22.07,1613293032.5,0.014799,-0.062579
000858SZ_2024-01-03T000000_BUY_COUNTDOWN_PROGRESS_1_2023-11-30T000000_8,2024-01-03 00:00:00,000858.SZ,1d,COUNTDOWN,BUY_COUNTDOWN_PROGRESS,1,8,,,BUY_SETUP,True,2023-11-20 00:00:00,2023-11-30 00:00:00,143.65,143.65,2023-11-30 00:00:00,2023-12-04 00:00:00,2023-12-05 00:00:00,2023-12-06 00:00:00,2023-12-11 00:00:00,2023-12-12 00:00:00,2023-12-13 00:00:00,2023-12-14 00:00:00,2024-01-03 00:00:00,121.89,,,,,,2023-12-14 00:00:00,119.66,122.99,121.89,123.68,120.76,2415580718.5,0.019568,-0.070323
601318SS_2024-01-03T000000_SELL_SETUP_-1_2024-01-03T000000_9,2024-01-03 00:00:00,601318.SS,1d,SETUP,SELL_SETUP,-1,9,False,,SELL_SETUP,False,2023-12-21 00:00:00,2024-01-03 00:00:00,,,,,,,,,,,,,,,,,,,,,,,,1518432488.0,0.012896,-0.00376
601318SS_2024-01-03T000000_BUY_COUNTDOWN_CANCEL_1_2023-12-06T000000_7,2024-01-03 00:00:00,601318.SS,1d,COUNTDOWN,BUY_COUNTDOWN_CANCEL,1,7,,opposite_setup,BUY_SETUP,True,2023-11-24 00:00:00,2023-12-06 00:00:00,38.07,38.07,2023-12-06 00:00:00,2023-12-06 00:00:00,2023-12-07 00:00:00,2023-12-08 00:00:00,2023-12-14 00:00:00,2023-12-15 00:00:00,2023-12-18 00:00:00,2023-12-19 00:00:00,,,,,,,,2023-12-18 00:00:00,33.35,33.89,34.44,34.7,34.23,1518432488.0,0.012896,-0.00376
600036SS_2024-01-03T000000_BUY_COUNTDOWN_PROGRESS_1_2023-12-01T000000_8,2024-01-03 00:00:00,600036.SS,1d,COUNTDOWN,BUY_COUNTDOWN_PROGRESS,1,8,,,BUY_SETUP,True,2023-11-21 00:00:00,2023-12-01 00:00:00,25.89,25.89,2023-12-01 00:00:00,2023-12-01 00:00:00,2023-12-04 00:00:00,2023-12-05 00:00:00,2023-12-06 00:00:00,2023-12-14 00:00:00,2023-12-26 00:00:00,2023-12-27 00:00:00,2024-01-03 00:00:00,22.79,,,,,,2023-12-14 00:00:00,22.05,22.66,22.79,22.86,22.54,1618943958.5,0.014991,0.000439
000651SZ_2024-01-03T000000_BUY_COUNTDOWN_PROGRESS_1_2023-11-17T000000_5,2024-01-03 00:00:00,000651.SZ,1d,COUNTDOWN,BUY_COUNTDOWN_PROGRESS,1,5,,,BUY_SETUP,False,2023-11-07 00:00:00,2023-11-17 00:00:00,27.7,27.7,2023-11-17 00:00:00,2023-11-17 00:00:00,2023-12-01 00:00:00,2023-12-20 00:00:00,2023-12-21 00:00:00,2024-01-03 00:00:00,,,,,,,,,,2023-12-20 00:00:00,24.46,26.48,25.48,25.76,25.38,1159415487.5,0.023013,-0.023755
000858SZ_2024-01-04T000000_BUY_COUNTDOWN_PROGRESS_1_2023-11-30T000000_9,2024-01-04 00:00:00,000858.SZ,1d,COUNTDOWN,BUY_COUNTDOWN_PROGRESS,1,9,,,BUY_SETUP,True,2023-11-20 00:00:00,2023-11-30 00:00:00,143.65,143.65,2023-11-30 00:00:00,2023-12-04 00:00:00,2023-12-05 00:00:00,2023-12-06 00:00:00,2023-12-11 00:00:00,2023-12-12 00:00:00,2023-12-13 00:00:00,2023-12-14 00:00:00,2024-01-03 00:00:00,121.89,2024-01-04 00:00:00,,,,,2024-01-04 00:00:00,119.02,121.91,119.33,121.91,119.02,2430041183.5,0.019871,-0.078746
000651SZ_2024-01-04T000000_BUY_COUNTDOWN_PROGRESS_1_2023-11-17T000000_6,2024-01-04 00:00:00,000651.SZ,1d,COUNTDOWN,BUY_COUNTDOWN_PROGRESS,1,6,,,BUY_SETUP,False,2023-11-07 00:00:00,2023-11-17 00:00:00,27.7,27.7,2023-11-17 00:00:00,2023-11-17 00:00:00,2023-12-01 00:00:00,2023-12-20 00:00:00,2023-12-21 00:00:00,2024-01-03 00:00:00,2024-01-04 00:00:00,,,,,,,,,2023-12-20 00:00:00,24.46,26.48,25.63,25.69,25.13,1177551940.0,0.022755,-0.03283
000858SZ_2024-01-05T000000_BUY_COUNTDOWN_PROGRESS_1_2023-11-30T000000_10,2024-01-05 00:00:00,000858.SZ,1d,COUNTDOWN,BUY_COUNTDOWN_PROGRESS,1,10,,,BUY_SETUP,True,2023-11-20 00:00:00,2023-11-30 00:00:00,143.65,143.65,2023-11-30 00:00:00,2023-12-04 00:00:00,2023-12-05 00:00:00,2023-12-06 00:00:00,2023-12-11 00:00:00,2023-12-12 00:00:00,2023-12-13 00:00:00,2023-12-14 00:00:00,2024-01-03 00:00:00,121.89,2024-01-04 00:00:00,2024-01-05 00:00:00,,,,2024-01-05 00:00:00,117.79,120.31,118.25,120.31,117.79,2425544778.5,0.019822,-0.089965
000858SZ_2024-01-08T000000_BUY_COUNTDOWN_PROGRESS_1_2023-11-30T000000_11,2024-01-08 00:00:00,000858.SZ,1d,COUNTDOWN,BUY_COUNTDOWN_PROGRESS,1,11,,,BUY_SETUP,True,2023-11-20 00:00:00,2023-11-30 00:00:00,143.65,143.65,2023-11-30 00:00:00,2023-12-04 00:00:00,2023-12-05 00:00:00,2023-12-06 00:00:00,2023-12-11 00:00:00,2023-12-12 00:00:00,2023-12-13 00:00:00,2023-12-14 00:00:00,2024-01-03 00:00:00,121.89,2024-01-04 00:00:00,2024-01-05 00:00:00,2024-01-08 00:00:00,,,2024-01-08 00:00:00,115.01,118.15,115.11,118.15,115.01,2457080383.5,0.019691,-0.087949
000858SZ_2024-01-09T000000_BUY_COUNTDOWN_PROGRESS_1_2023-11-30T000000_12,2024-01-09 00:00:00,000858.SZ,1d,COUNTDOWN,BUY_COUNTDOWN_PROGRESS,1,12,,,BUY_SETUP,True,2023-11-20 00:00:00,2023-11-30 00:00:00,143.65,143.65,2023-11-30 00:00:00,2023-12-04 00:00:00,2023-12-05 00:00:00,2023-12-06 00:00:00,2023-12-11 00:00:00,2023-12-12 00:00:00,2023-12-13 00:00:00,2023-12-14 00:00:00,2024-01-03 00:00:00,121.89,2024-01-04 00:00:00,2024-01-05 00:00:00,2024-01-08 00:00:00,2024-01-09 00:00:00,,2024-01-09 00:00:00,114.42,116.39,114.82,116.39,114.42,2345883698.5,0.019657,-0.090967
601318SS_2024-01-10T000000_SELL_COUNTDOWN_CANCEL_-1_2024-01-03T000000_0,2024-01-10 00:00:00,601318.SS,1d,COUNTDOWN,SELL_COUNTDOWN_CANCEL,-1,0,,tdst_break_rule_4,SELL_SETUP,False,2023-12-21 00:00:00,2024-01-03 00:00:00,35.48,33.17,2024-01-03 00:00:00,,,,,,,,,,,,,,,,,,32.86,33.49,32.86,1523492863.0,0.012469,-0.031536
600519SS_2024-01-16T000000_BUY_SETUP_PERFECT_1_2024-01-16T000000_9,2024-01-16 00:00:00,600519.SS,1d,SETUP,BUY_SETUP_PERFECT,1,9,True,,BUY_SETUP,True,2024-01-04 00:00:00,2024-01-16 00:00:00,,,,,,,,,,,,,,,,,,,,,,,,3659124905.0,0.011874,-0.010622
000651SZ_2024-01-16T000000_BUY_COUNTDOWN_CANCEL_1_2023-11-17T000000_6,2024-01-16 00:00:00,000651.SZ,1d,COUNTDOWN,BUY_COUNTDOWN_CANCEL,1,6,,tdst_break_rule_4,BUY_SETUP,False,2023-11-07 00:00:00,2023-11-17 00:00:00,27.7,27.7,2023-11-17 00:00:00,2023-11-17 00:00:00,2023-12-01 00:00:00,2023-12-20 00:00:00,2023-12-21 00:00:00,2024-01-03 00:00:00,2024-01-04 00:00:00,,,,,,,,,2023-12-20 00:00:00,24.46,26.48,27.79,27.92,27.29,1355874045.0,0.024755,0.035781
600519SS_2024-01-17T000000_BUY_COUNTDOWN_PROGRESS_1_2024-01-16T000000_1,2024-01-17 00:00:00,600519.SS,1d,COUNTDOWN,BUY_COUNTDOWN_PROGRESS,1,1,,,BUY_SETUP,True,2024-01-04 00:00:00,2024-01-16 00:00:00,1586.69,1586.69,2024-01-16 00:00:00,2024-01-17 00:00:00,,,,,,,,,,,,,,2024-01-17 00:00:00,1470.69,1529.17,1470.69,1529.17,1470.69,3886408805.0,0.014893,-0.04716
000858SZ_2024-01-17T000000_BUY_COUNTDOWN_COMPLETE_PERFECT_1_2023-11-30T000000_13,2024-01-17 00:00:00,000858.SZ,1d,COUNTDOWN,BUY_COUNTDOWN_COMPLETE_PERFECT,1,13,True,,BUY_SETUP,True,2023-11-20 00:00:00,2023-11-30 00:00:00,143.65,143.65,2023-11-30 00:00:00,2023-12-04 00:00:00,2023-12-05 00:00:00,2023-12-06 00:00:00,2023-12-11 00:00:00,2023-12-12 00:00:00,2023-12-13 00:00:00,2023-12-14 00:00:00,2024-01-03 00:00:00,121.89,2024-01-04 00:00:00,2024-01-05 00:00:00,2024-01-08 00:00:00,2024-01-09 00:00:00,2024-01-17 00:00:00,2024-01-17 00:00:00,112.15,114.81,112.15,114.81,112.15,2129280168.5,0.018335,-0.05867
600036SS_2024-01-17T000000_SELL_SETUP_PERFECT_-1_2024-01-17T000000_9,2024-01-17 00:00:00,600036.SS,1d,SETUP,SELL_SETUP_PERFECT,-1,9,True,,SELL_SETUP,True,2024-01-05 00:00:00,2024-01-17 00:00:00,,,,,,,,,,,,,,,,,,,,,,,,1886036344.0,0.012282,0.096467
600036SS_2024-01-17T000000_BUY_COUNTDOWN_CANCEL_1_2023-12-01T000000_8,2024-01-17 00:00:00,600036.SS,1d,COUNTDOWN,BUY_COUNTDOWN_CANCEL,1,8,,opposite_setup,BUY_SETUP,True,2023-11-21 00:00:00,2023-12-01 00:00:00,25.89,25.89,2023-12-01 00:00:00,2023-12-01 00:00:00,2023-12-04 00:00:00,2023-12-05 00:00:00,2023-12-06 00:00:00,2023-12-14 00:00:00,2023-12-26 00:00:00,2023-12-27 00:00:00,2024-01-03 00:00:00,22.79,,,,,,2023-12-14 00:00:00,22.05,22.66,24.21,24.6,24.05,1886036344.0,0.012282,0.096467
600036SS_2024-01-17T000000_SELL_COUNTDOWN_PROGRESS_-1_2024-01-17T000000_1,2024-01-17 00:00:00,600036.SS,1d,COUNTDOWN,SELL_COUNTDOWN_PROGRESS,-1,1,,,SELL_SETUP,True,2024-01-05 00:00:00,2024-01-17 00:00:00,24.6,22.64,2024-01-17 00:00:00,2024-01-17 00:00:00,,,,,,,,,,,,,,2024-01-17 00:00:00,24.05,24.6,24.21,24.6,24.05,1886036344.0,0.012282,0.096467
000651SZ_2024-01-17T000000_SELL_SETUP_PERFECT_-1_2024-01-17T000000_9,2024-01-17 00:00:00,000651.SZ,1d,SETUP,SELL_SETUP_PERFECT,-1,9,True,,SELL_SETUP,True,2024-01-05 00:00:00,2024-01-17 00:00:00,,,,,,,,,,,,,,,,,,,,,,,,1372302836.0,0.013841,0.117239
600519SS_2024-01-18T000000_BUY_COUNTDOWN_PROGRESS_1_2024-01-16T000000_2,2024-01-18 00:00:00,600519.SS,1d,COUNTDOWN,BUY_COUNTDOWN_PROGRESS,1,2,,,BUY_SETUP,True,2024-01-04 00:00:00,2024-01-16 00:00:00,1586.69,1586.69,2024-01-16 00:00:00,2024-01-17 00:00:00,2024-01-18 00:00:00,,,,,,,,,,,,,2024-01-18 00:00:00,1449.24,1506.49,1504.55,1506.49,1449.24,4173919620.0,0.015587,-0.037821
600036SS_2024-01-18T000000_SELL_COUNTDOWN_PROGRESS_-1_2024-01-17T000000_2,2024-01-18 00:00:00,600036.SS,1d,COUNTDOWN,SELL_COUNTDOWN_PROGRESS,-1,2,,,SELL_SETUP,True,2024-01-05 00:00:00,2024-01-17 00:00:00,24.6,22.64,2024-01-17 00:00:00,2024-01-17 00:00:00,2024-01-18 00:00:00,,,,,,,,,,,,,2024-01-18 00:00:00,23.62,24.7,24.6,24.7,23.62,2001812869.0,0.011195,0.08227
600036SS_2024-01-19T000000_SELL_COUNTDOWN_PROGRESS_-1_2024-01-17T000000_3,2024-01-19 00:00:00,600036.SS,1d,COUNTDOWN,SELL_COUNTDOWN_PROGRESS,-1,3,,,SELL_SETUP,True,2024-01-05 00:00:00,2024-01-17 00:00:00,24.6,22.64,2024-01-17 00:00:00,2024-01-17 00:00:00,2024-01-18 00:00:00,2024-01-19 00:00:00,,,,,,,,,,,,2024-01-18 00:00:00,23.62,24.7,24.75,24.92,24.16,2040973399.0,0.011012,0.093681
600036SS_2024-01-22T000000_SELL_COUNTDOWN_PROGRESS_-1_2024-01-17T000000_4,2024-01-22 00:00:00,600036.SS,1d,COUNTDOWN,SELL_COUNTDOWN_PROGRESS,-1,4,,,SELL_SETUP,True,2024-01-05 00:00:00,2024-01-17 00:00:00,24.6,22.64,2024-01-17 00:00:00,2024-01-17 00:00:00,2024-01-18 00:00:00,2024-01-19 00:00:00,2024-01-22 00:00:00,,,,,,,,,,,2024-01-18 00:00:00,23.62,24.7,25.27,25.52,24.72,2189469394.0,0.011394,0.120621
600036SS_2024-01-23T000000_SELL_COUNTDOWN_PROGRESS_-1_2024-01-17T000000_5,2024-01-23 00:00:00,600036.SS,1d,COUNTDOWN,SELL_COUNTDOWN_PROGRESS,-1,5,,,SELL_SETUP,True,2024-01-05 00:00:00,2024-01-17 00:00:00,24.6,22.64,2024-01-17 00:00:00,2024-01-17 00:00:00,2024-01-18 00:00:00,2024-01-19 00:00:00,2024-01-22 00:00:00,2024-01-23 00:00:00,,,,,,,,,,2024-01-18 00:00:00,23.62,24.7,25.01,25.37,24.82,2264846695.0,0.011296,0.122028
600036SS_2024-01-25T000000_SELL_COUNTDOWN_PROGRESS_-1_2024-01-17T000000_6,2024-01-25 00:00:00,600036.SS,1d,COUNTDOWN,SELL_COUNTDOWN_PROGRESS,-1,6,,,SELL_SETUP,True,2024-01-05 00:00:00,2024-01-17 00:00:00,24.6,22.64,2024-01-17 00:00:00,2024-01-17 00:00:00,2024-01-18 00:00:00,2024-01-19 00:00:00,2024-01-22 00:00:00,2024-01-23 00:00:00,2024-01-25 00:00:00,,,,,,,,,2024-01-18 00:00:00,23.62,24.7,25.92,26.02,25.2,2493958229.5,0.01141,0.126467
000651SZ_2024-01-25T000000_SELL_COUNTDOWN_PROGRESS_-1_2024-01-17T000000_1,2024-01-25 00:00:00,000651.SZ,1d,COUNTDOWN,SELL_COUNTDOWN_PROGRESS,-1,1,,,SELL_SETUP,True,2024-01-05 00:00:00,2024-01-17 00:00:00,27.92,25.3,2024-01-17 00:00:00,2024-01-25 00:00:00,,,,,,,,,,,,,,2024-01-25 00:00:00,27.09,27.49,27.34,27.49,27.09,1154285773.5,0.014001,0.051943
600036SS_2024-01-26T000000_SELL_COUNTDOWN_PROGRESS_-1_2024-01-17T000000_7,2024-01-26 00:00:00,600036.SS,1d,COUNTDOWN,SELL_COUNTDOWN_PROGRESS,-1,7,,,SELL_SETUP,True,2024-01-05 00:00:00,2024-01-17 00:00:00,24.6,22.64,2024-01-17 00:00:00,2024-01-17 00:00:00,2024-01-18 00:00:00,2024-01-19 00:00:00,2024-01-22 00:00:00,2024-01-23 00:00:00,2024-01-25 00:00:00,2024-01-26 00:00:00,,,,,,,,2024-01-18 00:00:00,23.62,24.7,26.14,26.37,25.68,2502937599.5,0.010945,0.144483
600036SS_2024-01-29T000000_SELL_COUNTDOWN_PROGRESS_-1_2024-01-17T000000_8,2024-01-29 00:00:00,600036.SS,1d,COUNTDOWN,SELL_COUNTDOWN_PROGRESS,-1,8,,,SELL_SETUP,True,2024-01-05 00:00:00,2024-01-17 00:00:00,24.6,22.64,2024-01-17 00:00:00,2024-01-17 00:00:00,2024-01-18 00:00:00,2024-01-19 00:00:00,2024-01-22 00:00:00,2024-01-23 00:00:00,2024-01-25 00:00:00,2024-01-26 00:00:00,2024-01-29 00:00:00,26.37,,,,,,2024-01-18 00:00:00,23.62,24.7,26.37,26.62,26.19,2543166309.5,0.01012,0.166814
000651SZ_2024-01-29T000000_SELL_COUNTDOWN_PROGRESS_-1_2024-01-17T000000_2,2024-01-29 00:00:00,000651.SZ,1d,COUNTDOWN,SELL_COUNTDOWN_PROGRESS,-1,2,,,SELL_SETUP,True,2024-01-05 00:00:00,2024-01-17 00:00:00,27.92,25.3,2024-01-17 00:00:00,2024-01-25 00:00:00,2024-01-29 00:00:00,,,,,,,,,,,,,2024-01-25 00:00:00,27.09,27.49,28.74,28.93,28.09,1251706161.0,0.017386,0.117853
600519SS_2024-01-30T000000_BUY_COUNTDOWN_PROGRESS_1_2024-01-16T000000_3,2024-01-30 00:00:00,600519.SS,1d,COUNTDOWN,BUY_COUNTDOWN_PROGRESS,1,3,,,BUY_SETUP,True,2024-01-04 00:00:00,2024-01-16 00:00:00,1586.69,1586.69,2024-01-16 00:00:00,2024-01-17 00:00:00,2024-01-18 00:00:00,2024-01-30 00:00:00,,,,,,,,,,,,2024-01-18 00:00:00,1449.24,1506.49,1506.69,1543.67,1503.69,4851324710.0,0.014,-0.051018
601318SS_2024-01-30T000000_SELL_SETUP_PERFECT_-1_2024-01-30T000000_9,2024-01-30 00:00:00,601318.SS,1d,SETUP,SELL_SETUP_PERFECT,-1,9,True,,SELL_SETUP,True,2024-01-18 00:00:00,2024-01-30 00:00:00,,,,,,,,,,,,,,,,,,,,,,,,2274222701.0,0.015809,0.022938
600036SS_2024-01-30T000000_SELL_SETUP_PERFECT_-1_2024-01-30T000000_9,2024-01-30 00:00:00,600036.SS,1d,SETUP,SELL_SETUP_PERFECT,-1,9,True,,SELL_SETUP,True,2024-01-18 00:00:00,2024-01-30 00:00:00,,,,,,,,,,,,,,,,,,,,,,,,2583961159.5,0.011197,0.141729
600036SS_2024-01-30T000000_SELL_COUNTDOWN_CANCEL_-1_2024-01-17T000000_8,2024-01-30 00:00:00,600036.SS,1d,COUNTDOWN,SELL_COUNTDOWN_CANCEL,-1,8,,same_setup,SELL_SETUP,True,2024-01-05 00:00:00,2024-01-17 00:00:00,24.6,22.64,2024-01-17 00:00:00,2024-01-17 00:00:00,2024-01-18 00:00:00,2024-01-19 00:00:00,2024-01-22 00:00:00,2024-01-23 00:00:00,2024-01-25 00:00:00,2024-01-26 00:00:00,2024-01-29 00:00:00,26.37,,,,,,2024-01-18 00:00:00,23.62,24.7,26.02,26.52,25.8,2583961159.5,0.011197,0.141729
000651SZ_2024-01-30T000000_SELL_COUNTDOWN_PROGRESS_-1_2024-01-17T000000_3,2024-01-30 00:00:00,000651.SZ,1d,COUNTDOWN,SELL_COUNTDOWN_PROGRESS,-1,3,,,SELL_SETUP,True,2024-01-05 00:00:00,2024-01-17 00:00:00,27.92,25.3,2024-01-17 00:00:00,2024-01-25 00:00:00,2024-01-29 00:00:00,2024-01-30 00:00:00,,,,,,,,,,,,2024-01-25 00:00:00,27.09,27.49,28.83,29.25,28.35,1315839397.0,0.017044,0.131476
600519SS_2024-01-31T000000_BUY_COUNTDOWN_PROGRESS_1_2024-01-16T000000_4,2024-01-31 00:00:00,600519.SS,1d,COUNTDOWN,BUY_COUNTDOWN_PROGRESS,1,4,,,BUY_SETUP,True,2024-01-04 00:00:00,2024-01-16 00:00:00,1586.69,1586.69,2024-01-16 00:00:00,2024-01-17 00:00:00,2024-01-18 00:00:00,2024-01-30 00:00:00,2024-01-31 00:00:00,,,,,,,,,,,2024-01-18 00:00:00,1449.24,1506.49,1498.6,1513.66,1491.82,4919259920.0,0.013677,-0.041013
000651SZ_2024-01-31T000000_SELL_COUNTDOWN_PROGRESS_-1_2024-01-17T000000_4,2024-01-31 00:00:00,000651.SZ,1d,COUNTDOWN,SELL_COUNTDOWN_PROGRESS,-1,4,,,SELL_SETUP,True,2024-01-05 00:00:00,2024-01-17 00:00:00,27.92,25.3,2024-01-17 00:00:00,2024-01-25 00:00:00,2024-01-29 00:00:00,2024-01-30 00:00:00,2024-01-31 00:00:00,,,,,,,,,,,2024-01-25 00:00:00,27.09,27.49,28.93,29.35,28.59,1376673296.5,0.017058,0.128755
600519SS_2024-02-02T000000_BUY_COUNTDOWN_PROGRESS_1_2024-01-16T000000_5,2024-02-02 00:00:00,600519.SS,1d,COUNTDOWN,BUY_COUNTDOWN_PROGRESS,1,5,,,BUY_SETUP,True,2024-01-04 00:00:00,2024-01-16 00:00:00,1586.69,1586.69,2024-01-16 00:00:00,2024-01-17 00:00:00,2024-01-18 00:00:00,2024-01-30 00:00:00,2024-01-31 00:00:00,2024-02-02 00:00:00,,,,,,,,,,2024-01-18 00:00:00,1449.24,1506.49,1489.69,1521.47,1474.69,5100853125.0,0.013616,-0.031209
601318SS_2024-02-05T000000_SELL_COUNTDOWN_PROGRESS_-1_2024-01-30T000000_1,2024-02-05 00:00:00,601318.SS,1d,COUNTDOWN,SELL_COUNTDOWN_PROGRESS,-1,1,,,SELL_SETUP,True,2024-01-18 00:00:00,2024-01-30 00:00:00,36.73,32.68,2024-01-30 00:00:00,2024-02-05 00:00:00,,,,,,,,,,,,,,2024-02-05 00:00:00,34.72,36.03,35.72,36.03,34.72,2427294401.0,0.01539,0.068821
000651SZ_2024-02-05T000000_SELL_SETUP_PERFECT_-1_2024-02-05T000000_9,2024-02-05 00:00:00,000651.SZ,1d,SETUP,SELL_SETUP_PERFECT,-1,9,True,,SELL_SETUP,True,2024-01-24 00:00:00,2024-02-05 00:00:00,,,,,,,,,,,,,,,,,,,,,,,,1411405281.0,0.014793,0.095326
000651SZ_2024-02-05T000000_SELL_COUNTDOWN_CANCEL_-1_2024-01-17T000000_4,2024-02-05 00:00:00,000651.SZ,1d,COUNTDOWN,SELL_COUNTDOWN_CANCEL,-1,4,,same_setup,SELL_SETUP,True,2024-01-05 00:00:00,2024-01-17 00:00:00,27.92,25.3,2024-01-17 00:00:00,2024-01-25 00:00:00,2024-01-29 00:00:00,2024-01-30 00:00:00,2024-01-31 00:00:00,,,,,,,,,,,2024-01-25 00:00:00,27.09,27.49,29.76,29.84,28.81,1411405281.0,0.014793,0.095326
000651SZ_2024-02-05T000000_SELL_COUNTDOWN_PROGRESS_-1_2024-02-05T000000_1,2024-02-05 00:00:00,000651.SZ,1d,COUNTDOWN,SELL_COUNTDOWN_PROGRESS,-1,1,,,SELL_SETUP,True,2024-01-24 00:00:00,2024-02-05 00:00:00,29.84,26.64,2024-02-05 00:00:00,2024-02-05 00:00:00,,,,,,,,,,,,,,2024-02-05 00:00:00,28.81,29.84,29.76,29.84,28.81,1411405281.0,0.014793,0.095326
601318SS_2024-02-06T000000_SELL_COUNTDOWN_PROGRESS_-1_2024-01-30T000000_2,2024-02-06 00:00:00,601318.SS,1d,COUNTDOWN,SELL_COUNTDOWN_PROGRESS,-1,2,,,SELL_SETUP,True,2024-01-18 00:00:00,2024-01-30 00:00:00,36.73,32.68,2024-01-30 00:00:00,2024-02-05 00:00:00,2024-02-06 00:00:00,,,,,,,,,,,,,2024-02-05 00:00:00,34.72,36.03,36.6,36.72,35.41,2525195826.0,0.01528,0.113816
600036SS_2024-02-06T000000_SELL_COUNTDOWN_PROGRESS_-1_2024-01-30T000000_1,2024-02-06 00:00:00,600036.SS,1d,COUNTDOWN,SELL_COUNTDOWN_PROGRESS,-1,1,,,SELL_SETUP,True,2024-01-18 00:00:00,2024-01-30 00:00:00,26.62,23.62,2024-01-30 00:00:00,2024-02-06 00:00:00,,,,,,,,,,,,,,2024-02-06 00:00:00,25.62,26.37,26.35,26.37,25.62,2805689843.5,0.012771,0.142176
000651SZ_2024-02-06T000000_SELL_COUNTDOWN_PROGRESS_-1_2024-02-05T000000_2,2024-02-06 00:00:00,000651.SZ,1d,COUNTDOWN,SELL_COUNTDOWN_PROGRESS,-1,2,,,SELL_SETUP,True,2024-01-24 00:00:00,2024-02-05 00:00:00,29.84,26.64,2024-02-05 00:00:00,2024-02-05 00:00:00,2024-02-06 00:00:00,,,,,,,,,,,,,2024-02-05 00:00:00,28.81,29.84,29.58,30.48,29.23,1477970311.0,0.014985,0.081536
600519SS_2024-02-07T000000_BUY_COUNTDOWN_CANCEL_1_2024-01-16T000000_5,2024-02-07 00:00:00,600519.SS,1d,COUNTDOWN,BUY_COUNTDOWN_CANCEL,1,5,,tdst_break_rule_4,BUY_SETUP,True,2024-01-04 00:00:00,2024-01-16 00:00:00,1586.69,1586.69,2024-01-16 00:00:00,2024-01-17 00:00:00,2024-01-18 00:00:00,2024-01-30 00:00:00,2024-01-31 00:00:00,2024-02-02 00:00:00,,,,,,,,,,2024-01-18 00:00:00,1449.24,1506.49,1604.68,1608.28,1555.29,5858506665.0,0.016833,0.041824
601318SS_2024-02-07T000000_SELL_COUNTDOWN_PROGRESS_-1_2024-01-30T000000_3,2024-02-07 00:00:00,601318.SS,1d,COUNTDOWN,SELL_COUNTDOWN_PROGRESS,-1,3,,,SELL_SETUP,True,2024-01-18 00:00:00,2024-01-30 00:00:00,36.73,32.68,2024-01-30 00:00:00,2024-02-05 00:00:00,2024-02-06 00:00:00,2024-02-07 00:00:00,,,,,,,,,,,,2024-02-05 00:00:00,34.72,36.03,37.42,37.44,36.39,2632991236.0,0.015472,0.118016
600036SS_2024-02-07T000000_SELL_COUNTDOWN_PROGRESS_-1_2024-01-30T000000_2,2024-02-07 00:00:00,600036.SS,1d,COUNTDOWN,SELL_COUNTDOWN_PROGRESS,-1,2,,,SELL_SETUP,True,2024-01-18 00:00:00,2024-01-30 00:00:00,26.62,23.62,2024-01-30 00:00:00,2024-02-06 00:00:00,2024-02-07 00:00:00,,,,,,,,,,,,,2024-02-06 00:00:00,25.62,26.37,26.33,26.5,25.83,2914714665.0,0.012766,0.125214
000651SZ_2024-02-07T000000_SELL_COUNTDOWN_PROGRESS_-1_2024-02-05T000000_3,2024-02-07 00:00:00,000651.SZ,1d,COUNTDOWN,SELL_COUNTDOWN_PROGRESS,-1,3,,,SELL_SETUP,True,2024-01-24 00:00:00,2024-02-05 00:00:00,29.84,26.64,2024-02-05 00:00:00,2024-02-05 00:00:00,2024-02-06 00:00:00,2024-02-07 00:00:00,,,,,,,,,,,,2024-02-05 00:00:00,28.81,29.84,30.48,30.56,29.15,1555993307.5,0.015964,0.117712
601318SS_2024-02-08T000000_SELL_COUNTDOWN_PROGRESS_-1_2024-01-30T000000_4,2024-02-08 00:00:00,601318.SS,1d,COUNTDOWN,SELL_COUNTDOWN_PROGRESS,-1,4,,,SELL_SETUP,True,2024-01-18 00:00:00,2024-01-30 00:00:00,36.73,32.68,2024-01-30 00:00:00,2024-02-05 00:00:00,2024-02-06 00:00:00,2024-02-07 00:00:00,2024-02-08 00:00:00,,,,,,,,,,,2024-02-05 00:00:00,34.72,36.03,37.82,37.99,37.19,2723802581.0,0.014904,0.143635
600036SS_2024-02-08T000000_SELL_COUNTDOWN_PROGRESS_-1_2024-01-30T000000_3,2024-02-08 00:00:00,600036.SS,1d,COUNTDOWN,SELL_COUNTDOWN_PROGRESS,-1,3,,,SELL_SETUP,True,2024-01-18 00:00:00,2024-01-30 00:00:00,26.62,23.62,2024-01-30 00:00:00,2024-02-06 00:00:00,2024-02-07 00:00:00,2024-02-08 00:00:00,,,,,,,,,,,,2024-02-06 00:00:00,25.62,26.37,26.42,26.47,26.04,2946990975.0,0.012782,0.121392
601318SS_2024-02-19T000000_SELL_COUNTDOWN_PROGRESS_-1_2024-01-30T000000_5,2024-02-19 00:00:00,601318.SS,1d,COUNTDOWN,SELL_COUNTDOWN_PROGRESS,-1,5,,,SELL_SETUP,True,2024-01-18 00:00:00,2024-01-30 00:00:00,36.73,32.68,2024-01-30 00:00:00,2024-02-05 00:00:00,2024-02-06 00:00:00,2024-02-07 00:00:00,2024-02-08 00:00:00,2024-02-19 00:00:00,,,,,,,,,,2024-02-05 00:00:00,34.72,36.03,37.77,38.12,37.56,2782125351.0,0.015013,0.137308
600036SS_2024-02-19T000000_SELL_COUNTDOWN_PROGRESS_-1_2024-01-30T000000_4,2024-02-19 00:00:00,600036.SS,1d,COUNTDOWN,SELL_COUNTDOWN_PROGRESS,-1,4,,,SELL_SETUP,True,2024-01-18 00:00:00,2024-01-30 00:00:00,26.62,23.62,2024-01-30 00:00:00,2024-02-06 00:00:00,2024-02-07 00:00:00,2024-02-08 00:00:00,2024-02-19 00:00:00,,,,,,,,,,,2024-02-06 00:00:00,25.62,26.37,26.64,27.01,26.43,3002899185.0,0.012764,0.119798
000651SZ_2024-02-19T000000_SELL_COUNTDOWN_PROGRESS_-1_2024-02-05T000000_4,2024-02-19 00:00:00,000651.SZ,1d,COUNTDOWN,SELL_COUNTDOWN_PROGRESS,-1,4,,,SELL_SETUP,True,2024-01-24 00:00:00,2024-02-05 00:00:00,29.84,26.64,2024-02-05 00:00:00,2024-02-05 00:00:00,2024-02-06 00:00:00,2024-02-07 00:00:00,2024-02-19 00:00:00,,,,,,,,,,,2024-02-05 00:00:00,28.81,29.84,30.66,30.68,29.84,1665427476.5,0.017873,0.114099
000651SZ_2024-02-20T000000_SELL_COUNTDOWN_PROGRESS_-1_2024-02-05T000000_5,2024-02-20 00:00:00,000651.SZ,1d,COUNTDOWN,SELL_COUNTDOWN_PROGRESS,-1,5,,,SELL_SETUP,True,2024-01-24 00:00:00,2024-02-05 00:00:00,29.84,26.64,2024-02-05 00:00:00,2024-02-05 00:00:00,2024-02-06 00:00:00,2024-02-07 00:00:00,2024-02-19 00:00:00,2024-02-20 00:00:00,,,,,,,,,,2024-02-05 00:00:00,28.81,29.84,31.64,31.68,30.62,1712228530.0,0.018792,0.138539
601318SS_2024-02-21T000000_SELL_COUNTDOWN_PROGRESS_-1_2024-01-30T000000_6,2024-02-21 00:00:00,601318.SS,1d,COUNTDOWN,SELL_COUNTDOWN_PROGRESS,-1,6,,,SELL_SETUP,True,2024-01-18 00:00:00,2024-01-30 00:00:00,36.73,32.68,2024-01-30 00:00:00,2024-02-05 00:00:00,2024-02-06 00:00:00,2024-02-07 00:00:00,2024-02-08 00:00:00,2024-02-19 00:00:00,2024-02-21 00:00:00,,,,,,,,,2024-02-05 00:00:00,34.72,36.03,38.63,39.34,37.06,2955997610.0,0.0152,0.168835
600036SS_2024-02-21T000000_SELL_COUNTDOWN_PROGRESS_-1_2024-01-30T000000_5,2024-02-21 00:00:00,600036.SS,1d,COUNTDOWN,SELL_COUNTDOWN_PROGRESS,-1,5,,,SELL_SETUP,True,2024-01-18 00:00:00,2024-01-30 00:00:00,26.62,23.62,2024-01-30 00:00:00,2024-02-06 00:00:00,2024-02-07 00:00:00,2024-02-08 00:00:00,2024-02-19 00:00:00,2024-02-21 00:00:00,,,,,,,,,,2024-02-06 00:00:00,25.62,26.37,28.02,28.41,26.37,3155760635.0,0.017937,0.157373
000651SZ_2024-02-21T000000_SELL_COUNTDOWN_PROGRESS_-1_2024-02-05T000000_6,2024-02-21 00:00:00,000651.SZ,1d,COUNTDOWN,SELL_COUNTDOWN_PROGRESS,-1,6,,,SELL_SETUP,True,2024-01-24 00:00:00,2024-02-05 00:00:00,29.84,26.64,2024-02-05 00:00:00,2024-02-05 00:00:00,2024-02-06 00:00:00,2024-02-07 00:00:00,2024-02-19 00:00:00,2024-02-20 00:00:00,2024-02-21 00:00:00,,,,,,,,,2024-02-05 00:00:00,28.81,29.84,31.55,32.03,31.29,1753700273.5,0.018174,0.153565
601318SS_2024-02-22T000000_SELL_COUNTDOWN_PROGRESS_-1_2024-01-30T000000_7,2024-02-22 00:00:00,601318.SS,1d,COUNTDOWN,SELL_COUNTDOWN_PROGRESS,-1,7,,,SELL_SETUP,True,2024-01-18 00:00:00,2024-01-30 00:00:00,36.73,32.68,2024-01-30 00:00:00,2024-02-05 00:00:00,2024-02-06 00:00:00,2024-02-07 00:00:00,2024-02-08 00:00:00,2024-02-19 00:00:00,2024-02-21 00:00:00,2024-02-22 00:00:00,,,,,,,,2024-02-05 00:00:00,34.72,36.03,38.74,38.78,38.25,2961211290.0,0.01438,0.138407
600036SS_2024-02-22T000000_SELL_COUNTDOWN_PROGRESS_-1_2024-01-30T000000_6,2024-02-22 00:00:00,600036.SS,1d,COUNTDOWN,SELL_COUNTDOWN_PROGRESS,-1,6,,,SELL_SETUP,True,2024-01-18 00:00:00,2024-01-30 00:00:00,26.62,23.62,2024-01-30 00:00:00,2024-02-06 00:00:00,2024-02-07 00:00:00,2024-02-08 00:00:00,2024-02-19 00:00:00,2024-02-21 00:00:00,2024-02-22 00:00:00,,,,,,,,,2024-02-06 00:00:00,25.62,26.37,27.82,27.97,27.41,3086637170.0,0.018126,0.130894
000651SZ_2024-02-22T000000_SELL_COUNTDOWN_PROGRESS_-1_2024-02-05T000000_7,2024-02-22 00:00:00,000651.SZ,1d,COUNTDOWN,SELL_COUNTDOWN_PROGRESS,-1,7,,,SELL_SETUP,True,2024-01-24 00:00:00,2024-02-05 00:00:00,29.84,26.64,2024-02-05 00:00:00,2024-02-05 00:00:00,2024-02-06 00:00:00,2024-02-07 00:00:00,2024-02-19 00:00:00,2024-02-20 00:00:00,2024-02-21 00:00:00,2024-02-22 00:00:00,,,,,,,,2024-02-05 00:00:00,28.81,29.84,31.96,31.98,31.28,1770516004.0,0.018087,0.169839
601318SS_2024-02-23T000000_SELL_SETUP_PERFECT_-1_2024-02-23T000000_9,2024-02-23 00:00:00,601318.SS,1d,SETUP,SELL_SETUP_PERFECT,-1,9,True,,SELL_SETUP,True,2024-02-05 00:00:00,2024-02-23 00:00:00,,,,,,,,,,,,,,,,,,,,,,,,2938950385.0,0.01439,0.142231
601318SS_2024-02-23T000000_SELL_COUNTDOWN_CANCEL_-1_2024-01-30T000000_7,2024-02-23 00:00:00,601318.SS,1d,COUNTDOWN,SELL_COUNTDOWN_CANCEL,-1,7,,same_setup,SELL_SETUP,True,2024-01-18 00:00:00,2024-01-30 00:00:00,36.73,32.68,2024-01-30 00:00:00,2024-02-05 00:00:00,2024-02-06 00:00:00,2024-02-07 00:00:00,2024-02-08 00:00:00,2024-02-19 00:00:00,2024-02-21 00:00:00,2024-02-22 00:00:00,,,,,,,,2024-02-05 00:00:00,34.72,36.03,39.11,39.49,38.64,2938950385.0,0.01439,0.142231
000858SZ_2024-02-26T000000_SELL_SETUP_PERFECT_-1_2024-02-26T000000_9,2024-02-26 00:00:00,000858.SZ,1d,SETUP,SELL_SETUP_PERFECT,-1,9,True,,SELL_SETUP,True,2024-02-06 00:00:00,2024-02-26 00:00:00,,,,,,,,,,,,,,,,,,,,,,,,2995680595.0,0.022715,0.11192
600036SS_2024-02-26T000000_SELL_SETUP_PERFECT_-1_2024-02-26T000000_9,2024-02-26 00:00:00,600036.SS,1d,SETUP,SELL_SETUP_PERFECT,-1,9,True,,SELL_SETUP,True,2024-02-06 00:00:00,2024-02-26 00:00:00,,,,,,,,,,,,,,,,,,,,,,,,2969331680.0,0.019093,0.079145
600036SS_2024-02-26T000000_SELL_COUNTDOWN_CANCEL_-1_2024-01-30T000000_6,2024-02-26 00:00:00,600036.SS,1d,COUNTDOWN,SELL_COUNTDOWN_CANCEL,-1,6,,same_setup,SELL_SETUP,True,2024-01-18 00:00:00,2024-01-30 00:00:00,26.62,23.62,2024-01-30 00:00:00,2024-02-06 00:00:00,2024-02-07 00:00:00,2024-02-08 00:00:00,2024-02-19 00:00:00,2024-02-21 00:00:00,2024-02-22 00:00:00,,,,,,,,,2024-02-06 00:00:00,25.62,26.37,27.27,28.08,27.1,2969331680.0,0.019093,0.079145
000651SZ_2024-02-26T000000_SELL_SETUP_PERFECT_-1_2024-02-26T000000_9,2024-02-26 00:00:00,000651.SZ,1d,SETUP,SELL_SETUP_PERFECT,-1,9,True,,SELL_SETUP,True,2024-02-06 00:00:00,2024-02-26 00:00:00,,,,,,,,,,,,,,,,,,,,,,,,1822762886.0,0.01714,0.22039
000651SZ_2024-02-26T000000_SELL_COUNTDOWN_CANCEL_-1_2024-02-05T000000_7,2024-02-26 00:00:00,000651.SZ,1d,COUNTDOWN,SELL_COUNTDOWN_CANCEL,-1,7,,same_setup,SELL_SETUP,True,2024-01-24 00:00:00,2024-02-05 00:00:00,29.84,26.64,2024-02-05 00:00:00,2024-02-05 00:00:00,2024-02-06 00:00:00,2024-02-07 00:00:00,2024-02-19 00:00:00,2024-02-20 00:00:00,2024-02-21 00:00:00,2024-02-22 00:00:00,,,,,,,,2024-02-05 00:00:00,28.81,29.84,32.56,33.02,32.29,1822762886.0,0.01714,0.22039
000651SZ_2024-02-26T000000_SELL_COUNTDOWN_PROGRESS_-1_2024-02-26T000000_1,2024-02-26 00:00:00,000651.SZ,1d,COUNTDOWN,SELL_COUNTDOWN_PROGRESS,-1,1,,,SELL_SETUP,True,2024-02-06 00:00:00,2024-02-26 00:00:00,33.02,29.15,2024-02-26 00:00:00,2024-02-26 00:00:00,,,,,,,,,,,,,,2024-02-26 00:00:00,32.29,33.02,32.56,33.02,32.29,1822762886.0,0.01714,0.22039
000651SZ_2024-02-27T000000_SELL_COUNTDOWN_PROGRESS_-1_2024-02-26T000000_2,2024-02-27 00:00:00,000651.SZ,1d,COUNTDOWN,SELL_COUNTDOWN_PROGRESS,-1,2,,,SELL_SETUP,True,2024-02-06 00:00:00,2024-02-26 00:00:00,33.02,29.15,2024-02-26 00:00:00,2024-02-26 00:00:00,2024-02-27 00:00:00,,,,,,,,,,,,,2024-02-27 00:00:00,32.2,32.68,32.56,32.68,32.2,1828208205.0,0.017073,0.222681
000858SZ_2024-02-29T000000_SELL_COUNTDOWN_PROGRESS_-1_2024-02-26T000000_1,2024-02-29 00:00:00,000858.SZ,1d,COUNTDOWN,SELL_COUNTDOWN_PROGRESS,-1,1,,,SELL_SETUP,True,2024-02-06 00:00:00,2024-02-26 00:00:00,130.39,112.71,2024-02-26 00:00:00,2024-02-29 00:00:00,,,,,,,,,,,,,,2024-02-29 00:00:00,125.71,129.34,129.26,129.34,125.71,3017526385.0,0.022584,0.094311
000651SZ_2024-02-29T000000_SELL_COUNTDOWN_PROGRESS_-1_2024-02-26T000000_3,2024-02-29 00:00:00,000651.SZ,1d,COUNTDOWN,SELL_COUNTDOWN_PROGRESS,-1,3,,,SELL_SETUP,True,2024-02-06 00:00:00,2024-02-26 00:00:00,33.02,29.15,2024-02-26 00:00:00,2024-02-26 00:00:00,2024-02-27 00:00:00,2024-02-29 00:00:00,,,,,,,,,,,,2024-02-27 00:00:00,32.2,32.68,32.73,32.87,32.38,1852295719.0,0.01678,0.197147
000858SZ_2024-03-01T000000_SELL_COUNTDOWN_PROGRESS_-1_2024-02-26T000000_2,2024-03-01 00:00:00,000858.SZ,1d,COUNTDOWN,SELL_COUNTDOWN_PROGRESS,-1,2,,,SELL_SETUP,True,2024-02-06 00:00:00,2024-02-26 00:00:00,130.39,112.71,2024-02-26 00:00:00,2024-02-29 00:00:00,2024-03-01 00:00:00,,,,,,,,,,,,,2024-02-29 00:00:00,125.71,129.34,129.6,130.79,127.89,2953274330.0,0.022549,0.098212
000651SZ_2024-03-01T000000_SELL_COUNTDOWN_PROGRESS_-1_2024-02-26T000000_4,2024-03-01 00:00:00,000651.SZ,1d,COUNTDOWN,SELL_COUNTDOWN_PROGRESS,-1,4,,,SELL_SETUP,True,2024-02-06 00:00:00,2024-02-26 00:00:00,33.02,29.15,2024-02-26 00:00:00,2024-02-26 00:00:00,2024-02-27 00:00:00,2024-02-29 00:00:00,2024-03-01 00:00:00,,,,,,,,,,,2024-02-27 00:00:00,32.2,32.68,33.69,33.7,32.62,1892570164.0,0.017166,0.23226
000651SZ_2024-03-04T000000_SELL_COUNTDOWN_PROGRESS_-1_2024-02-26T000000_5,2024-03-04 00:00:00,000651.SZ,1d,COUNTDOWN,SELL_COUNTDOWN_PROGRESS,-1,5,,,SELL_SETUP,True,2024-02-06 00:00:00,2024-02-26 00:00:00,33.02,29.15,2024-02-26 00:00:00,2024-02-26 00:00:00,2024-02-27 00:00:00,2024-02-29 00:00:00,2024-03-01 00:00:00,2024-03-04 00:00:00,,,,,,,,,,2024-02-27 00:00:00,32.2,32.68,33.75,34.68,33.52,1928642339.0,0.014433,0.174322
600036SS_2024-03-05T000000_SELL_COUNTDOWN_PROGRESS_-1_2024-02-26T000000_1,2024-03-05 00:00:00,600036.SS,1d,COUNTDOWN,SELL_COUNTDOWN_PROGRESS,-1,1,,,SELL_SETUP,True,2024-02-06 00:00:00,2024-02-26 00:00:00,28.42,25.62,2024-02-26 00:00:00,2024-03-05 00:00:00,,,,,,,,,,,,,,2024-03-05 00:00:00,26.33,27.23,27.2,27.23,26.33,2559014065.0,0.018595,0.04535
000651SZ_2024-03-05T000000_SELL_COUNTDOWN_PROGRESS_-1_2024-02-26T000000_6,2024-03-05 00:00:00,000651.SZ,1d,COUNTDOWN,SELL_COUNTDOWN_PROGRESS,-1,6,,,SELL_SETUP,True,2024-02-06 00:00:00,2024-02-26 00:00:00,33.02,29.15,2024-02-26 00:00:00,2024-02-26 00:00:00,2024-02-27 00:00:00,2024-02-29 00:00:00,2024-03-01 00:00:00,2024-03-04 00:00:00,2024-03-05 00:00:00,,,,,,,,,2024-02-27 00:00:00,32.2,32.68,33.88,33.94,33.22,1867375319.0,0.01442,0.175165
600036SS_2024-03-06T000000_SELL_COUNTDOWN_PROGRESS_-1_2024-02-26T000000_2,2024-03-06 00:00:00,600036.SS,1d,COUNTDOWN,SELL_COUNTDOWN_PROGRESS,-1,2,,,SELL_SETUP,True,2024-02-06 00:00:00,2024-02-26 00:00:00,28.42,25.62,2024-02-26 00:00:00,2024-03-05 00:00:00,2024-03-06 00:00:00,,,,,,,,,,,,,2024-03-05 00:00:00,26.33,27.23,26.89,27.28,26.89,2525947195.0,0.018605,0.045084
601318SS_2024-03-07T000000_SELL_COUNTDOWN_PROGRESS_-1_2024-02-23T000000_1,2024-03-07 00:00:00,601318.SS,1d,COUNTDOWN,SELL_COUNTDOWN_PROGRESS,-1,1,,,SELL_SETUP,True,2024-02-05 00:00:00,2024-02-23 00:00:00,39.49,34.72,2024-02-23 00:00:00,2024-03-07 00:00:00,,,,,,,,,,,,,,2024-03-07 00:00:00,37.77,38.5,38.1,38.5,37.77,2630510575.0,0.015035,0.078098
000651SZ_2024-03-07T000000_SELL_COUNTDOWN_PROGRESS_-1_2024-02-26T000000_7,2024-03-07 00:00:00,000651.SZ,1d,COUNTDOWN,SELL_COUNTDOWN_PROGRESS,-1,7,,,SELL_SETUP,True,2024-02-06 00:00:00,2024-02-26 00:00:00,33.02,29.15,2024-02-26 00:00:00,2024-02-26 00:00:00,2024-02-27 00:00:00,2024-02-29 00:00:00,2024-03-01 00:00:00,2024-03-04 00:00:00,2024-03-05 00:00:00,2024-03-07 00:00:00,,,,,,,,2024-02-27 00:00:00,32.2,32.68,34.63,34.85,33.99,1808022314.5,0.014911,0.195787
000651SZ_2024-03-08T000000_SELL_SETUP_PERFECT_-1_2024-03-08T000000_9,2024-03-08 00:00:00,000651.SZ,1d,SETUP,SELL_SETUP_PERFECT,-1,9,True,,SELL_SETUP,True,2024-02-27 00:00:00,2024-03-08 00:00:00,,,,,,,,,,,,,,,,,,,,,,,,1791763630.0,0.015038,0.183402
000651SZ_2024-03-08T000000_SELL_COUNTDOWN_CANCEL_-1_2024-02-26T000000_7,2024-03-08 00:00:00,000651.SZ,1d,COUNTDOWN,SELL_COUNTDOWN_CANCEL,-1,7,,same_setup,SELL_SETUP,True,2024-02-06 00:00:00,2024-02-26 00:00:00,33.02,29.15,2024-02-26 00:00:00,2024-02-26 00:00:00,2024-02-27 00:00:00,2024-02-29 00:00:00,2024-03-01 00:00:00,2024-03-04 00:00:00,2024-03-05 00:00:00,2024-03-07 00:00:00,,,,,,,,2024-02-27 00:00:00,32.2,32.68,34.65,34.84,34.25,1791763630.0,0.015038,0.183402
000651SZ_2024-03-08T000000_SELL_COUNTDOWN_PROGRESS_-1_2024-03-08T000000_1,2024-03-08 00:00:00,000651.SZ,1d,COUNTDOWN,SELL_COUNTDOWN_PROGRESS,-1,1,,,SELL_SETUP,True,2024-02-27 00:00:00,2024-03-08 00:00:00,34.85,32.2,2024-03-08 00:00:00,2024-03-08 00:00:00,,,,,,,,,,,,,,2024-03-08 00:00:00,34.25,34.84,34.65,34.84,34.25,1791763630.0,0.015038,0.183402
000858SZ_2024-03-11T000000_SELL_COUNTDOWN_PROGRESS_-1_2024-02-26T000000_3,2024-03-11 00:00:00,000858.SZ,1d,COUNTDOWN,SELL_COUNTDOWN_PROGRESS,-1,3,,,SELL_SETUP,True,2024-02-06 00:00:00,2024-02-26 00:00:00,130.39,112.71,2024-02-26 00:00:00,2024-02-29 00:00:00,2024-03-01 00:00:00,2024-03-11 00:00:00,,,,,,,,,,,,2024-03-11 00:00:00,125.03,128.3,128.17,128.3,125.03,2910385620.0,0.020663,0.128456
000858SZ_2024-03-12T000000_SELL_COUNTDOWN_PROGRESS_-1_2024-02-26T000000_4,2024-03-12 00:00:00,000858.SZ,1d,COUNTDOWN,SELL_COUNTDOWN_PROGRESS,-1,4,,,SELL_SETUP,True,2024-02-06 00:00:00,2024-02-26 00:00:00,130.39,112.71,2024-02-26 00:00:00,2024-02-29 00:00:00,2024-03-01 00:00:00,2024-03-11 00:00:00,2024-03-12 00:00:00,,,,,,,,,,,2024-03-11 00:00:00,125.03,128.3,135.32,136.31,128.18,3047600540.0,0.02057,0.127667
601318SS_2024-03-12T000000_SELL_COUNTDOWN_PROGRESS_-1_2024-02-23T000000_2,2024-03-12 00:00:00,601318.SS,1d,COUNTDOWN,SELL_COUNTDOWN_PROGRESS,-1,2,,,SELL_SETUP,True,2024-02-05 00:00:00,2024-02-23 00:00:00,39.49,34.72,2024-02-23 00:00:00,2024-03-07 00:00:00,2024-03-12 00:00:00,,,,,,,,,,,,,2024-03-07 00:00:00,37.77,38.5,38.85,38.92,37.92,2551842135.0,0.014264,0.061475
000858SZ_2024-03-13T000000_SELL_COUNTDOWN_PROGRESS_-1_2024-02-26T000000_5,2024-03-13 00:00:00,000858.SZ,1d,COUNTDOWN,SELL_COUNTDOWN_PROGRESS,-1,5,,,SELL_SETUP,True,2024-02-06 00:00:00,2024-02-26 00:00:00,130.39,112.71,2024-02-26 00:00:00,2024-02-29 00:00:00,2024-03-01 00:00:00,2024-03-11 00:00:00,2024-03-12 00:00:00,2024-03-13 00:00:00,,,,,,,,,,2024-03-11 00:00:00,125.03,128.3,134.77,136.19,134.15,2968122835.0,0.020704,0.114907
000858SZ_2024-03-14T000000_SELL_COUNTDOWN_PROGRESS_-1_2024-02-26T000000_6,2024-03-14 00:00:00,000858.SZ,1d,COUNTDOWN,SELL_COUNTDOWN_PROGRESS,-1,6,,,SELL_SETUP,True,2024-02-06 00:00:00,2024-02-26 00:00:00,130.39,112.71,2024-02-26 00:00:00,2024-02-29 00:00:00,2024-03-01 00:00:00,2024-03-11 00:00:00,2024-03-12 00:00:00,2024-03-13 00:00:00,2024-03-14 00:00:00,,,,,,,,,2024-03-11 00:00:00,125.03,128.3,136.57,138.01,134.07,2940011745.0,0.02067,0.132421
000858SZ_2024-03-15T000000_SELL_COUNTDOWN_PROGRESS_-1_2024-02-26T000000_7,2024-03-15 00:00:00,000858.SZ,1d,COUNTDOWN,SELL_COUNTDOWN_PROGRESS,-1,7,,,SELL_SETUP,True,2024-02-06 00:00:00,2024-02-26 00:00:00,130.39,112.71,2024-02-26 00:00:00,2024-02-29 00:00:00,2024-03-01 00:00:00,2024-03-11 00:00:00,2024-03-12 00:00:00,2024-03-13 00:00:00,2024-03-14 00:00:00,2024-03-15 00:00:00,,,,,,,,2024-03-11 00:00:00,125.03,128.3,139.5,141.79,135.81,2958648585.0,0.020679,0.132673
000858SZ_2024-03-18T000000_SELL_COUNTDOWN_PROGRESS_-1_2024-02-26T000000_8,2024-03-18 00:00:00,000858.SZ,1d,COUNTDOWN,SELL_COUNTDOWN_PROGRESS,-1,8,,,SELL_SETUP,True,2024-02-06 00:00:00,2024-02-26 00:00:00,130.39,112.71,2024-02-26 00:00:00,2024-02-29 00:00:00,2024-03-01 00:00:00,2024-03-11 00:00:00,2024-03-12 00:00:00,2024-03-13 00:00:00,2024-03-14 00:00:00,2024-03-15 00:00:00,2024-03-18 00:00:00,140.51,,,,,,2024-03-11 00:00:00,125.03,128.3,140.51,141.67,137.72,2906482780.0,0.020069,0.157509
000651SZ_2024-03-18T000000_SELL_COUNTDOWN_CANCEL_-1_2024-03-08T000000_1,2024-03-18 00:00:00,000651.SZ,1d,COUNTDOWN,SELL_COUNTDOWN_CANCEL,-1,1,,tdst_break_rule_4,SELL_SETUP,True,2024-02-27 00:00:00,2024-03-08 00:00:00,34.85,32.2,2024-03-08 00:00:00,2024-03-08 00:00:00,,,,,,,,,,,,,,2024-03-08 00:00:00,34.25,34.84,31.98,32.57,31.7,1694767450.0,0.015506,0.010746
000858SZ_2024-03-19T000000_SELL_COUNTDOWN_PROGRESS_-1_2024-02-26T000000_9,2024-03-19 00:00:00,000858.SZ,1d,COUNTDOWN,SELL_COUNTDOWN_PROGRESS,-1,9,,,SELL_SETUP,True,2024-02-06 00:00:00,2024-02-26 00:00:00,130.39,112.71,2024-02-26 00:00:00,2024-02-29 00:00:00,2024-03-01 00:00:00,2024-03-11 00:00:00,2024-03-12 00:00:00,2024-03-13 00:00:00,2024-03-14 00:00:00,2024-03-15 00:00:00,2024-03-18 00:00:00,140.51,2024-03-19 00:00:00,,,,,2024-03-11 00:00:00,125.03,128.3,144.38,145.98,140.55,3030817155.0,0.017488,0.127704
000858SZ_2024-03-20T000000_SELL_COUNTDOWN_PROGRESS_-1_2024-02-26T000000_10,2024-03-20 00:00:00,000858.SZ,1d,COUNTDOWN,SELL_COUNTDOWN_PROGRESS,-1,10,,,SELL_SETUP,True,2024-02-06 00:00:00,2024-02-26 00:00:00,130.39,112.71,2024-02-26 00:00:00,2024-02-29 00:00:00,2024-03-01 00:00:00,2024-03-11 00:00:00,2024-03-12 00:00:00,2024-03-13 00:00:00,2024-03-14 00:00:00,2024-03-15 00:00:00,2024-03-18 00:00:00,140.51,2024-03-19 00:00:00,2024-03-20 00:00:00,,,,2024-03-11 00:00:00,125.03,128.3,143.96,145.27,142.5,2832966555.0,0.017568,0.123722
600036SS_2024-03-21T000000_SELL_COUNTDOWN_PROGRESS_-1_2024-02-26T000000_3,2024-03-21 00:00:00,600036.SS,1d,COUNTDOWN,SELL_COUNTDOWN_PROGRESS,-1,3,,,SELL_SETUP,True,2024-02-06 00:00:00,2024-02-26 00:00:00,28.42,25.62,2024-02-26 00:00:00,2024-03-05 00:00:00,2024-03-06 00:00:00,2024-03-21 00:00:00,,,,,,,,,,,,2024-03-21 00:00:00,26.07,26.78,26.57,26.78,26.07,1838980405.0,0.012615,-0.050054
600036SS_2024-03-22T000000_SELL_COUNTDOWN_PROGRESS_-1_2024-02-26T000000_4,2024-03-22 00:00:00,600036.SS,1d,COUNTDOWN,SELL_COUNTDOWN_PROGRESS,-1,4,,,SELL_SETUP,True,2024-02-06 00:00:00,2024-02-26 00:00:00,28.42,25.62,2024-02-26 00:00:00,2024-03-05 00:00:00,2024-03-06 00:00:00,2024-03-21 00:00:00,2024-03-22 00:00:00,,,,,,,,,,,2024-03-22 00:00:00,25.92,26.57,26.22,26.57,25.92,1819171850.0,0.011756,-0.038504
000651SZ_2024-03-22T000000_BUY_SETUP_1_2024-03-22T000000_9,2024-03-22 00:00:00,000651.SZ,1d,SETUP,BUY_SETUP,1,9,False,,BUY_SETUP,False,2024-03-12 00:00:00,2024-03-22 00:00:00,,,,,,,,,,,,,,,,,,,,,,,,1617392006.0,0.014395,-0.022727
601318SS_2024-03-25T000000_BUY_SETUP_PERFECT_1_2024-03-25T000000_9,2024-03-25 00:00:00,601318.SS,1d,SETUP,BUY_SETUP_PERFECT,1,9,True,,BUY_SETUP,True,2024-03-13 00:00:00,2024-03-25 00:00:00,,,,,,,,,,,,,,,,,,,,,,,,2148085239.5,0.014457,-0.070231
601318SS_2024-03-25T000000_SELL_COUNTDOWN_CANCEL_-1_2024-02-23T000000_2,2024-03-25 00:00:00,601318.SS,1d,COUNTDOWN,SELL_COUNTDOWN_CANCEL,-1,2,,opposite_setup,SELL_SETUP,True,2024-02-05 00:00:00,2024-02-23 00:00:00,39.49,34.72,2024-02-23 00:00:00,2024-03-07 00:00:00,2024-03-12 00:00:00,,,,,,,,,,,,,2024-03-07 00:00:00,37.77,38.5,35.48,35.92,35.39,2148085239.5,0.014457,-0.070231
601318SS_2024-03-25T000000_BUY_COUNTDOWN_PROGRESS_1_2024-03-25T000000_1,2024-03-25 00:00:00,601318.SS,1d,COUNTDOWN,BUY_COUNTDOWN_PROGRESS,1,1,,,BUY_SETUP,True,2024-03-13 00:00:00,2024-03-25 00:00:00,38.8,38.8,2024-03-25 00:00:00,2024-03-25 00:00:00,,,,,,,,,,,,,,2024-03-25 00:00:00,35.39,35.92,35.48,35.92,35.39,2148085239.5,0.014457,-0.070231
600036SS_2024-03-26T000000_SELL_COUNTDOWN_PROGRESS_-1_2024-02-26T000000_5,2024-03-26 00:00:00,600036.SS,1d,COUNTDOWN,SELL_COUNTDOWN_PROGRESS,-1,5,,,SELL_SETUP,True,2024-02-06 00:00:00,2024-02-26 00:00:00,28.42,25.62,2024-02-26 00:00:00,2024-03-05 00:00:00,2024-03-06 00:00:00,2024-03-21 00:00:00,2024-03-22 00:00:00,2024-03-26 00:00:00,,,,,,,,,,2024-03-22 00:00:00,25.92,26.57,27.42,27.67,26.75,1900183715.0,0.014982,0.014053
600036SS_2024-03-27T000000_SELL_COUNTDOWN_PROGRESS_-1_2024-02-26T000000_6,2024-03-27 00:00:00,600036.SS,1d,COUNTDOWN,SELL_COUNTDOWN_PROGRESS,-1,6,,,SELL_SETUP,True,2024-02-06 00:00:00,2024-02-26 00:00:00,28.42,25.62,2024-02-26 00:00:00,2024-03-05 00:00:00,2024-03-06 00:00:00,2024-03-21 00:00:00,2024-03-22 00:00:00,2024-03-26 00:00:00,2024-03-27 00:00:00,,,,,,,,,2024-03-22 00:00:00,25.92,26.57,27.32,27.67,27.23,1917849025.0,0.015016,0.009608
000858SZ_2024-04-01T000000_SELL_COUNTDOWN_PROGRESS_-1_2024-02-26T000000_11,2024-04-01 00:00:00,000858.SZ,1d,COUNTDOWN,SELL_COUNTDOWN_PROGRESS,-1,11,,,SELL_SETUP,True,2024-02-06 00:00:00,2024-02-26 00:00:00,130.39,112.71,2024-02-26 00:00:00,2024-02-29 00:00:00,2024-03-01 00:00:00,2024-03-11 00:00:00,2024-03-12 00:00:00,2024-03-13 00:00:00,2024-03-14 00:00:00,2024-03-15 00:00:00,2024-03-18 00:00:00,140.51,2024-03-19 00:00:00,2024-03-20 00:00:00,2024-04-01 00:00:00,,,2024-03-11 00:00:00,125.03,128.3,144.29,145.57,141.51,2819983610.0,0.01932,0.122006
600036SS_2024-04-01T000000_SELL_COUNTDOWN_PROGRESS_-1_2024-02-26T000000_7,2024-04-01 00:00:00,600036.SS,1d,COUNTDOWN,SELL_COUNTDOWN_PROGRESS,-1,7,,,SELL_SETUP,True,2024-02-06 00:00:00,2024-02-26 00:00:00,28.42,25.62,2024-02-26 00:00:00,2024-03-05 00:00:00,2024-03-06 00:00:00,2024-03-21 00:00:00,2024-03-22 00:00:00,2024-03-26 00:00:00,2024-03-27 00:00:00,2024-04-01 00:00:00,,,,,,,,2024-03-22 00:00:00,25.92,26.57,27.66,27.87,27.2,1964940120.0,0.013916,0.016912
000858SZ_2024-04-02T000000_SELL_COUNTDOWN_PROGRESS_-1_2024-02-26T000000_12,2024-04-02 00:00:00,000858.SZ,1d,COUNTDOWN,SELL_COUNTDOWN_PROGRESS,-1,12,,,SELL_SETUP,True,2024-02-06 00:00:00,2024-02-26 00:00:00,130.39,112.71,2024-02-26 00:00:00,2024-02-29 00:00:00,2024-03-01 00:00:00,2024-03-11 00:00:00,2024-03-12 00:00:00,2024-03-13 00:00:00,2024-03-14 00:00:00,2024-03-15 00:00:00,2024-03-18 00:00:00,140.51,2024-03-19 00:00:00,2024-03-20 00:00:00,2024-04-01 00:00:00,2024-04-02 00:00:00,,2024-03-11 00:00:00,125.03,128.3,142.51,144.19,141.87,2796340025.0,0.018866,0.130404
600036SS_2024-04-02T000000_SELL_SETUP_PERFECT_-1_2024-04-02T000000_9,2024-04-02 00:00:00,600036.SS,1d,SETUP,SELL_SETUP_PERFECT,-1,9,True,,SELL_SETUP,True,2024-03-21 00:00:00,2024-04-02 00:00:00,,,,,,,,,,,,,,,,,,,,,,,,1910091470.0,0.013651,0.025288
600036SS_2024-04-02T000000_SELL_COUNTDOWN_CANCEL_-1_2024-02-26T000000_7,2024-04-02 00:00:00,600036.SS,1d,COUNTDOWN,SELL_COUNTDOWN_CANCEL,-1,7,,same_setup,SELL_SETUP,True,2024-02-06 00:00:00,2024-02-26 00:00:00,28.42,25.62,2024-02-26 00:00:00,2024-03-05 00:00:00,2024-03-06 00:00:00,2024-03-21 00:00:00,2024-03-22 00:00:00,2024-03-26 00:00:00,2024-03-27 00:00:00,2024-04-01 00:00:00,,,,,,,,2024-03-22 00:00:00,25.92,26.57,27.57,27.94,27.46,1910091470.0,0.013651,0.025288
601318SS_2024-04-03T000000_BUY_COUNTDOWN_PROGRESS_1_2024-03-25T000000_2,2024-04-03 00:00:00,601318.SS,1d,COUNTDOWN,BUY_COUNTDOWN_PROGRESS,1,2,,,BUY_SETUP,True,2024-03-13 00:00:00,2024-03-25 00:00:00,38.8,38.8,2024-03-25 00:00:00,2024-03-25 00:00:00,2024-04-03 00:00:00,,,,,,,,,,,,,2024-03-25 00:00:00,35.39,35.92,35.54,36.09,35.54,1992620029.5,0.013902,-0.067192
601318SS_2024-04-08T000000_BUY_COUNTDOWN_PROGRESS_1_2024-03-25T000000_3,2024-04-08 00:00:00,601318.SS,1d,COUNTDOWN,BUY_COUNTDOWN_PROGRESS,1,3,,,BUY_SETUP,True,2024-03-13 00:00:00,2024-03-25 00:00:00,38.8,38.8,2024-03-25 00:00:00,2024-03-25 00:00:00,2024-04-03 00:00:00,2024-04-08 00:00:00,,,,,,,,,,,,2024-04-08 00:00:00,34.92,35.47,35.26,35.47,34.92,1940380999.5,0.013933,-0.070148
000651SZ_2024-04-08T000000_BUY_COUNTDOWN_PROGRESS_1_2024-03-22T000000_1,2024-04-08 00:00:00,000651.SZ,1d,COUNTDOWN,BUY_COUNTDOWN_PROGRESS,1,1,,,BUY_SETUP,False,2024-03-12 00:00:00,2024-03-22 00:00:00,34.14,34.14,2024-03-22 00:00:00,2024-04-08 00:00:00,,,,,,,,,,,,,,2024-04-08 00:00:00,33.08,34.04,33.25,34.04,33.08,1505314135.5,0.01492,-0.040404
601318SS_2024-04-09T000000_BUY_COUNTDOWN_PROGRESS_1_2024-03-25T000000_4,2024-04-09 00:00:00,601318.SS,1d,COUNTDOWN,BUY_COUNTDOWN_PROGRESS,1,4,,,BUY_SETUP,True,2024-03-13 00:00:00,2024-03-25 00:00:00,38.8,38.8,2024-03-25 00:00:00,2024-03-25 00:00:00,2024-04-03 00:00:00,2024-04-08 00:00:00,2024-04-09 00:00:00,,,,,,,,,,,2024-04-08 00:00:00,34.92,35.47,35.15,35.52,35.14,1919757162.5,0.013688,-0.079843
000651SZ_2024-04-09T000000_BUY_COUNTDOWN_PROGRESS_1_2024-03-22T000000_2,2024-04-09 00:00:00,000651.SZ,1d,COUNTDOWN,BUY_COUNTDOWN_PROGRESS,1,2,,,BUY_SETUP,False,2024-03-12 00:00:00,2024-03-22 00:00:00,34.14,34.14,2024-03-22 00:00:00,2024-04-08 00:00:00,2024-04-09 00:00:00,,,,,,,,,,,,,2024-04-09 00:00:00,31.73,33.28,31.78,33.28,31.73,1564961370.0,0.017482,-0.0694
601318SS_2024-04-10T000000_BUY_COUNTDOWN_PROGRESS_1_2024-03-25T000000_5,2024-04-10 00:00:00,601318.SS,1d,COUNTDOWN,BUY_COUNTDOWN_PROGRESS,1,5,,,BUY_SETUP,True,2024-03-13 00:00:00,2024-03-25 00:00:00,38.8,38.8,2024-03-25 00:00:00,2024-03-25 00:00:00,2024-04-03 00:00:00,2024-04-08 00:00:00,2024-04-09 00:00:00,2024-04-10 00:00:00,,,,,,,,,,2024-04-10 00:00:00,34.14,35.11,34.24,35.11,34.14,1957818702.5,0.013527,-0.118662
000651SZ_2024-04-10T000000_BUY_COUNTDOWN_PROGRESS_1_2024-03-22T000000_3,2024-04-10 00:00:00,000651.SZ,1d,COUNTDOWN,BUY_COUNTDOWN_PROGRESS,1,3,,,BUY_SETUP,False,2024-03-12 00:00:00,2024-03-22 00:00:00,34.14,34.14,2024-03-22 00:00:00,2024-04-08 00:00:00,2024-04-09 00:00:00,2024-04-10 00:00:00,,,,,,,,,,,,2024-04-10 00:00:00,31.48,32.33,31.6,32.33,31.48,1546364125.0,0.015816,-0.04068
601318SS_2024-04-11T000000_BUY_COUNTDOWN_PROGRESS_1_2024-03-25T000000_6,2024-04-11 00:00:00,601318.SS,1d,COUNTDOWN,BUY_COUNTDOWN_PROGRESS,1,6,,,BUY_SETUP,True,2024-03-13 00:00:00,2024-03-25 00:00:00,38.8,38.8,2024-03-25 00:00:00,2024-03-25 00:00:00,2024-04-03 00:00:00,2024-04-08 00:00:00,2024-04-09 00:00:00,2024-04-10 00:00:00,2024-04-11 00:00:00,,,,,,,,,2024-04-11 00:00:00,33.65,34.18,33.99,34.18,33.65,1896431102.5,0.012314,-0.09769
000651SZ_2024-04-11T000000_BUY_COUNTDOWN_PROGRESS_1_2024-03-22T000000_4,2024-04-11 00:00:00,000651.SZ,1d,COUNTDOWN,BUY_COUNTDOWN_PROGRESS,1,4,,,BUY_SETUP,False,2024-03-12 00:00:00,2024-03-22 00:00:00,34.14,34.14,2024-03-22 00:00:00,2024-04-08 00:00:00,2024-04-09 00:00:00,2024-04-10 00:00:00,2024-04-11 00:00:00,,,,,,,,,,,2024-04-11 00:00:00,31.13,31.68,31.58,31.68,31.13,1436899332.5,0.015687,-0.047648
601318SS_2024-04-12T000000_BUY_COUNTDOWN_PROGRESS_1_2024-03-25T000000_7,2024-04-12 00:00:00,601318.SS,1d,COUNTDOWN,BUY_COUNTDOWN_PROGRESS,1,7,,,BUY_SETUP,True,2024-03-13 00:00:00,2024-03-25 00:00:00,38.8,38.8,2024-03-25 00:00:00,2024-03-25 00:00:00,2024-04-03 00:00:00,2024-04-08 00:00:00,2024-04-09 00:00:00,2024-04-10 00:00:00,2024-04-11 00:00:00,2024-04-12 00:00:00,,,,,,,,2024-04-12 00:00:00,32.71,34.03,32.82,34.03,32.71,1921200037.5,0.01392,-0.124567
000858SZ_2024-04-15T000000_SELL_COUNTDOWN_COMPLETE_-1_2024-02-26T000000_13,2024-04-15 00:00:00,000858.SZ,1d,COUNTDOWN,SELL_COUNTDOWN_COMPLETE,-1,13,False,,SELL_SETUP,True,2024-02-06 00:00:00,2024-02-26 00:00:00,130.39,112.71,2024-02-26 00:00:00,2024-02-29 00:00:00,2024-03-01 00:00:00,2024-03-11 00:00:00,2024-03-12 00:00:00,2024-03-13 00:00:00,2024-03-14 00:00:00,2024-03-15 00:00:00,2024-03-18 00:00:00,140.51,2024-03-19 00:00:00,2024-03-20 00:00:00,2024-04-01 00:00:00,2024-04-02 00:00:00,2024-04-15 00:00:00,2024-03-11 00:00:00,125.03,128.3,134.33,134.99,127.07,2634430905.0,0.022644,-0.037061
601318SS_2024-04-15T000000_BUY_COUNTDOWN_PROGRESS_1_2024-03-25T000000_8,2024-04-15 00:00:00,601318.SS,1d,COUNTDOWN,BUY_COUNTDOWN_PROGRESS,1,8,,,BUY_SETUP,True,2024-03-13 00:00:00,2024-03-25 00:00:00,38.8,38.8,2024-03-25 00:00:00,2024-03-25 00:00:00,2024-04-03 00:00:00,2024-04-08 00:00:00,2024-04-09 00:00:00,2024-04-10 00:00:00,2024-04-11 00:00:00,2024-04-12 00:00:00,2024-04-15 00:00:00,33.4,,,,,,2024-04-12 00:00:00,32.71,34.03,33.4,33.54,32.72,1992102557.5,0.014886,-0.109808
600036SS_2024-04-15T000000_SELL_COUNTDOWN_PROGRESS_-1_2024-04-02T000000_1,2024-04-15 00:00:00,600036.SS,1d,COUNTDOWN,SELL_COUNTDOWN_PROGRESS,-1,1,,,SELL_SETUP,True,2024-03-21 00:00:00,2024-04-02 00:00:00,27.94,25.92,2024-04-02 00:00:00,2024-04-15 00:00:00,,,,,,,,,,,,,,2024-04-15 00:00:00,27.11,28.02,27.85,28.02,27.11,1858266192.0,0.013541,0.062977
600036SS_2024-04-16T000000_SELL_COUNTDOWN_PROGRESS_-1_2024-04-02T000000_2,2024-04-16 00:00:00,600036.SS,1d,COUNTDOWN,SELL_COUNTDOWN_PROGRESS,-1,2,,,SELL_SETUP,True,2024-03-21 00:00:00,2024-04-02 00:00:00,27.94,25.92,2024-04-02 00:00:00,2024-04-15 00:00:00,2024-04-16 00:00:00,,,,,,,,,,,,,2024-04-15 00:00:00,27.11,28.02,27.77,27.99,27.47,1898660182.0,0.013563,0.06195
600036SS_2024-04-17T000000_SELL_COUNTDOWN_PROGRESS_-1_2024-04-02T000000_3,2024-04-17 00:00:00,600036.SS,1d,COUNTDOWN,SELL_COUNTDOWN_PROGRESS,-1,3,,,SELL_SETUP,True,2024-03-21 00:00:00,2024-04-02 00:00:00,27.94,25.92,2024-04-02 00:00:00,2024-04-15 00:00:00,2024-04-16 00:00:00,2024-04-17 00:00:00,,,,,,,,,,,,2024-04-15 00:00:00,27.11,28.02,28.32,28.51,27.49,1983378417.0,0.013497,0.096824
600036SS_2024-04-18T000000_SELL_COUNTDOWN_PROGRESS_-1_2024-04-02T000000_4,2024-04-18 00:00:00,600036.SS,1d,COUNTDOWN,SELL_COUNTDOWN_PROGRESS,-1,4,,,SELL_SETUP,True,2024-03-21 00:00:00,2024-04-02 00:00:00,27.94,25.92,2024-04-02 00:00:00,2024-04-15 00:00:00,2024-04-16 00:00:00,2024-04-17 00:00:00,2024-04-18 00:00:00,,,,,,,,,,,2024-04-15 00:00:00,27.11,28.02,28.67,29.12,28.21,2068637862.0,0.013418,0.094275
600036SS_2024-04-19T000000_SELL_COUNTDOWN_PROGRESS_-1_2024-04-02T000000_5,2024-04-19 00:00:00,600036.SS,1d,COUNTDOWN,SELL_COUNTDOWN_PROGRESS,-1,5,,,SELL_SETUP,True,2024-03-21 00:00:00,2024-04-02 00:00:00,27.94,25.92,2024-04-02 00:00:00,2024-04-15 00:00:00,2024-04-16 00:00:00,2024-04-17 00:00:00,2024-04-18 00:00:00,2024-04-19 00:00:00,,,,,,,,,,2024-04-15 00:00:00,27.11,28.02,28.64,28.86,28.44,2082312207.0,0.013292,0.077907
000651SZ_2024-04-23T000000_BUY_COUNTDOWN_PROGRESS_1_2024-03-22T000000_5,2024-04-23 00:00:00,000651.SZ,1d,COUNTDOWN,BUY_COUNTDOWN_PROGRESS,1,5,,,BUY_SETUP,False,2024-03-12 00:00:00,2024-03-22 00:00:00,34.14,34.14,2024-03-22 00:00:00,2024-04-08 00:00:00,2024-04-09 00:00:00,2024-04-10 00:00:00,2024-04-11 00:00:00,2024-04-23 00:00:00,,,,,,,,,,2024-04-11 00:00:00,31.13,31.68,32.83,33.23,32.35,1440462396.5,0.01756,0.031093
000651SZ_2024-04-24T000000_BUY_COUNTDOWN_PROGRESS_1_2024-03-22T000000_6,2024-04-24 00:00:00,000651.SZ,1d,COUNTDOWN,BUY_COUNTDOWN_PROGRESS,1,6,,,BUY_SETUP,False,2024-03-12 00:00:00,2024-03-22 00:00:00,34.14,34.14,2024-03-22 00:00:00,2024-04-08 00:00:00,2024-04-09 00:00:00,2024-04-10 00:00:00,2024-04-11 00:00:00,2024-04-23 00:00:00,2024-04-24 00:00:00,,,,,,,,,2024-04-11 00:00:00,31.13,31.68,32.55,32.88,32.18,1421566281.5,0.017695,0.024229
600036SS_2024-04-25T000000_SELL_COUNTDOWN_PROGRESS_-1_2024-04-02T000000_6,2024-04-25 00:00:00,600036.SS,1d,COUNTDOWN,SELL_COUNTDOWN_PROGRESS,-1,6,,,SELL_SETUP,True,2024-03-21 00:00:00,2024-04-02 00:00:00,27.94,25.92,2024-04-02 00:00:00,2024-04-15 00:00:00,2024-04-16 00:00:00,2024-04-17 00:00:00,2024-04-18 00:00:00,2024-04-19 00:00:00,2024-04-25 00:00:00,,,,,,,,,2024-04-15 00:00:00,27.11,28.02,29.42,29.42,28.4,2036176707.0,0.012046,0.076867
600036SS_2024-04-26T000000_SELL_COUNTDOWN_PROGRESS_-1_2024-04-02T000000_7,2024-04-26 00:00:00,600036.SS,1d,COUNTDOWN,SELL_COUNTDOWN_PROGRESS,-1,7,,,SELL_SETUP,True,2024-03-21 00:00:00,2024-04-02 00:00:00,27.94,25.92,2024-04-02 00:00:00,2024-04-15 00:00:00,2024-04-16 00:00:00,2024-04-17 00:00:00,2024-04-18 00:00:00,2024-04-19 00:00:00,2024-04-25 00:00:00,2024-04-26 00:00:00,,,,,,,,2024-04-15 00:00:00,27.11,28.02,29.49,29.89,29.24,2073780147.0,0.011892,0.084191
600036SS_2024-04-29T000000_SELL_COUNTDOWN_PROGRESS_-1_2024-04-02T000000_8,2024-04-29 00:00:00,600036.SS,1d,COUNTDOWN,SELL_COUNTDOWN_PROGRESS,-1,8,,,SELL_SETUP,True,2024-03-21 00:00:00,2024-04-02 00:00:00,27.94,25.92,2024-04-02 00:00:00,2024-04-15 00:00:00,2024-04-16 00:00:00,2024-04-17 00:00:00,2024-04-18 00:00:00,2024-04-19 00:00:00,2024-04-25 00:00:00,2024-04-26 00:00:00,2024-04-29 00:00:00,29.9,,,,,,2024-04-15 00:00:00,27.11,28.02,29.9,30.17,29.22,2104394717.0,0.012045,0.098457
000651SZ_2024-04-29T000000_BUY_COUNTDOWN_CANCEL_1_2024-03-22T000000_6,2024-04-29 00:00:00,000651.SZ,1d,COUNTDOWN,BUY_COUNTDOWN_CANCEL,1,6,,tdst_break_rule_4,BUY_SETUP,False,2024-03-12 00:00:00,2024-03-22 00:00:00,34.14,34.14,2024-03-22 00:00:00,2024-04-08 00:00:00,2024-04-09 00:00:00,2024-04-10 00:00:00,2024-04-11 00:00:00,2024-04-23 00:00:00,2024-04-24 00:00:00,,,,,,,,,2024-04-11 00:00:00,31.13,31.68,34.19,34.64,32.78,1374539249.0,0.018529,0.036375
600519SS_2024-05-07T000000_SELL_SETUP_PERFECT_-1_2024-05-07T000000_9,2024-05-07 00:00:00,600519.SS,1d,SETUP,SELL_SETUP_PERFECT,-1,9,True,,SELL_SETUP,True,2024-04-22 00:00:00,2024-05-07 00:00:00,,,,,,,,,,,,,,,,,,,,,,,,5089097105.0,0.013999,0.034125
600519SS_2024-05-07T000000_SELL_COUNTDOWN_PROGRESS_-1_2024-05-07T000000_1,2024-05-07 00:00:00,600519.SS,1d,COUNTDOWN,SELL_COUNTDOWN_PROGRESS,-1,1,,,SELL_SETUP,True,2024-04-22 00:00:00,2024-05-07 00:00:00,1671.49,1538.69,2024-05-07 00:00:00,2024-05-07 00:00:00,,,,,,,,,,,,,,2024-05-07 00:00:00,1650.37,1671.49,1663.69,1671.49,1650.37,5089097105.0,0.013999,0.034125
600036SS_2024-05-07T000000_SELL_COUNTDOWN_PROGRESS_-1_2024-04-02T000000_9,2024-05-07 00:00:00,600036.SS,1d,COUNTDOWN,SELL_COUNTDOWN_PROGRESS,-1,9,,,SELL_SETUP,True,2024-03-21 00:00:00,2024-04-02 00:00:00,27.94,25.92,2024-04-02 00:00:00,2024-04-15 00:00:00,2024-04-16 00:00:00,2024-04-17 00:00:00,2024-04-18 00:00:00,2024-04-19 00:00:00,2024-04-25 00:00:00,2024-04-26 00:00:00,2024-04-29 00:00:00,29.9,2024-05-07 00:00:00,,,,,2024-04-15 00:00:00,27.11,28.02,29.89,29.97,29.65,2247188432.0,0.012756,0.097283
000858SZ_2024-05-08T000000_SELL_SETUP_-1_2024-05-08T000000_9,2024-05-08 00:00:00,000858.SZ,1d,SETUP,SELL_SETUP,-1,9,False,,SELL_SETUP,False,2024-04-23 00:00:00,2024-05-08 00:00:00,,,,,,,,,,,,,,,,,,,,,,,,2522051185.0,0.018873,0.057409
601318SS_2024-05-08T000000_BUY_COUNTDOWN_PROGRESS_1_2024-03-25T000000_9,2024-05-08 00:00:00,601318.SS,1d,COUNTDOWN,BUY_COUNTDOWN_PROGRESS,1,9,,,BUY_SETUP,True,2024-03-13 00:00:00,2024-03-25 00:00:00,38.8,38.8,2024-03-25 00:00:00,2024-03-25 00:00:00,2024-04-03 00:00:00,2024-04-08 00:00:00,2024-04-09 00:00:00,2024-04-10 00:00:00,2024-04-11 00:00:00,2024-04-12 00:00:00,2024-04-15 00:00:00,33.4,2024-05-08 00:00:00,,,,,2024-04-12 00:00:00,32.71,34.03,36.99,37.74,36.92,2411268533.0,0.01749,0.049064
600036SS_2024-05-10T000000_SELL_COUNTDOWN_PROGRESS_-1_2024-04-02T000000_10,2024-05-10 00:00:00,600036.SS,1d,COUNTDOWN,SELL_COUNTDOWN_PROGRESS,-1,10,,,SELL_SETUP,True,2024-03-21 00:00:00,2024-04-02 00:00:00,27.94,25.92,2024-04-02 00:00:00,2024-04-15 00:00:00,2024-04-16 00:00:00,2024-04-17 00:00:00,2024-04-18 00:00:00,2024-04-19 00:00:00,2024-04-25 00:00:00,2024-04-26 00:00:00,2024-04-29 00:00:00,29.9,2024-05-07 00:00:00,2024-05-10 00:00:00,,,,2024-04-15 00:00:00,27.11,28.02,30.64,30.87,29.82,2354289845.0,0.013947,0.113777
600036SS_2024-05-13T000000_SELL_COUNTDOWN_PROGRESS_-1_2024-04-02T000000_11,2024-05-13 00:00:00,600036.SS,1d,COUNTDOWN,SELL_COUNTDOWN_PROGRESS,-1,11,,,SELL_SETUP,True,2024-03-21 00:00:00,2024-04-02 00:00:00,27.94,25.92,2024-04-02 00:00:00,2024-04-15 00:00:00,2024-04-16 00:00:00,2024-04-17 00:00:00,2024-04-18 00:00:00,2024-04-19 00:00:00,2024-04-25 00:00:00,2024-04-26 00:00:00,2024-04-29 00:00:00,29.9,2024-05-07 00:00:00,2024-05-10 00:00:00,2024-05-13 00:00:00,,,2024-04-15 00:00:00,27.11,28.02,30.92,31.09,30.35,2406085400.0,0.013635,0.131772
601318SS_2024-05-14T000000_BUY_COUNTDOWN_PROGRESS_1_2024-03-25T000000_10,2024-05-14 00:00:00,601318.SS,1d,COUNTDOWN,BUY_COUNTDOWN_PROGRESS,1,10,,,BUY_SETUP,True,2024-03-13 00:00:00,2024-03-25 00:00:00,38.8,38.8,2024-03-25 00:00:00,2024-03-25 00:00:00,2024-04-03 00:00:00,2024-04-08 00:00:00,2024-04-09 00:00:00,2024-04-10 00:00:00,2024-04-11 00:00:00,2024-04-12 00:00:00,2024-04-15 00:00:00,33.4,2024-05-08 00:00:00,2024-05-14 00:00:00,,,,2024-04-12 00:00:00,32.71,34.03,37.35,37.84,37.19,2468062430.0,0.013795,0.138026
601318SS_2024-05-15T000000_BUY_COUNTDOWN_PROGRESS_1_2024-03-25T000000_11,2024-05-15 00:00:00,601318.SS,1d,COUNTDOWN,BUY_COUNTDOWN_PROGRESS,1,11,,,BUY_SETUP,True,2024-03-13 00:00:00,2024-03-25 00:00:00,38.8,38.8,2024-03-25 00:00:00,2024-03-25 00:00:00,2024-04-03 00:00:00,2024-04-08 00:00:00,2024-04-09 00:00:00,2024-04-10 00:00:00,2024-04-11 00:00:00,2024-04-12 00:00:00,2024-04-15 00:00:00,33.4,2024-05-08 00:00:00,2024-05-14 00:00:00,2024-05-15 00:00:00,,,2024-04-12 00:00:00,32.71,34.03,36.88,37.34,36.7,2376550725.0,0.014203,0.104192
000858SZ_2024-05-16T000000_SELL_COUNTDOWN_PROGRESS_-1_2024-05-08T000000_1,2024-05-16 00:00:00,000858.SZ,1d,COUNTDOWN,SELL_COUNTDOWN_PROGRESS,-1,1,,,SELL_SETUP,False,2024-04-23 00:00:00,2024-05-08 00:00:00,145.34,130.98,2024-05-08 00:00:00,2024-05-16 00:00:00,,,,,,,,,,,,,,2024-05-16 00:00:00,137.72,142.09,141.06,142.09,137.72,2266524561.0,0.013691,0.068798
600036SS_2024-05-16T000000_SELL_COUNTDOWN_PROGRESS_-1_2024-04-02T000000_12,2024-05-16 00:00:00,600036.SS,1d,COUNTDOWN,SELL_COUNTDOWN_PROGRESS,-1,12,,,SELL_SETUP,True,2024-03-21 00:00:00,2024-04-02 00:00:00,27.94,25.92,2024-04-02 00:00:00,2024-04-15 00:00:00,2024-04-16 00:00:00,2024-04-17 00:00:00,2024-04-18 00:00:00,2024-04-19 00:00:00,2024-04-25 00:00:00,2024-04-26 00:00:00,2024-04-29 00:00:00,29.9,2024-05-07 00:00:00,2024-05-10 00:00:00,2024-05-13 00:00:00,2024-05-16 00:00:00,,2024-04-15 00:00:00,27.11,28.02,31.27,31.47,30.02,2605315090.0,0.016003,0.126035
600519SS_2024-05-17T000000_SELL_COUNTDOWN_PROGRESS_-1_2024-05-07T000000_2,2024-05-17 00:00:00,600519.SS,1d,COUNTDOWN,SELL_COUNTDOWN_PROGRESS,-1,2,,,SELL_SETUP,True,2024-04-22 00:00:00,2024-05-07 00:00:00,1671.49,1538.69,2024-05-07 00:00:00,2024-05-07 00:00:00,2024-05-17 00:00:00,,,,,,,,,,,,,2024-05-17 00:00:00,1593.69,1610.27,1608.69,1610.27,1593.69,4669759580.0,0.011718,0.030756
000858SZ_2024-05-17T000000_SELL_COUNTDOWN_PROGRESS_-1_2024-05-08T000000_2,2024-05-17 00:00:00,000858.SZ,1d,COUNTDOWN,SELL_COUNTDOWN_PROGRESS,-1,2,,,SELL_SETUP,False,2024-04-23 00:00:00,2024-05-08 00:00:00,145.34,130.98,2024-05-08 00:00:00,2024-05-16 00:00:00,2024-05-17 00:00:00,,,,,,,,,,,,,2024-05-16 00:00:00,137.72,142.09,143.42,143.44,140.22,2293217341.0,0.013997,0.083969
601318SS_2024-05-17T000000_BUY_COUNTDOWN_CANCEL_1_2024-03-25T000000_11,2024-05-17 00:00:00,601318.SS,1d,COUNTDOWN,BUY_COUNTDOWN_CANCEL,1,11,,tdst_break_rule_4,BUY_SETUP,True,2024-03-13 00:00:00,2024-03-25 00:00:00,38.8,38.8,2024-03-25 00:00:00,2024-03-25 00:00:00,2024-04-03 00:00:00,2024-04-08 00:00:00,2024-04-09 00:00:00,2024-04-10 00:00:00,2024-04-11 00:00:00,2024-04-12 00:00:00,2024-04-15 00:00:00,33.4,2024-05-08 00:00:00,2024-05-14 00:00:00,2024-05-15 00:00:00,,,2024-04-12 00:00:00,32.71,34.03,40.24,40.24,38.49,2727643260.0,0.018713,0.183878
600036SS_2024-05-17T000000_SELL_COUNTDOWN_COMPLETE_PERFECT_-1_2024-04-02T000000_13,2024-05-17 00:00:00,600036.SS,1d,COUNTDOWN,SELL_COUNTDOWN_COMPLETE_PERFECT,-1,13,True,,SELL_SETUP,True,2024-03-21 00:00:00,2024-04-02 00:00:00,27.94,25.92,2024-04-02 00:00:00,2024-04-15 00:00:00,2024-04-16 00:00:00,2024-04-17 00:00:00,2024-04-18 00:00:00,2024-04-19 00:00:00,2024-04-25 00:00:00,2024-04-26 00:00:00,2024-04-29 00:00:00,29.9,2024-05-07 00:00:00,2024-05-10 00:00:00,2024-05-13 00:00:00,2024-05-16 00:00:00,2024-05-17 00:00:00,2024-04-15 00:00:00,27.11,28.02,31.87,31.92,31.08,2650983500.0,0.015977,0.125353
000858SZ_2024-05-20T000000_SELL_COUNTDOWN_PROGRESS_-1_2024-05-08T000000_3,2024-05-20 00:00:00,000858.SZ,1d,COUNTDOWN,SELL_COUNTDOWN_PROGRESS,-1,3,,,SELL_SETUP,False,2024-04-23 00:00:00,2024-05-08 00:00:00,145.34,130.98,2024-05-08 00:00:00,2024-05-16 00:00:00,2024-05-17 00:00:00,2024-05-20 00:00:00,,,,,,,,,,,,2024-05-16 00:00:00,137.72,142.09,144.31,146.81,143.41,2347422641.0,0.013909,0.09334
000858SZ_2024-05-21T000000_SELL_COUNTDOWN_PROGRESS_-1_2024-05-08T000000_4,2024-05-21 00:00:00,000858.SZ,1d,COUNTDOWN,SELL_COUNTDOWN_PROGRESS,-1,4,,,SELL_SETUP,False,2024-04-23 00:00:00,2024-05-08 00:00:00,145.34,130.98,2024-05-08 00:00:00,2024-05-16 00:00:00,2024-05-17 00:00:00,2024-05-20 00:00:00,2024-05-21 00:00:00,,,,,,,,,,,2024-05-16 00:00:00,137.72,142.09,143.55,144.19,142.1,2305489971.0,0.013276,0.104996
600036SS_2024-05-21T000000_SELL_SETUP_PERFECT_-1_2024-05-21T000000_9,2024-05-21 00:00:00,600036.SS,1d,SETUP,SELL_SETUP_PERFECT,-1,9,True,,SELL_SETUP,True,2024-05-09 00:00:00,2024-05-21 00:00:00,,,,,,,,,,,,,,,,,,,,,,,,2572645205.0,0.016659,0.09148
600036SS_2024-05-29T000000_SELL_COUNTDOWN_CANCEL_-1_2024-05-21T000000_0,2024-05-29 00:00:00,600036.SS,1d,COUNTDOWN,SELL_COUNTDOWN_CANCEL,-1,0,,tdst_break_rule_4,SELL_SETUP,True,2024-05-09 00:00:00,2024-05-21 00:00:00,32.02,29.62,2024-05-21 00:00:00,,,,,,,,,,,,,,,,,,29.59,30.08,29.48,2603482900.0,0.017237,-0.010368
600519SS_2024-06-03T000000_BUY_SETUP_PERFECT_1_2024-06-03T000000_9,2024-06-03 00:00:00,600519.SS,1d,SETUP,BUY_SETUP_PERFECT,1,9,True,,BUY_SETUP,True,2024-05-22 00:00:00,2024-06-03 00:00:00,,,,,,,,,,,,,,,,,,,,,,,,4089546530.0,0.006333,-0.078506
600519SS_2024-06-03T000000_SELL_COUNTDOWN_CANCEL_-1_2024-05-07T000000_2,2024-06-03 00:00:00,600519.SS,1d,COUNTDOWN,SELL_COUNTDOWN_CANCEL,-1,2,,opposite_setup,SELL_SETUP,True,2024-04-22 00:00:00,2024-05-07 00:00:00,1671.49,1538.69,2024-05-07 00:00:00,2024-05-07 00:00:00,2024-05-17 00:00:00,,,,,,,,,,,,,2024-05-17 00:00:00,1593.69,1610.27,1533.08,1544.61,1528.79,4089546530.0,0.006333,-0.078506
600519SS_2024-06-03T000000_BUY_COUNTDOWN_PROGRESS_1_2024-06-03T000000_1,2024-06-03 00:00:00,600519.SS,1d,COUNTDOWN,BUY_COUNTDOWN_PROGRESS,1,1,,,BUY_SETUP,True,2024-05-22 00:00:00,2024-06-03 00:00:00,1603.65,1603.65,2024-06-03 00:00:00,2024-06-03 00:00:00,,,,,,,,,,,,,,2024-06-03 00:00:00,1528.79,1544.61,1533.08,1544.61,1528.79,4089546530.0,0.006333,-0.078506
000858SZ_2024-06-04T000000_BUY_SETUP_PERFECT_1_2024-06-04T000000_9,2024-06-04 00:00:00,000858.SZ,1d,SETUP,BUY_SETUP_PERFECT,1,9,True,,BUY_SETUP,True,2024-05-23 00:00:00,2024-06-04 00:00:00,,,,,,,,,,,,,,,,,,,,,,,,1837064186.0,0.011541,-0.050841
000858SZ_2024-06-04T000000_SELL_COUNTDOWN_CANCEL_-1_2024-05-08T000000_4,2024-06-04 00:00:00,000858.SZ,1d,COUNTDOWN,SELL_COUNTDOWN_CANCEL,-1,4,,opposite_setup,SELL_SETUP,False,2024-04-23 00:00:00,2024-05-08 00:00:00,145.34,130.98,2024-05-08 00:00:00,2024-05-16 00:00:00,2024-05-17 00:00:00,2024-05-20 00:00:00,2024-05-21 00:00:00,,,,,,,,,,,2024-05-16 00:00:00,137.72,142.09,134.79,135.11,132.51,1837064186.0,0.011541,-0.050841
601318SS_2024-06-04T000000_BUY_SETUP_PERFECT_1_2024-06-04T000000_9,2024-06-04 00:00:00,601318.SS,1d,SETUP,BUY_SETUP_PERFECT,1,9,True,,BUY_SETUP,True,2024-05-23 00:00:00,2024-06-04 00:00:00,,,,,,,,,,,,,,,,,,,,,,,,2766216760.0,0.017576,0.035685
000858SZ_2024-06-06T000000_BUY_COUNTDOWN_PROGRESS_1_2024-06-04T000000_1,2024-06-06 00:00:00,000858.SZ,1d,COUNTDOWN,BUY_COUNTDOWN_PROGRESS,1,1,,,BUY_SETUP,True,2024-05-23 00:00:00,2024-06-04 00:00:00,142.98,142.98,2024-06-04 00:00:00,2024-06-06 00:00:00,,,,,,,,,,,,,,2024-06-06 00:00:00,131.07,133.63,131.91,133.63,131.07,1844865871.0,0.011873,-0.067378
601318SS_2024-06-06T000000_BUY_COUNTDOWN_PROGRESS_1_2024-06-04T000000_1,2024-06-06 00:00:00,601318.SS,1d,COUNTDOWN,BUY_COUNTDOWN_PROGRESS,1,1,,,BUY_SETUP,True,2024-05-23 00:00:00,2024-06-04 00:00:00,40.21,40.21,2024-06-04 00:00:00,2024-06-06 00:00:00,,,,,,,,,,,,,,2024-06-06 00:00:00,37.41,38.37,37.49,38.37,37.41,2777907440.0,0.017588,-0.012642
600519SS_2024-06-07T000000_BUY_COUNTDOWN_PROGRESS_1_2024-06-03T000000_2,2024-06-07 00:00:00,600519.SS,1d,COUNTDOWN,BUY_COUNTDOWN_PROGRESS,1,2,,,BUY_SETUP,True,2024-05-22 00:00:00,2024-06-03 00:00:00,1603.65,1603.65,2024-06-03 00:00:00,2024-06-03 00:00:00,2024-06-07 00:00:00,,,,,,,,,,,,,2024-06-07 00:00:00,1512.7,1539.87,1512.87,1539.87,1512.7,4125269030.0,0.006078,-0.054273
000858SZ_2024-06-07T000000_BUY_COUNTDOWN_PROGRESS_1_2024-06-04T000000_2,2024-06-07 00:00:00,000858.SZ,1d,COUNTDOWN,BUY_COUNTDOWN_PROGRESS,1,2,,,BUY_SETUP,True,2024-05-23 00:00:00,2024-06-04 00:00:00,142.98,142.98,2024-06-04 00:00:00,2024-06-06 00:00:00,2024-06-07 00:00:00,,,,,,,,,,,,,2024-06-07 00:00:00,128.91,132.56,129.35,132.56,128.91,1879244931.0,0.011538,-0.063428
601318SS_2024-06-07T000000_BUY_COUNTDOWN_PROGRESS_1_2024-06-04T000000_2,2024-06-07 00:00:00,601318.SS,1d,COUNTDOWN,BUY_COUNTDOWN_PROGRESS,1,2,,,BUY_SETUP,True,2024-05-23 00:00:00,2024-06-04 00:00:00,40.21,40.21,2024-06-04 00:00:00,2024-06-06 00:00:00,2024-06-07 00:00:00,,,,,,,,,,,,,2024-06-07 00:00:00,37.04,37.82,37.16,37.82,37.04,2721639660.0,0.01762,-0.014062
600519SS_2024-06-11T000000_BUY_COUNTDOWN_PROGRESS_1_2024-06-03T000000_3,2024-06-11 00:00:00,600519.SS,1d,COUNTDOWN,BUY_COUNTDOWN_PROGRESS,1,3,,,BUY_SETUP,True,2024-05-22 00:00:00,2024-06-03 00:00:00,1603.65,1603.65,2024-06-03 00:00:00,2024-06-03 00:00:00,2024-06-07 00:00:00,2024-06-11 00:00:00,,,,,,,,,,,,2024-06-11 00:00:00,1460.69,1498.69,1462.69,1498.69,1460.69,4358027125.0,0.009083,-0.083338
000858SZ_2024-06-11T000000_BUY_COUNTDOWN_PROGRESS_1_2024-06-04T000000_3,2024-06-11 00:00:00,000858.SZ,1d,COUNTDOWN,BUY_COUNTDOWN_PROGRESS,1,3,,,BUY_SETUP,True,2024-05-23 00:00:00,2024-06-04 00:00:00,142.98,142.98,2024-06-04 00:00:00,2024-06-06 00:00:00,2024-06-07 00:00:00,2024-06-11 00:00:00,,,,,,,,,,,,2024-06-11 00:00:00,125.01,128.41,125.49,128.41,125.01,1892459376.0,0.012878,-0.092953
601318SS_2024-06-11T000000_BUY_COUNTDOWN_PROGRESS_1_2024-06-04T000000_3,2024-06-11 00:00:00,601318.SS,1d,COUNTDOWN,BUY_COUNTDOWN_PROGRESS,1,3,,,BUY_SETUP,True,2024-05-23 00:00:00,2024-06-04 00:00:00,40.21,40.21,2024-06-04 00:00:00,2024-06-06 00:00:00,2024-06-07 00:00:00,2024-06-11 00:00:00,,,,,,,,,,,,2024-06-11 00:00:00,36.64,37.23,36.87,37.23,36.64,2705104225.0,0.017592,-0.012851
600519SS_2024-06-12T000000_BUY_COUNTDOWN_PROGRESS_1_2024-06-03T000000_4,2024-06-12 00:00:00,600519.SS,1d,COUNTDOWN,BUY_COUNTDOWN_PROGRESS,1,4,,,BUY_SETUP,True,2024-05-22 00:00:00,2024-06-03 00:00:00,1603.65,1603.65,2024-06-03 00:00:00,2024-06-03 00:00:00,2024-06-07 00:00:00,2024-06-11 00:00:00,2024-06-12 00:00:00,,,,,,,,,,,2024-06-11 00:00:00,1460.69,1498.69,1465.37,1483.69,1463.69,4438367315.0,0.009167,-0.080518
000858SZ_2024-06-12T000000_BUY_COUNTDOWN_PROGRESS_1_2024-06-04T000000_4,2024-06-12 00:00:00,000858.SZ,1d,COUNTDOWN,BUY_COUNTDOWN_PROGRESS,1,4,,,BUY_SETUP,True,2024-05-23 00:00:00,2024-06-04 00:00:00,142.98,142.98,2024-06-04 00:00:00,2024-06-06 00:00:00,2024-06-07 00:00:00,2024-06-11 00:00:00,2024-06-12 00:00:00,,,,,,,,,,,2024-06-12 00:00:00,124.56,126.84,124.91,126.84,124.56,1913648826.0,0.01282,-0.097341
601318SS_2024-06-12T000000_BUY_COUNTDOWN_PROGRESS_1_2024-06-04T000000_4,2024-06-12 00:00:00,601318.SS,1d,COUNTDOWN,BUY_COUNTDOWN_PROGRESS,1,4,,,BUY_SETUP,True,2024-05-23 00:00:00,2024-06-04 00:00:00,40.21,40.21,2024-06-04 00:00:00,2024-06-06 00:00:00,2024-06-07 00:00:00,2024-06-11 00:00:00,2024-06-12 00:00:00,,,,,,,,,,,2024-06-12 00:00:00,36.4,36.94,36.44,36.94,36.4,2703774170.0,0.01756,-0.011931
600519SS_2024-06-13T000000_BUY_COUNTDOWN_PROGRESS_1_2024-06-03T000000_5,2024-06-13 00:00:00,600519.SS,1d,COUNTDOWN,BUY_COUNTDOWN_PROGRESS,1,5,,,BUY_SETUP,True,2024-05-22 00:00:00,2024-06-03 00:00:00,1603.65,1603.65,2024-06-03 00:00:00,2024-06-03 00:00:00,2024-06-07 00:00:00,2024-06-11 00:00:00,2024-06-12 00:00:00,2024-06-13 00:00:00,,,,,,,,,,2024-06-13 00:00:00,1446.84,1470.58,1448.7,1470.58,1446.84,4587254110.0,0.00913,-0.093537
000858SZ_2024-06-13T000000_BUY_COUNTDOWN_PROGRESS_1_2024-06-04T000000_5,2024-06-13 00:00:00,000858.SZ,1d,COUNTDOWN,BUY_COUNTDOWN_PROGRESS,1,5,,,BUY_SETUP,True,2024-05-23 00:00:00,2024-06-04 00:00:00,142.98,142.98,2024-06-04 00:00:00,2024-06-06 00:00:00,2024-06-07 00:00:00,2024-06-11 00:00:00,2024-06-12 00:00:00,2024-06-13 00:00:00,,,,,,,,,,2024-06-13 00:00:00,121.45,125.11,121.57,125.11,121.45,2019385495.0,0.012274,-0.138168
601318SS_2024-06-13T000000_BUY_COUNTDOWN_PROGRESS_1_2024-06-04T000000_5,2024-06-13 00:00:00,601318.SS,1d,COUNTDOWN,BUY_COUNTDOWN_PROGRESS,1,5,,,BUY_SETUP,True,2024-05-23 00:00:00,2024-06-04 00:00:00,40.21,40.21,2024-06-04 00:00:00,2024-06-06 00:00:00,2024-06-07 00:00:00,2024-06-11 00:00:00,2024-06-12 00:00:00,2024-06-13 00:00:00,,,,,,,,,,2024-06-13 00:00:00,36.23,36.7,36.34,36.7,36.23,2686301852.5,0.015709,-0.045944
600519SS_2024-06-14T000000_BUY_COUNTDOWN_PROGRESS_1_2024-06-03T000000_6,2024-06-14 00:00:00,600519.SS,1d,COUNTDOWN,BUY_COUNTDOWN_PROGRESS,1,6,,,BUY_SETUP,True,2024-05-22 00:00:00,2024-06-03 00:00:00,1603.65,1603.65,2024-06-03 00:00:00,2024-06-03 00:00:00,2024-06-07 00:00:00,2024-06-11 00:00:00,2024-06-12 00:00:00,2024-06-13 00:00:00,2024-06-14 00:00:00,,,,,,,,,2024-06-14 00:00:00,1414.15,1457.65,1448.69,1457.65,1414.15,4793698230.0,0.008799,-0.09946
000858SZ_2024-06-14T000000_BUY_COUNTDOWN_PROGRESS_1_2024-06-04T000000_6,2024-06-14 00:00:00,000858.SZ,1d,COUNTDOWN,BUY_COUNTDOWN_PROGRESS,1,6,,,BUY_SETUP,True,2024-05-23 00:00:00,2024-06-04 00:00:00,142.98,142.98,2024-06-04 00:00:00,2024-06-06 00:00:00,2024-06-07 00:00:00,2024-06-11 00:00:00,2024-06-12 00:00:00,2024-06-13 00:00:00,2024-06-14 00:00:00,,,,,,,,,2024-06-14 00:00:00,119.1,122.71,122.69,122.71,119.1,2097501810.0,0.011581,-0.144541
600519SS_2024-06-17T000000_BUY_COUNTDOWN_PROGRESS_1_2024-06-03T000000_7,2024-06-17 00:00:00,600519.SS,1d,COUNTDOWN,BUY_COUNTDOWN_PROGRESS,1,7,,,BUY_SETUP,True,2024-05-22 00:00:00,2024-06-03 00:00:00,1603.65,1603.65,2024-06-03 00:00:00,2024-06-03 00:00:00,2024-06-07 00:00:00,2024-06-11 00:00:00,2024-06-12 00:00:00,2024-06-13 00:00:00,2024-06-14 00:00:00,2024-06-17 00:00:00,,,,,,,,2024-06-17 00:00:00,1404.7,1442.46,1435.19,1442.46,1404.7,4916896360.0,0.008829,-0.104512
000858SZ_2024-06-20T000000_BUY_COUNTDOWN_PROGRESS_1_2024-06-04T000000_7,2024-06-20 00:00:00,000858.SZ,1d,COUNTDOWN,BUY_COUNTDOWN_PROGRESS,1,7,,,BUY_SETUP,True,2024-05-23 00:00:00,2024-06-04 00:00:00,142.98,142.98,2024-06-04 00:00:00,2024-06-06 00:00:00,2024-06-07 00:00:00,2024-06-11 00:00:00,2024-06-12 00:00:00,2024-06-13 00:00:00,2024-06-14 00:00:00,2024-06-20 00:00:00,,,,,,,,2024-06-14 00:00:00,119.1,122.71,119.21,122.08,119.19,2143823135.0,0.011769,-0.152194
601318SS_2024-06-20T000000_BUY_COUNTDOWN_PROGRESS_1_2024-06-04T000000_6,2024-06-20 00:00:00,601318.SS,1d,COUNTDOWN,BUY_COUNTDOWN_PROGRESS,1,6,,,BUY_SETUP,True,2024-05-23 00:00:00,2024-06-04 00:00:00,40.21,40.21,2024-06-04 00:00:00,2024-06-06 00:00:00,2024-06-07 00:00:00,2024-06-11 00:00:00,2024-06-12 00:00:00,2024-06-13 00:00:00,2024-06-20 00:00:00,,,,,,,,,2024-06-13 00:00:00,36.23,36.7,36.55,37.11,36.55,1883137337.5,0.008899,-0.08212
000651SZ_2024-06-20T000000_BUY_SETUP_PERFECT_1_2024-06-20T000000_9,2024-06-20 00:00:00,000651.SZ,1d,SETUP,BUY_SETUP_PERFECT,1,9,True,,BUY_SETUP,True,2024-06-07 00:00:00,2024-06-20 00:00:00,,,,,,,,,,,,,,,,,,,,,,,,1166902434.0,0.013411,-0.041547
000651SZ_2024-06-20T000000_BUY_COUNTDOWN_PROGRESS_1_2024-06-20T000000_1,2024-06-20 00:00:00,000651.SZ,1d,COUNTDOWN,BUY_COUNTDOWN_PROGRESS,1,1,,,BUY_SETUP,True,2024-06-07 00:00:00,2024-06-20 00:00:00,35.3,35.3,2024-06-20 00:00:00,2024-06-20 00:00:00,,,,,,,,,,,,,,2024-06-20 00:00:00,33.24,33.84,33.45,33.84,33.24,1166902434.0,0.013411,-0.041547
600519SS_2024-06-21T000000_BUY_COUNTDOWN_PROGRESS_1_2024-06-03T000000_8,2024-06-21 00:00:00,600519.SS,1d,COUNTDOWN,BUY_COUNTDOWN_PROGRESS,1,8,,,BUY_SETUP,True,2024-05-22 00:00:00,2024-06-03 00:00:00,1603.65,1603.65,2024-06-03 00:00:00,2024-06-03 00:00:00,2024-06-07 00:00:00,2024-06-11 00:00:00,2024-06-12 00:00:00,2024-06-13 00:00:00,2024-06-14 00:00:00,2024-06-17 00:00:00,2024-06-21 00:00:00,1395.56,,,,,,2024-06-21 00:00:00,1394.78,1429.54,1395.56,1429.54,1394.78,5306778865.0,0.010072,-0.111544
000858SZ_2024-06-21T000000_BUY_COUNTDOWN_PROGRESS_1_2024-06-04T000000_8,2024-06-21 00:00:00,000858.SZ,1d,COUNTDOWN,BUY_COUNTDOWN_PROGRESS,1,8,,,BUY_SETUP,True,2024-05-23 00:00:00,2024-06-04 00:00:00,142.98,142.98,2024-06-04 00:00:00,2024-06-06 00:00:00,2024-06-07 00:00:00,2024-06-11 00:00:00,2024-06-12 00:00:00,2024-06-13 00:00:00,2024-06-14 00:00:00,2024-06-20 00:00:00,2024-06-21 00:00:00,117.21,,,,,,2024-06-21 00:00:00,115.81,119.87,117.21,119.87,115.81,2213683825.0,0.011744,-0.151636
600519SS_2024-06-24T000000_BUY_COUNTDOWN_PROGRESS_1_2024-06-03T000000_9,2024-06-24 00:00:00,600519.SS,1d,COUNTDOWN,BUY_COUNTDOWN_PROGRESS,1,9,,,BUY_SETUP,True,2024-05-22 00:00:00,2024-06-03 00:00:00,1603.65,1603.65,2024-06-03 00:00:00,2024-06-03 00:00:00,2024-06-07 00:00:00,2024-06-11 00:00:00,2024-06-12 00:00:00,2024-06-13 00:00:00,2024-06-14 00:00:00,2024-06-17 00:00:00,2024-06-21 00:00:00,1395.56,2024-06-24 00:00:00,,,,,2024-06-24 00:00:00,1338.57,1413.55,1401.11,1413.55,1338.57,5602680790.0,0.01032,-0.104035
000858SZ_2024-06-24T000000_BUY_COUNTDOWN_PROGRESS_1_2024-06-04T000000_9,2024-06-24 00:00:00,000858.SZ,1d,COUNTDOWN,BUY_COUNTDOWN_PROGRESS,1,9,,,BUY_SETUP,True,2024-05-23 00:00:00,2024-06-04 00:00:00,142.98,142.98,2024-06-04 00:00:00,2024-06-06 00:00:00,2024-06-07 00:00:00,2024-06-11 00:00:00,2024-06-12 00:00:00,2024-06-13 00:00:00,2024-06-14 00:00:00,2024-06-20 00:00:00,2024-06-21 00:00:00,117.21,2024-06-24 00:00:00,,,,,2024-06-24 00:00:00,112.61,119.68,118.04,119.68,112.61,2283803610.0,0.011983,-0.148279
000858SZ_2024-06-27T000000_BUY_COUNTDOWN_PROGRESS_1_2024-06-04T000000_10,2024-06-27 00:00:00,000858.SZ,1d,COUNTDOWN,BUY_COUNTDOWN_PROGRESS,1,10,,,BUY_SETUP,True,2024-05-23 00:00:00,2024-06-04 00:00:00,142.98,142.98,2024-06-04 00:00:00,2024-06-06 00:00:00,2024-06-07 00:00:00,2024-06-11 00:00:00,2024-06-12 00:00:00,2024-06-13 00:00:00,2024-06-14 00:00:00,2024-06-20 00:00:00,2024-06-21 00:00:00,117.21,2024-06-24 00:00:00,2024-06-27 00:00:00,,,,2024-06-24 00:00:00,112.61,119.68,116.66,118.38,115.73,2324039680.0,0.01198,-0.124634
601318SS_2024-06-27T000000_BUY_COUNTDOWN_PROGRESS_1_2024-06-04T000000_7,2024-06-27 00:00:00,601318.SS,1d,COUNTDOWN,BUY_COUNTDOWN_PROGRESS,1,7,,,BUY_SETUP,True,2024-05-23 00:00:00,2024-06-04 00:00:00,40.21,40.21,2024-06-04 00:00:00,2024-06-06 00:00:00,2024-06-07 00:00:00,2024-06-11 00:00:00,2024-06-12 00:00:00,2024-06-13 00:00:00,2024-06-20 00:00:00,2024-06-27 00:00:00,,,,,,,,2024-06-13 00:00:00,36.23,36.7,36.46,36.68,36.29,1725135906.5,0.00784,-0.0453
000651SZ_2024-06-27T000000_BUY_COUNTDOWN_PROGRESS_1_2024-06-20T000000_2,2024-06-27 00:00:00,000651.SZ,1d,COUNTDOWN,BUY_COUNTDOWN_PROGRESS,1,2,,,BUY_SETUP,True,2024-06-07 00:00:00,2024-06-20 00:00:00,35.3,35.3,2024-06-20 00:00:00,2024-06-20 00:00:00,2024-06-27 00:00:00,,,,,,,,,,,,,2024-06-27 00:00:00,32.59,33.59,33.16,33.59,32.59,1147803575.0,0.013247,-0.046578
600519SS_2024-06-28T000000_BUY_COUNTDOWN_PROGRESS_1_2024-06-03T000000_10,2024-06-28 00:00:00,600519.SS,1d,COUNTDOWN,BUY_COUNTDOWN_PROGRESS,1,10,,,BUY_SETUP,True,2024-05-22 00:00:00,2024-06-03 00:00:00,1603.65,1603.65,2024-06-03 00:00:00,2024-06-03 00:00:00,2024-06-07 00:00:00,2024-06-11 00:00:00,2024-06-12 00:00:00,2024-06-13 00:00:00,2024-06-14 00:00:00,2024-06-17 00:00:00,2024-06-21 00:00:00,1395.56,2024-06-24 00:00:00,2024-06-28 00:00:00,,,,2024-06-24 00:00:00,1338.57,1413.55,1391.95,1419.05,1388.56,5827762160.0,0.010576,-0.097391
000858SZ_2024-06-28T000000_BUY_COUNTDOWN_PROGRESS_1_2024-06-04T000000_11,2024-06-28 00:00:00,000858.SZ,1d,COUNTDOWN,BUY_COUNTDOWN_PROGRESS,1,11,,,BUY_SETUP,True,2024-05-23 00:00:00,2024-06-04 00:00:00,142.98,142.98,2024-06-04 00:00:00,2024-06-06 00:00:00,2024-06-07 00:00:00,2024-06-11 00:00:00,2024-06-12 00:00:00,2024-06-13 00:00:00,2024-06-14 00:00:00,2024-06-20 00:00:00,2024-06-21 00:00:00,117.21,2024-06-24 00:00:00,2024-06-27 00:00:00,2024-06-28 00:00:00,,,2024-06-24 00:00:00,112.61,119.68,115.05,117.5,114.57,2306841590.0,0.01182,-0.139556
000651SZ_2024-06-28T000000_BUY_COUNTDOWN_PROGRESS_1_2024-06-20T000000_3,2024-06-28 00:00:00,000651.SZ,1d,COUNTDOWN,BUY_COUNTDOWN_PROGRESS,1,3,,,BUY_SETUP,True,2024-06-07 00:00:00,2024-06-20 00:00:00,35.3,35.3,2024-06-20 00:00:00,2024-06-20 00:00:00,2024-06-27 00:00:00,2024-06-28 00:00:00,,,,,,,,,,,,2024-06-27 00:00:00,32.59,33.59,32.9,33.38,32.73,1161091916.5,0.01314,-0.043048
600519SS_2024-07-01T000000_BUY_COUNTDOWN_PROGRESS_1_2024-06-03T000000_11,2024-07-01 00:00:00,600519.SS,1d,COUNTDOWN,BUY_COUNTDOWN_PROGRESS,1,11,,,BUY_SETUP,True,2024-05-22 00:00:00,2024-06-03 00:00:00,1603.65,1603.65,2024-06-03 00:00:00,2024-06-03 00:00:00,2024-06-07 00:00:00,2024-06-11 00:00:00,2024-06-12 00:00:00,2024-06-13 00:00:00,2024-06-14 00:00:00,2024-06-17 00:00:00,2024-06-21 00:00:00,1395.56,2024-06-24 00:00:00,2024-06-28 00:00:00,2024-07-01 00:00:00,,,2024-06-24 00:00:00,1338.57,1413.55,1364.94,1397.55,1352.56,5878713875.0,0.011034,-0.109675
000858SZ_2024-07-01T000000_BUY_COUNTDOWN_PROGRESS_1_2024-06-04T000000_12,2024-07-01 00:00:00,000858.SZ,1d,COUNTDOWN,BUY_COUNTDOWN_PROGRESS,1,12,,,BUY_SETUP,True,2024-05-23 00:00:00,2024-06-04 00:00:00,142.98,142.98,2024-06-04 00:00:00,2024-06-06 00:00:00,2024-06-07 00:00:00,2024-06-11 00:00:00,2024-06-12 00:00:00,2024-06-13 00:00:00,2024-06-14 00:00:00,2024-06-20 00:00:00,2024-06-21 00:00:00,117.21,2024-06-24 00:00:00,2024-06-27 00:00:00,2024-06-28 00:00:00,2024-07-01 00:00:00,,2024-06-24 00:00:00,112.61,119.68,115.31,116.17,113.01,2308342760.0,0.012024,-0.132942
000651SZ_2024-07-01T000000_BUY_COUNTDOWN_PROGRESS_1_2024-06-20T000000_4,2024-07-01 00:00:00,000651.SZ,1d,COUNTDOWN,BUY_COUNTDOWN_PROGRESS,1,4,,,BUY_SETUP,True,2024-06-07 00:00:00,2024-06-20 00:00:00,35.3,35.3,2024-06-20 00:00:00,2024-06-20 00:00:00,2024-06-27 00:00:00,2024-06-28 00:00:00,2024-07-01 00:00:00,,,,,,,,,,,2024-07-01 00:00:00,32.43,33.18,32.58,33.18,32.43,1159521138.5,0.011833,-0.073379
000651SZ_2024-07-02T000000_BUY_COUNTDOWN_PROGRESS_1_2024-06-20T000000_5,2024-07-02 00:00:00,000651.SZ,1d,COUNTDOWN,BUY_COUNTDOWN_PROGRESS,1,5,,,BUY_SETUP,True,2024-06-07 00:00:00,2024-06-20 00:00:00,35.3,35.3,2024-06-20 00:00:00,2024-06-20 00:00:00,2024-06-27 00:00:00,2024-06-28 00:00:00,2024-07-01 00:00:00,2024-07-02 00:00:00,,,,,,,,,,2024-07-02 00:00:00,31.73,32.57,31.94,32.57,31.73,1171115417.5,0.012215,-0.094158
000651SZ_2024-07-03T000000_BUY_COUNTDOWN_PROGRESS_1_2024-06-20T000000_6,2024-07-03 00:00:00,000651.SZ,1d,COUNTDOWN,BUY_COUNTDOWN_PROGRESS,1,6,,,BUY_SETUP,True,2024-06-07 00:00:00,2024-06-20 00:00:00,35.3,35.3,2024-06-20 00:00:00,2024-06-20 00:00:00,2024-06-27 00:00:00,2024-06-28 00:00:00,2024-07-01 00:00:00,2024-07-02 00:00:00,2024-07-03 00:00:00,,,,,,,,,2024-07-03 00:00:00,31.7,32.14,31.81,32.14,31.7,1167924034.0,0.011749,-0.080104
600036SS_2024-07-04T000000_SELL_SETUP_-1_2024-07-04T000000_9,2024-07-04 00:00:00,600036.SS,1d,SETUP,SELL_SETUP,-1,9,False,,SELL_SETUP,False,2024-06-24 00:00:00,2024-07-04 00:00:00,,,,,,,,,,,,,,,,,,,,,,,,2058157421.5,0.014037,0.024466
000651SZ_2024-07-04T000000_BUY_COUNTDOWN_PROGRESS_1_2024-06-20T000000_7,2024-07-04 00:00:00,000651.SZ,1d,COUNTDOWN,BUY_COUNTDOWN_PROGRESS,1,7,,,BUY_SETUP,True,2024-06-07 00:00:00,2024-06-20 00:00:00,35.3,35.3,2024-06-20 00:00:00,2024-06-20 00:00:00,2024-06-27 00:00:00,2024-06-28 00:00:00,2024-07-01 00:00:00,2024-07-02 00:00:00,2024-07-03 00:00:00,2024-07-04 00:00:00,,,,,,,,2024-07-04 00:00:00,31.5,32.38,31.7,32.38,31.5,1185431134.5,0.010559,-0.099176
600519SS_2024-07-05T000000_BUY_COUNTDOWN_PROGRESS_1_2024-06-03T000000_12,2024-07-05 00:00:00,600519.SS,1d,COUNTDOWN,BUY_COUNTDOWN_PROGRESS,1,12,,,BUY_SETUP,True,2024-05-22 00:00:00,2024-06-03 00:00:00,1603.65,1603.65,2024-06-03 00:00:00,2024-06-03 00:00:00,2024-06-07 00:00:00,2024-06-11 00:00:00,2024-06-12 00:00:00,2024-06-13 00:00:00,2024-06-14 00:00:00,2024-06-17 00:00:00,2024-06-21 00:00:00,1395.56,2024-06-24 00:00:00,2024-06-28 00:00:00,2024-07-01 00:00:00,2024-07-05 00:00:00,,2024-06-24 00:00:00,1338.57,1413.55,1377.56,1417.74,1374.56,6176581725.0,0.015049,-0.089439
000858SZ_2024-07-05T000000_BUY_COUNTDOWN_COMPLETE_PERFECT_1_2024-06-04T000000_13,2024-07-05 00:00:00,000858.SZ,1d,COUNTDOWN,BUY_COUNTDOWN_COMPLETE_PERFECT,1,13,True,,BUY_SETUP,True,2024-05-23 00:00:00,2024-06-04 00:00:00,142.98,142.98,2024-06-04 00:00:00,2024-06-06 00:00:00,2024-06-07 00:00:00,2024-06-11 00:00:00,2024-06-12 00:00:00,2024-06-13 00:00:00,2024-06-14 00:00:00,2024-06-20 00:00:00,2024-06-21 00:00:00,117.21,2024-06-24 00:00:00,2024-06-27 00:00:00,2024-06-28 00:00:00,2024-07-01 00:00:00,2024-07-05 00:00:00,2024-06-24 00:00:00,112.61,119.68,115.96,118.98,115.15,2356110420.0,0.013349,-0.103518
601318SS_2024-07-05T000000_BUY_COUNTDOWN_PROGRESS_1_2024-06-04T000000_8,2024-07-05 00:00:00,601318.SS,1d,COUNTDOWN,BUY_COUNTDOWN_PROGRESS,1,8,,,BUY_SETUP,True,2024-05-23 00:00:00,2024-06-04 00:00:00,40.21,40.21,2024-06-04 00:00:00,2024-06-06 00:00:00,2024-06-07 00:00:00,2024-06-11 00:00:00,2024-06-12 00:00:00,2024-06-13 00:00:00,2024-06-20 00:00:00,2024-06-27 00:00:00,2024-07-05 00:00:00,36.16,,,,,,2024-07-05 00:00:00,36.02,37.3,36.16,37.3,36.02,1699826496.5,0.009547,-0.026911
000651SZ_2024-07-05T000000_BUY_COUNTDOWN_PROGRESS_1_2024-06-20T000000_8,2024-07-05 00:00:00,000651.SZ,1d,COUNTDOWN,BUY_COUNTDOWN_PROGRESS,1,8,,,BUY_SETUP,True,2024-06-07 00:00:00,2024-06-20 00:00:00,35.3,35.3,2024-06-20 00:00:00,2024-06-20 00:00:00,2024-06-27 00:00:00,2024-06-28 00:00:00,2024-07-01 00:00:00,2024-07-02 00:00:00,2024-07-03 00:00:00,2024-07-04 00:00:00,2024-07-05 00:00:00,31.38,,,,,,2024-07-05 00:00:00,30.88,31.92,31.38,31.92,30.88,1175672274.5,0.010516,-0.097757
600519SS_2024-07-08T000000_BUY_COUNTDOWN_COMPLETE_PERFECT_1_2024-06-03T000000_13,2024-07-08 00:00:00,600519.SS,1d,COUNTDOWN,BUY_COUNTDOWN_COMPLETE_PERFECT,1,13,True,,BUY_SETUP,True,2024-05-22 00:00:00,2024-06-03 00:00:00,1603.65,1603.65,2024-06-03 00:00:00,2024-06-03 00:00:00,2024-06-07 00:00:00,2024-06-11 00:00:00,2024-06-12 00:00:00,2024-06-13 00:00:00,2024-06-14 00:00:00,2024-06-17 00:00:00,2024-06-21 00:00:00,1395.56,2024-06-24 00:00:00,2024-06-28 00:00:00,2024-07-01 00:00:00,2024-07-05 00:00:00,2024-07-08 00:00:00,2024-06-24 00:00:00,1338.57,1413.55,1344.56,1382.33,1343.7,6186823255.0,0.014254,-0.080762
601318SS_2024-07-08T000000_BUY_COUNTDOWN_PROGRESS_1_2024-06-04T000000_9,2024-07-08 00:00:00,601318.SS,1d,COUNTDOWN,BUY_COUNTDOWN_PROGRESS,1,9,,,BUY_SETUP,True,2024-05-23 00:00:00,2024-06-04 00:00:00,40.21,40.21,2024-06-04 00:00:00,2024-06-06 00:00:00,2024-06-07 00:00:00,2024-06-11 00:00:00,2024-06-12 00:00:00,2024-06-13 00:00:00,2024-06-20 00:00:00,2024-06-27 00:00:00,2024-07-05 00:00:00,36.16,2024-07-08 00:00:00,,,,,2024-07-08 00:00:00,35.72,36.4,35.88,36.4,35.72,1680207051.5,0.009545,-0.026851
600036SS_2024-07-10T000000_SELL_COUNTDOWN_PROGRESS_-1_2024-07-04T000000_1,2024-07-10 00:00:00,600036.SS,1d,COUNTDOWN,SELL_COUNTDOWN_PROGRESS,-1,1,,,SELL_SETUP,False,2024-06-24 00:00:00,2024-07-04 00:00:00,30.27,28.51,2024-07-04 00:00:00,2024-07-10 00:00:00,,,,,,,,,,,,,,2024-07-10 00:00:00,29.47,30.02,29.7,30.02,29.47,2117955066.5,0.014525,0.06681
600036SS_2024-07-11T000000_SELL_COUNTDOWN_PROGRESS_-1_2024-07-04T000000_2,2024-07-11 00:00:00,600036.SS,1d,COUNTDOWN,SELL_COUNTDOWN_PROGRESS,-1,2,,,SELL_SETUP,False,2024-06-24 00:00:00,2024-07-04 00:00:00,30.27,28.51,2024-07-04 00:00:00,2024-07-10 00:00:00,2024-07-11 00:00:00,,,,,,,,,,,,,2024-07-10 00:00:00,29.47,30.02,29.89,30.12,29.78,2148140036.5,0.012451,0.036767
600036SS_2024-07-12T000000_SELL_COUNTDOWN_PROGRESS_-1_2024-07-04T000000_3,2024-07-12 00:00:00,600036.SS,1d,COUNTDOWN,SELL_COUNTDOWN_PROGRESS,-1,3,,,SELL_SETUP,False,2024-06-24 00:00:00,2024-07-04 00:00:00,30.27,28.51,2024-07-04 00:00:00,2024-07-10 00:00:00,2024-07-11 00:00:00,2024-07-12 00:00:00,,,,,,,,,,,,2024-07-10 00:00:00,29.47,30.02,30.99,31.07,30.0,2141881371.5,0.014596,0.078288
600036SS_2024-07-15T000000_SELL_COUNTDOWN_PROGRESS_-1_2024-07-04T000000_4,2024-07-15 00:00:00,600036.SS,1d,COUNTDOWN,SELL_COUNTDOWN_PROGRESS,-1,4,,,SELL_SETUP,False,2024-06-24 00:00:00,2024-07-04 00:00:00,30.27,28.51,2024-07-04 00:00:00,2024-07-10 00:00:00,2024-07-11 00:00:00,2024-07-12 00:00:00,2024-07-15 00:00:00,,,,,,,,,,,2024-07-10 00:00:00,29.47,30.02,30.77,31.04,30.71,2145222396.5,0.014781,0.071006
601318SS_2024-07-16T000000_BUY_COUNTDOWN_PROGRESS_1_2024-06-04T000000_10,2024-07-16 00:00:00,601318.SS,1d,COUNTDOWN,BUY_COUNTDOWN_PROGRESS,1,10,,,BUY_SETUP,True,2024-05-23 00:00:00,2024-06-04 00:00:00,40.21,40.21,2024-06-04 00:00:00,2024-06-06 00:00:00,2024-06-07 00:00:00,2024-06-11 00:00:00,2024-06-12 00:00:00,2024-06-13 00:00:00,2024-06-20 00:00:00,2024-06-27 00:00:00,2024-07-05 00:00:00,36.16,2024-07-08 00:00:00,2024-07-16 00:00:00,,,,2024-07-08 00:00:00,35.72,36.4,36.23,37.15,35.72,1764093899.0,0.013303,-0.021868
601318SS_2024-07-17T000000_BUY_COUNTDOWN_PROGRESS_1_2024-06-04T000000_11,2024-07-17 00:00:00,601318.SS,1d,COUNTDOWN,BUY_COUNTDOWN_PROGRESS,1,11,,,BUY_SETUP,True,2024-05-23 00:00:00,2024-06-04 00:00:00,40.21,40.21,2024-06-04 00:00:00,2024-06-06 00:00:00,2024-06-07 00:00:00,2024-06-11 00:00:00,2024-06-12 00:00:00,2024-06-13 00:00:00,2024-06-20 00:00:00,2024-06-27 00:00:00,2024-07-05 00:00:00,36.16,2024-07-08 00:00:00,2024-07-16 00:00:00,2024-07-17 00:00:00,,,2024-07-08 00:00:00,35.72,36.4,37.33,37.46,36.29,1841430904.0,0.014695,0.021341
600036SS_2024-07-17T000000_SELL_COUNTDOWN_PROGRESS_-1_2024-07-04T000000_5,2024-07-17 00:00:00,600036.SS,1d,COUNTDOWN,SELL_COUNTDOWN_PROGRESS,-1,5,,,SELL_SETUP,False,2024-06-24 00:00:00,2024-07-04 00:00:00,30.27,28.51,2024-07-04 00:00:00,2024-07-10 00:00:00,2024-07-11 00:00:00,2024-07-12 00:00:00,2024-07-15 00:00:00,2024-07-17 00:00:00,,,,,,,,,,2024-07-10 00:00:00,29.47,30.02,31.06,31.18,30.64,2143446461.5,0.014481,0.069928
000651SZ_2024-07-17T000000_BUY_COUNTDOWN_PROGRESS_1_2024-06-20T000000_9,2024-07-17 00:00:00,000651.SZ,1d,COUNTDOWN,BUY_COUNTDOWN_PROGRESS,1,9,,,BUY_SETUP,True,2024-06-07 00:00:00,2024-06-20 00:00:00,35.3,35.3,2024-06-20 00:00:00,2024-06-20 00:00:00,2024-06-27 00:00:00,2024-06-28 00:00:00,2024-07-01 00:00:00,2024-07-02 00:00:00,2024-07-03 00:00:00,2024-07-04 00:00:00,2024-07-05 00:00:00,31.38,2024-07-17 00:00:00,,,,,2024-07-05 00:00:00,30.88,31.92,32.09,32.22,31.48,1157227491.5,0.011394,-0.040658
600036SS_2024-07-18T000000_SELL_COUNTDOWN_PROGRESS_-1_2024-07-04T000000_6,2024-07-18 00:00:00,600036.SS,1d,COUNTDOWN,SELL_COUNTDOWN_PROGRESS,-1,6,,,SELL_SETUP,False,2024-06-24 00:00:00,2024-07-04 00:00:00,30.27,28.51,2024-07-04 00:00:00,2024-07-10 00:00:00,2024-07-11 00:00:00,2024-07-12 00:00:00,2024-07-15 00:00:00,2024-07-17 00:00:00,2024-07-18 00:00:00,,,,,,,,,2024-07-10 00:00:00,29.47,30.02,31.08,31.24,30.75,2178457815.0,0.014107,0.082173
600036SS_2024-07-19T000000_SELL_COUNTDOWN_PROGRESS_-1_2024-07-04T000000_7,2024-07-19 00:00:00,600036.SS,1d,COUNTDOWN,SELL_COUNTDOWN_PROGRESS,-1,7,,,SELL_SETUP,False,2024-06-24 00:00:00,2024-07-04 00:00:00,30.27,28.51,2024-07-04 00:00:00,2024-07-10 00:00:00,2024-07-11 00:00:00,2024-07-12 00:00:00,2024-07-15 00:00:00,2024-07-17 00:00:00,2024-07-18 00:00:00,2024-07-19 00:00:00,,,,,,,,2024-07-10 00:00:00,29.47,30.02,31.24,31.29,30.58,2227625295.0,0.013963,0.073909
000651SZ_2024-07-23T000000_BUY_COUNTDOWN_PROGRESS_1_2024-06-20T000000_10,2024-07-23 00:00:00,000651.SZ,1d,COUNTDOWN,BUY_COUNTDOWN_PROGRESS,1,10,,,BUY_SETUP,True,2024-06-07 00:00:00,2024-06-20 00:00:00,35.3,35.3,2024-06-20 00:00:00,2024-06-20 00:00:00,2024-06-27 00:00:00,2024-06-28 00:00:00,2024-07-01 00:00:00,2024-07-02 00:00:00,2024-07-03 00:00:00,2024-07-04 00:00:00,2024-07-05 00:00:00,31.38,2024-07-17 00:00:00,2024-07-23 00:00:00,,,,2024-07-05 00:00:00,30.88,31.92,31.78,32.59,31.78,1170269292.0,0.013587,-0.053885
601318SS_2024-07-24T000000_BUY_COUNTDOWN_PROGRESS_1_2024-06-04T000000_12,2024-07-24 00:00:00,601318.SS,1d,COUNTDOWN,BUY_COUNTDOWN_PROGRESS,1,12,,,BUY_SETUP,True,2024-05-23 00:00:00,2024-06-04 00:00:00,40.21,40.21,2024-06-04 00:00:00,2024-06-06 00:00:00,2024-06-07 00:00:00,2024-06-11 00:00:00,2024-06-12 00:00:00,2024-06-13 00:00:00,2024-06-20 00:00:00,2024-06-27 00:00:00,2024-07-05 00:00:00,36.16,2024-07-08 00:00:00,2024-07-16 00:00:00,2024-07-17 00:00:00,2024-07-24 00:00:00,,2024-07-08 00:00:00,35.72,36.4,37.6,38.07,37.39,1972340425.0,0.015102,0.031267
000651SZ_2024-07-24T000000_BUY_COUNTDOWN_PROGRESS_1_2024-06-20T000000_11,2024-07-24 00:00:00,000651.SZ,1d,COUNTDOWN,BUY_COUNTDOWN_PROGRESS,1,11,,,BUY_SETUP,True,2024-06-07 00:00:00,2024-06-20 00:00:00,35.3,35.3,2024-06-20 00:00:00,2024-06-20 00:00:00,2024-06-27 00:00:00,2024-06-28 00:00:00,2024-07-01 00:00:00,2024-07-02 00:00:00,2024-07-03 00:00:00,2024-07-04 00:00:00,2024-07-05 00:00:00,31.38,2024-07-17 00:00:00,2024-07-23 00:00:00,2024-07-24 00:00:00,,,2024-07-24 00:00:00,30.68,31.78,30.84,31.78,30.68,1188751240.5,0.014706,-0.069964
601318SS_2024-07-25T000000_BUY_COUNTDOWN_COMPLETE_1_2024-06-04T000000_13,2024-07-25 00:00:00,601318.SS,1d,COUNTDOWN,BUY_COUNTDOWN_COMPLETE,1,13,False,,BUY_SETUP,True,2024-05-23 00:00:00,2024-06-04 00:00:00,40.21,40.21,2024-06-04 00:00:00,2024-06-06 00:00:00,2024-06-07 00:00:00,2024-06-11 00:00:00,2024-06-12 00:00:00,2024-06-13 00:00:00,2024-06-20 00:00:00,2024-06-27 00:00:00,2024-07-05 00:00:00,36.16,2024-07-08 00:00:00,2024-07-16 00:00:00,2024-07-17 00:00:00,2024-07-24 00:00:00,2024-07-25 00:00:00,2024-07-08 00:00:00,35.72,36.4,37.61,37.86,37.27,1989812505.0,0.015085,0.033242
000651SZ_2024-07-25T000000_BUY_COUNTDOWN_PROGRESS_1_2024-06-20T000000_12,2024-07-25 00:00:00,000651.SZ,1d,COUNTDOWN,BUY_COUNTDOWN_PROGRESS,1,12,,,BUY_SETUP,True,2024-06-07 00:00:00,2024-06-20 00:00:00,35.3,35.3,2024-06-20 00:00:00,2024-06-20 00:00:00,2024-06-27 00:00:00,2024-06-28 00:00:00,2024-07-01 00:00:00,2024-07-02 00:00:00,2024-07-03 00:00:00,2024-07-04 00:00:00,2024-07-05 00:00:00,31.38,2024-07-17 00:00:00,2024-07-23 00:00:00,2024-07-24 00:00:00,2024-07-25 00:00:00,,2024-07-25 00:00:00,30.42,31.25,31.07,31.25,30.42,1164815800.0,0.014876,-0.055623
600036SS_2024-07-31T000000_SELL_COUNTDOWN_PROGRESS_-1_2024-07-04T000000_8,2024-07-31 00:00:00,600036.SS,1d,COUNTDOWN,SELL_COUNTDOWN_PROGRESS,-1,8,,,SELL_SETUP,False,2024-06-24 00:00:00,2024-07-04 00:00:00,30.27,28.51,2024-07-04 00:00:00,2024-07-10 00:00:00,2024-07-11 00:00:00,2024-07-12 00:00:00,2024-07-15 00:00:00,2024-07-17 00:00:00,2024-07-18 00:00:00,2024-07-19 00:00:00,2024-07-31 00:00:00,29.72,,,,,,2024-07-31 00:00:00,29.24,29.99,29.72,29.99,29.24,2141793641.5,0.014586,-0.000336
600036SS_2024-08-01T000000_SELL_COUNTDOWN_PROGRESS_-1_2024-07-04T000000_9,2024-08-01 00:00:00,600036.SS,1d,COUNTDOWN,SELL_COUNTDOWN_PROGRESS,-1,9,,,SELL_SETUP,False,2024-06-24 00:00:00,2024-07-04 00:00:00,30.27,28.51,2024-07-04 00:00:00,2024-07-10 00:00:00,2024-07-11 00:00:00,2024-07-12 00:00:00,2024-07-15 00:00:00,2024-07-17 00:00:00,2024-07-18 00:00:00,2024-07-19 00:00:00,2024-07-31 00:00:00,29.72,2024-08-01 00:00:00,,,,,2024-07-31 00:00:00,29.24,29.99,29.7,29.84,29.26,2087218149.5,0.013017,0.027682
600519SS_2024-08-02T000000_BUY_SETUP_1_2024-08-02T000000_9,2024-08-02 00:00:00,600519.SS,1d,SETUP,BUY_SETUP,1,9,False,,BUY_SETUP,False,2024-07-23 00:00:00,2024-08-02 00:00:00,,,,,,,,,,,,,,,,,,,,,,,,4440920185.0,0.016292,-0.025696
000651SZ_2024-08-07T000000_BUY_COUNTDOWN_COMPLETE_1_2024-06-20T000000_13,2024-08-07 00:00:00,000651.SZ,1d,COUNTDOWN,BUY_COUNTDOWN_COMPLETE,1,13,False,,BUY_SETUP,True,2024-06-07 00:00:00,2024-06-20 00:00:00,35.3,35.3,2024-06-20 00:00:00,2024-06-20 00:00:00,2024-06-27 00:00:00,2024-06-28 00:00:00,2024-07-01 00:00:00,2024-07-02 00:00:00,2024-07-03 00:00:00,2024-07-04 00:00:00,2024-07-05 00:00:00,31.38,2024-07-17 00:00:00,2024-07-23 00:00:00,2024-07-24 00:00:00,2024-07-25 00:00:00,2024-08-07 00:00:00,2024-07-25 00:00:00,30.42,31.25,34.15,34.38,33.74,1440467532.5,0.023964,0.055315
600036SS_2024-08-09T000000_SELL_COUNTDOWN_PROGRESS_-1_2024-07-04T000000_10,2024-08-09 00:00:00,600036.SS,1d,COUNTDOWN,SELL_COUNTDOWN_PROGRESS,-1,10,,,SELL_SETUP,False,2024-06-24 00:00:00,2024-07-04 00:00:00,30.27,28.51,2024-07-04 00:00:00,2024-07-10 00:00:00,2024-07-11 00:00:00,2024-07-12 00:00:00,2024-07-15 00:00:00,2024-07-17 00:00:00,2024-07-18 00:00:00,2024-07-19 00:00:00,2024-07-31 00:00:00,29.72,2024-08-01 00:00:00,2024-08-09 00:00:00,,,,2024-08-09 00:00:00,28.8,29.57,29.32,29.57,28.8,1757874220.5,0.010655,-0.047124
600036SS_2024-08-12T000000_SELL_COUNTDOWN_PROGRESS_-1_2024-07-04T000000_11,2024-08-12 00:00:00,600036.SS,1d,COUNTDOWN,SELL_COUNTDOWN_PROGRESS,-1,11,,,SELL_SETUP,False,2024-06-24 00:00:00,2024-07-04 00:00:00,30.27,28.51,2024-07-04 00:00:00,2024-07-10 00:00:00,2024-07-11 00:00:00,2024-07-12 00:00:00,2024-07-15 00:00:00,2024-07-17 00:00:00,2024-07-18 00:00:00,2024-07-19 00:00:00,2024-07-31 00:00:00,29.72,2024-08-01 00:00:00,2024-08-09 00:00:00,2024-08-12 00:00:00,,,2024-08-09 00:00:00,28.8,29.57,29.11,29.33,28.92,1728752417.0,0.010683,-0.054256
600519SS_2024-08-13T000000_BUY_COUNTDOWN_PROGRESS_1_2024-08-02T000000_1,2024-08-13 00:00:00,600519.SS,1d,COUNTDOWN,BUY_COUNTDOWN_PROGRESS,1,1,,,BUY_SETUP,False,2024-07-23 00:00:00,2024-08-02 00:00:00,1425.56,1425.56,2024-08-02 00:00:00,2024-08-13 00:00:00,,,,,,,,,,,,,,2024-08-13 00:00:00,1336.57,1359.56,1347.57,1359.56,1336.57,4286371550.0,0.01557,-0.054973
600519SS_2024-08-14T000000_BUY_COUNTDOWN_PROGRESS_1_2024-08-02T000000_2,2024-08-14 00:00:00,600519.SS,1d,COUNTDOWN,BUY_COUNTDOWN_PROGRESS,1,2,,,BUY_SETUP,False,2024-07-23 00:00:00,2024-08-02 00:00:00,1425.56,1425.56,2024-08-02 00:00:00,2024-08-13 00:00:00,2024-08-14 00:00:00,,,,,,,,,,,,,2024-08-13 00:00:00,1336.57,1359.56,1337.86,1349.46,1336.58,4125506385.0,0.0156,-0.059216
600036SS_2024-08-15T000000_SELL_COUNTDOWN_PROGRESS_-1_2024-07-04T000000_12,2024-08-15 00:00:00,600036.SS,1d,COUNTDOWN,SELL_COUNTDOWN_PROGRESS,-1,12,,,SELL_SETUP,False,2024-06-24 00:00:00,2024-07-04 00:00:00,30.27,28.51,2024-07-04 00:00:00,2024-07-10 00:00:00,2024-07-11 00:00:00,2024-07-12 00:00:00,2024-07-15 00:00:00,2024-07-17 00:00:00,2024-07-18 00:00:00,2024-07-19 00:00:00,2024-07-31 00:00:00,29.72,2024-08-01 00:00:00,2024-08-09 00:00:00,2024-08-12 00:00:00,2024-08-15 00:00:00,,2024-08-15 00:00:00,28.64,29.91,29.75,29.91,28.64,1662551697.5,0.012809,-0.047695
600036SS_2024-08-16T000000_SELL_COUNTDOWN_COMPLETE_PERFECT_-1_2024-07-04T000000_13,2024-08-16 00:00:00,600036.SS,1d,COUNTDOWN,SELL_COUNTDOWN_COMPLETE_PERFECT,-1,13,True,,SELL_SETUP,False,2024-06-24 00:00:00,2024-07-04 00:00:00,30.27,28.51,2024-07-04 00:00:00,2024-07-10 00:00:00,2024-07-11 00:00:00,2024-07-12 00:00:00,2024-07-15 00:00:00,2024-07-17 00:00:00,2024-07-18 00:00:00,2024-07-19 00:00:00,2024-07-31 00:00:00,29.72,2024-08-01 00:00:00,2024-08-09 00:00:00,2024-08-12 00:00:00,2024-08-15 00:00:00,2024-08-16 00:00:00,2024-08-15 00:00:00,28.64,29.91,30.14,30.24,29.71,1594286967.5,0.0116,-0.006264
600519SS_2024-08-21T000000_BUY_COUNTDOWN_PROGRESS_1_2024-08-02T000000_3,2024-08-21 00:00:00,600519.SS,1d,COUNTDOWN,BUY_COUNTDOWN_PROGRESS,1,3,,,BUY_SETUP,False,2024-07-23 00:00:00,2024-08-02 00:00:00,1425.56,1425.56,2024-08-02 00:00:00,2024-08-13 00:00:00,2024-08-14 00:00:00,2024-08-21 00:00:00,,,,,,,,,,,,2024-08-13 00:00:00,1336.57,1359.56,1342.14,1352.54,1340.25,3664750810.0,0.012777,-0.009527
600519SS_2024-08-22T000000_BUY_COUNTDOWN_PROGRESS_1_2024-08-02T000000_4,2024-08-22 00:00:00,600519.SS,1d,COUNTDOWN,BUY_COUNTDOWN_PROGRESS,1,4,,,BUY_SETUP,False,2024-07-23 00:00:00,2024-08-02 00:00:00,1425.56,1425.56,2024-08-02 00:00:00,2024-08-13 00:00:00,2024-08-14 00:00:00,2024-08-21 00:00:00,2024-08-22 00:00:00,,,,,,,,,,,2024-08-22 00:00:00,1324.57,1344.56,1334.61,1344.56,1324.57,3599589880.0,0.012766,-0.009014
600519SS_2024-08-23T000000_BUY_COUNTDOWN_PROGRESS_1_2024-08-02T000000_5,2024-08-23 00:00:00,600519.SS,1d,COUNTDOWN,BUY_COUNTDOWN_PROGRESS,1,5,,,BUY_SETUP,False,2024-07-23 00:00:00,2024-08-02 00:00:00,1425.56,1425.56,2024-08-02 00:00:00,2024-08-13 00:00:00,2024-08-14 00:00:00,2024-08-21 00:00:00,2024-08-22 00:00:00,2024-08-23 00:00:00,,,,,,,,,,2024-08-22 00:00:00,1324.57,1344.56,1339.55,1348.06,1330.68,3478168410.0,0.012097,0.012831
000858SZ_2024-08-23T000000_BUY_SETUP_PERFECT_1_2024-08-23T000000_9,2024-08-23 00:00:00,000858.SZ,1d,SETUP,BUY_SETUP_PERFECT,1,9,True,,BUY_SETUP,True,2024-08-13 00:00:00,2024-08-23 00:00:00,,,,,,,,,,,,,,,,,,,,,,,,1807114852.5,0.012504,-0.025825
000858SZ_2024-08-23T000000_BUY_COUNTDOWN_PROGRESS_1_2024-08-23T000000_1,2024-08-23 00:00:00,000858.SZ,1d,COUNTDOWN,BUY_COUNTDOWN_PROGRESS,1,1,,,BUY_SETUP,True,2024-08-13 00:00:00,2024-08-23 00:00:00,119.64,119.64,2024-08-23 00:00:00,2024-08-23 00:00:00,,,,,,,,,,,,,,2024-08-23 00:00:00,112.2,113.78,112.79,113.78,112.2,1807114852.5,0.012504,-0.025825
000858SZ_2024-08-26T000000_BUY_COUNTDOWN_PROGRESS_1_2024-08-23T000000_2,2024-08-26 00:00:00,000858.SZ,1d,COUNTDOWN,BUY_COUNTDOWN_PROGRESS,1,2,,,BUY_SETUP,True,2024-08-13 00:00:00,2024-08-23 00:00:00,119.64,119.64,2024-08-23 00:00:00,2024-08-23 00:00:00,2024-08-26 00:00:00,,,,,,,,,,,,,2024-08-26 00:00:00,109.72,113.55,109.8,113.55,109.72,1841325837.5,0.013677,-0.044968
600519SS_2024-08-27T000000_BUY_COUNTDOWN_PROGRESS_1_2024-08-02T000000_6,2024-08-27 00:00:00,600519.SS,1d,COUNTDOWN,BUY_COUNTDOWN_PROGRESS,1,6,,,BUY_SETUP,False,2024-07-23 00:00:00,2024-08-02 00:00:00,1425.56,1425.56,2024-08-02 00:00:00,2024-08-13 00:00:00,2024-08-14 00:00:00,2024-08-21 00:00:00,2024-08-22 00:00:00,2024-08-23 00:00:00,2024-08-27 00:00:00,,,,,,,,,2024-08-22 00:00:00,1324.57,1344.56,1328.63,1337.56,1325.67,3112281630.0,0.009279,-0.012788
000858SZ_2024-08-27T000000_BUY_COUNTDOWN_PROGRESS_1_2024-08-23T000000_3,2024-08-27 00:00:00,000858.SZ,1d,COUNTDOWN,BUY_COUNTDOWN_PROGRESS,1,3,,,BUY_SETUP,True,2024-08-13 00:00:00,2024-08-23 00:00:00,119.64,119.64,2024-08-23 00:00:00,2024-08-23 00:00:00,2024-08-26 00:00:00,2024-08-27 00:00:00,,,,,,,,,,,,2024-08-27 00:00:00,107.23,109.88,109.38,109.88,107.23,1805981897.5,0.011188,-0.077273
601318SS_2024-08-27T000000_SELL_SETUP_PERFECT_-1_2024-08-27T000000_9,2024-08-27 00:00:00,601318.SS,1d,SETUP,SELL_SETUP_PERFECT,-1,9,True,,SELL_SETUP,True,2024-08-15 00:00:00,2024-08-27 00:00:00,,,,,,,,,,,,,,,,,,,,,,,,1543711726.0,0.014372,0.014838
600036SS_2024-08-27T000000_SELL_SETUP_PERFECT_-1_2024-08-27T000000_9,2024-08-27 00:00:00,600036.SS,1d,SETUP,SELL_SETUP_PERFECT,-1,9,True,,SELL_SETUP,True,2024-08-15 00:00:00,2024-08-27 00:00:00,,,,,,,,,,,,,,,,,,,,,,,,1406774713.0,0.011037,0.032638
000651SZ_2024-08-27T000000_SELL_SETUP_PERFECT_-1_2024-08-27T000000_9,2024-08-27 00:00:00,000651.SZ,1d,SETUP,SELL_SETUP_PERFECT,-1,9,True,,SELL_SETUP,True,2024-08-15 00:00:00,2024-08-27 00:00:00,,,,,,,,,,,,,,,,,,,,,,,,1211985497.5,0.009716,0.051929
600519SS_2024-08-28T000000_BUY_COUNTDOWN_PROGRESS_1_2024-08-02T000000_7,2024-08-28 00:00:00,600519.SS,1d,COUNTDOWN,BUY_COUNTDOWN_PROGRESS,1,7,,,BUY_SETUP,False,2024-07-23 00:00:00,2024-08-02 00:00:00,1425.56,1425.56,2024-08-02 00:00:00,2024-08-13 00:00:00,2024-08-14 00:00:00,2024-08-21 00:00:00,2024-08-22 00:00:00,2024-08-23 00:00:00,2024-08-27 00:00:00,2024-08-28 00:00:00,,,,,,,,2024-08-28 00:00:00,1299.56,1330.56,1313.56,1330.56,1299.56,3026775440.0,0.007577,0.002167
000858SZ_2024-08-28T000000_BUY_COUNTDOWN_PROGRESS_1_2024-08-23T000000_4,2024-08-28 00:00:00,000858.SZ,1d,COUNTDOWN,BUY_COUNTDOWN_PROGRESS,1,4,,,BUY_SETUP,True,2024-08-13 00:00:00,2024-08-23 00:00:00,119.64,119.64,2024-08-23 00:00:00,2024-08-23 00:00:00,2024-08-26 00:00:00,2024-08-27 00:00:00,2024-08-28 00:00:00,,,,,,,,,,,2024-08-28 00:00:00,104.6,108.68,105.68,108.68,104.6,1782711252.5,0.012257,-0.086445
601318SS_2024-08-30T000000_SELL_COUNTDOWN_PROGRESS_-1_2024-08-27T000000_1,2024-08-30 00:00:00,601318.SS,1d,COUNTDOWN,SELL_COUNTDOWN_PROGRESS,-1,1,,,SELL_SETUP,True,2024-08-15 00:00:00,2024-08-27 00:00:00,40.17,36.74,2024-08-27 00:00:00,2024-08-30 00:00:00,,,,,,,,,,,,,,2024-08-30 00:00:00,39.24,41.06,40.56,41.06,39.24,1701320316.0,0.016193,0.052686
000651SZ_2024-08-30T000000_SELL_COUNTDOWN_PROGRESS_-1_2024-08-27T000000_1,2024-08-30 00:00:00,000651.SZ,1d,COUNTDOWN,SELL_COUNTDOWN_PROGRESS,-1,1,,,SELL_SETUP,True,2024-08-15 00:00:00,2024-08-27 00:00:00,35.98,33.53,2024-08-27 00:00:00,2024-08-30 00:00:00,,,,,,,,,,,,,,2024-08-30 00:00:00,34.37,36.39,35.71,36.39,34.37,1202373765.5,0.011184,0.026444
000651SZ_2024-09-02T000000_SELL_COUNTDOWN_PROGRESS_-1_2024-08-27T000000_2,2024-09-02 00:00:00,000651.SZ,1d,COUNTDOWN,SELL_COUNTDOWN_PROGRESS,-1,2,,,SELL_SETUP,True,2024-08-15 00:00:00,2024-08-27 00:00:00,35.98,33.53,2024-08-27 00:00:00,2024-08-30 00:00:00,2024-09-02 00:00:00,,,,,,,,,,,,,2024-08-30 00:00:00,34.37,36.39,36.06,36.59,35.62,1161844020.5,0.010835,0.049476
600036SS_2024-09-03T000000_SELL_COUNTDOWN_CANCEL_-1_2024-08-27T000000_0,2024-09-03 00:00:00,600036.SS,1d,COUNTDOWN,SELL_COUNTDOWN_CANCEL,-1,0,,tdst_break_rule_4,SELL_SETUP,True,2024-08-15 00:00:00,2024-08-27 00:00:00,30.93,28.64,2024-08-27 00:00:00,,,,,,,,,,,,,,,,,,28.61,29.07,28.39,1509697909.0,0.013314,0.0014
000651SZ_2024-09-03T000000_SELL_COUNTDOWN_PROGRESS_-1_2024-08-27T000000_3,2024-09-03 00:00:00,000651.SZ,1d,COUNTDOWN,SELL_COUNTDOWN_PROGRESS,-1,3,,,SELL_SETUP,True,2024-08-15 00:00:00,2024-08-27 00:00:00,35.98,33.53,2024-08-27 00:00:00,2024-08-30 00:00:00,2024-09-02 00:00:00,2024-09-03 00:00:00,,,,,,,,,,,,2024-08-30 00:00:00,34.37,36.39,36.64,36.84,36.02,1149753381.5,0.011027,0.072914
600519SS_2024-09-06T000000_BUY_COUNTDOWN_PROGRESS_1_2024-08-02T000000_8,2024-09-06 00:00:00,600519.SS,1d,COUNTDOWN,BUY_COUNTDOWN_PROGRESS,1,8,,,BUY_SETUP,False,2024-07-23 00:00:00,2024-08-02 00:00:00,1425.56,1425.56,2024-08-02 00:00:00,2024-08-13 00:00:00,2024-08-14 00:00:00,2024-08-21 00:00:00,2024-08-22 00:00:00,2024-08-23 00:00:00,2024-08-27 00:00:00,2024-08-28 00:00:00,2024-09-06 00:00:00,1322.56,,,,,,2024-08-28 00:00:00,1299.56,1330.56,1322.56,1330.56,1322.56,2759747250.0,0.012093,-0.028001
000858SZ_2024-09-06T000000_BUY_COUNTDOWN_PROGRESS_1_2024-08-23T000000_5,2024-09-06 00:00:00,000858.SZ,1d,COUNTDOWN,BUY_COUNTDOWN_PROGRESS,1,5,,,BUY_SETUP,True,2024-08-13 00:00:00,2024-08-23 00:00:00,119.64,119.64,2024-08-23 00:00:00,2024-08-23 00:00:00,2024-08-26 00:00:00,2024-08-27 00:00:00,2024-08-28 00:00:00,2024-09-06 00:00:00,,,,,,,,,,2024-08-28 00:00:00,104.6,108.68,109.21,111.18,109.18,1760708931.0,0.020022,-0.085267
600519SS_2024-09-09T000000_BUY_COUNTDOWN_PROGRESS_1_2024-08-02T000000_9,2024-09-09 00:00:00,600519.SS,1d,COUNTDOWN,BUY_COUNTDOWN_PROGRESS,1,9,,,BUY_SETUP,False,2024-07-23 00:00:00,2024-08-02 00:00:00,1425.56,1425.56,2024-08-02 00:00:00,2024-08-13 00:00:00,2024-08-14 00:00:00,2024-08-21 00:00:00,2024-08-22 00:00:00,2024-08-23 00:00:00,2024-08-27 00:00:00,2024-08-28 00:00:00,2024-09-06 00:00:00,1322.56,2024-09-09 00:00:00,,,,,2024-09-09 00:00:00,1294.64,1318.27,1299.56,1318.27,1294.64,2859422920.0,0.012488,-0.035627
000858SZ_2024-09-09T000000_BUY_COUNTDOWN_PROGRESS_1_2024-08-23T000000_6,2024-09-09 00:00:00,000858.SZ,1d,COUNTDOWN,BUY_COUNTDOWN_PROGRESS,1,6,,,BUY_SETUP,True,2024-08-13 00:00:00,2024-08-23 00:00:00,119.64,119.64,2024-08-23 00:00:00,2024-08-23 00:00:00,2024-08-26 00:00:00,2024-08-27 00:00:00,2024-08-28 00:00:00,2024-09-06 00:00:00,2024-09-09 00:00:00,,,,,,,,,2024-08-28 00:00:00,104.6,108.68,107.9,109.17,107.2,1778793572.5,0.019864,-0.07998
600519SS_2024-09-10T000000_BUY_COUNTDOWN_PROGRESS_1_2024-08-02T000000_10,2024-09-10 00:00:00,600519.SS,1d,COUNTDOWN,BUY_COUNTDOWN_PROGRESS,1,10,,,BUY_SETUP,False,2024-07-23 00:00:00,2024-08-02 00:00:00,1425.56,1425.56,2024-08-02 00:00:00,2024-08-13 00:00:00,2024-08-14 00:00:00,2024-08-21 00:00:00,2024-08-22 00:00:00,2024-08-23 00:00:00,2024-08-27 00:00:00,2024-08-28 00:00:00,2024-09-06 00:00:00,1322.56,2024-09-09 00:00:00,2024-09-10 00:00:00,,,,2024-09-10 00:00:00,1294.58,1317.56,1302.56,1317.56,1294.58,2880435810.0,0.012454,-0.026385
000858SZ_2024-09-10T000000_BUY_COUNTDOWN_PROGRESS_1_2024-08-23T000000_7,2024-09-10 00:00:00,000858.SZ,1d,COUNTDOWN,BUY_COUNTDOWN_PROGRESS,1,7,,,BUY_SETUP,True,2024-08-13 00:00:00,2024-08-23 00:00:00,119.64,119.64,2024-08-23 00:00:00,2024-08-23 00:00:00,2024-08-26 00:00:00,2024-08-27 00:00:00,2024-08-28 00:00:00,2024-09-06 00:00:00,2024-09-09 00:00:00,2024-09-10 00:00:00,,,,,,,,2024-08-28 00:00:00,104.6,108.68,108.11,109.94,107.58,1762291761.5,0.019844,-0.068098
600036SS_2024-09-10T000000_BUY_SETUP_PERFECT_1_2024-09-10T000000_9,2024-09-10 00:00:00,600036.SS,1d,SETUP,BUY_SETUP_PERFECT,1,9,True,,BUY_SETUP,True,2024-08-29 00:00:00,2024-09-10 00:00:00,,,,,,,,,,,,,,,,,,,,,,,,1619318298.0,0.01479,-0.057886
600036SS_2024-09-10T000000_BUY_COUNTDOWN_PROGRESS_1_2024-09-10T000000_1,2024-09-10 00:00:00,600036.SS,1d,COUNTDOWN,BUY_COUNTDOWN_PROGRESS,1,1,,,BUY_SETUP,True,2024-08-29 00:00:00,2024-09-10 00:00:00,30.76,30.76,2024-09-10 00:00:00,2024-09-10 00:00:00,,,,,,,,,,,,,,2024-09-10 00:00:00,26.93,27.42,27.18,27.42,26.93,1619318298.0,0.01479,-0.057886
600519SS_2024-09-12T000000_BUY_COUNTDOWN_PROGRESS_1_2024-08-02T000000_11,2024-09-12 00:00:00,600519.SS,1d,COUNTDOWN,BUY_COUNTDOWN_PROGRESS,1,11,,,BUY_SETUP,False,2024-07-23 00:00:00,2024-08-02 00:00:00,1425.56,1425.56,2024-08-02 00:00:00,2024-08-13 00:00:00,2024-08-14 00:00:00,2024-08-21 00:00:00,2024-08-22 00:00:00,2024-08-23 00:00:00,2024-08-27 00:00:00,2024-08-28 00:00:00,2024-09-06 00:00:00,1322.56,2024-09-09 00:00:00,2024-09-10 00:00:00,2024-09-12 00:00:00,,,2024-09-12 00:00:00,1259.47,1309.56,1259.62,1309.56,1259.47,3090500850.0,0.014118,-0.070912
000858SZ_2024-09-12T000000_BUY_COUNTDOWN_PROGRESS_1_2024-08-23T000000_8,2024-09-12 00:00:00,000858.SZ,1d,COUNTDOWN,BUY_COUNTDOWN_PROGRESS,1,8,,,BUY_SETUP,True,2024-08-13 00:00:00,2024-08-23 00:00:00,119.64,119.64,2024-08-23 00:00:00,2024-08-23 00:00:00,2024-08-26 00:00:00,2024-08-27 00:00:00,2024-08-28 00:00:00,2024-09-06 00:00:00,2024-09-09 00:00:00,2024-09-10 00:00:00,2024-09-12 00:00:00,105.04,,,,,,2024-08-28 00:00:00,104.6,108.68,105.04,108.06,105.04,1775128653.0,0.020223,-0.099837
600519SS_2024-09-13T000000_BUY_COUNTDOWN_PROGRESS_1_2024-08-02T000000_12,2024-09-13 00:00:00,600519.SS,1d,COUNTDOWN,BUY_COUNTDOWN_PROGRESS,1,12,,,BUY_SETUP,False,2024-07-23 00:00:00,2024-08-02 00:00:00,1425.56,1425.56,2024-08-02 00:00:00,2024-08-13 00:00:00,2024-08-14 00:00:00,2024-08-21 00:00:00,2024-08-22 00:00:00,2024-08-23 00:00:00,2024-08-27 00:00:00,2024-08-28 00:00:00,2024-09-06 00:00:00,1322.56,2024-09-09 00:00:00,2024-09-10 00:00:00,2024-09-12 00:00:00,2024-09-13 00:00:00,,2024-09-13 00:00:00,1221.86,1256.56,1228.69,1256.56,1221.86,3339478405.0,0.014863,-0.089859
000858SZ_2024-09-13T000000_BUY_COUNTDOWN_PROGRESS_1_2024-08-23T000000_9,2024-09-13 00:00:00,000858.SZ,1d,COUNTDOWN,BUY_COUNTDOWN_PROGRESS,1,9,,,BUY_SETUP,True,2024-08-13 00:00:00,2024-08-23 00:00:00,119.64,119.64,2024-08-23 00:00:00,2024-08-23 00:00:00,2024-08-26 00:00:00,2024-08-27 00:00:00,2024-08-28 00:00:00,2024-09-06 00:00:00,2024-09-09 00:00:00,2024-09-10 00:00:00,2024-09-12 00:00:00,105.04,2024-09-13 00:00:00,,,,,2024-09-13 00:00:00,100.88,104.98,100.88,104.98,100.88,1886780309.0,0.021622,-0.127562
600519SS_2024-09-18T000000_BUY_COUNTDOWN_COMPLETE_PERFECT_1_2024-08-02T000000_13,2024-09-18 00:00:00,600519.SS,1d,COUNTDOWN,BUY_COUNTDOWN_COMPLETE_PERFECT,1,13,True,,BUY_SETUP,False,2024-07-23 00:00:00,2024-08-02 00:00:00,1425.56,1425.56,2024-08-02 00:00:00,2024-08-13 00:00:00,2024-08-14 00:00:00,2024-08-21 00:00:00,2024-08-22 00:00:00,2024-08-23 00:00:00,2024-08-27 00:00:00,2024-08-28 00:00:00,2024-09-06 00:00:00,1322.56,2024-09-09 00:00:00,2024-09-10 00:00:00,2024-09-12 00:00:00,2024-09-13 00:00:00,2024-09-18 00:00:00,2024-09-18 00:00:00,1191.22,1224.57,1191.46,1224.57,1191.22,3487170485.0,0.015888,-0.115655
000858SZ_2024-09-18T000000_BUY_COUNTDOWN_PROGRESS_1_2024-08-23T000000_10,2024-09-18 00:00:00,000858.SZ,1d,COUNTDOWN,BUY_COUNTDOWN_PROGRESS,1,10,,,BUY_SETUP,True,2024-08-13 00:00:00,2024-08-23 00:00:00,119.64,119.64,2024-08-23 00:00:00,2024-08-23 00:00:00,2024-08-26 00:00:00,2024-08-27 00:00:00,2024-08-28 00:00:00,2024-09-06 00:00:00,2024-09-09 00:00:00,2024-09-10 00:00:00,2024-09-12 00:00:00,105.04,2024-09-13 00:00:00,2024-09-18 00:00:00,,,,2024-09-18 00:00:00,98.89,101.25,99.37,101.25,98.89,1895956484.0,0.021697,-0.134634
601318SS_2024-09-18T000000_SELL_COUNTDOWN_PROGRESS_-1_2024-08-27T000000_2,2024-09-18 00:00:00,601318.SS,1d,COUNTDOWN,SELL_COUNTDOWN_PROGRESS,-1,2,,,SELL_SETUP,True,2024-08-15 00:00:00,2024-08-27 00:00:00,40.17,36.74,2024-08-27 00:00:00,2024-08-30 00:00:00,2024-09-18 00:00:00,,,,,,,,,,,,,2024-08-30 00:00:00,39.24,41.06,40.23,40.32,39.46,1911597377.5,0.016015,0.046294
000651SZ_2024-09-18T000000_SELL_COUNTDOWN_PROGRESS_-1_2024-08-27T000000_4,2024-09-18 00:00:00,000651.SZ,1d,COUNTDOWN,SELL_COUNTDOWN_PROGRESS,-1,4,,,SELL_SETUP,True,2024-08-15 00:00:00,2024-08-27 00:00:00,35.98,33.53,2024-08-27 00:00:00,2024-08-30 00:00:00,2024-09-02 00:00:00,2024-09-03 00:00:00,2024-09-18 00:00:00,,,,,,,,,,,2024-08-30 00:00:00,34.37,36.39,36.53,36.58,35.2,1209601318.0,0.015705,0.054561
000858SZ_2024-09-19T000000_BUY_SETUP_PERFECT_1_2024-09-19T000000_9,2024-09-19 00:00:00,000858.SZ,1d,SETUP,BUY_SETUP_PERFECT,1,9,True,,BUY_SETUP,True,2024-09-05 00:00:00,2024-09-19 00:00:00,,,,,,,,,,,,,,,,,,,,,,,,2003938009.0,0.023428,-0.099227
000858SZ_2024-09-19T000000_BUY_COUNTDOWN_CANCEL_1_2024-08-23T000000_10,2024-09-19 00:00:00,000858.SZ,1d,COUNTDOWN,BUY_COUNTDOWN_CANCEL,1,10,,same_setup,BUY_SETUP,True,2024-08-13 00:00:00,2024-08-23 00:00:00,119.64,119.64,2024-08-23 00:00:00,2024-08-23 00:00:00,2024-08-26 00:00:00,2024-08-27 00:00:00,2024-08-28 00:00:00,2024-09-06 00:00:00,2024-09-09 00:00:00,2024-09-10 00:00:00,2024-09-12 00:00:00,105.04,2024-09-13 00:00:00,2024-09-18 00:00:00,,,,2024-09-18 00:00:00,98.89,101.25,102.58,104.54,98.01,2003938009.0,0.023428,-0.099227
601318SS_2024-09-19T000000_SELL_COUNTDOWN_PROGRESS_-1_2024-08-27T000000_3,2024-09-19 00:00:00,601318.SS,1d,COUNTDOWN,SELL_COUNTDOWN_PROGRESS,-1,3,,,SELL_SETUP,True,2024-08-15 00:00:00,2024-08-27 00:00:00,40.17,36.74,2024-08-27 00:00:00,2024-08-30 00:00:00,2024-09-18 00:00:00,2024-09-19 00:00:00,,,,,,,,,,,,2024-08-30 00:00:00,39.24,41.06,40.56,40.63,39.85,1952369835.5,0.01606,0.05378
000651SZ_2024-09-19T000000_SELL_COUNTDOWN_PROGRESS_-1_2024-08-27T000000_5,2024-09-19 00:00:00,000651.SZ,1d,COUNTDOWN,SELL_COUNTDOWN_PROGRESS,-1,5,,,SELL_SETUP,True,2024-08-15 00:00:00,2024-08-27 00:00:00,35.98,33.53,2024-08-27 00:00:00,2024-08-30 00:00:00,2024-09-02 00:00:00,2024-09-03 00:00:00,2024-09-18 00:00:00,2024-09-19 00:00:00,,,,,,,,,,2024-08-30 00:00:00,34.37,36.39,36.66,36.72,35.62,1227265629.5,0.015626,0.062301
601318SS_2024-09-20T000000_SELL_COUNTDOWN_PROGRESS_-1_2024-08-27T000000_4,2024-09-20 00:00:00,601318.SS,1d,COUNTDOWN,SELL_COUNTDOWN_PROGRESS,-1,4,,,SELL_SETUP,True,2024-08-15 00:00:00,2024-08-27 00:00:00,40.17,36.74,2024-08-27 00:00:00,2024-08-30 00:00:00,2024-09-18 00:00:00,2024-09-19 00:00:00,2024-09-20 00:00:00,,,,,,,,,,,2024-08-30 00:00:00,39.24,41.06,40.67,40.82,40.27,2020259820.5,0.015908,0.063546
000651SZ_2024-09-20T000000_SELL_COUNTDOWN_PROGRESS_-1_2024-08-27T000000_6,2024-09-20 00:00:00,000651.SZ,1d,COUNTDOWN,SELL_COUNTDOWN_PROGRESS,-1,6,,,SELL_SETUP,True,2024-08-15 00:00:00,2024-08-27 00:00:00,35.98,33.53,2024-08-27 00:00:00,2024-08-30 00:00:00,2024-09-02 00:00:00,2024-09-03 00:00:00,2024-09-18 00:00:00,2024-09-19 00:00:00,2024-09-20 00:00:00,,,,,,,,,2024-08-30 00:00:00,34.37,36.39,37.08,37.21,36.53,1254135195.0,0.015596,0.061248
600519SS_2024-09-23T000000_BUY_SETUP_1_2024-09-23T000000_9,2024-09-23 00:00:00,600519.SS,1d,SETUP,BUY_SETUP,1,9,False,,BUY_SETUP,False,2024-09-09 00:00:00,2024-09-23 00:00:00,,,,,,,,,,,,,,,,,,,,,,,,4033751010.0,0.015872,-0.114553
000651SZ_2024-09-23T000000_SELL_COUNTDOWN_PROGRESS_-1_2024-08-27T000000_7,2024-09-23 00:00:00,000651.SZ,1d,COUNTDOWN,SELL_COUNTDOWN_PROGRESS,-1,7,,,SELL_SETUP,True,2024-08-15 00:00:00,2024-08-27 00:00:00,35.98,33.53,2024-08-27 00:00:00,2024-08-30 00:00:00,2024-09-02 00:00:00,2024-09-03 00:00:00,2024-09-18 00:00:00,2024-09-19 00:00:00,2024-09-20 00:00:00,2024-09-23 00:00:00,,,,,,,,2024-08-30 00:00:00,34.37,36.39,37.44,37.64,36.95,1242629261.0,0.015029,0.048152
000858SZ_2024-09-24T000000_BUY_COUNTDOWN_CANCEL_1_2024-09-19T000000_0,2024-09-24 00:00:00,000858.SZ,1d,COUNTDOWN,BUY_COUNTDOWN_CANCEL,1,0,,tdst_break_rule_4,BUY_SETUP,True,2024-09-05 00:00:00,2024-09-19 00:00:00,111.56,111.56,2024-09-19 00:00:00,,,,,,,,,,,,,,,,,,112.04,112.08,105.19,2279614247.5,0.029501,0.020401
601318SS_2024-09-24T000000_SELL_COUNTDOWN_PROGRESS_-1_2024-08-27T000000_5,2024-09-24 00:00:00,601318.SS,1d,COUNTDOWN,SELL_COUNTDOWN_PROGRESS,-1,5,,,SELL_SETUP,True,2024-08-15 00:00:00,2024-08-27 00:00:00,40.17,36.74,2024-08-27 00:00:00,2024-08-30 00:00:00,2024-09-18 00:00:00,2024-09-19 00:00:00,2024-09-20 00:00:00,2024-09-24 00:00:00,,,,,,,,,,2024-08-30 00:00:00,39.24,41.06,43.03,43.03,41.0,2083930565.0,0.018318,0.078987
000651SZ_2024-09-24T000000_SELL_COUNTDOWN_PROGRESS_-1_2024-08-27T000000_8,2024-09-24 00:00:00,000651.SZ,1d,COUNTDOWN,SELL_COUNTDOWN_PROGRESS,-1,8,,,SELL_SETUP,True,2024-08-15 00:00:00,2024-08-27 00:00:00,35.98,33.53,2024-08-27 00:00:00,2024-08-30 00:00:00,2024-09-02 00:00:00,2024-09-03 00:00:00,2024-09-18 00:00:00,2024-09-19 00:00:00,2024-09-20 00:00:00,2024-09-23 00:00:00,2024-09-24 00:00:00,37.49,,,,,,2024-08-30 00:00:00,34.37,36.39,37.49,37.86,36.61,1255255861.0,0.015026,0.048671
600519SS_2024-09-25T000000_BUY_COUNTDOWN_CANCEL_1_2024-09-23T000000_0,2024-09-25 00:00:00,600519.SS,1d,COUNTDOWN,BUY_COUNTDOWN_CANCEL,1,0,,tdst_break_rule_4,BUY_SETUP,False,2024-09-09 00:00:00,2024-09-23 00:00:00,1318.27,1318.27,2024-09-23 00:00:00,,,,,,,,,,,,,,,,,,1323.56,1351.56,1321.27,5000915635.0,0.027787,-0.003816
601318SS_2024-09-25T000000_SELL_COUNTDOWN_PROGRESS_-1_2024-08-27T000000_6,2024-09-25 00:00:00,601318.SS,1d,COUNTDOWN,SELL_COUNTDOWN_PROGRESS,-1,6,,,SELL_SETUP,True,2024-08-15 00:00:00,2024-08-27 00:00:00,40.17,36.74,2024-08-27 00:00:00,2024-08-30 00:00:00,2024-09-18 00:00:00,2024-09-19 00:00:00,2024-09-20 00:00:00,2024-09-24 00:00:00,2024-09-25 00:00:00,,,,,,,,,2024-08-30 00:00:00,39.24,41.06,43.89,44.73,43.78,2310698705.0,0.0185,0.106378
600036SS_2024-09-25T000000_BUY_COUNTDOWN_CANCEL_1_2024-09-10T000000_1,2024-09-25 00:00:00,600036.SS,1d,COUNTDOWN,BUY_COUNTDOWN_CANCEL,1,1,,tdst_break_rule_4,BUY_SETUP,True,2024-08-29 00:00:00,2024-09-10 00:00:00,30.76,30.76,2024-09-10 00:00:00,2024-09-10 00:00:00,,,,,,,,,,,,,,2024-09-10 00:00:00,26.93,27.42,31.14,31.48,30.69,1981424323.0,0.021393,0.014663
000651SZ_2024-09-25T000000_SELL_COUNTDOWN_PROGRESS_-1_2024-08-27T000000_9,2024-09-25 00:00:00,000651.SZ,1d,COUNTDOWN,SELL_COUNTDOWN_PROGRESS,-1,9,,,SELL_SETUP,True,2024-08-15 00:00:00,2024-08-27 00:00:00,35.98,33.53,2024-08-27 00:00:00,2024-08-30 00:00:00,2024-09-02 00:00:00,2024-09-03 00:00:00,2024-09-18 00:00:00,2024-09-19 00:00:00,2024-09-20 00:00:00,2024-09-23 00:00:00,2024-09-24 00:00:00,37.49,2024-09-25 00:00:00,,,,,2024-08-30 00:00:00,34.37,36.39,38.49,39.09,37.96,1320328981.0,0.015699,0.085755
601318SS_2024-09-26T000000_SELL_COUNTDOWN_PROGRESS_-1_2024-08-27T000000_7,2024-09-26 00:00:00,601318.SS,1d,COUNTDOWN,SELL_COUNTDOWN_PROGRESS,-1,7,,,SELL_SETUP,True,2024-08-15 00:00:00,2024-08-27 00:00:00,40.17,36.74,2024-08-27 00:00:00,2024-08-30 00:00:00,2024-09-18 00:00:00,2024-09-19 00:00:00,2024-09-20 00:00:00,2024-09-24 00:00:00,2024-09-25 00:00:00,2024-09-26 00:00:00,,,,,,,,2024-08-30 00:00:00,39.24,41.06,46.95,46.97,43.73,2638500200.0,0.023349,0.182322
000651SZ_2024-09-26T000000_SELL_COUNTDOWN_PROGRESS_-1_2024-08-27T000000_10,2024-09-26 00:00:00,000651.SZ,1d,COUNTDOWN,SELL_COUNTDOWN_PROGRESS,-1,10,,,SELL_SETUP,True,2024-08-15 00:00:00,2024-08-27 00:00:00,35.98,33.53,2024-08-27 00:00:00,2024-08-30 00:00:00,2024-09-02 00:00:00,2024-09-03 00:00:00,2024-09-18 00:00:00,2024-09-19 00:00:00,2024-09-20 00:00:00,2024-09-23 00:00:00,2024-09-24 00:00:00,37.49,2024-09-25 00:00:00,2024-09-26 00:00:00,,,,2024-08-30 00:00:00,34.37,36.39,40.39,40.41,38.46,1385428921.5,0.0177,0.160299
601318SS_2024-09-27T000000_SELL_SETUP_PERFECT_-1_2024-09-27T000000_9,2024-09-27 00:00:00,601318.SS,1d,SETUP,SELL_SETUP_PERFECT,-1,9,True,,SELL_SETUP,True,2024-09-13 00:00:00,2024-09-27 00:00:00,,,,,,,,,,,,,,,,,,,,,,,,2923209780.0,0.023168,0.237353
601318SS_2024-09-27T000000_SELL_COUNTDOWN_CANCEL_-1_2024-08-27T000000_7,2024-09-27 00:00:00,601318.SS,1d,COUNTDOWN,SELL_COUNTDOWN_CANCEL,-1,7,,same_setup,SELL_SETUP,True,2024-08-15 00:00:00,2024-08-27 00:00:00,40.17,36.74,2024-08-27 00:00:00,2024-08-30 00:00:00,2024-09-18 00:00:00,2024-09-19 00:00:00,2024-09-20 00:00:00,2024-09-24 00:00:00,2024-09-25 00:00:00,2024-09-26 00:00:00,,,,,,,,2024-08-30 00:00:00,39.24,41.06,48.43,48.68,47.23,2923209780.0,0.023168,0.237353
601318SS_2024-09-27T000000_SELL_COUNTDOWN_PROGRESS_-1_2024-09-27T000000_1,2024-09-27 00:00:00,601318.SS,1d,COUNTDOWN,SELL_COUNTDOWN_PROGRESS,-1,1,,,SELL_SETUP,True,2024-09-13 00:00:00,2024-09-27 00:00:00,48.68,39.03,2024-09-27 00:00:00,2024-09-27 00:00:00,,,,,,,,,,,,,,2024-09-27 00:00:00,47.23,48.68,48.43,48.68,47.23,2923209780.0,0.023168,0.237353
600036SS_2024-09-27T000000_SELL_SETUP_PERFECT_-1_2024-09-27T000000_9,2024-09-27 00:00:00,600036.SS,1d,SETUP,SELL_SETUP_PERFECT,-1,9,True,,SELL_SETUP,True,2024-09-13 00:00:00,2024-09-27 00:00:00,,,,,,,,,,,,,,,,,,,,,,,,2282197998.0,0.022122,0.090241
600036SS_2024-09-27T000000_SELL_COUNTDOWN_PROGRESS_-1_2024-09-27T000000_1,2024-09-27 00:00:00,600036.SS,1d,COUNTDOWN,SELL_COUNTDOWN_PROGRESS,-1,1,,,SELL_SETUP,True,2024-09-13 00:00:00,2024-09-27 00:00:00,33.49,26.99,2024-09-27 00:00:00,2024-09-27 00:00:00,,,,,,,,,,,,,,2024-09-27 00:00:00,31.9,33.49,32.62,33.49,31.9,2282197998.0,0.022122,0.090241
000651SZ_2024-09-27T000000_SELL_SETUP_PERFECT_-1_2024-09-27T000000_9,2024-09-27 00:00:00,000651.SZ,1d,SETUP,SELL_SETUP_PERFECT,-1,9,True,,SELL_SETUP,True,2024-09-13 00:00:00,2024-09-27 00:00:00,,,,,,,,,,,,,,,,,,,,,,,,1509370781.5,0.017695,0.16054
000651SZ_2024-09-27T000000_SELL_COUNTDOWN_CANCEL_-1_2024-08-27T000000_10,2024-09-27 00:00:00,000651.SZ,1d,COUNTDOWN,SELL_COUNTDOWN_CANCEL,-1,10,,same_setup,SELL_SETUP,True,2024-08-15 00:00:00,2024-08-27 00:00:00,35.98,33.53,2024-08-27 00:00:00,2024-08-30 00:00:00,2024-09-02 00:00:00,2024-09-03 00:00:00,2024-09-18 00:00:00,2024-09-19 00:00:00,2024-09-20 00:00:00,2024-09-23 00:00:00,2024-09-24 00:00:00,37.49,2024-09-25 00:00:00,2024-09-26 00:00:00,,,,2024-08-30 00:00:00,34.37,36.39,40.41,41.51,39.56,1509370781.5,0.017695,0.16054
000651SZ_2024-09-27T000000_SELL_COUNTDOWN_PROGRESS_-1_2024-09-27T000000_1,2024-09-27 00:00:00,000651.SZ,1d,COUNTDOWN,SELL_COUNTDOWN_PROGRESS,-1,1,,,SELL_SETUP,True,2024-09-13 00:00:00,2024-09-27 00:00:00,41.51,34.62,2024-09-27 00:00:00,2024-09-27 00:00:00,,,,,,,,,,,,,,2024-09-27 00:00:00,39.56,41.51,40.41,41.51,39.56,1509370781.5,0.017695,0.16054
601318SS_2024-09-30T000000_SELL_COUNTDOWN_PROGRESS_-1_2024-09-27T000000_2,2024-09-30 00:00:00,601318.SS,1d,COUNTDOWN,SELL_COUNTDOWN_PROGRESS,-1,2,,,SELL_SETUP,True,2024-09-13 00:00:00,2024-09-27 00:00:00,48.68,39.03,2024-09-27 00:00:00,2024-09-27 00:00:00,2024-09-30 00:00:00,,,,,,,,,,,,,2024-09-27 00:00:00,47.23,48.68,53.62,53.62,50.93,3557623100.0,0.031176,0.321992
600036SS_2024-09-30T000000_SELL_COUNTDOWN_PROGRESS_-1_2024-09-27T000000_2,2024-09-30 00:00:00,600036.SS,1d,COUNTDOWN,SELL_COUNTDOWN_PROGRESS,-1,2,,,SELL_SETUP,True,2024-09-13 00:00:00,2024-09-27 00:00:00,33.49,26.99,2024-09-27 00:00:00,2024-09-27 00:00:00,2024-09-30 00:00:00,,,,,,,,,,,,,2024-09-27 00:00:00,31.9,33.49,34.6,34.99,32.91,2668768843.0,0.024142,0.187371
000651SZ_2024-09-30T000000_SELL_COUNTDOWN_PROGRESS_-1_2024-09-27T000000_2,2024-09-30 00:00:00,000651.SZ,1d,COUNTDOWN,SELL_COUNTDOWN_PROGRESS,-1,2,,,SELL_SETUP,True,2024-09-13 00:00:00,2024-09-27 00:00:00,41.51,34.62,2024-09-27 00:00:00,2024-09-27 00:00:00,2024-09-30 00:00:00,,,,,,,,,,,,,2024-09-27 00:00:00,39.56,41.51,43.95,44.13,41.51,1780612370.0,0.024892,0.230748
601318SS_2024-10-08T000000_SELL_COUNTDOWN_PROGRESS_-1_2024-09-27T000000_3,2024-10-08 00:00:00,601318.SS,1d,COUNTDOWN,SELL_COUNTDOWN_PROGRESS,-1,3,,,SELL_SETUP,True,2024-09-13 00:00:00,2024-09-27 00:00:00,48.68,39.03,2024-09-27 00:00:00,2024-09-27 00:00:00,2024-09-30 00:00:00,2024-10-08 00:00:00,,,,,,,,,,,,2024-09-27 00:00:00,47.23,48.68,58.26,59.33,55.63,4538118505.0,0.034134,0.457229
600036SS_2024-10-08T000000_SELL_COUNTDOWN_PROGRESS_-1_2024-09-27T000000_3,2024-10-08 00:00:00,600036.SS,1d,COUNTDOWN,SELL_COUNTDOWN_PROGRESS,-1,3,,,SELL_SETUP,True,2024-09-13 00:00:00,2024-09-27 00:00:00,33.49,26.99,2024-09-27 00:00:00,2024-09-27 00:00:00,2024-09-30 00:00:00,2024-10-08 00:00:00,,,,,,,,,,,,2024-09-27 00:00:00,31.9,33.49,36.99,38.36,35.81,3087833063.0,0.027187,0.279046
000651SZ_2024-10-08T000000_SELL_COUNTDOWN_PROGRESS_-1_2024-09-27T000000_3,2024-10-08 00:00:00,000651.SZ,1d,COUNTDOWN,SELL_COUNTDOWN_PROGRESS,-1,3,,,SELL_SETUP,True,2024-09-13 00:00:00,2024-09-27 00:00:00,41.51,34.62,2024-09-27 00:00:00,2024-09-27 00:00:00,2024-09-30 00:00:00,2024-10-08 00:00:00,,,,,,,,,,,,2024-09-27 00:00:00,39.56,41.51,47.51,48.74,45.22,2019768185.0,0.029347,0.317526
000858SZ_2024-10-10T000000_SELL_SETUP_-1_2024-10-10T000000_9,2024-10-10 00:00:00,000858.SZ,1d,SETUP,SELL_SETUP,-1,9,False,,SELL_SETUP,False,2024-09-23 00:00:00,2024-10-10 00:00:00,,,,,,,,,,,,,,,,,,,,,,,,5646113887.5,0.052564,0.296687
601318SS_2024-10-18T000000_SELL_COUNTDOWN_PROGRESS_-1_2024-09-27T000000_4,2024-10-18 00:00:00,601318.SS,1d,COUNTDOWN,SELL_COUNTDOWN_PROGRESS,-1,4,,,SELL_SETUP,True,2024-09-13 00:00:00,2024-09-27 00:00:00,48.68,39.03,2024-09-27 00:00:00,2024-09-27 00:00:00,2024-09-30 00:00:00,2024-10-08 00:00:00,2024-10-18 00:00:00,,,,,,,,,,,2024-09-27 00:00:00,47.23,48.68,54.63,55.8,52.2,7254311405.5,0.044823,0.396116
000858SZ_2024-10-21T000000_SELL_COUNTDOWN_PROGRESS_-1_2024-10-10T000000_1,2024-10-21 00:00:00,000858.SZ,1d,COUNTDOWN,SELL_COUNTDOWN_PROGRESS,-1,1,,,SELL_SETUP,False,2024-09-23 00:00:00,2024-10-10 00:00:00,170.44,102.08,2024-10-10 00:00:00,2024-10-21 00:00:00,,,,,,,,,,,,,,2024-10-21 00:00:00,132.78,137.18,134.69,137.18,132.78,6878212170.0,0.052997,0.335151
000858SZ_2024-10-23T000000_SELL_COUNTDOWN_PROGRESS_-1_2024-10-10T000000_2,2024-10-23 00:00:00,000858.SZ,1d,COUNTDOWN,SELL_COUNTDOWN_PROGRESS,-1,2,,,SELL_SETUP,False,2024-09-23 00:00:00,2024-10-10 00:00:00,170.44,102.08,2024-10-10 00:00:00,2024-10-21 00:00:00,2024-10-23 00:00:00,,,,,,,,,,,,,2024-10-21 00:00:00,132.78,137.18,140.21,141.21,135.68,7095041195.0,0.052378,0.366836
601318SS_2024-10-23T000000_SELL_COUNTDOWN_PROGRESS_-1_2024-09-27T000000_5,2024-10-23 00:00:00,601318.SS,1d,COUNTDOWN,SELL_COUNTDOWN_PROGRESS,-1,5,,,SELL_SETUP,True,2024-09-13 00:00:00,2024-09-27 00:00:00,48.68,39.03,2024-09-27 00:00:00,2024-09-27 00:00:00,2024-09-30 00:00:00,2024-10-08 00:00:00,2024-10-18 00:00:00,2024-10-23 00:00:00,,,,,,,,,,2024-09-27 00:00:00,47.23,48.68,55.76,56.75,54.35,7836026465.5,0.045162,0.374753
600036SS_2024-10-23T000000_SELL_COUNTDOWN_PROGRESS_-1_2024-09-27T000000_4,2024-10-23 00:00:00,600036.SS,1d,COUNTDOWN,SELL_COUNTDOWN_PROGRESS,-1,4,,,SELL_SETUP,True,2024-09-13 00:00:00,2024-09-27 00:00:00,33.49,26.99,2024-09-27 00:00:00,2024-09-27 00:00:00,2024-09-30 00:00:00,2024-10-08 00:00:00,2024-10-23 00:00:00,,,,,,,,,,,2024-09-27 00:00:00,31.9,33.49,36.65,36.93,36.01,4418438673.5,0.035001,0.317871
000651SZ_2024-10-23T000000_SELL_COUNTDOWN_PROGRESS_-1_2024-09-27T000000_4,2024-10-23 00:00:00,000651.SZ,1d,COUNTDOWN,SELL_COUNTDOWN_PROGRESS,-1,4,,,SELL_SETUP,True,2024-09-13 00:00:00,2024-09-27 00:00:00,41.51,34.62,2024-09-27 00:00:00,2024-09-27 00:00:00,2024-09-30 00:00:00,2024-10-08 00:00:00,2024-10-23 00:00:00,,,,,,,,,,,2024-09-27 00:00:00,39.56,41.51,43.94,44.44,43.59,2801101723.5,0.037366,0.198582
000858SZ_2024-10-24T000000_SELL_COUNTDOWN_PROGRESS_-1_2024-10-10T000000_3,2024-10-24 00:00:00,000858.SZ,1d,COUNTDOWN,SELL_COUNTDOWN_PROGRESS,-1,3,,,SELL_SETUP,False,2024-09-23 00:00:00,2024-10-10 00:00:00,170.44,102.08,2024-10-10 00:00:00,2024-10-21 00:00:00,2024-10-23 00:00:00,2024-10-24 00:00:00,,,,,,,,,,,,2024-10-21 00:00:00,132.78,137.18,138.14,140.18,137.79,7056605580.0,0.052624,0.354845
000858SZ_2024-10-28T000000_SELL_COUNTDOWN_PROGRESS_-1_2024-10-10T000000_4,2024-10-28 00:00:00,000858.SZ,1d,COUNTDOWN,SELL_COUNTDOWN_PROGRESS,-1,4,,,SELL_SETUP,False,2024-09-23 00:00:00,2024-10-10 00:00:00,170.44,102.08,2024-10-10 00:00:00,2024-10-21 00:00:00,2024-10-23 00:00:00,2024-10-24 00:00:00,2024-10-28 00:00:00,,,,,,,,,,,2024-10-21 00:00:00,132.78,137.18,145.65,145.68,138.35,7312607175.0,0.051053,0.299982
000858SZ_2024-10-29T000000_SELL_COUNTDOWN_PROGRESS_-1_2024-10-10T000000_5,2024-10-29 00:00:00,000858.SZ,1d,COUNTDOWN,SELL_COUNTDOWN_PROGRESS,-1,5,,,SELL_SETUP,False,2024-09-23 00:00:00,2024-10-10 00:00:00,170.44,102.08,2024-10-10 00:00:00,2024-10-21 00:00:00,2024-10-23 00:00:00,2024-10-24 00:00:00,2024-10-28 00:00:00,2024-10-29 00:00:00,,,,,,,,,,2024-10-21 00:00:00,132.78,137.18,142.48,148.56,142.08,7266721395.0,0.051715,0.252241
601318SS_2024-11-04T000000_SELL_COUNTDOWN_PROGRESS_-1_2024-09-27T000000_6,2024-11-04 00:00:00,601318.SS,1d,COUNTDOWN,SELL_COUNTDOWN_PROGRESS,-1,6,,,SELL_SETUP,True,2024-09-13 00:00:00,2024-09-27 00:00:00,48.68,39.03,2024-09-27 00:00:00,2024-09-27 00:00:00,2024-09-30 00:00:00,2024-10-08 00:00:00,2024-10-18 00:00:00,2024-10-23 00:00:00,2024-11-04 00:00:00,,,,,,,,,2024-09-27 00:00:00,47.23,48.68,54.42,54.42,53.38,6900155795.0,0.030047,-0.065911
600036SS_2024-11-04T000000_SELL_COUNTDOWN_PROGRESS_-1_2024-09-27T000000_5,2024-11-04 00:00:00,600036.SS,1d,COUNTDOWN,SELL_COUNTDOWN_PROGRESS,-1,5,,,SELL_SETUP,True,2024-09-13 00:00:00,2024-09-27 00:00:00,33.49,26.99,2024-09-27 00:00:00,2024-09-27 00:00:00,2024-09-30 00:00:00,2024-10-08 00:00:00,2024-10-23 00:00:00,2024-11-04 00:00:00,,,,,,,,,,2024-09-27 00:00:00,31.9,33.49,35.74,35.74,34.4,3704697757.0,0.027358,-0.033793
000858SZ_2024-11-05T000000_SELL_COUNTDOWN_PROGRESS_-1_2024-10-10T000000_6,2024-11-05 00:00:00,000858.SZ,1d,COUNTDOWN,SELL_COUNTDOWN_PROGRESS,-1,6,,,SELL_SETUP,False,2024-09-23 00:00:00,2024-10-10 00:00:00,170.44,102.08,2024-10-10 00:00:00,2024-10-21 00:00:00,2024-10-23 00:00:00,2024-10-24 00:00:00,2024-10-28 00:00:00,2024-10-29 00:00:00,2024-11-05 00:00:00,,,,,,,,,2024-10-21 00:00:00,132.78,137.18,144.48,144.67,138.48,4976355210.0,0.02314,0.036739
601318SS_2024-11-05T000000_SELL_COUNTDOWN_PROGRESS_-1_2024-09-27T000000_7,2024-11-05 00:00:00,601318.SS,1d,COUNTDOWN,SELL_COUNTDOWN_PROGRESS,-1,7,,,SELL_SETUP,True,2024-09-13 00:00:00,2024-09-27 00:00:00,48.68,39.03,2024-09-27 00:00:00,2024-09-27 00:00:00,2024-09-30 00:00:00,2024-10-08 00:00:00,2024-10-18 00:00:00,2024-10-23 00:00:00,2024-11-04 00:00:00,2024-11-05 00:00:00,,,,,,,,2024-09-27 00:00:00,47.23,48.68,56.2,56.33,53.73,6026945925.0,0.019713,0.07601
600036SS_2024-11-05T000000_SELL_COUNTDOWN_PROGRESS_-1_2024-09-27T000000_6,2024-11-05 00:00:00,600036.SS,1d,COUNTDOWN,SELL_COUNTDOWN_PROGRESS,-1,6,,,SELL_SETUP,True,2024-09-13 00:00:00,2024-09-27 00:00:00,33.49,26.99,2024-09-27 00:00:00,2024-09-27 00:00:00,2024-09-30 00:00:00,2024-10-08 00:00:00,2024-10-23 00:00:00,2024-11-04 00:00:00,2024-11-05 00:00:00,,,,,,,,,2024-09-27 00:00:00,31.9,33.49,36.07,36.09,35.39,3226995557.0,0.020003,0.060882
000858SZ_2024-11-06T000000_SELL_COUNTDOWN_PROGRESS_-1_2024-10-10T000000_7,2024-11-06 00:00:00,000858.SZ,1d,COUNTDOWN,SELL_COUNTDOWN_PROGRESS,-1,7,,,SELL_SETUP,False,2024-09-23 00:00:00,2024-10-10 00:00:00,170.44,102.08,2024-10-10 00:00:00,2024-10-21 00:00:00,2024-10-23 00:00:00,2024-10-24 00:00:00,2024-10-28 00:00:00,2024-10-29 00:00:00,2024-11-05 00:00:00,2024-11-06 00:00:00,,,,,,,,2024-10-21 00:00:00,132.78,137.18,142.93,144.68,140.83,4584334895.0,0.022273,-0.005081
601318SS_2024-11-06T000000_SELL_COUNTDOWN_PROGRESS_-1_2024-09-27T000000_8,2024-11-06 00:00:00,601318.SS,1d,COUNTDOWN,SELL_COUNTDOWN_PROGRESS,-1,8,,,SELL_SETUP,True,2024-09-13 00:00:00,2024-09-27 00:00:00,48.68,39.03,2024-09-27 00:00:00,2024-09-27 00:00:00,2024-09-30 00:00:00,2024-10-08 00:00:00,2024-10-18 00:00:00,2024-10-23 00:00:00,2024-11-04 00:00:00,2024-11-05 00:00:00,2024-11-06 00:00:00,54.94,,,,,,2024-09-27 00:00:00,47.23,48.68,54.94,56.5,54.4,5570943640.0,0.01674,-0.001635
000651SZ_2024-11-06T000000_BUY_SETUP_PERFECT_1_2024-11-06T000000_9,2024-11-06 00:00:00,000651.SZ,1d,SETUP,BUY_SETUP_PERFECT,1,9,True,,BUY_SETUP,True,2024-10-25 00:00:00,2024-11-06 00:00:00,,,,,,,,,,,,,,,,,,,,,,,,2216085339.0,0.019236,-0.149146
000651SZ_2024-11-06T000000_SELL_COUNTDOWN_CANCEL_-1_2024-09-27T000000_4,2024-11-06 00:00:00,000651.SZ,1d,COUNTDOWN,SELL_COUNTDOWN_CANCEL,-1,4,,opposite_setup,SELL_SETUP,True,2024-09-13 00:00:00,2024-09-27 00:00:00,41.51,34.62,2024-09-27 00:00:00,2024-09-27 00:00:00,2024-09-30 00:00:00,2024-10-08 00:00:00,2024-10-23 00:00:00,,,,,,,,,,,2024-09-27 00:00:00,39.56,41.51,38.85,39.82,38.68,2216085339.0,0.019236,-0.149146
000651SZ_2024-11-06T000000_BUY_COUNTDOWN_PROGRESS_1_2024-11-06T000000_1,2024-11-06 00:00:00,000651.SZ,1d,COUNTDOWN,BUY_COUNTDOWN_PROGRESS,1,1,,,BUY_SETUP,True,2024-10-25 00:00:00,2024-11-06 00:00:00,43.39,43.39,2024-11-06 00:00:00,2024-11-06 00:00:00,,,,,,,,,,,,,,2024-11-06 00:00:00,38.68,39.82,38.85,39.82,38.68,2216085339.0,0.019236,-0.149146
000858SZ_2024-11-07T000000_SELL_COUNTDOWN_PROGRESS_-1_2024-10-10T000000_8,2024-11-07 00:00:00,000858.SZ,1d,COUNTDOWN,SELL_COUNTDOWN_PROGRESS,-1,8,,,SELL_SETUP,False,2024-09-23 00:00:00,2024-10-10 00:00:00,170.44,102.08,2024-10-10 00:00:00,2024-10-21 00:00:00,2024-10-23 00:00:00,2024-10-24 00:00:00,2024-10-28 00:00:00,2024-10-29 00:00:00,2024-11-05 00:00:00,2024-11-06 00:00:00,2024-11-07 00:00:00,153.92,,,,,,2024-10-21 00:00:00,132.78,137.18,153.92,154.7,141.51,4656258080.0,0.027742,0.089082
601318SS_2024-11-07T000000_SELL_COUNTDOWN_PROGRESS_-1_2024-09-27T000000_9,2024-11-07 00:00:00,601318.SS,1d,COUNTDOWN,SELL_COUNTDOWN_PROGRESS,-1,9,,,SELL_SETUP,True,2024-09-13 00:00:00,2024-09-27 00:00:00,48.68,39.03,2024-09-27 00:00:00,2024-09-27 00:00:00,2024-09-30 00:00:00,2024-10-08 00:00:00,2024-10-18 00:00:00,2024-10-23 00:00:00,2024-11-04 00:00:00,2024-11-05 00:00:00,2024-11-06 00:00:00,54.94,2024-11-07 00:00:00,,,,,2024-09-27 00:00:00,47.23,48.68,58.29,58.45,54.35,5474653865.0,0.021034,0.078047
600036SS_2024-11-07T000000_SELL_COUNTDOWN_PROGRESS_-1_2024-09-27T000000_7,2024-11-07 00:00:00,600036.SS,1d,COUNTDOWN,SELL_COUNTDOWN_PROGRESS,-1,7,,,SELL_SETUP,True,2024-09-13 00:00:00,2024-09-27 00:00:00,33.49,26.99,2024-09-27 00:00:00,2024-09-27 00:00:00,2024-09-30 00:00:00,2024-10-08 00:00:00,2024-10-23 00:00:00,2024-11-04 00:00:00,2024-11-05 00:00:00,2024-11-07 00:00:00,,,,,,,,2024-09-27 00:00:00,31.9,33.49,36.56,36.57,35.37,2865169242.0,0.017966,0.032185
000858SZ_2024-11-08T000000_SELL_COUNTDOWN_PROGRESS_-1_2024-10-10T000000_9,2024-11-08 00:00:00,000858.SZ,1d,COUNTDOWN,SELL_COUNTDOWN_PROGRESS,-1,9,,,SELL_SETUP,False,2024-09-23 00:00:00,2024-10-10 00:00:00,170.44,102.08,2024-10-10 00:00:00,2024-10-21 00:00:00,2024-10-23 00:00:00,2024-10-24 00:00:00,2024-10-28 00:00:00,2024-10-29 00:00:00,2024-11-05 00:00:00,2024-11-06 00:00:00,2024-11-07 00:00:00,153.92,2024-11-08 00:00:00,,,,,2024-10-21 00:00:00,132.78,137.18,148.15,156.28,147.68,4893339085.0,0.029311,0.047441
601318SS_2024-11-08T000000_SELL_COUNTDOWN_PROGRESS_-1_2024-09-27T000000_10,2024-11-08 00:00:00,601318.SS,1d,COUNTDOWN,SELL_COUNTDOWN_PROGRESS,-1,10,,,SELL_SETUP,True,2024-09-13 00:00:00,2024-09-27 00:00:00,48.68,39.03,2024-09-27 00:00:00,2024-09-27 00:00:00,2024-09-30 00:00:00,2024-10-08 00:00:00,2024-10-18 00:00:00,2024-10-23 00:00:00,2024-11-04 00:00:00,2024-11-05 00:00:00,2024-11-06 00:00:00,54.94,2024-11-07 00:00:00,2024-11-08 00:00:00,,,,2024-09-27 00:00:00,47.23,48.68,56.57,58.94,56.46,5488475910.0,0.021918,0.024819
000651SZ_2024-11-12T000000_BUY_COUNTDOWN_PROGRESS_1_2024-11-06T000000_2,2024-11-12 00:00:00,000651.SZ,1d,COUNTDOWN,BUY_COUNTDOWN_PROGRESS,1,2,,,BUY_SETUP,True,2024-10-25 00:00:00,2024-11-06 00:00:00,43.39,43.39,2024-11-06 00:00:00,2024-11-06 00:00:00,2024-11-12 00:00:00,,,,,,,,,,,,,2024-11-06 00:00:00,38.68,39.82,39.71,40.96,39.54,2331491179.0,0.018812,-0.086707
000651SZ_2024-11-15T000000_BUY_COUNTDOWN_PROGRESS_1_2024-11-06T000000_3,2024-11-15 00:00:00,000651.SZ,1d,COUNTDOWN,BUY_COUNTDOWN_PROGRESS,1,3,,,BUY_SETUP,True,2024-10-25 00:00:00,2024-11-06 00:00:00,43.39,43.39,2024-11-06 00:00:00,2024-11-06 00:00:00,2024-11-12 00:00:00,2024-11-15 00:00:00,,,,,,,,,,,,2024-11-06 00:00:00,38.68,39.82,39.13,39.87,38.9,2314198009.0,0.018164,-0.090212
000651SZ_2024-11-18T000000_BUY_COUNTDOWN_PROGRESS_1_2024-11-06T000000_4,2024-11-18 00:00:00,000651.SZ,1d,COUNTDOWN,BUY_COUNTDOWN_PROGRESS,1,4,,,BUY_SETUP,True,2024-10-25 00:00:00,2024-11-06 00:00:00,43.39,43.39,2024-11-06 00:00:00,2024-11-06 00:00:00,2024-11-12 00:00:00,2024-11-15 00:00:00,2024-11-18 00:00:00,,,,,,,,,,,2024-11-06 00:00:00,38.68,39.82,38.88,39.51,38.71,2276517944.0,0.017341,-0.112126
601318SS_2024-11-21T000000_BUY_SETUP_1_2024-11-21T000000_9,2024-11-21 00:00:00,601318.SS,1d,SETUP,BUY_SETUP,1,9,False,,BUY_SETUP,False,2024-11-11 00:00:00,2024-11-21 00:00:00,,,,,,,,,,,,,,,,,,,,,,,,4681884445.0,0.021248,-0.040073
601318SS_2024-11-21T000000_SELL_COUNTDOWN_CANCEL_-1_2024-09-27T000000_10,2024-11-21 00:00:00,601318.SS,1d,COUNTDOWN,SELL_COUNTDOWN_CANCEL,-1,10,,opposite_setup,SELL_SETUP,True,2024-09-13 00:00:00,2024-09-27 00:00:00,48.68,39.03,2024-09-27 00:00:00,2024-09-27 00:00:00,2024-09-30 00:00:00,2024-10-08 00:00:00,2024-10-18 00:00:00,2024-10-23 00:00:00,2024-11-04 00:00:00,2024-11-05 00:00:00,2024-11-06 00:00:00,54.94,2024-11-07 00:00:00,2024-11-08 00:00:00,,,,2024-09-27 00:00:00,47.23,48.68,52.94,53.12,52.57,4681884445.0,0.021248,-0.040073
000651SZ_2024-11-21T000000_BUY_COUNTDOWN_PROGRESS_1_2024-11-06T000000_5,2024-11-21 00:00:00,000651.SZ,1d,COUNTDOWN,BUY_COUNTDOWN_PROGRESS,1,5,,,BUY_SETUP,True,2024-10-25 00:00:00,2024-11-06 00:00:00,43.39,43.39,2024-11-06 00:00:00,2024-11-06 00:00:00,2024-11-12 00:00:00,2024-11-15 00:00:00,2024-11-18 00:00:00,2024-11-21 00:00:00,,,,,,,,,,2024-11-21 00:00:00,38.01,38.7,38.32,38.7,38.01,2260175118.5,0.017251,-0.108837
601318SS_2024-11-22T000000_BUY_COUNTDOWN_PROGRESS_1_2024-11-21T000000_1,2024-11-22 00:00:00,601318.SS,1d,COUNTDOWN,BUY_COUNTDOWN_PROGRESS,1,1,,,BUY_SETUP,False,2024-11-11 00:00:00,2024-11-21 00:00:00,56.42,56.42,2024-11-21 00:00:00,2024-11-22 00:00:00,,,,,,,,,,,,,,2024-11-22 00:00:00,50.45,52.92,50.48,52.92,50.45,4797701135.0,0.023466,-0.081347
000651SZ_2024-11-22T000000_BUY_COUNTDOWN_PROGRESS_1_2024-11-06T000000_6,2024-11-22 00:00:00,000651.SZ,1d,COUNTDOWN,BUY_COUNTDOWN_PROGRESS,1,6,,,BUY_SETUP,True,2024-10-25 00:00:00,2024-11-06 00:00:00,43.39,43.39,2024-11-06 00:00:00,2024-11-06 00:00:00,2024-11-12 00:00:00,2024-11-15 00:00:00,2024-11-18 00:00:00,2024-11-21 00:00:00,2024-11-22 00:00:00,,,,,,,,,2024-11-22 00:00:00,37.26,38.67,37.31,38.67,37.26,2305142924.0,0.017844,-0.12766
600519SS_2024-11-25T000000_BUY_SETUP_PERFECT_1_2024-11-25T000000_9,2024-11-25 00:00:00,600519.SS,1d,SETUP,BUY_SETUP_PERFECT,1,9,True,,BUY_SETUP,True,2024-11-13 00:00:00,2024-11-25 00:00:00,,,,,,,,,,,,,,,,,,,,,,,,5760586100.0,0.016266,-0.022696
600519SS_2024-11-25T000000_BUY_COUNTDOWN_PROGRESS_1_2024-11-25T000000_1,2024-11-25 00:00:00,600519.SS,1d,COUNTDOWN,BUY_COUNTDOWN_PROGRESS,1,1,,,BUY_SETUP,True,2024-11-13 00:00:00,2024-11-25 00:00:00,1519.01,1519.01,2024-11-25 00:00:00,2024-11-25 00:00:00,,,,,,,,,,,,,,2024-11-25 00:00:00,1421.23,1456.56,1423.13,1456.56,1421.23,5760586100.0,0.016266,-0.022696
000858SZ_2024-11-25T000000_BUY_SETUP_PERFECT_1_2024-11-25T000000_9,2024-11-25 00:00:00,000858.SZ,1d,SETUP,BUY_SETUP_PERFECT,1,9,True,,BUY_SETUP,True,2024-11-13 00:00:00,2024-11-25 00:00:00,,,,,,,,,,,,,,,,,,,,,,,,4232697025.0,0.023516,-0.04913
000858SZ_2024-11-25T000000_SELL_COUNTDOWN_CANCEL_-1_2024-10-10T000000_9,2024-11-25 00:00:00,000858.SZ,1d,COUNTDOWN,SELL_COUNTDOWN_CANCEL,-1,9,,opposite_setup,SELL_SETUP,False,2024-09-23 00:00:00,2024-10-10 00:00:00,170.44,102.08,2024-10-10 00:00:00,2024-10-21 00:00:00,2024-10-23 00:00:00,2024-10-24 00:00:00,2024-10-28 00:00:00,2024-10-29 00:00:00,2024-11-05 00:00:00,2024-11-06 00:00:00,2024-11-07 00:00:00,153.92,2024-11-08 00:00:00,,,,,2024-10-21 00:00:00,132.78,137.18,135.48,138.86,134.38,4232697025.0,0.023516,-0.04913
000858SZ_2024-11-25T000000_BUY_COUNTDOWN_PROGRESS_1_2024-11-25T000000_1,2024-11-25 00:00:00,000858.SZ,1d,COUNTDOWN,BUY_COUNTDOWN_PROGRESS,1,1,,,BUY_SETUP,True,2024-11-13 00:00:00,2024-11-25 00:00:00,147.56,147.56,2024-11-25 00:00:00,2024-11-25 00:00:00,,,,,,,,,,,,,,2024-11-25 00:00:00,134.38,138.86,135.48,138.86,134.38,4232697025.0,0.023516,-0.04913
601318SS_2024-11-25T000000_BUY_COUNTDOWN_PROGRESS_1_2024-11-21T000000_2,2024-11-25 00:00:00,601318.SS,1d,COUNTDOWN,BUY_COUNTDOWN_PROGRESS,1,2,,,BUY_SETUP,False,2024-11-11 00:00:00,2024-11-21 00:00:00,56.42,56.42,2024-11-21 00:00:00,2024-11-22 00:00:00,2024-11-25 00:00:00,,,,,,,,,,,,,2024-11-25 00:00:00,49.59,50.7,50.02,50.7,49.59,4816654490.0,0.023437,-0.091866
000651SZ_2024-11-25T000000_BUY_SETUP_PERFECT_1_2024-11-25T000000_9,2024-11-25 00:00:00,000651.SZ,1d,SETUP,BUY_SETUP_PERFECT,1,9,True,,BUY_SETUP,True,2024-11-13 00:00:00,2024-11-25 00:00:00,,,,,,,,,,,,,,,,,,,,,,,,2327034536.5,0.017834,-0.131925
000651SZ_2024-11-25T000000_BUY_COUNTDOWN_CANCEL_1_2024-11-06T000000_6,2024-11-25 00:00:00,000651.SZ,1d,COUNTDOWN,BUY_COUNTDOWN_CANCEL,1,6,,same_setup,BUY_SETUP,True,2024-10-25 00:00:00,2024-11-06 00:00:00,43.39,43.39,2024-11-06 00:00:00,2024-11-06 00:00:00,2024-11-12 00:00:00,2024-11-15 00:00:00,2024-11-18 00:00:00,2024-11-21 00:00:00,2024-11-22 00:00:00,,,,,,,,,2024-11-22 00:00:00,37.26,38.67,36.98,37.78,36.81,2327034536.5,0.017834,-0.131925
000651SZ_2024-11-25T000000_BUY_COUNTDOWN_PROGRESS_1_2024-11-25T000000_1,2024-11-25 00:00:00,000651.SZ,1d,COUNTDOWN,BUY_COUNTDOWN_PROGRESS,1,1,,,BUY_SETUP,True,2024-11-13 00:00:00,2024-11-25 00:00:00,40.45,40.45,2024-11-25 00:00:00,2024-11-25 00:00:00,,,,,,,,,,,,,,2024-11-25 00:00:00,36.81,37.78,36.98,37.78,36.81,2327034536.5,0.017834,-0.131925
000651SZ_2024-11-26T000000_BUY_COUNTDOWN_PROGRESS_1_2024-11-25T000000_2,2024-11-26 00:00:00,000651.SZ,1d,COUNTDOWN,BUY_COUNTDOWN_PROGRESS,1,2,,,BUY_SETUP,True,2024-11-13 00:00:00,2024-11-25 00:00:00,40.45,40.45,2024-11-25 00:00:00,2024-11-25 00:00:00,2024-11-26 00:00:00,,,,,,,,,,,,,2024-11-26 00:00:00,36.52,37.43,37.19,37.43,36.52,2342035482.5,0.017829,-0.110074
600036SS_2024-12-03T000000_SELL_COUNTDOWN_PROGRESS_-1_2024-09-27T000000_8,2024-12-03 00:00:00,600036.SS,1d,COUNTDOWN,SELL_COUNTDOWN_PROGRESS,-1,8,,,SELL_SETUP,True,2024-09-13 00:00:00,2024-09-27 00:00:00,33.49,26.99,2024-09-27 00:00:00,2024-09-27 00:00:00,2024-09-30 00:00:00,2024-10-08 00:00:00,2024-10-23 00:00:00,2024-11-04 00:00:00,2024-11-05 00:00:00,2024-11-07 00:00:00,2024-12-03 00:00:00,34.11,,,,,,2024-09-27 00:00:00,31.9,33.49,34.11,34.21,33.37,2263464311.5,0.013201,-0.040506
600036SS_2024-12-04T000000_SELL_COUNTDOWN_PROGRESS_-1_2024-09-27T000000_9,2024-12-04 00:00:00,600036.SS,1d,COUNTDOWN,SELL_COUNTDOWN_PROGRESS,-1,9,,,SELL_SETUP,True,2024-09-13 00:00:00,2024-09-27 00:00:00,33.49,26.99,2024-09-27 00:00:00,2024-09-27 00:00:00,2024-09-30 00:00:00,2024-10-08 00:00:00,2024-10-23 00:00:00,2024-11-04 00:00:00,2024-11-05 00:00:00,2024-11-07 00:00:00,2024-12-03 00:00:00,34.11,2024-12-04 00:00:00,,,,,2024-09-27 00:00:00,31.9,33.49,33.8,34.08,33.52,2252679596.5,0.011136,-0.075492
600519SS_2024-12-05T000000_BUY_COUNTDOWN_PROGRESS_1_2024-11-25T000000_2,2024-12-05 00:00:00,600519.SS,1d,COUNTDOWN,BUY_COUNTDOWN_PROGRESS,1,2,,,BUY_SETUP,True,2024-11-13 00:00:00,2024-11-25 00:00:00,1519.01,1519.01,2024-11-25 00:00:00,2024-11-25 00:00:00,2024-12-05 00:00:00,,,,,,,,,,,,,2024-11-25 00:00:00,1421.23,1456.56,1435.56,1442.42,1434.56,4784520075.0,0.007758,-0.064495
000858SZ_2024-12-05T000000_BUY_COUNTDOWN_PROGRESS_1_2024-11-25T000000_2,2024-12-05 00:00:00,000858.SZ,1d,COUNTDOWN,BUY_COUNTDOWN_PROGRESS,1,2,,,BUY_SETUP,True,2024-11-13 00:00:00,2024-11-25 00:00:00,147.56,147.56,2024-11-25 00:00:00,2024-11-25 00:00:00,2024-12-05 00:00:00,,,,,,,,,,,,,2024-11-25 00:00:00,134.38,138.86,136.71,137.34,136.19,3364785615.0,0.012235,-0.077219
600036SS_2024-12-06T000000_SELL_COUNTDOWN_PROGRESS_-1_2024-09-27T000000_10,2024-12-06 00:00:00,600036.SS,1d,COUNTDOWN,SELL_COUNTDOWN_PROGRESS,-1,10,,,SELL_SETUP,True,2024-09-13 00:00:00,2024-09-27 00:00:00,33.49,26.99,2024-09-27 00:00:00,2024-09-27 00:00:00,2024-09-30 00:00:00,2024-10-08 00:00:00,2024-10-23 00:00:00,2024-11-04 00:00:00,2024-11-05 00:00:00,2024-11-07 00:00:00,2024-12-03 00:00:00,34.11,2024-12-04 00:00:00,2024-12-06 00:00:00,,,,2024-09-27 00:00:00,31.9,33.49,34.69,34.81,34.0,2231635011.5,0.011677,-0.017837
600036SS_2024-12-09T000000_SELL_COUNTDOWN_PROGRESS_-1_2024-09-27T000000_11,2024-12-09 00:00:00,600036.SS,1d,COUNTDOWN,SELL_COUNTDOWN_PROGRESS,-1,11,,,SELL_SETUP,True,2024-09-13 00:00:00,2024-09-27 00:00:00,33.49,26.99,2024-09-27 00:00:00,2024-09-27 00:00:00,2024-09-30 00:00:00,2024-10-08 00:00:00,2024-10-23 00:00:00,2024-11-04 00:00:00,2024-11-05 00:00:00,2024-11-07 00:00:00,2024-12-03 00:00:00,34.11,2024-12-04 00:00:00,2024-12-06 00:00:00,2024-12-09 00:00:00,,,2024-09-27 00:00:00,31.9,33.49,34.69,34.98,34.34,2190481611.5,0.010675,0.003181
601318SS_2024-12-10T000000_SELL_SETUP_PERFECT_-1_2024-12-10T000000_9,2024-12-10 00:00:00,601318.SS,1d,SETUP,SELL_SETUP_PERFECT,-1,9,True,,SELL_SETUP,True,2024-11-28 00:00:00,2024-12-10 00:00:00,,,,,,,,,,,,,,,,,,,,,,,,3189019275.0,0.015264,-0.028734
601318SS_2024-12-10T000000_BUY_COUNTDOWN_CANCEL_1_2024-11-21T000000_2,2024-12-10 00:00:00,601318.SS,1d,COUNTDOWN,BUY_COUNTDOWN_CANCEL,1,2,,opposite_setup,BUY_SETUP,False,2024-11-11 00:00:00,2024-11-21 00:00:00,56.42,56.42,2024-11-21 00:00:00,2024-11-22 00:00:00,2024-11-25 00:00:00,,,,,,,,,,,,,2024-11-25 00:00:00,49.59,50.7,53.07,54.63,52.95,3189019275.0,0.015264,-0.028734
600036SS_2024-12-10T000000_SELL_SETUP_PERFECT_-1_2024-12-10T000000_9,2024-12-10 00:00:00,600036.SS,1d,SETUP,SELL_SETUP_PERFECT,-1,9,True,,SELL_SETUP,True,2024-11-28 00:00:00,2024-12-10 00:00:00,,,,,,,,,,,,,,,,,,,,,,,,2221648176.5,0.012065,0.022407
600036SS_2024-12-10T000000_SELL_COUNTDOWN_CANCEL_-1_2024-09-27T000000_11,2024-12-10 00:00:00,600036.SS,1d,COUNTDOWN,SELL_COUNTDOWN_CANCEL,-1,11,,same_setup,SELL_SETUP,True,2024-09-13 00:00:00,2024-09-27 00:00:00,33.49,26.99,2024-09-27 00:00:00,2024-09-27 00:00:00,2024-09-30 00:00:00,2024-10-08 00:00:00,2024-10-23 00:00:00,2024-11-04 00:00:00,2024-11-05 00:00:00,2024-11-07 00:00:00,2024-12-03 00:00:00,34.11,2024-12-04 00:00:00,2024-12-06 00:00:00,2024-12-09 00:00:00,,,2024-09-27 00:00:00,31.9,33.49,35.59,35.98,35.39,2221648176.5,0.012065,0.022407
600036SS_2024-12-10T000000_SELL_COUNTDOWN_PROGRESS_-1_2024-12-10T000000_1,2024-12-10 00:00:00,600036.SS,1d,COUNTDOWN,SELL_COUNTDOWN_PROGRESS,-1,1,,,SELL_SETUP,True,2024-11-28 00:00:00,2024-12-10 00:00:00,35.98,33.17,2024-12-10 00:00:00,2024-12-10 00:00:00,,,,,,,,,,,,,,2024-12-10 00:00:00,35.39,35.98,35.59,35.98,35.39,2221648176.5,0.012065,0.022407
600036SS_2024-12-11T000000_SELL_COUNTDOWN_PROGRESS_-1_2024-12-10T000000_2,2024-12-11 00:00:00,600036.SS,1d,COUNTDOWN,SELL_COUNTDOWN_PROGRESS,-1,2,,,SELL_SETUP,True,2024-11-28 00:00:00,2024-12-10 00:00:00,35.98,33.17,2024-12-10 00:00:00,2024-12-10 00:00:00,2024-12-11 00:00:00,,,,,,,,,,,,,2024-12-11 00:00:00,35.22,35.78,35.29,35.78,35.22,2229402521.5,0.012172,0.006847
600519SS_2024-12-13T000000_BUY_COUNTDOWN_PROGRESS_1_2024-11-25T000000_3,2024-12-13 00:00:00,600519.SS,1d,COUNTDOWN,BUY_COUNTDOWN_PROGRESS,1,3,,,BUY_SETUP,True,2024-11-13 00:00:00,2024-11-25 00:00:00,1519.01,1519.01,2024-11-25 00:00:00,2024-11-25 00:00:00,2024-12-05 00:00:00,2024-12-13 00:00:00,,,,,,,,,,,,2024-11-25 00:00:00,1421.23,1456.56,1443.56,1479.55,1443.44,4623486355.0,0.012297,-0.026962
600519SS_2024-12-16T000000_BUY_COUNTDOWN_PROGRESS_1_2024-11-25T000000_4,2024-12-16 00:00:00,600519.SS,1d,COUNTDOWN,BUY_COUNTDOWN_PROGRESS,1,4,,,BUY_SETUP,True,2024-11-13 00:00:00,2024-11-25 00:00:00,1519.01,1519.01,2024-11-25 00:00:00,2024-11-25 00:00:00,2024-12-05 00:00:00,2024-12-13 00:00:00,2024-12-16 00:00:00,,,,,,,,,,,2024-11-25 00:00:00,1421.23,1456.56,1451.76,1453.56,1435.27,4658891420.0,0.012148,-0.010038
000858SZ_2024-12-16T000000_BUY_COUNTDOWN_PROGRESS_1_2024-11-25T000000_3,2024-12-16 00:00:00,000858.SZ,1d,COUNTDOWN,BUY_COUNTDOWN_PROGRESS,1,3,,,BUY_SETUP,True,2024-11-13 00:00:00,2024-11-25 00:00:00,147.56,147.56,2024-11-25 00:00:00,2024-11-25 00:00:00,2024-12-05 00:00:00,2024-12-16 00:00:00,,,,,,,,,,,,2024-11-25 00:00:00,134.38,138.86,136.27,139.72,135.7,3027300265.0,0.015979,-0.027546
000651SZ_2024-12-16T000000_BUY_COUNTDOWN_PROGRESS_1_2024-11-25T000000_3,2024-12-16 00:00:00,000651.SZ,1d,COUNTDOWN,BUY_COUNTDOWN_PROGRESS,1,3,,,BUY_SETUP,True,2024-11-13 00:00:00,2024-11-25 00:00:00,40.45,40.45,2024-11-25 00:00:00,2024-11-25 00:00:00,2024-11-26 00:00:00,2024-12-16 00:00:00,,,,,,,,,,,,2024-11-26 00:00:00,36.52,37.43,38.89,39.45,38.72,1659419662.5,0.011627,-0.001284
000858SZ_2024-12-17T000000_BUY_COUNTDOWN_PROGRESS_1_2024-11-25T000000_4,2024-12-17 00:00:00,000858.SZ,1d,COUNTDOWN,BUY_COUNTDOWN_PROGRESS,1,4,,,BUY_SETUP,True,2024-11-13 00:00:00,2024-11-25 00:00:00,147.56,147.56,2024-11-25 00:00:00,2024-11-25 00:00:00,2024-12-05 00:00:00,2024-12-16 00:00:00,2024-12-17 00:00:00,,,,,,,,,,,2024-11-25 00:00:00,134.38,138.86,136.57,138.43,135.28,2970845915.0,0.015846,-0.033338
600036SS_2024-12-18T000000_SELL_COUNTDOWN_PROGRESS_-1_2024-12-10T000000_3,2024-12-18 00:00:00,600036.SS,1d,COUNTDOWN,SELL_COUNTDOWN_PROGRESS,-1,3,,,SELL_SETUP,True,2024-11-28 00:00:00,2024-12-10 00:00:00,35.98,33.17,2024-12-10 00:00:00,2024-12-10 00:00:00,2024-12-11 00:00:00,2024-12-18 00:00:00,,,,,,,,,,,,2024-12-18 00:00:00,34.85,35.65,35.51,35.65,34.85,2351468916.5,0.016434,0.031668
000858SZ_2024-12-19T000000_BUY_COUNTDOWN_PROGRESS_1_2024-11-25T000000_5,2024-12-19 00:00:00,000858.SZ,1d,COUNTDOWN,BUY_COUNTDOWN_PROGRESS,1,5,,,BUY_SETUP,True,2024-11-13 00:00:00,2024-11-25 00:00:00,147.56,147.56,2024-11-25 00:00:00,2024-11-25 00:00:00,2024-12-05 00:00:00,2024-12-16 00:00:00,2024-12-17 00:00:00,2024-12-19 00:00:00,,,,,,,,,,2024-11-25 00:00:00,134.38,138.86,135.23,136.09,134.99,2970849840.0,0.014334,-0.009812
600519SS_2024-12-20T000000_BUY_COUNTDOWN_PROGRESS_1_2024-11-25T000000_5,2024-12-20 00:00:00,600519.SS,1d,COUNTDOWN,BUY_COUNTDOWN_PROGRESS,1,5,,,BUY_SETUP,True,2024-11-13 00:00:00,2024-11-25 00:00:00,1519.01,1519.01,2024-11-25 00:00:00,2024-11-25 00:00:00,2024-12-05 00:00:00,2024-12-13 00:00:00,2024-12-16 00:00:00,2024-12-20 00:00:00,,,,,,,,,,2024-11-25 00:00:00,1421.23,1456.56,1470.44,1490.24,1468.46,4991893750.0,0.012116,0.033244
000858SZ_2024-12-20T000000_BUY_COUNTDOWN_PROGRESS_1_2024-11-25T000000_6,2024-12-20 00:00:00,000858.SZ,1d,COUNTDOWN,BUY_COUNTDOWN_PROGRESS,1,6,,,BUY_SETUP,True,2024-11-13 00:00:00,2024-11-25 00:00:00,147.56,147.56,2024-11-25 00:00:00,2024-11-25 00:00:00,2024-12-05 00:00:00,2024-12-16 00:00:00,2024-12-17 00:00:00,2024-12-19 00:00:00,2024-12-20 00:00:00,,,,,,,,,2024-11-25 00:00:00,134.38,138.86,134.89,136.15,134.4,2955552890.0,0.014233,-0.004355
601318SS_2024-12-20T000000_SELL_COUNTDOWN_CANCEL_-1_2024-12-10T000000_0,2024-12-20 00:00:00,601318.SS,1d,COUNTDOWN,SELL_COUNTDOWN_CANCEL,-1,0,,tdst_break_rule_4,SELL_SETUP,True,2024-11-28 00:00:00,2024-12-10 00:00:00,54.63,50.28,2024-12-10 00:00:00,,,,,,,,,,,,,,,,,,50.07,50.68,49.97,2951983120.0,0.01347,0.001
600519SS_2024-12-23T000000_BUY_COUNTDOWN_PROGRESS_1_2024-11-25T000000_6,2024-12-23 00:00:00,600519.SS,1d,COUNTDOWN,BUY_COUNTDOWN_PROGRESS,1,6,,,BUY_SETUP,True,2024-11-13 00:00:00,2024-11-25 00:00:00,1519.01,1519.01,2024-11-25 00:00:00,2024-11-25 00:00:00,2024-12-05 00:00:00,2024-12-13 00:00:00,2024-12-16 00:00:00,2024-12-20 00:00:00,2024-12-23 00:00:00,,,,,,,,,2024-11-25 00:00:00,1421.23,1456.56,1474.89,1486.44,1465.44,4906385510.0,0.012051,0.02883
000858SZ_2024-12-23T000000_BUY_COUNTDOWN_PROGRESS_1_2024-11-25T000000_7,2024-12-23 00:00:00,000858.SZ,1d,COUNTDOWN,BUY_COUNTDOWN_PROGRESS,1,7,,,BUY_SETUP,True,2024-11-13 00:00:00,2024-11-25 00:00:00,147.56,147.56,2024-11-25 00:00:00,2024-11-25 00:00:00,2024-12-05 00:00:00,2024-12-16 00:00:00,2024-12-17 00:00:00,2024-12-19 00:00:00,2024-12-20 00:00:00,2024-12-23 00:00:00,,,,,,,,2024-12-23 00:00:00,133.93,135.62,134.13,135.62,133.93,2918959185.0,0.014169,-0.017219
000651SZ_2024-12-23T000000_BUY_COUNTDOWN_CANCEL_1_2024-11-25T000000_3,2024-12-23 00:00:00,000651.SZ,1d,COUNTDOWN,BUY_COUNTDOWN_CANCEL,1,3,,tdst_break_rule_4,BUY_SETUP,True,2024-11-13 00:00:00,2024-11-25 00:00:00,40.45,40.45,2024-11-25 00:00:00,2024-11-25 00:00:00,2024-11-26 00:00:00,2024-12-16 00:00:00,,,,,,,,,,,,2024-11-26 00:00:00,36.52,37.43,40.5,40.71,39.32,1718346038.5,0.011402,0.089002
600036SS_2024-12-24T000000_SELL_COUNTDOWN_PROGRESS_-1_2024-12-10T000000_4,2024-12-24 00:00:00,600036.SS,1d,COUNTDOWN,SELL_COUNTDOWN_PROGRESS,-1,4,,,SELL_SETUP,True,2024-11-28 00:00:00,2024-12-10 00:00:00,35.98,33.17,2024-12-10 00:00:00,2024-12-10 00:00:00,2024-12-11 00:00:00,2024-12-18 00:00:00,2024-12-24 00:00:00,,,,,,,,,,,2024-12-18 00:00:00,34.85,35.65,36.21,36.28,35.31,2565423920.0,0.016097,0.077999
600036SS_2024-12-25T000000_SELL_COUNTDOWN_PROGRESS_-1_2024-12-10T000000_5,2024-12-25 00:00:00,600036.SS,1d,COUNTDOWN,SELL_COUNTDOWN_PROGRESS,-1,5,,,SELL_SETUP,True,2024-11-28 00:00:00,2024-12-10 00:00:00,35.98,33.17,2024-12-10 00:00:00,2024-12-10 00:00:00,2024-12-11 00:00:00,2024-12-18 00:00:00,2024-12-24 00:00:00,2024-12-25 00:00:00,,,,,,,,,,2024-12-18 00:00:00,34.85,35.65,36.39,36.55,35.98,2642583865.0,0.015987,0.087567
000858SZ_2024-12-26T000000_BUY_SETUP_1_2024-12-26T000000_9,2024-12-26 00:00:00,000858.SZ,1d,SETUP,BUY_SETUP,1,9,False,,BUY_SETUP,False,2024-12-16 00:00:00,2024-12-26 00:00:00,,,,,,,,,,,,,,,,,,,,,,,,2753701600.0,0.011908,-0.030914
000858SZ_2024-12-26T000000_BUY_COUNTDOWN_CANCEL_1_2024-11-25T000000_7,2024-12-26 00:00:00,000858.SZ,1d,COUNTDOWN,BUY_COUNTDOWN_CANCEL,1,7,,same_setup,BUY_SETUP,True,2024-11-13 00:00:00,2024-11-25 00:00:00,147.56,147.56,2024-11-25 00:00:00,2024-11-25 00:00:00,2024-12-05 00:00:00,2024-12-16 00:00:00,2024-12-17 00:00:00,2024-12-19 00:00:00,2024-12-20 00:00:00,2024-12-23 00:00:00,,,,,,,,2024-12-23 00:00:00,133.93,135.62,134.17,134.91,133.53,2753701600.0,0.011908,-0.030914
600036SS_2024-12-26T000000_SELL_COUNTDOWN_PROGRESS_-1_2024-12-10T000000_6,2024-12-26 00:00:00,600036.SS,1d,COUNTDOWN,SELL_COUNTDOWN_PROGRESS,-1,6,,,SELL_SETUP,True,2024-11-28 00:00:00,2024-12-10 00:00:00,35.98,33.17,2024-12-10 00:00:00,2024-12-10 00:00:00,2024-12-11 00:00:00,2024-12-18 00:00:00,2024-12-24 00:00:00,2024-12-25 00:00:00,2024-12-26 00:00:00,,,,,,,,,2024-12-18 00:00:00,34.85,35.65,36.47,36.53,36.0,2666447550.0,0.015876,0.094209
000858SZ_2024-12-27T000000_BUY_COUNTDOWN_PROGRESS_1_2024-12-26T000000_1,2024-12-27 00:00:00,000858.SZ,1d,COUNTDOWN,BUY_COUNTDOWN_PROGRESS,1,1,,,BUY_SETUP,False,2024-12-16 00:00:00,2024-12-26 00:00:00,139.72,139.72,2024-12-26 00:00:00,2024-12-27 00:00:00,,,,,,,,,,,,,,2024-12-27 00:00:00,133.25,134.63,134.2,134.63,133.25,2637571370.0,0.01183,-0.035088
000858SZ_2024-12-30T000000_BUY_COUNTDOWN_PROGRESS_1_2024-12-26T000000_2,2024-12-30 00:00:00,000858.SZ,1d,COUNTDOWN,BUY_COUNTDOWN_PROGRESS,1,2,,,BUY_SETUP,False,2024-12-16 00:00:00,2024-12-26 00:00:00,139.72,139.72,2024-12-26 00:00:00,2024-12-27 00:00:00,2024-12-30 00:00:00,,,,,,,,,,,,,2024-12-30 00:00:00,132.68,134.85,132.89,134.85,132.68,2621321235.0,0.011961,-0.041682
600036SS_2024-12-30T000000_SELL_COUNTDOWN_PROGRESS_-1_2024-12-10T000000_7,2024-12-30 00:00:00,600036.SS,1d,COUNTDOWN,SELL_COUNTDOWN_PROGRESS,-1,7,,,SELL_SETUP,True,2024-11-28 00:00:00,2024-12-10 00:00:00,35.98,33.17,2024-12-10 00:00:00,2024-12-10 00:00:00,2024-12-11 00:00:00,2024-12-18 00:00:00,2024-12-24 00:00:00,2024-12-25 00:00:00,2024-12-26 00:00:00,2024-12-30 00:00:00,,,,,,,,2024-12-18 00:00:00,34.85,35.65,36.61,36.79,36.24,2738764915.0,0.015686,0.073292
000858SZ_2024-12-31T000000_BUY_COUNTDOWN_PROGRESS_1_2024-12-26T000000_3,2024-12-31 00:00:00,000858.SZ,1d,COUNTDOWN,BUY_COUNTDOWN_PROGRESS,1,3,,,BUY_SETUP,False,2024-12-16 00:00:00,2024-12-26 00:00:00,139.72,139.72,2024-12-26 00:00:00,2024-12-27 00:00:00,2024-12-30 00:00:00,2024-12-31 00:00:00,,,,,,,,,,,,2024-12-31 00:00:00,131.69,135.28,131.72,135.28,131.69,2691969980.0,0.011953,-0.041409
600519SS_2025-01-02T000000_BUY_COUNTDOWN_PROGRESS_1_2024-11-25T000000_7,2025-01-02 00:00:00,600519.SS,1d,COUNTDOWN,BUY_COUNTDOWN_PROGRESS,1,7,,,BUY_SETUP,True,2024-11-13 00:00:00,2024-11-25 00:00:00,1519.01,1519.01,2024-11-25 00:00:00,2024-11-25 00:00:00,2024-12-05 00:00:00,2024-12-13 00:00:00,2024-12-16 00:00:00,2024-12-20 00:00:00,2024-12-23 00:00:00,2025-01-02 00:00:00,,,,,,,,2024-11-25 00:00:00,1421.23,1456.56,1436.44,1472.93,1428.44,4951468310.0,0.013336,0.000613
000858SZ_2025-01-02T000000_BUY_COUNTDOWN_PROGRESS_1_2024-12-26T000000_4,2025-01-02 00:00:00,000858.SZ,1d,COUNTDOWN,BUY_COUNTDOWN_PROGRESS,1,4,,,BUY_SETUP,False,2024-12-16 00:00:00,2024-12-26 00:00:00,139.72,139.72,2024-12-26 00:00:00,2024-12-27 00:00:00,2024-12-30 00:00:00,2024-12-31 00:00:00,2025-01-02 00:00:00,,,,,,,,,,,2025-01-02 00:00:00,127.98,131.68,128.67,131.68,127.98,2759764380.0,0.012835,-0.058811
600519SS_2025-01-03T000000_BUY_COUNTDOWN_PROGRESS_1_2024-11-25T000000_8,2025-01-03 00:00:00,600519.SS,1d,COUNTDOWN,BUY_COUNTDOWN_PROGRESS,1,8,,,BUY_SETUP,True,2024-11-13 00:00:00,2024-11-25 00:00:00,1519.01,1519.01,2024-11-25 00:00:00,2024-11-25 00:00:00,2024-12-05 00:00:00,2024-12-13 00:00:00,2024-12-16 00:00:00,2024-12-20 00:00:00,2024-12-23 00:00:00,2025-01-02 00:00:00,2025-01-03 00:00:00,1423.44,,,,,,2025-01-03 00:00:00,1415.45,1443.43,1423.44,1443.43,1415.45,5071232905.0,0.013382,-0.015309
000858SZ_2025-01-03T000000_BUY_COUNTDOWN_PROGRESS_1_2024-12-26T000000_5,2025-01-03 00:00:00,000858.SZ,1d,COUNTDOWN,BUY_COUNTDOWN_PROGRESS,1,5,,,BUY_SETUP,False,2024-12-16 00:00:00,2024-12-26 00:00:00,139.72,139.72,2024-12-26 00:00:00,2024-12-27 00:00:00,2024-12-30 00:00:00,2024-12-31 00:00:00,2025-01-02 00:00:00,2025-01-03 00:00:00,,,,,,,,,,2025-01-03 00:00:00,126.43,129.64,127.08,129.64,126.43,2799717345.0,0.012584,-0.07993
600519SS_2025-01-06T000000_BUY_COUNTDOWN_PROGRESS_1_2024-11-25T000000_9,2025-01-06 00:00:00,600519.SS,1d,COUNTDOWN,BUY_COUNTDOWN_PROGRESS,1,9,,,BUY_SETUP,True,2024-11-13 00:00:00,2024-11-25 00:00:00,1519.01,1519.01,2024-11-25 00:00:00,2024-11-25 00:00:00,2024-12-05 00:00:00,2024-12-13 00:00:00,2024-12-16 00:00:00,2024-12-20 00:00:00,2024-12-23 00:00:00,2025-01-02 00:00:00,2025-01-03 00:00:00,1423.44,2025-01-06 00:00:00,,,,,2025-01-06 00:00:00,1381.24,1411.1,1388.44,1411.1,1381.24,5146699460.0,0.014407,-0.03805
000858SZ_2025-01-06T000000_BUY_COUNTDOWN_PROGRESS_1_2024-12-26T000000_6,2025-01-06 00:00:00,000858.SZ,1d,COUNTDOWN,BUY_COUNTDOWN_PROGRESS,1,6,,,BUY_SETUP,False,2024-12-16 00:00:00,2024-12-26 00:00:00,139.72,139.72,2024-12-26 00:00:00,2024-12-27 00:00:00,2024-12-30 00:00:00,2024-12-31 00:00:00,2025-01-02 00:00:00,2025-01-03 00:00:00,2025-01-06 00:00:00,,,,,,,,,2025-01-06 00:00:00,122.06,125.64,122.51,125.64,122.06,2846419080.0,0.014437,-0.108629
600519SS_2025-01-07T000000_BUY_COUNTDOWN_PROGRESS_1_2024-11-25T000000_10,2025-01-07 00:00:00,600519.SS,1d,COUNTDOWN,BUY_COUNTDOWN_PROGRESS,1,10,,,BUY_SETUP,True,2024-11-13 00:00:00,2024-11-25 00:00:00,1519.01,1519.01,2024-11-25 00:00:00,2024-11-25 00:00:00,2024-12-05 00:00:00,2024-12-13 00:00:00,2024-12-16 00:00:00,2024-12-20 00:00:00,2024-12-23 00:00:00,2025-01-02 00:00:00,2025-01-03 00:00:00,1423.44,2025-01-06 00:00:00,2025-01-07 00:00:00,,,,2025-01-06 00:00:00,1381.24,1411.1,1388.64,1400.33,1387.44,5171022490.0,0.013533,-0.056085
000858SZ_2025-01-07T000000_BUY_COUNTDOWN_PROGRESS_1_2024-12-26T000000_7,2025-01-07 00:00:00,000858.SZ,1d,COUNTDOWN,BUY_COUNTDOWN_PROGRESS,1,7,,,BUY_SETUP,False,2024-12-16 00:00:00,2024-12-26 00:00:00,139.72,139.72,2024-12-26 00:00:00,2024-12-27 00:00:00,2024-12-30 00:00:00,2024-12-31 00:00:00,2025-01-02 00:00:00,2025-01-03 00:00:00,2025-01-06 00:00:00,2025-01-07 00:00:00,,,,,,,,2025-01-07 00:00:00,121.28,123.34,122.53,123.34,121.28,2864108520.0,0.012676,-0.129635
000858SZ_2025-01-08T000000_BUY_COUNTDOWN_PROGRESS_1_2024-12-26T000000_8,2025-01-08 00:00:00,000858.SZ,1d,COUNTDOWN,BUY_COUNTDOWN_PROGRESS,1,8,,,BUY_SETUP,False,2024-12-16 00:00:00,2024-12-26 00:00:00,139.72,139.72,2024-12-26 00:00:00,2024-12-27 00:00:00,2024-12-30 00:00:00,2024-12-31 00:00:00,2025-01-02 00:00:00,2025-01-03 00:00:00,2025-01-06 00:00:00,2025-01-07 00:00:00,2025-01-08 00:00:00,121.38,,,,,,2025-01-08 00:00:00,119.7,123.42,121.38,123.42,119.7,2638210010.0,0.012489,-0.139637
600036SS_2025-01-08T000000_SELL_COUNTDOWN_PROGRESS_-1_2024-12-10T000000_8,2025-01-08 00:00:00,600036.SS,1d,COUNTDOWN,SELL_COUNTDOWN_PROGRESS,-1,8,,,SELL_SETUP,True,2024-11-28 00:00:00,2024-12-10 00:00:00,35.98,33.17,2024-12-10 00:00:00,2024-12-10 00:00:00,2024-12-11 00:00:00,2024-12-18 00:00:00,2024-12-24 00:00:00,2024-12-25 00:00:00,2024-12-26 00:00:00,2024-12-30 00:00:00,2025-01-08 00:00:00,36.27,,,,,,2024-12-18 00:00:00,34.85,35.65,36.27,36.54,35.81,2674904975.0,0.015131,0.02777
600519SS_2025-01-10T000000_BUY_SETUP_1_2025-01-10T000000_9,2025-01-10 00:00:00,600519.SS,1d,SETUP,BUY_SETUP,1,9,False,,BUY_SETUP,False,2024-12-30 00:00:00,2025-01-10 00:00:00,,,,,,,,,,,,,,,,,,,,,,,,4772062510.0,0.010573,-0.040954
600519SS_2025-01-10T000000_BUY_COUNTDOWN_CANCEL_1_2024-11-25T000000_10,2025-01-10 00:00:00,600519.SS,1d,COUNTDOWN,BUY_COUNTDOWN_CANCEL,1,10,,same_setup,BUY_SETUP,True,2024-11-13 00:00:00,2024-11-25 00:00:00,1519.01,1519.01,2024-11-25 00:00:00,2024-11-25 00:00:00,2024-12-05 00:00:00,2024-12-13 00:00:00,2024-12-16 00:00:00,2024-12-20 00:00:00,2024-12-23 00:00:00,2025-01-02 00:00:00,2025-01-03 00:00:00,1423.44,2025-01-06 00:00:00,2025-01-07 00:00:00,,,,2025-01-06 00:00:00,1381.24,1411.1,1384.44,1400.39,1384.44,4772062510.0,0.010573,-0.040954
000858SZ_2025-01-10T000000_BUY_SETUP_1_2025-01-10T000000_9,2025-01-10 00:00:00,000858.SZ,1d,SETUP,BUY_SETUP,1,9,False,,BUY_SETUP,False,2024-12-30 00:00:00,2025-01-10 00:00:00,,,,,,,,,,,,,,,,,,,,,,,,2489266625.0,0.010988,-0.139135
000858SZ_2025-01-10T000000_BUY_COUNTDOWN_CANCEL_1_2024-12-26T000000_8,2025-01-10 00:00:00,000858.SZ,1d,COUNTDOWN,BUY_COUNTDOWN_CANCEL,1,8,,same_setup,BUY_SETUP,False,2024-12-16 00:00:00,2024-12-26 00:00:00,139.72,139.72,2024-12-26 00:00:00,2024-12-27 00:00:00,2024-12-30 00:00:00,2024-12-31 00:00:00,2025-01-02 00:00:00,2025-01-03 00:00:00,2025-01-06 00:00:00,2025-01-07 00:00:00,2025-01-08 00:00:00,121.38,,,,,,2025-01-08 00:00:00,119.7,123.42,120.28,122.51,120.28,2489266625.0,0.010988,-0.139135
601318SS_2025-01-13T000000_BUY_SETUP_PERFECT_1_2025-01-13T000000_9,2025-01-13 00:00:00,601318.SS,1d,SETUP,BUY_SETUP_PERFECT,1,9,True,,BUY_SETUP,True,2024-12-31 00:00:00,2025-01-13 00:00:00,,,,,,,,,,,,,,,,,,,,,,,,2708601360.0,0.012124,-0.089579
601318SS_2025-01-13T000000_BUY_COUNTDOWN_PROGRESS_1_2025-01-13T000000_1,2025-01-13 00:00:00,601318.SS,1d,COUNTDOWN,BUY_COUNTDOWN_PROGRESS,1,1,,,BUY_SETUP,True,2024-12-31 00:00:00,2025-01-13 00:00:00,51.47,51.47,2025-01-13 00:00:00,2025-01-13 00:00:00,,,,,,,,,,,,,,2025-01-13 00:00:00,45.55,46.25,46.04,46.25,45.55,2708601360.0,0.012124,-0.089579
600036SS_2025-01-14T000000_SELL_COUNTDOWN_PROGRESS_-1_2024-12-10T000000_9,2025-01-14 00:00:00,600036.SS,1d,COUNTDOWN,SELL_COUNTDOWN_PROGRESS,-1,9,,,SELL_SETUP,True,2024-11-28 00:00:00,2024-12-10 00:00:00,35.98,33.17,2024-12-10 00:00:00,2024-12-10 00:00:00,2024-12-11 00:00:00,2024-12-18 00:00:00,2024-12-24 00:00:00,2024-12-25 00:00:00,2024-12-26 00:00:00,2024-12-30 00:00:00,2025-01-08 00:00:00,36.27,2025-01-14 00:00:00,,,,,2024-12-18 00:00:00,34.85,35.65,36.84,36.96,35.89,2570664735.0,0.011756,0.057405
600036SS_2025-01-15T000000_SELL_COUNTDOWN_PROGRESS_-1_2024-12-10T000000_10,2025-01-15 00:00:00,600036.SS,1d,COUNTDOWN,SELL_COUNTDOWN_PROGRESS,-1,10,,,SELL_SETUP,True,2024-11-28 00:00:00,2024-12-10 00:00:00,35.98,33.17,2024-12-10 00:00:00,2024-12-10 00:00:00,2024-12-11 00:00:00,2024-12-18 00:00:00,2024-12-24 00:00:00,2024-12-25 00:00:00,2024-12-26 00:00:00,2024-12-30 00:00:00,2025-01-08 00:00:00,36.27,2025-01-14 00:00:00,2025-01-15 00:00:00,,,,2024-12-18 00:00:00,34.85,35.65,37.63,37.99,36.88,2618015005.0,0.011925,0.059701
600036SS_2025-01-16T000000_SELL_COUNTDOWN_PROGRESS_-1_2024-12-10T000000_11,2025-01-16 00:00:00,600036.SS,1d,COUNTDOWN,SELL_COUNTDOWN_PROGRESS,-1,11,,,SELL_SETUP,True,2024-11-28 00:00:00,2024-12-10 00:00:00,35.98,33.17,2024-12-10 00:00:00,2024-12-10 00:00:00,2024-12-11 00:00:00,2024-12-18 00:00:00,2024-12-24 00:00:00,2024-12-25 00:00:00,2024-12-26 00:00:00,2024-12-30 00:00:00,2025-01-08 00:00:00,36.27,2025-01-14 00:00:00,2025-01-15 00:00:00,2025-01-16 00:00:00,,,2024-12-18 00:00:00,34.85,35.65,37.98,38.14,37.52,2584084330.0,0.011275,0.084833
600519SS_2025-01-17T000000_BUY_COUNTDOWN_PROGRESS_1_2025-01-10T000000_1,2025-01-17 00:00:00,600519.SS,1d,COUNTDOWN,BUY_COUNTDOWN_PROGRESS,1,1,,,BUY_SETUP,False,2024-12-30 00:00:00,2025-01-10 00:00:00,1493.44,1493.44,2025-01-10 00:00:00,2025-01-17 00:00:00,,,,,,,,,,,,,,2025-01-17 00:00:00,1394.82,1409.44,1403.19,1409.44,1394.82,4049215440.0,0.010597,-0.045735
600519SS_2025-01-22T000000_BUY_COUNTDOWN_PROGRESS_1_2025-01-10T000000_2,2025-01-22 00:00:00,600519.SS,1d,COUNTDOWN,BUY_COUNTDOWN_PROGRESS,1,2,,,BUY_SETUP,False,2024-12-30 00:00:00,2025-01-10 00:00:00,1493.44,1493.44,2025-01-10 00:00:00,2025-01-17 00:00:00,2025-01-22 00:00:00,,,,,,,,,,,,,2025-01-22 00:00:00,1386.44,1416.39,1389.44,1416.39,1386.44,4059965045.0,0.011535,-0.060199
000858SZ_2025-01-22T000000_BUY_COUNTDOWN_PROGRESS_1_2025-01-10T000000_1,2025-01-22 00:00:00,000858.SZ,1d,COUNTDOWN,BUY_COUNTDOWN_PROGRESS,1,1,,,BUY_SETUP,False,2024-12-30 00:00:00,2025-01-10 00:00:00,135.28,135.28,2025-01-10 00:00:00,2025-01-22 00:00:00,,,,,,,,,,,,,,2025-01-22 00:00:00,121.81,124.68,122.03,124.68,121.81,2300491140.0,0.014807,-0.094464
601318SS_2025-01-22T000000_BUY_COUNTDOWN_PROGRESS_1_2025-01-13T000000_2,2025-01-22 00:00:00,601318.SS,1d,COUNTDOWN,BUY_COUNTDOWN_PROGRESS,1,2,,,BUY_SETUP,True,2024-12-31 00:00:00,2025-01-13 00:00:00,51.47,51.47,2025-01-13 00:00:00,2025-01-13 00:00:00,2025-01-22 00:00:00,,,,,,,,,,,,,2025-01-13 00:00:00,45.55,46.25,46.4,47.37,46.3,2582749360.0,0.013019,-0.096397
600519SS_2025-01-23T000000_BUY_COUNTDOWN_PROGRESS_1_2025-01-10T000000_3,2025-01-23 00:00:00,600519.SS,1d,COUNTDOWN,BUY_COUNTDOWN_PROGRESS,1,3,,,BUY_SETUP,False,2024-12-30 00:00:00,2025-01-10 00:00:00,1493.44,1493.44,2025-01-10 00:00:00,2025-01-17 00:00:00,2025-01-22 00:00:00,2025-01-23 00:00:00,,,,,,,,,,,,2025-01-22 00:00:00,1386.44,1416.39,1391.44,1416.44,1386.44,4125546995.0,0.011576,-0.057437
000858SZ_2025-01-23T000000_BUY_COUNTDOWN_PROGRESS_1_2025-01-10T000000_2,2025-01-23 00:00:00,000858.SZ,1d,COUNTDOWN,BUY_COUNTDOWN_PROGRESS,1,2,,,BUY_SETUP,False,2024-12-30 00:00:00,2025-01-10 00:00:00,135.28,135.28,2025-01-10 00:00:00,2025-01-22 00:00:00,2025-01-23 00:00:00,,,,,,,,,,,,,2025-01-22 00:00:00,121.81,124.68,122.9,125.24,122.72,2351063395.0,0.015057,-0.083998
600519SS_2025-01-24T000000_BUY_COUNTDOWN_PROGRESS_1_2025-01-10T000000_4,2025-01-24 00:00:00,600519.SS,1d,COUNTDOWN,BUY_COUNTDOWN_PROGRESS,1,4,,,BUY_SETUP,False,2024-12-30 00:00:00,2025-01-10 00:00:00,1493.44,1493.44,2025-01-10 00:00:00,2025-01-17 00:00:00,2025-01-22 00:00:00,2025-01-23 00:00:00,2025-01-24 00:00:00,,,,,,,,,,,2025-01-24 00:00:00,1378.75,1396.23,1384.44,1396.23,1378.75,4211371130.0,0.011547,-0.062928
600036SS_2025-01-24T000000_SELL_COUNTDOWN_PROGRESS_-1_2024-12-10T000000_12,2025-01-24 00:00:00,600036.SS,1d,COUNTDOWN,SELL_COUNTDOWN_PROGRESS,-1,12,,,SELL_SETUP,True,2024-11-28 00:00:00,2024-12-10 00:00:00,35.98,33.17,2024-12-10 00:00:00,2024-12-10 00:00:00,2024-12-11 00:00:00,2024-12-18 00:00:00,2024-12-24 00:00:00,2024-12-25 00:00:00,2024-12-26 00:00:00,2024-12-30 00:00:00,2025-01-08 00:00:00,36.27,2025-01-14 00:00:00,2025-01-15 00:00:00,2025-01-16 00:00:00,2025-01-24 00:00:00,,2024-12-18 00:00:00,34.85,35.65,37.25,37.54,36.45,2382077125.0,0.012162,0.025323
600519SS_2025-01-27T000000_BUY_COUNTDOWN_PROGRESS_1_2025-01-10T000000_5,2025-01-27 00:00:00,600519.SS,1d,COUNTDOWN,BUY_COUNTDOWN_PROGRESS,1,5,,,BUY_SETUP,False,2024-12-30 00:00:00,2025-01-10 00:00:00,1493.44,1493.44,2025-01-10 00:00:00,2025-01-17 00:00:00,2025-01-22 00:00:00,2025-01-23 00:00:00,2025-01-24 00:00:00,2025-01-27 00:00:00,,,,,,,,,,2025-01-27 00:00:00,1375.46,1392.41,1383.43,1392.41,1375.46,4263538285.0,0.011562,-0.061088
000858SZ_2025-01-27T000000_BUY_COUNTDOWN_PROGRESS_1_2025-01-10T000000_3,2025-01-27 00:00:00,000858.SZ,1d,COUNTDOWN,BUY_COUNTDOWN_PROGRESS,1,3,,,BUY_SETUP,False,2024-12-30 00:00:00,2025-01-10 00:00:00,135.28,135.28,2025-01-10 00:00:00,2025-01-22 00:00:00,2025-01-23 00:00:00,2025-01-27 00:00:00,,,,,,,,,,,,2025-01-27 00:00:00,121.35,122.8,121.45,122.8,121.35,2382476440.0,0.014986,-0.086086
600036SS_2025-01-27T000000_SELL_COUNTDOWN_COMPLETE_PERFECT_-1_2024-12-10T000000_13,2025-01-27 00:00:00,600036.SS,1d,COUNTDOWN,SELL_COUNTDOWN_COMPLETE_PERFECT,-1,13,True,,SELL_SETUP,True,2024-11-28 00:00:00,2024-12-10 00:00:00,35.98,33.17,2024-12-10 00:00:00,2024-12-10 00:00:00,2024-12-11 00:00:00,2024-12-18 00:00:00,2024-12-24 00:00:00,2024-12-25 00:00:00,2024-12-26 00:00:00,2024-12-30 00:00:00,2025-01-08 00:00:00,36.27,2025-01-14 00:00:00,2025-01-15 00:00:00,2025-01-16 00:00:00,2025-01-24 00:00:00,2025-01-27 00:00:00,2024-12-18 00:00:00,34.85,35.65,37.64,37.96,37.54,2352181120.0,0.012253,0.028134
600519SS_2025-02-05T000000_BUY_COUNTDOWN_PROGRESS_1_2025-01-10T000000_6,2025-02-05 00:00:00,600519.SS,1d,COUNTDOWN,BUY_COUNTDOWN_PROGRESS,1,6,,,BUY_SETUP,False,2024-12-30 00:00:00,2025-01-10 00:00:00,1493.44,1493.44,2025-01-10 00:00:00,2025-01-17 00:00:00,2025-01-22 00:00:00,2025-01-23 00:00:00,2025-01-24 00:00:00,2025-01-27 00:00:00,2025-02-05 00:00:00,,,,,,,,,2025-02-05 00:00:00,1350.65,1391.44,1352.24,1391.44,1350.65,4358747655.0,0.012313,-0.081633
000858SZ_2025-02-05T000000_BUY_COUNTDOWN_PROGRESS_1_2025-01-10T000000_4,2025-02-05 00:00:00,000858.SZ,1d,COUNTDOWN,BUY_COUNTDOWN_PROGRESS,1,4,,,BUY_SETUP,False,2024-12-30 00:00:00,2025-01-10 00:00:00,135.28,135.28,2025-01-10 00:00:00,2025-01-22 00:00:00,2025-01-23 00:00:00,2025-01-27 00:00:00,2025-02-05 00:00:00,,,,,,,,,,,2025-02-05 00:00:00,118.76,122.13,119.26,122.13,118.76,2383642775.0,0.015261,-0.094595
601318SS_2025-02-05T000000_BUY_COUNTDOWN_PROGRESS_1_2025-01-13T000000_3,2025-02-05 00:00:00,601318.SS,1d,COUNTDOWN,BUY_COUNTDOWN_PROGRESS,1,3,,,BUY_SETUP,True,2024-12-31 00:00:00,2025-01-13 00:00:00,51.47,51.47,2025-01-13 00:00:00,2025-01-13 00:00:00,2025-01-22 00:00:00,2025-02-05 00:00:00,,,,,,,,,,,,2025-01-13 00:00:00,45.55,46.25,47.17,48.45,47.12,2765022370.0,0.015073,-0.058483
600519SS_2025-02-06T000000_BUY_COUNTDOWN_PROGRESS_1_2025-01-10T000000_7,2025-02-06 00:00:00,600519.SS,1d,COUNTDOWN,BUY_COUNTDOWN_PROGRESS,1,7,,,BUY_SETUP,False,2024-12-30 00:00:00,2025-01-10 00:00:00,1493.44,1493.44,2025-01-10 00:00:00,2025-01-17 00:00:00,2025-01-22 00:00:00,2025-01-23 00:00:00,2025-01-24 00:00:00,2025-01-27 00:00:00,2025-02-05 00:00:00,2025-02-06 00:00:00,,,,,,,,2025-02-06 00:00:00,1348.45,1370.43,1361.28,1370.43,1348.45,4250049045.0,0.011585,-0.052324
000858SZ_2025-02-06T000000_BUY_COUNTDOWN_PROGRESS_1_2025-01-10T000000_5,2025-02-06 00:00:00,000858.SZ,1d,COUNTDOWN,BUY_COUNTDOWN_PROGRESS,1,5,,,BUY_SETUP,False,2024-12-30 00:00:00,2025-01-10 00:00:00,135.28,135.28,2025-01-10 00:00:00,2025-01-22 00:00:00,2025-01-23 00:00:00,2025-01-27 00:00:00,2025-02-05 00:00:00,2025-02-06 00:00:00,,,,,,,,,,2025-02-05 00:00:00,118.76,122.13,120.15,120.64,118.94,2296696925.0,0.014881,-0.066216
601318SS_2025-02-06T000000_BUY_COUNTDOWN_PROGRESS_1_2025-01-13T000000_4,2025-02-06 00:00:00,601318.SS,1d,COUNTDOWN,BUY_COUNTDOWN_PROGRESS,1,4,,,BUY_SETUP,True,2024-12-31 00:00:00,2025-01-13 00:00:00,51.47,51.47,2025-01-13 00:00:00,2025-01-13 00:00:00,2025-01-22 00:00:00,2025-02-05 00:00:00,2025-02-06 00:00:00,,,,,,,,,,,2025-01-13 00:00:00,45.55,46.25,47.7,47.95,47.13,2688546105.0,0.012809,-0.009551
601318SS_2025-02-19T000000_SELL_SETUP_-1_2025-02-19T000000_9,2025-02-19 00:00:00,601318.SS,1d,SETUP,SELL_SETUP,-1,9,False,,SELL_SETUP,False,2025-02-07 00:00:00,2025-02-19 00:00:00,,,,,,,,,,,,,,,,,,,,,,,,2729814270.0,0.012121,0.050258
601318SS_2025-02-19T000000_BUY_COUNTDOWN_CANCEL_1_2025-01-13T000000_4,2025-02-19 00:00:00,601318.SS,1d,COUNTDOWN,BUY_COUNTDOWN_CANCEL,1,4,,opposite_setup,BUY_SETUP,True,2024-12-31 00:00:00,2025-01-13 00:00:00,51.47,51.47,2025-01-13 00:00:00,2025-01-13 00:00:00,2025-01-22 00:00:00,2025-02-05 00:00:00,2025-02-06 00:00:00,,,,,,,,,,,2025-01-13 00:00:00,45.55,46.25,48.9,49.28,48.47,2729814270.0,0.012121,0.050258
601318SS_2025-02-24T000000_SELL_COUNTDOWN_PROGRESS_-1_2025-02-19T000000_1,2025-02-24 00:00:00,601318.SS,1d,COUNTDOWN,SELL_COUNTDOWN_PROGRESS,-1,1,,,SELL_SETUP,False,2025-02-07 00:00:00,2025-02-19 00:00:00,49.83,47.29,2025-02-19 00:00:00,2025-02-24 00:00:00,,,,,,,,,,,,,,2025-02-24 00:00:00,48.5,49.93,49.45,49.93,48.5,2919812215.0,0.013063,0.046339
600519SS_2025-02-25T000000_BUY_COUNTDOWN_PROGRESS_1_2025-01-10T000000_8,2025-02-25 00:00:00,600519.SS,1d,COUNTDOWN,BUY_COUNTDOWN_PROGRESS,1,8,,,BUY_SETUP,False,2024-12-30 00:00:00,2025-01-10 00:00:00,1493.44,1493.44,2025-01-10 00:00:00,2025-01-17 00:00:00,2025-01-22 00:00:00,2025-01-23 00:00:00,2025-01-24 00:00:00,2025-01-27 00:00:00,2025-02-05 00:00:00,2025-02-06 00:00:00,2025-02-25 00:00:00,1402.44,,,,,,2025-02-06 00:00:00,1348.45,1370.43,1402.44,1421.83,1400.44,4320279150.0,0.011924,-0.009989
000858SZ_2025-02-25T000000_BUY_COUNTDOWN_PROGRESS_1_2025-01-10T000000_6,2025-02-25 00:00:00,000858.SZ,1d,COUNTDOWN,BUY_COUNTDOWN_PROGRESS,1,6,,,BUY_SETUP,False,2024-12-30 00:00:00,2025-01-10 00:00:00,135.28,135.28,2025-01-10 00:00:00,2025-01-22 00:00:00,2025-01-23 00:00:00,2025-01-27 00:00:00,2025-02-05 00:00:00,2025-02-06 00:00:00,2025-02-25 00:00:00,,,,,,,,,2025-02-05 00:00:00,118.76,122.13,123.0,125.17,122.83,2521416180.0,0.013402,-0.016551
600519SS_2025-02-26T000000_BUY_COUNTDOWN_PROGRESS_1_2025-01-10T000000_9,2025-02-26 00:00:00,600519.SS,1d,COUNTDOWN,BUY_COUNTDOWN_PROGRESS,1,9,,,BUY_SETUP,False,2024-12-30 00:00:00,2025-01-10 00:00:00,1493.44,1493.44,2025-01-10 00:00:00,2025-01-17 00:00:00,2025-01-22 00:00:00,2025-01-23 00:00:00,2025-01-24 00:00:00,2025-01-27 00:00:00,2025-02-05 00:00:00,2025-02-06 00:00:00,2025-02-25 00:00:00,1402.44,2025-02-26 00:00:00,,,,,2025-02-06 00:00:00,1348.45,1370.43,1408.45,1413.4,1393.44,4387985540.0,0.011109,0.013682
000858SZ_2025-02-26T000000_BUY_COUNTDOWN_PROGRESS_1_2025-01-10T000000_7,2025-02-26 00:00:00,000858.SZ,1d,COUNTDOWN,BUY_COUNTDOWN_PROGRESS,1,7,,,BUY_SETUP,False,2024-12-30 00:00:00,2025-01-10 00:00:00,135.28,135.28,2025-01-10 00:00:00,2025-01-22 00:00:00,2025-01-23 00:00:00,2025-01-27 00:00:00,2025-02-05 00:00:00,2025-02-06 00:00:00,2025-02-25 00:00:00,2025-02-26 00:00:00,,,,,,,,2025-02-05 00:00:00,118.76,122.13,124.05,124.05,122.35,2548277310.0,0.012332,0.016553
600519SS_2025-03-04T000000_BUY_COUNTDOWN_PROGRESS_1_2025-01-10T000000_10,2025-03-04 00:00:00,600519.SS,1d,COUNTDOWN,BUY_COUNTDOWN_PROGRESS,1,10,,,BUY_SETUP,False,2024-12-30 00:00:00,2025-01-10 00:00:00,1493.44,1493.44,2025-01-10 00:00:00,2025-01-17 00:00:00,2025-01-22 00:00:00,2025-01-23 00:00:00,2025-01-24 00:00:00,2025-01-27 00:00:00,2025-02-05 00:00:00,2025-02-06 00:00:00,2025-02-25 00:00:00,1402.44,2025-02-26 00:00:00,2025-03-04 00:00:00,,,,2025-02-06 00:00:00,1348.45,1370.43,1418.55,1434.44,1413.65,4765057370.0,0.011155,0.049037
000858SZ_2025-03-04T000000_BUY_COUNTDOWN_PROGRESS_1_2025-01-10T000000_8,2025-03-04 00:00:00,000858.SZ,1d,COUNTDOWN,BUY_COUNTDOWN_PROGRESS,1,8,,,BUY_SETUP,False,2024-12-30 00:00:00,2025-01-10 00:00:00,135.28,135.28,2025-01-10 00:00:00,2025-01-22 00:00:00,2025-01-23 00:00:00,2025-01-27 00:00:00,2025-02-05 00:00:00,2025-02-06 00:00:00,2025-02-25 00:00:00,2025-02-26 00:00:00,2025-03-04 00:00:00,124.0,,,,,,2025-02-05 00:00:00,118.76,122.13,124.0,124.61,122.96,2819928590.0,0.012833,0.039745
600519SS_2025-03-05T000000_BUY_COUNTDOWN_PROGRESS_1_2025-01-10T000000_11,2025-03-05 00:00:00,600519.SS,1d,COUNTDOWN,BUY_COUNTDOWN_PROGRESS,1,11,,,BUY_SETUP,False,2024-12-30 00:00:00,2025-01-10 00:00:00,1493.44,1493.44,2025-01-10 00:00:00,2025-01-17 00:00:00,2025-01-22 00:00:00,2025-01-23 00:00:00,2025-01-24 00:00:00,2025-01-27 00:00:00,2025-02-05 00:00:00,2025-02-06 00:00:00,2025-02-25 00:00:00,1402.44,2025-02-26 00:00:00,2025-03-04 00:00:00,2025-03-05 00:00:00,,,2025-02-06 00:00:00,1348.45,1370.43,1414.81,1422.44,1408.54,4657717480.0,0.011169,0.039323
000858SZ_2025-03-05T000000_BUY_COUNTDOWN_PROGRESS_1_2025-01-10T000000_9,2025-03-05 00:00:00,000858.SZ,1d,COUNTDOWN,BUY_COUNTDOWN_PROGRESS,1,9,,,BUY_SETUP,False,2024-12-30 00:00:00,2025-01-10 00:00:00,135.28,135.28,2025-01-10 00:00:00,2025-01-22 00:00:00,2025-01-23 00:00:00,2025-01-27 00:00:00,2025-02-05 00:00:00,2025-02-06 00:00:00,2025-02-25 00:00:00,2025-02-26 00:00:00,2025-03-04 00:00:00,124.0,2025-03-05 00:00:00,,,,,2025-02-05 00:00:00,118.76,122.13,122.86,124.25,121.87,2830650680.0,0.013007,0.022555
601318SS_2025-03-06T000000_SELL_COUNTDOWN_PROGRESS_-1_2025-02-19T000000_2,2025-03-06 00:00:00,601318.SS,1d,COUNTDOWN,SELL_COUNTDOWN_PROGRESS,-1,2,,,SELL_SETUP,False,2025-02-07 00:00:00,2025-02-19 00:00:00,49.83,47.29,2025-02-19 00:00:00,2025-02-24 00:00:00,2025-03-06 00:00:00,,,,,,,,,,,,,2025-03-06 00:00:00,47.98,49.38,49.09,49.38,47.98,3009155445.0,0.012666,0.015725
601318SS_2025-03-07T000000_SELL_COUNTDOWN_PROGRESS_-1_2025-02-19T000000_3,2025-03-07 00:00:00,601318.SS,1d,COUNTDOWN,SELL_COUNTDOWN_PROGRESS,-1,3,,,SELL_SETUP,False,2025-02-07 00:00:00,2025-02-19 00:00:00,49.83,47.29,2025-02-19 00:00:00,2025-02-24 00:00:00,2025-03-06 00:00:00,2025-03-07 00:00:00,,,,,,,,,,,,2025-03-06 00:00:00,47.98,49.38,48.95,49.29,48.77,2949242930.0,0.012693,0.01241
600519SS_2025-03-11T000000_BUY_COUNTDOWN_CANCEL_1_2025-01-10T000000_11,2025-03-11 00:00:00,600519.SS,1d,COUNTDOWN,BUY_COUNTDOWN_CANCEL,1,11,,tdst_break_rule_4,BUY_SETUP,False,2024-12-30 00:00:00,2025-01-10 00:00:00,1493.44,1493.44,2025-01-10 00:00:00,2025-01-17 00:00:00,2025-01-22 00:00:00,2025-01-23 00:00:00,2025-01-24 00:00:00,2025-01-27 00:00:00,2025-02-05 00:00:00,2025-02-06 00:00:00,2025-02-25 00:00:00,1402.44,2025-02-26 00:00:00,2025-03-04 00:00:00,2025-03-05 00:00:00,,,2025-02-06 00:00:00,1348.45,1370.43,1497.12,1497.12,1460.44,5027884170.0,0.011762,0.07595
600036SS_2025-03-11T000000_SELL_SETUP_-1_2025-03-11T000000_9,2025-03-11 00:00:00,600036.SS,1d,SETUP,SELL_SETUP,-1,9,False,,SELL_SETUP,False,2025-02-27 00:00:00,2025-03-11 00:00:00,,,,,,,,,,,,,,,,,,,,,,,,2225717077.5,0.011191,0.048951
600036SS_2025-03-13T000000_SELL_COUNTDOWN_PROGRESS_-1_2025-03-11T000000_1,2025-03-13 00:00:00,600036.SS,1d,COUNTDOWN,SELL_COUNTDOWN_PROGRESS,-1,1,,,SELL_SETUP,False,2025-02-27 00:00:00,2025-03-11 00:00:00,40.79,38.27,2025-03-11 00:00:00,2025-03-13 00:00:00,,,,,,,,,,,,,,2025-03-13 00:00:00,40.49,41.37,40.83,41.37,40.49,2224989332.5,0.011177,0.046386
000651SZ_2025-03-13T000000_SELL_SETUP_PERFECT_-1_2025-03-13T000000_9,2025-03-13 00:00:00,000651.SZ,1d,SETUP,SELL_SETUP_PERFECT,-1,9,True,,SELL_SETUP,True,2025-03-03 00:00:00,2025-03-13 00:00:00,,,,,,,,,,,,,,,,,,,,,,,,2274271179.0,0.01382,-0.0365
000651SZ_2025-03-13T000000_SELL_COUNTDOWN_PROGRESS_-1_2025-03-13T000000_1,2025-03-13 00:00:00,000651.SZ,1d,COUNTDOWN,SELL_COUNTDOWN_PROGRESS,-1,1,,,SELL_SETUP,True,2025-03-03 00:00:00,2025-03-13 00:00:00,38.93,36.46,2025-03-13 00:00:00,2025-03-13 00:00:00,,,,,,,,,,,,,,2025-03-13 00:00:00,38.03,38.93,38.54,38.93,38.03,2274271179.0,0.01382,-0.0365
601318SS_2025-03-14T000000_SELL_COUNTDOWN_PROGRESS_-1_2025-02-19T000000_4,2025-03-14 00:00:00,601318.SS,1d,COUNTDOWN,SELL_COUNTDOWN_PROGRESS,-1,4,,,SELL_SETUP,False,2025-02-07 00:00:00,2025-02-19 00:00:00,49.83,47.29,2025-02-19 00:00:00,2025-02-24 00:00:00,2025-03-06 00:00:00,2025-03-07 00:00:00,2025-03-14 00:00:00,,,,,,,,,,,2025-03-06 00:00:00,47.98,49.38,50.92,51.34,48.66,3238797455.0,0.016231,0.03307
600036SS_2025-03-14T000000_SELL_COUNTDOWN_PROGRESS_-1_2025-03-11T000000_2,2025-03-14 00:00:00,600036.SS,1d,COUNTDOWN,SELL_COUNTDOWN_PROGRESS,-1,2,,,SELL_SETUP,False,2025-02-27 00:00:00,2025-03-11 00:00:00,40.79,38.27,2025-03-11 00:00:00,2025-03-13 00:00:00,2025-03-14 00:00:00,,,,,,,,,,,,,2025-03-13 00:00:00,40.49,41.37,42.15,42.46,40.93,2325465162.5,0.012717,0.088866
000651SZ_2025-03-14T000000_SELL_COUNTDOWN_PROGRESS_-1_2025-03-13T000000_2,2025-03-14 00:00:00,000651.SZ,1d,COUNTDOWN,SELL_COUNTDOWN_PROGRESS,-1,2,,,SELL_SETUP,True,2025-03-03 00:00:00,2025-03-13 00:00:00,38.93,36.46,2025-03-13 00:00:00,2025-03-13 00:00:00,2025-03-14 00:00:00,,,,,,,,,,,,,2025-03-13 00:00:00,38.03,38.93,39.21,39.41,38.55,2323735890.5,0.014377,-0.011845
601318SS_2025-03-17T000000_SELL_COUNTDOWN_PROGRESS_-1_2025-02-19T000000_5,2025-03-17 00:00:00,601318.SS,1d,COUNTDOWN,SELL_COUNTDOWN_PROGRESS,-1,5,,,SELL_SETUP,False,2025-02-07 00:00:00,2025-02-19 00:00:00,49.83,47.29,2025-02-19 00:00:00,2025-02-24 00:00:00,2025-03-06 00:00:00,2025-03-07 00:00:00,2025-03-14 00:00:00,2025-03-17 00:00:00,,,,,,,,,,2025-03-06 00:00:00,47.98,49.38,50.83,51.07,50.55,3238030405.0,0.015986,0.042453
600036SS_2025-03-17T000000_SELL_COUNTDOWN_PROGRESS_-1_2025-03-11T000000_3,2025-03-17 00:00:00,600036.SS,1d,COUNTDOWN,SELL_COUNTDOWN_PROGRESS,-1,3,,,SELL_SETUP,False,2025-02-27 00:00:00,2025-03-11 00:00:00,40.79,38.27,2025-03-11 00:00:00,2025-03-13 00:00:00,2025-03-14 00:00:00,2025-03-17 00:00:00,,,,,,,,,,,,2025-03-13 00:00:00,40.49,41.37,42.03,42.49,41.97,2361912457.5,0.012784,0.076588
000651SZ_2025-03-17T000000_SELL_COUNTDOWN_PROGRESS_-1_2025-03-13T000000_3,2025-03-17 00:00:00,000651.SZ,1d,COUNTDOWN,SELL_COUNTDOWN_PROGRESS,-1,3,,,SELL_SETUP,True,2025-03-03 00:00:00,2025-03-13 00:00:00,38.93,36.46,2025-03-13 00:00:00,2025-03-13 00:00:00,2025-03-14 00:00:00,2025-03-17 00:00:00,,,,,,,,,,,,2025-03-13 00:00:00,38.03,38.93,39.31,39.58,39.09,2319871505.5,0.013908,0.006916
600519SS_2025-03-18T000000_SELL_SETUP_PERFECT_-1_2025-03-18T000000_9,2025-03-18 00:00:00,600519.SS,1d,SETUP,SELL_SETUP_PERFECT,-1,9,True,,SELL_SETUP,True,2025-03-06 00:00:00,2025-03-18 00:00:00,,,,,,,,,,,,,,,,,,,,,,,,5761040445.0,0.017581,0.092397
000651SZ_2025-03-18T000000_SELL_COUNTDOWN_PROGRESS_-1_2025-03-13T000000_4,2025-03-18 00:00:00,000651.SZ,1d,COUNTDOWN,SELL_COUNTDOWN_PROGRESS,-1,4,,,SELL_SETUP,True,2025-03-03 00:00:00,2025-03-13 00:00:00,38.93,36.46,2025-03-13 00:00:00,2025-03-13 00:00:00,2025-03-14 00:00:00,2025-03-17 00:00:00,2025-03-18 00:00:00,,,,,,,,,,,2025-03-13 00:00:00,38.03,38.93,39.78,40.17,39.23,2321200340.5,0.012393,0.048221
000858SZ_2025-03-19T000000_BUY_COUNTDOWN_PROGRESS_1_2025-01-10T000000_10,2025-03-19 00:00:00,000858.SZ,1d,COUNTDOWN,BUY_COUNTDOWN_PROGRESS,1,10,,,BUY_SETUP,False,2024-12-30 00:00:00,2025-01-10 00:00:00,135.28,135.28,2025-01-10 00:00:00,2025-01-22 00:00:00,2025-01-23 00:00:00,2025-01-27 00:00:00,2025-02-05 00:00:00,2025-02-06 00:00:00,2025-02-25 00:00:00,2025-02-26 00:00:00,2025-03-04 00:00:00,124.0,2025-03-05 00:00:00,2025-03-19 00:00:00,,,,2025-02-05 00:00:00,118.76,122.13,133.17,135.04,132.61,3566940035.0,0.020588,0.067495
601318SS_2025-03-19T000000_SELL_COUNTDOWN_PROGRESS_-1_2025-02-19T000000_6,2025-03-19 00:00:00,601318.SS,1d,COUNTDOWN,SELL_COUNTDOWN_PROGRESS,-1,6,,,SELL_SETUP,False,2025-02-07 00:00:00,2025-02-19 00:00:00,49.83,47.29,2025-02-19 00:00:00,2025-02-24 00:00:00,2025-03-06 00:00:00,2025-03-07 00:00:00,2025-03-14 00:00:00,2025-03-17 00:00:00,2025-03-19 00:00:00,,,,,,,,,2025-03-06 00:00:00,47.98,49.38,51.52,51.75,51.02,3246291625.0,0.015573,0.068215
600036SS_2025-03-19T000000_SELL_COUNTDOWN_PROGRESS_-1_2025-03-11T000000_4,2025-03-19 00:00:00,600036.SS,1d,COUNTDOWN,SELL_COUNTDOWN_PROGRESS,-1,4,,,SELL_SETUP,False,2025-02-27 00:00:00,2025-03-11 00:00:00,40.79,38.27,2025-03-11 00:00:00,2025-03-13 00:00:00,2025-03-14 00:00:00,2025-03-17 00:00:00,2025-03-19 00:00:00,,,,,,,,,,,2025-03-13 00:00:00,40.49,41.37,43.01,43.09,42.09,2417932697.5,0.013109,0.107364
000651SZ_2025-03-19T000000_SELL_COUNTDOWN_PROGRESS_-1_2025-03-13T000000_5,2025-03-19 00:00:00,000651.SZ,1d,COUNTDOWN,SELL_COUNTDOWN_PROGRESS,-1,5,,,SELL_SETUP,True,2025-03-03 00:00:00,2025-03-13 00:00:00,38.93,36.46,2025-03-13 00:00:00,2025-03-13 00:00:00,2025-03-14 00:00:00,2025-03-17 00:00:00,2025-03-18 00:00:00,2025-03-19 00:00:00,,,,,,,,,,2025-03-13 00:00:00,38.03,38.93,39.62,39.91,39.34,2185228390.0,0.012433,0.046487
000858SZ_2025-03-20T000000_BUY_COUNTDOWN_PROGRESS_1_2025-01-10T000000_11,2025-03-20 00:00:00,000858.SZ,1d,COUNTDOWN,BUY_COUNTDOWN_PROGRESS,1,11,,,BUY_SETUP,False,2024-12-30 00:00:00,2025-01-10 00:00:00,135.28,135.28,2025-01-10 00:00:00,2025-01-22 00:00:00,2025-01-23 00:00:00,2025-01-27 00:00:00,2025-02-05 00:00:00,2025-02-06 00:00:00,2025-02-25 00:00:00,2025-02-26 00:00:00,2025-03-04 00:00:00,124.0,2025-03-05 00:00:00,2025-03-19 00:00:00,2025-03-20 00:00:00,,,2025-02-05 00:00:00,118.76,122.13,130.24,133.25,130.11,3636590010.0,0.021364,0.038845
000858SZ_2025-03-21T000000_BUY_COUNTDOWN_PROGRESS_1_2025-01-10T000000_12,2025-03-21 00:00:00,000858.SZ,1d,COUNTDOWN,BUY_COUNTDOWN_PROGRESS,1,12,,,BUY_SETUP,False,2024-12-30 00:00:00,2025-01-10 00:00:00,135.28,135.28,2025-01-10 00:00:00,2025-01-22 00:00:00,2025-01-23 00:00:00,2025-01-27 00:00:00,2025-02-05 00:00:00,2025-02-06 00:00:00,2025-02-25 00:00:00,2025-02-26 00:00:00,2025-03-04 00:00:00,124.0,2025-03-05 00:00:00,2025-03-19 00:00:00,2025-03-20 00:00:00,2025-03-21 00:00:00,,2025-02-05 00:00:00,118.76,122.13,128.85,131.75,128.44,3632207205.0,0.02153,0.021403
000858SZ_2025-03-24T000000_BUY_COUNTDOWN_COMPLETE_1_2025-01-10T000000_13,2025-03-24 00:00:00,000858.SZ,1d,COUNTDOWN,BUY_COUNTDOWN_COMPLETE,1,13,False,,BUY_SETUP,False,2024-12-30 00:00:00,2025-01-10 00:00:00,135.28,135.28,2025-01-10 00:00:00,2025-01-22 00:00:00,2025-01-23 00:00:00,2025-01-27 00:00:00,2025-02-05 00:00:00,2025-02-06 00:00:00,2025-02-25 00:00:00,2025-02-26 00:00:00,2025-03-04 00:00:00,124.0,2025-03-05 00:00:00,2025-03-19 00:00:00,2025-03-20 00:00:00,2025-03-21 00:00:00,2025-03-24 00:00:00,2025-02-05 00:00:00,118.76,122.13,128.56,129.18,127.28,3591615715.0,0.020648,0.045203
000651SZ_2025-03-24T000000_SELL_COUNTDOWN_PROGRESS_-1_2025-03-13T000000_6,2025-03-24 00:00:00,000651.SZ,1d,COUNTDOWN,SELL_COUNTDOWN_PROGRESS,-1,6,,,SELL_SETUP,True,2025-03-03 00:00:00,2025-03-13 00:00:00,38.93,36.46,2025-03-13 00:00:00,2025-03-13 00:00:00,2025-03-14 00:00:00,2025-03-17 00:00:00,2025-03-18 00:00:00,2025-03-19 00:00:00,2025-03-24 00:00:00,,,,,,,,,2025-03-13 00:00:00,38.03,38.93,40.99,41.3,40.18,2215202265.0,0.014357,0.122706
000651SZ_2025-03-25T000000_SELL_COUNTDOWN_PROGRESS_-1_2025-03-13T000000_7,2025-03-25 00:00:00,000651.SZ,1d,COUNTDOWN,SELL_COUNTDOWN_PROGRESS,-1,7,,,SELL_SETUP,True,2025-03-03 00:00:00,2025-03-13 00:00:00,38.93,36.46,2025-03-13 00:00:00,2025-03-13 00:00:00,2025-03-14 00:00:00,2025-03-17 00:00:00,2025-03-18 00:00:00,2025-03-19 00:00:00,2025-03-24 00:00:00,2025-03-25 00:00:00,,,,,,,,2025-03-13 00:00:00,38.03,38.93,41.17,41.61,40.91,2200809280.0,0.014307,0.114812
600519SS_2025-03-28T000000_SELL_COUNTDOWN_PROGRESS_-1_2025-03-18T000000_1,2025-03-28 00:00:00,600519.SS,1d,COUNTDOWN,SELL_COUNTDOWN_PROGRESS,-1,1,,,SELL_SETUP,True,2025-03-06 00:00:00,2025-03-18 00:00:00,1606.43,1420.52,2025-03-18 00:00:00,2025-03-28 00:00:00,,,,,,,,,,,,,,2025-03-28 00:00:00,1524.44,1541.44,1533.65,1541.44,1524.44,5135139350.0,0.017618,0.068403
000651SZ_2025-03-31T000000_SELL_COUNTDOWN_PROGRESS_-1_2025-03-13T000000_8,2025-03-31 00:00:00,000651.SZ,1d,COUNTDOWN,SELL_COUNTDOWN_PROGRESS,-1,8,,,SELL_SETUP,True,2025-03-03 00:00:00,2025-03-13 00:00:00,38.93,36.46,2025-03-13 00:00:00,2025-03-13 00:00:00,2025-03-14 00:00:00,2025-03-17 00:00:00,2025-03-18 00:00:00,2025-03-19 00:00:00,2025-03-24 00:00:00,2025-03-25 00:00:00,2025-03-31 00:00:00,41.47,,,,,,2025-03-13 00:00:00,38.03,38.93,41.47,42.24,41.21,2057446140.0,0.011876,0.1
000858SZ_2025-04-01T000000_BUY_SETUP_PERFECT_1_2025-04-01T000000_9,2025-04-01 00:00:00,000858.SZ,1d,SETUP,BUY_SETUP_PERFECT,1,9,True,,BUY_SETUP,True,2025-03-20 00:00:00,2025-04-01 00:00:00,,,,,,,,,,,,,,,,,,,,,,,,3166012220.0,0.019963,0.025883
000858SZ_2025-04-01T000000_BUY_COUNTDOWN_PROGRESS_1_2025-04-01T000000_1,2025-04-01 00:00:00,000858.SZ,1d,COUNTDOWN,BUY_COUNTDOWN_PROGRESS,1,1,,,BUY_SETUP,True,2025-03-20 00:00:00,2025-04-01 00:00:00,133.25,133.25,2025-04-01 00:00:00,2025-04-01 00:00:00,,,,,,,,,,,,,,2025-04-01 00:00:00,125.39,126.5,126.04,126.5,125.39,3166012220.0,0.019963,0.025883
000858SZ_2025-04-02T000000_BUY_COUNTDOWN_PROGRESS_1_2025-04-01T000000_2,2025-04-02 00:00:00,000858.SZ,1d,COUNTDOWN,BUY_COUNTDOWN_PROGRESS,1,2,,,BUY_SETUP,True,2025-03-20 00:00:00,2025-04-01 00:00:00,133.25,133.25,2025-04-01 00:00:00,2025-04-01 00:00:00,2025-04-02 00:00:00,,,,,,,,,,,,,2025-04-02 00:00:00,125.31,126.8,125.4,126.8,125.31,3104526954.0,0.019219,-0.004209
000858SZ_2025-04-07T000000_BUY_COUNTDOWN_PROGRESS_1_2025-04-01T000000_3,2025-04-07 00:00:00,000858.SZ,1d,COUNTDOWN,BUY_COUNTDOWN_PROGRESS,1,3,,,BUY_SETUP,True,2025-03-20 00:00:00,2025-04-01 00:00:00,133.25,133.25,2025-04-01 00:00:00,2025-04-01 00:00:00,2025-04-02 00:00:00,2025-04-07 00:00:00,,,,,,,,,,,,2025-04-07 00:00:00,118.05,124.7,121.03,124.7,118.05,3127785574.0,0.020251,-0.046557
601318SS_2025-04-07T000000_SELL_COUNTDOWN_CANCEL_-1_2025-02-19T000000_6,2025-04-07 00:00:00,601318.SS,1d,COUNTDOWN,SELL_COUNTDOWN_CANCEL,-1,6,,tdst_break_rule_4,SELL_SETUP,False,2025-02-07 00:00:00,2025-02-19 00:00:00,49.83,47.29,2025-02-19 00:00:00,2025-02-24 00:00:00,2025-03-06 00:00:00,2025-03-07 00:00:00,2025-03-14 00:00:00,2025-03-17 00:00:00,2025-03-19 00:00:00,,,,,,,,,2025-03-06 00:00:00,47.98,49.38,46.01,47.22,44.45,3221306655.0,0.019629,-0.055236
600036SS_2025-04-07T000000_SELL_COUNTDOWN_CANCEL_-1_2025-03-11T000000_4,2025-04-07 00:00:00,600036.SS,1d,COUNTDOWN,SELL_COUNTDOWN_CANCEL,-1,4,,tdst_break_rule_4,SELL_SETUP,False,2025-02-27 00:00:00,2025-03-11 00:00:00,40.79,38.27,2025-03-11 00:00:00,2025-03-13 00:00:00,2025-03-14 00:00:00,2025-03-17 00:00:00,2025-03-19 00:00:00,,,,,,,,,,,2025-03-13 00:00:00,40.49,41.37,37.82,38.99,36.38,2882363030.0,0.020372,-0.055916
600519SS_2025-04-09T000000_SELL_COUNTDOWN_PROGRESS_-1_2025-03-18T000000_2,2025-04-09 00:00:00,600519.SS,1d,COUNTDOWN,SELL_COUNTDOWN_PROGRESS,-1,2,,,SELL_SETUP,True,2025-03-06 00:00:00,2025-03-18 00:00:00,1606.43,1420.52,2025-03-18 00:00:00,2025-03-28 00:00:00,2025-04-09 00:00:00,,,,,,,,,,,,,2025-04-09 00:00:00,1468.99,1505.24,1489.48,1505.24,1468.99,5898877115.0,0.020873,-0.001033
000651SZ_2025-04-09T000000_SELL_COUNTDOWN_PROGRESS_-1_2025-03-13T000000_9,2025-04-09 00:00:00,000651.SZ,1d,COUNTDOWN,SELL_COUNTDOWN_PROGRESS,-1,9,,,SELL_SETUP,True,2025-03-03 00:00:00,2025-03-13 00:00:00,38.93,36.46,2025-03-13 00:00:00,2025-03-13 00:00:00,2025-03-14 00:00:00,2025-03-17 00:00:00,2025-03-18 00:00:00,2025-03-19 00:00:00,2025-03-24 00:00:00,2025-03-25 00:00:00,2025-03-31 00:00:00,41.47,2025-04-09 00:00:00,,,,,2025-03-13 00:00:00,38.03,38.93,40.88,41.21,39.84,2139755169.5,0.018222,0.072122
600519SS_2025-04-10T000000_SELL_COUNTDOWN_PROGRESS_-1_2025-03-18T000000_3,2025-04-10 00:00:00,600519.SS,1d,COUNTDOWN,SELL_COUNTDOWN_PROGRESS,-1,3,,,SELL_SETUP,True,2025-03-06 00:00:00,2025-03-18 00:00:00,1606.43,1420.52,2025-03-18 00:00:00,2025-03-28 00:00:00,2025-04-09 00:00:00,2025-04-10 00:00:00,,,,,,,,,,,,2025-04-09 00:00:00,1468.99,1505.24,1497.44,1503.44,1476.44,5969413475.0,0.020888,0.007556
601318SS_2025-04-10T000000_BUY_SETUP_1_2025-04-10T000000_9,2025-04-10 00:00:00,601318.SS,1d,SETUP,BUY_SETUP,1,9,False,,BUY_SETUP,False,2025-03-28 00:00:00,2025-04-10 00:00:00,,,,,,,,,,,,,,,,,,,,,,,,3424998260.0,0.020214,-0.034163
000651SZ_2025-04-10T000000_SELL_COUNTDOWN_PROGRESS_-1_2025-03-13T000000_10,2025-04-10 00:00:00,000651.SZ,1d,COUNTDOWN,SELL_COUNTDOWN_PROGRESS,-1,10,,,SELL_SETUP,True,2025-03-03 00:00:00,2025-03-13 00:00:00,38.93,36.46,2025-03-13 00:00:00,2025-03-13 00:00:00,2025-03-14 00:00:00,2025-03-17 00:00:00,2025-03-18 00:00:00,2025-03-19 00:00:00,2025-03-24 00:00:00,2025-03-25 00:00:00,2025-03-31 00:00:00,41.47,2025-04-09 00:00:00,2025-04-10 00:00:00,,,,2025-03-13 00:00:00,38.03,38.93,40.82,40.96,40.26,2167817939.5,0.018183,0.059159
600519SS_2025-04-11T000000_SELL_COUNTDOWN_PROGRESS_-1_2025-03-18T000000_4,2025-04-11 00:00:00,600519.SS,1d,COUNTDOWN,SELL_COUNTDOWN_PROGRESS,-1,4,,,SELL_SETUP,True,2025-03-06 00:00:00,2025-03-18 00:00:00,1606.43,1420.52,2025-03-18 00:00:00,2025-03-28 00:00:00,2025-04-09 00:00:00,2025-04-10 00:00:00,2025-04-11 00:00:00,,,,,,,,,,,2025-04-09 00:00:00,1468.99,1505.24,1517.42,1528.41,1493.44,6025463005.0,0.015763,-0.037445
000651SZ_2025-04-16T000000_SELL_COUNTDOWN_PROGRESS_-1_2025-03-13T000000_11,2025-04-16 00:00:00,000651.SZ,1d,COUNTDOWN,SELL_COUNTDOWN_PROGRESS,-1,11,,,SELL_SETUP,True,2025-03-03 00:00:00,2025-03-13 00:00:00,38.93,36.46,2025-03-13 00:00:00,2025-03-13 00:00:00,2025-03-14 00:00:00,2025-03-17 00:00:00,2025-03-18 00:00:00,2025-03-19 00:00:00,2025-03-24 00:00:00,2025-03-25 00:00:00,2025-03-31 00:00:00,41.47,2025-04-09 00:00:00,2025-04-10 00:00:00,2025-04-16 00:00:00,,,2025-03-13 00:00:00,38.03,38.93,41.29,41.38,40.49,2184754509.5,0.019887,0.04215
600519SS_2025-04-17T000000_SELL_COUNTDOWN_PROGRESS_-1_2025-03-18T000000_5,2025-04-17 00:00:00,600519.SS,1d,COUNTDOWN,SELL_COUNTDOWN_PROGRESS,-1,5,,,SELL_SETUP,True,2025-03-06 00:00:00,2025-03-18 00:00:00,1606.43,1420.52,2025-03-18 00:00:00,2025-03-28 00:00:00,2025-04-09 00:00:00,2025-04-10 00:00:00,2025-04-11 00:00:00,2025-04-17 00:00:00,,,,,,,,,,2025-04-09 00:00:00,1468.99,1505.24,1518.44,1524.94,1498.43,5114955645.0,0.0152,-0.021901
000651SZ_2025-04-17T000000_SELL_COUNTDOWN_PROGRESS_-1_2025-03-13T000000_12,2025-04-17 00:00:00,000651.SZ,1d,COUNTDOWN,SELL_COUNTDOWN_PROGRESS,-1,12,,,SELL_SETUP,True,2025-03-03 00:00:00,2025-03-13 00:00:00,38.93,36.46,2025-03-13 00:00:00,2025-03-13 00:00:00,2025-03-14 00:00:00,2025-03-17 00:00:00,2025-03-18 00:00:00,2025-03-19 00:00:00,2025-03-24 00:00:00,2025-03-25 00:00:00,2025-03-31 00:00:00,41.47,2025-04-09 00:00:00,2025-04-10 00:00:00,2025-04-16 00:00:00,2025-04-17 00:00:00,,2025-03-13 00:00:00,38.03,38.93,40.99,41.14,40.63,2166309015.5,0.019146,0.058626
000858SZ_2025-04-21T000000_BUY_COUNTDOWN_PROGRESS_1_2025-04-01T000000_4,2025-04-21 00:00:00,000858.SZ,1d,COUNTDOWN,BUY_COUNTDOWN_PROGRESS,1,4,,,BUY_SETUP,True,2025-03-20 00:00:00,2025-04-01 00:00:00,133.25,133.25,2025-04-01 00:00:00,2025-04-01 00:00:00,2025-04-02 00:00:00,2025-04-07 00:00:00,2025-04-21 00:00:00,,,,,,,,,,,2025-04-07 00:00:00,118.05,124.7,124.59,126.25,124.39,2332379845.0,0.013992,-0.030881
000651SZ_2025-04-21T000000_SELL_COUNTDOWN_COMPLETE_-1_2025-03-13T000000_13,2025-04-21 00:00:00,000651.SZ,1d,COUNTDOWN,SELL_COUNTDOWN_COMPLETE,-1,13,False,,SELL_SETUP,True,2025-03-03 00:00:00,2025-03-13 00:00:00,38.93,36.46,2025-03-13 00:00:00,2025-03-13 00:00:00,2025-03-14 00:00:00,2025-03-17 00:00:00,2025-03-18 00:00:00,2025-03-19 00:00:00,2025-03-24 00:00:00,2025-03-25 00:00:00,2025-03-31 00:00:00,41.47,2025-04-09 00:00:00,2025-04-10 00:00:00,2025-04-16 00:00:00,2025-04-17 00:00:00,2025-04-21 00:00:00,2025-03-13 00:00:00,38.03,38.93,41.2,41.41,40.92,2015215136.5,0.017079,0.005123
000858SZ_2025-04-22T000000_BUY_COUNTDOWN_PROGRESS_1_2025-04-01T000000_5,2025-04-22 00:00:00,000858.SZ,1d,COUNTDOWN,BUY_COUNTDOWN_PROGRESS,1,5,,,BUY_SETUP,True,2025-03-20 00:00:00,2025-04-01 00:00:00,133.25,133.25,2025-04-01 00:00:00,2025-04-01 00:00:00,2025-04-02 00:00:00,2025-04-07 00:00:00,2025-04-21 00:00:00,2025-04-22 00:00:00,,,,,,,,,,2025-04-07 00:00:00,118.05,124.7,124.35,124.99,123.75,2286882195.0,0.013956,-0.027071
000858SZ_2025-04-23T000000_BUY_COUNTDOWN_PROGRESS_1_2025-04-01T000000_6,2025-04-23 00:00:00,000858.SZ,1d,COUNTDOWN,BUY_COUNTDOWN_PROGRESS,1,6,,,BUY_SETUP,True,2025-03-20 00:00:00,2025-04-01 00:00:00,133.25,133.25,2025-04-01 00:00:00,2025-04-01 00:00:00,2025-04-02 00:00:00,2025-04-07 00:00:00,2025-04-21 00:00:00,2025-04-22 00:00:00,2025-04-23 00:00:00,,,,,,,,,2025-04-07 00:00:00,118.05,124.7,124.22,124.95,123.8,2232080874.0,0.013956,-0.026489
601318SS_2025-04-23T000000_SELL_SETUP_PERFECT_-1_2025-04-23T000000_9,2025-04-23 00:00:00,601318.SS,1d,SETUP,SELL_SETUP_PERFECT,-1,9,True,,SELL_SETUP,True,2025-04-11 00:00:00,2025-04-23 00:00:00,,,,,,,,,,,,,,,,,,,,,,,,2571204332.5,0.015117,-0.020744
601318SS_2025-04-23T000000_BUY_COUNTDOWN_CANCEL_1_2025-04-10T000000_0,2025-04-23 00:00:00,601318.SS,1d,COUNTDOWN,BUY_COUNTDOWN_CANCEL,1,0,,opposite_setup,BUY_SETUP,False,2025-03-28 00:00:00,2025-04-10 00:00:00,49.82,49.82,2025-04-10 00:00:00,,,,,,,,,,,,,,,,,,48.15,48.4,47.91,2571204332.5,0.015117,-0.020744
601318SS_2025-04-23T000000_SELL_COUNTDOWN_PROGRESS_-1_2025-04-23T000000_1,2025-04-23 00:00:00,601318.SS,1d,COUNTDOWN,SELL_COUNTDOWN_PROGRESS,-1,1,,,SELL_SETUP,True,2025-04-11 00:00:00,2025-04-23 00:00:00,48.4,46.43,2025-04-23 00:00:00,2025-04-23 00:00:00,,,,,,,,,,,,,,2025-04-23 00:00:00,47.91,48.4,48.15,48.4,47.91,2571204332.5,0.015117,-0.020744
000858SZ_2025-04-24T000000_BUY_COUNTDOWN_PROGRESS_1_2025-04-01T000000_7,2025-04-24 00:00:00,000858.SZ,1d,COUNTDOWN,BUY_COUNTDOWN_PROGRESS,1,7,,,BUY_SETUP,True,2025-03-20 00:00:00,2025-04-01 00:00:00,133.25,133.25,2025-04-01 00:00:00,2025-04-01 00:00:00,2025-04-02 00:00:00,2025-04-07 00:00:00,2025-04-21 00:00:00,2025-04-22 00:00:00,2025-04-23 00:00:00,2025-04-24 00:00:00,,,,,,,,2025-04-07 00:00:00,118.05,124.7,123.31,124.45,123.26,2244637469.0,0.013951,-0.037768
601318SS_2025-04-24T000000_SELL_COUNTDOWN_PROGRESS_-1_2025-04-23T000000_2,2025-04-24 00:00:00,601318.SS,1d,COUNTDOWN,SELL_COUNTDOWN_PROGRESS,-1,2,,,SELL_SETUP,True,2025-04-11 00:00:00,2025-04-23 00:00:00,48.4,46.43,2025-04-23 00:00:00,2025-04-23 00:00:00,2025-04-24 00:00:00,,,,,,,,,,,,,2025-04-23 00:00:00,47.91,48.4,48.67,48.93,48.15,2574964622.5,0.015248,-0.016966
000858SZ_2025-04-25T000000_BUY_COUNTDOWN_PROGRESS_1_2025-04-01T000000_8,2025-04-25 00:00:00,000858.SZ,1d,COUNTDOWN,BUY_COUNTDOWN_PROGRESS,1,8,,,BUY_SETUP,True,2025-03-20 00:00:00,2025-04-01 00:00:00,133.25,133.25,2025-04-01 00:00:00,2025-04-01 00:00:00,2025-04-02 00:00:00,2025-04-07 00:00:00,2025-04-21 00:00:00,2025-04-22 00:00:00,2025-04-23 00:00:00,2025-04-24 00:00:00,2025-04-25 00:00:00,123.3,,,,,,2025-04-07 00:00:00,118.05,124.7,123.3,124.47,123.21,2219895754.0,0.013934,-0.032789
601318SS_2025-04-25T000000_SELL_COUNTDOWN_PROGRESS_-1_2025-04-23T000000_3,2025-04-25 00:00:00,601318.SS,1d,COUNTDOWN,SELL_COUNTDOWN_PROGRESS,-1,3,,,SELL_SETUP,True,2025-04-11 00:00:00,2025-04-23 00:00:00,48.4,46.43,2025-04-23 00:00:00,2025-04-23 00:00:00,2025-04-24 00:00:00,2025-04-25 00:00:00,,,,,,,,,,,,2025-04-23 00:00:00,47.91,48.4,48.78,49.04,48.67,2557276487.5,0.01526,-0.01275
000858SZ_2025-04-30T000000_BUY_COUNTDOWN_PROGRESS_1_2025-04-01T000000_9,2025-04-30 00:00:00,000858.SZ,1d,COUNTDOWN,BUY_COUNTDOWN_PROGRESS,1,9,,,BUY_SETUP,True,2025-03-20 00:00:00,2025-04-01 00:00:00,133.25,133.25,2025-04-01 00:00:00,2025-04-01 00:00:00,2025-04-02 00:00:00,2025-04-07 00:00:00,2025-04-21 00:00:00,2025-04-22 00:00:00,2025-04-23 00:00:00,2025-04-24 00:00:00,2025-04-25 00:00:00,123.3,2025-04-30 00:00:00,,,,,2025-04-07 00:00:00,118.05,124.7,122.95,124.55,122.92,2260336104.0,0.014211,-0.019537
000651SZ_2025-04-30T000000_SELL_SETUP_-1_2025-04-30T000000_9,2025-04-30 00:00:00,000651.SZ,1d,SETUP,SELL_SETUP,-1,9,False,,SELL_SETUP,False,2025-04-18 00:00:00,2025-04-30 00:00:00,,,,,,,,,,,,,,,,,,,,,,,,1856182246.5,0.019024,0.009471
600519SS_2025-05-08T000000_SELL_COUNTDOWN_PROGRESS_-1_2025-03-18T000000_6,2025-05-08 00:00:00,600519.SS,1d,COUNTDOWN,SELL_COUNTDOWN_PROGRESS,-1,6,,,SELL_SETUP,True,2025-03-06 00:00:00,2025-03-18 00:00:00,1606.43,1420.52,2025-03-18 00:00:00,2025-03-28 00:00:00,2025-04-09 00:00:00,2025-04-10 00:00:00,2025-04-11 00:00:00,2025-04-17 00:00:00,2025-05-08 00:00:00,,,,,,,,,2025-04-09 00:00:00,1468.99,1505.24,1526.63,1541.22,1498.27,4202746880.0,0.006354,0.022224
601318SS_2025-05-08T000000_SELL_COUNTDOWN_PROGRESS_-1_2025-04-23T000000_4,2025-05-08 00:00:00,601318.SS,1d,COUNTDOWN,SELL_COUNTDOWN_PROGRESS,-1,4,,,SELL_SETUP,True,2025-04-11 00:00:00,2025-04-23 00:00:00,48.4,46.43,2025-04-23 00:00:00,2025-04-23 00:00:00,2025-04-24 00:00:00,2025-04-25 00:00:00,2025-05-08 00:00:00,,,,,,,,,,,2025-04-23 00:00:00,47.91,48.4,49.41,49.8,48.35,2350548087.5,0.006172,0.057803
000651SZ_2025-05-08T000000_SELL_COUNTDOWN_PROGRESS_-1_2025-04-30T000000_1,2025-05-08 00:00:00,000651.SZ,1d,COUNTDOWN,SELL_COUNTDOWN_PROGRESS,-1,1,,,SELL_SETUP,False,2025-04-18 00:00:00,2025-04-30 00:00:00,43.31,40.74,2025-04-30 00:00:00,2025-05-08 00:00:00,,,,,,,,,,,,,,2025-05-08 00:00:00,42.12,42.66,42.53,42.66,42.12,1737402876.0,0.013568,0.046763
600519SS_2025-05-09T000000_SELL_COUNTDOWN_PROGRESS_-1_2025-03-18T000000_7,2025-05-09 00:00:00,600519.SS,1d,COUNTDOWN,SELL_COUNTDOWN_PROGRESS,-1,7,,,SELL_SETUP,True,2025-03-06 00:00:00,2025-03-18 00:00:00,1606.43,1420.52,2025-03-18 00:00:00,2025-03-28 00:00:00,2025-04-09 00:00:00,2025-04-10 00:00:00,2025-04-11 00:00:00,2025-04-17 00:00:00,2025-05-08 00:00:00,2025-05-09 00:00:00,,,,,,,,2025-04-09 00:00:00,1468.99,1505.24,1539.62,1545.89,1523.49,3829276725.0,0.006488,0.033663
601318SS_2025-05-09T000000_SELL_COUNTDOWN_PROGRESS_-1_2025-04-23T000000_5,2025-05-09 00:00:00,601318.SS,1d,COUNTDOWN,SELL_COUNTDOWN_PROGRESS,-1,5,,,SELL_SETUP,True,2025-04-11 00:00:00,2025-04-23 00:00:00,48.4,46.43,2025-04-23 00:00:00,2025-04-23 00:00:00,2025-04-24 00:00:00,2025-04-25 00:00:00,2025-05-08 00:00:00,2025-05-09 00:00:00,,,,,,,,,,2025-04-23 00:00:00,47.91,48.4,49.2,49.61,49.2,2153622622.5,0.00596,0.060802
000651SZ_2025-05-09T000000_SELL_COUNTDOWN_PROGRESS_-1_2025-04-30T000000_2,2025-05-09 00:00:00,000651.SZ,1d,COUNTDOWN,SELL_COUNTDOWN_PROGRESS,-1,2,,,SELL_SETUP,False,2025-04-18 00:00:00,2025-04-30 00:00:00,43.31,40.74,2025-04-30 00:00:00,2025-05-08 00:00:00,2025-05-09 00:00:00,,,,,,,,,,,,,2025-05-08 00:00:00,42.12,42.66,43.01,43.19,42.54,1645663336.0,0.013688,0.052104
600519SS_2025-05-12T000000_SELL_COUNTDOWN_PROGRESS_-1_2025-03-18T000000_8,2025-05-12 00:00:00,600519.SS,1d,COUNTDOWN,SELL_COUNTDOWN_PROGRESS,-1,8,,,SELL_SETUP,True,2025-03-06 00:00:00,2025-03-18 00:00:00,1606.43,1420.52,2025-03-18 00:00:00,2025-03-28 00:00:00,2025-04-09 00:00:00,2025-04-10 00:00:00,2025-04-11 00:00:00,2025-04-17 00:00:00,2025-05-08 00:00:00,2025-05-09 00:00:00,2025-05-12 00:00:00,1552.94,,,,,,2025-04-09 00:00:00,1468.99,1505.24,1552.94,1567.37,1545.05,3599519605.0,0.006624,0.037063
601318SS_2025-05-12T000000_SELL_COUNTDOWN_PROGRESS_-1_2025-04-23T000000_6,2025-05-12 00:00:00,601318.SS,1d,COUNTDOWN,SELL_COUNTDOWN_PROGRESS,-1,6,,,SELL_SETUP,True,2025-04-11 00:00:00,2025-04-23 00:00:00,48.4,46.43,2025-04-23 00:00:00,2025-04-23 00:00:00,2025-04-24 00:00:00,2025-04-25 00:00:00,2025-05-08 00:00:00,2025-05-09 00:00:00,2025-05-12 00:00:00,,,,,,,,,2025-04-23 00:00:00,47.91,48.4,50.05,50.2,49.45,2124793967.5,0.006477,0.066482
000651SZ_2025-05-12T000000_SELL_COUNTDOWN_PROGRESS_-1_2025-04-30T000000_3,2025-05-12 00:00:00,000651.SZ,1d,COUNTDOWN,SELL_COUNTDOWN_PROGRESS,-1,3,,,SELL_SETUP,False,2025-04-18 00:00:00,2025-04-30 00:00:00,43.31,40.74,2025-04-30 00:00:00,2025-05-08 00:00:00,2025-05-09 00:00:00,2025-05-12 00:00:00,,,,,,,,,,,,2025-05-08 00:00:00,42.12,42.66,42.91,43.31,42.79,1601138911.0,0.013704,0.0512
601318SS_2025-05-13T000000_SELL_COUNTDOWN_PROGRESS_-1_2025-04-23T000000_7,2025-05-13 00:00:00,601318.SS,1d,COUNTDOWN,SELL_COUNTDOWN_PROGRESS,-1,7,,,SELL_SETUP,True,2025-04-11 00:00:00,2025-04-23 00:00:00,48.4,46.43,2025-04-23 00:00:00,2025-04-23 00:00:00,2025-04-24 00:00:00,2025-04-25 00:00:00,2025-05-08 00:00:00,2025-05-09 00:00:00,2025-05-12 00:00:00,2025-05-13 00:00:00,,,,,,,,2025-04-23 00:00:00,47.91,48.4,49.91,50.24,49.7,2067743627.5,0.006479,0.066453
600519SS_2025-05-14T000000_SELL_COUNTDOWN_PROGRESS_-1_2025-03-18T000000_9,2025-05-14 00:00:00,600519.SS,1d,COUNTDOWN,SELL_COUNTDOWN_PROGRESS,-1,9,,,SELL_SETUP,True,2025-03-06 00:00:00,2025-03-18 00:00:00,1606.43,1420.52,2025-03-18 00:00:00,2025-03-28 00:00:00,2025-04-09 00:00:00,2025-04-10 00:00:00,2025-04-11 00:00:00,2025-04-17 00:00:00,2025-05-08 00:00:00,2025-05-09 00:00:00,2025-05-12 00:00:00,1552.94,2025-05-14 00:00:00,,,,,2025-04-09 00:00:00,1468.99,1505.24,1583.43,1593.44,1536.62,3536036715.0,0.008498,0.055317
601318SS_2025-05-14T000000_SELL_COUNTDOWN_PROGRESS_-1_2025-04-23T000000_8,2025-05-14 00:00:00,601318.SS,1d,COUNTDOWN,SELL_COUNTDOWN_PROGRESS,-1,8,,,SELL_SETUP,True,2025-04-11 00:00:00,2025-04-23 00:00:00,48.4,46.43,2025-04-23 00:00:00,2025-04-23 00:00:00,2025-04-24 00:00:00,2025-04-25 00:00:00,2025-05-08 00:00:00,2025-05-09 00:00:00,2025-05-12 00:00:00,2025-05-13 00:00:00,2025-05-14 00:00:00,52.14,,,,,,2025-04-23 00:00:00,47.91,48.4,52.14,52.63,49.79,2383953032.5,0.011257,0.111016
600519SS_2025-05-15T000000_SELL_COUNTDOWN_PROGRESS_-1_2025-03-18T000000_10,2025-05-15 00:00:00,600519.SS,1d,COUNTDOWN,SELL_COUNTDOWN_PROGRESS,-1,10,,,SELL_SETUP,True,2025-03-06 00:00:00,2025-03-18 00:00:00,1606.43,1420.52,2025-03-18 00:00:00,2025-03-28 00:00:00,2025-04-09 00:00:00,2025-04-10 00:00:00,2025-04-11 00:00:00,2025-04-17 00:00:00,2025-05-08 00:00:00,2025-05-09 00:00:00,2025-05-12 00:00:00,1552.94,2025-05-14 00:00:00,2025-05-15 00:00:00,,,,2025-04-09 00:00:00,1468.99,1505.24,1580.45,1592.03,1572.57,3569235565.0,0.008558,0.049129
601318SS_2025-05-15T000000_SELL_COUNTDOWN_PROGRESS_-1_2025-04-23T000000_9,2025-05-15 00:00:00,601318.SS,1d,COUNTDOWN,SELL_COUNTDOWN_PROGRESS,-1,9,,,SELL_SETUP,True,2025-04-11 00:00:00,2025-04-23 00:00:00,48.4,46.43,2025-04-23 00:00:00,2025-04-23 00:00:00,2025-04-24 00:00:00,2025-04-25 00:00:00,2025-05-08 00:00:00,2025-05-09 00:00:00,2025-05-12 00:00:00,2025-05-13 00:00:00,2025-05-14 00:00:00,52.14,2025-05-15 00:00:00,,,,,2025-04-23 00:00:00,47.91,48.4,51.7,52.25,51.55,2442605017.5,0.011672,0.093486
000651SZ_2025-05-15T000000_SELL_COUNTDOWN_PROGRESS_-1_2025-04-30T000000_4,2025-05-15 00:00:00,000651.SZ,1d,COUNTDOWN,SELL_COUNTDOWN_PROGRESS,-1,4,,,SELL_SETUP,False,2025-04-18 00:00:00,2025-04-30 00:00:00,43.31,40.74,2025-04-30 00:00:00,2025-05-08 00:00:00,2025-05-09 00:00:00,2025-05-12 00:00:00,2025-05-15 00:00:00,,,,,,,,,,,2025-05-08 00:00:00,42.12,42.66,43.21,43.28,42.76,1490447976.0,0.010482,0.057255
600519SS_2025-05-16T000000_SELL_SETUP_-1_2025-05-16T000000_9,2025-05-16 00:00:00,600519.SS,1d,SETUP,SELL_SETUP,-1,9,False,,SELL_SETUP,False,2025-05-06 00:00:00,2025-05-16 00:00:00,,,,,,,,,,,,,,,,,,,,,,,,3587963865.0,0.0091,0.036455
600519SS_2025-05-16T000000_SELL_COUNTDOWN_CANCEL_-1_2025-03-18T000000_10,2025-05-16 00:00:00,600519.SS,1d,COUNTDOWN,SELL_COUNTDOWN_CANCEL,-1,10,,same_setup,SELL_SETUP,True,2025-03-06 00:00:00,2025-03-18 00:00:00,1606.43,1420.52,2025-03-18 00:00:00,2025-03-28 00:00:00,2025-04-09 00:00:00,2025-04-10 00:00:00,2025-04-11 00:00:00,2025-04-17 00:00:00,2025-05-08 00:00:00,2025-05-09 00:00:00,2025-05-12 00:00:00,1552.94,2025-05-14 00:00:00,2025-05-15 00:00:00,,,,2025-04-09 00:00:00,1468.99,1505.24,1562.57,1585.43,1562.57,3587963865.0,0.0091,0.036455
000858SZ_2025-05-16T000000_BUY_COUNTDOWN_PROGRESS_1_2025-04-01T000000_10,2025-05-16 00:00:00,000858.SZ,1d,COUNTDOWN,BUY_COUNTDOWN_PROGRESS,1,10,,,BUY_SETUP,True,2025-03-20 00:00:00,2025-04-01 00:00:00,133.25,133.25,2025-04-01 00:00:00,2025-04-01 00:00:00,2025-04-02 00:00:00,2025-04-07 00:00:00,2025-04-21 00:00:00,2025-04-22 00:00:00,2025-04-23 00:00:00,2025-04-24 00:00:00,2025-04-25 00:00:00,123.3,2025-04-30 00:00:00,2025-05-16 00:00:00,,,,2025-04-07 00:00:00,118.05,124.7,125.33,127.84,125.3,1953490100.0,0.009902,-0.00964
000858SZ_2025-05-19T000000_BUY_COUNTDOWN_PROGRESS_1_2025-04-01T000000_11,2025-05-19 00:00:00,000858.SZ,1d,COUNTDOWN,BUY_COUNTDOWN_PROGRESS,1,11,,,BUY_SETUP,True,2025-03-20 00:00:00,2025-04-01 00:00:00,133.25,133.25,2025-04-01 00:00:00,2025-04-01 00:00:00,2025-04-02 00:00:00,2025-04-07 00:00:00,2025-04-21 00:00:00,2025-04-22 00:00:00,2025-04-23 00:00:00,2025-04-24 00:00:00,2025-04-25 00:00:00,123.3,2025-04-30 00:00:00,2025-05-16 00:00:00,2025-05-19 00:00:00,,,2025-04-07 00:00:00,118.05,124.7,123.55,124.35,123.13,1997728845.0,0.010344,-0.025477
000858SZ_2025-05-20T000000_BUY_COUNTDOWN_PROGRESS_1_2025-04-01T000000_12,2025-05-20 00:00:00,000858.SZ,1d,COUNTDOWN,BUY_COUNTDOWN_PROGRESS,1,12,,,BUY_SETUP,True,2025-03-20 00:00:00,2025-04-01 00:00:00,133.25,133.25,2025-04-01 00:00:00,2025-04-01 00:00:00,2025-04-02 00:00:00,2025-04-07 00:00:00,2025-04-21 00:00:00,2025-04-22 00:00:00,2025-04-23 00:00:00,2025-04-24 00:00:00,2025-04-25 00:00:00,123.3,2025-04-30 00:00:00,2025-05-16 00:00:00,2025-05-19 00:00:00,2025-05-20 00:00:00,,2025-04-07 00:00:00,118.05,124.7,123.38,123.88,123.12,1999546330.0,0.010281,-0.020794
000651SZ_2025-05-20T000000_SELL_COUNTDOWN_PROGRESS_-1_2025-04-30T000000_5,2025-05-20 00:00:00,000651.SZ,1d,COUNTDOWN,SELL_COUNTDOWN_PROGRESS,-1,5,,,SELL_SETUP,False,2025-04-18 00:00:00,2025-04-30 00:00:00,43.31,40.74,2025-04-30 00:00:00,2025-05-08 00:00:00,2025-05-09 00:00:00,2025-05-12 00:00:00,2025-05-15 00:00:00,2025-05-20 00:00:00,,,,,,,,,,2025-05-08 00:00:00,42.12,42.66,44.01,44.01,42.69,1484076437.0,0.012446,0.065359
601318SS_2025-05-21T000000_SELL_COUNTDOWN_PROGRESS_-1_2025-04-23T000000_10,2025-05-21 00:00:00,601318.SS,1d,COUNTDOWN,SELL_COUNTDOWN_PROGRESS,-1,10,,,SELL_SETUP,True,2025-04-11 00:00:00,2025-04-23 00:00:00,48.4,46.43,2025-04-23 00:00:00,2025-04-23 00:00:00,2025-04-24 00:00:00,2025-04-25 00:00:00,2025-05-08 00:00:00,2025-05-09 00:00:00,2025-05-12 00:00:00,2025-05-13 00:00:00,2025-05-14 00:00:00,52.14,2025-05-15 00:00:00,2025-05-21 00:00:00,,,,2025-04-23 00:00:00,47.91,48.4,51.3,51.85,51.15,2442135597.5,0.01257,0.074796
000651SZ_2025-05-21T000000_SELL_COUNTDOWN_PROGRESS_-1_2025-04-30T000000_6,2025-05-21 00:00:00,000651.SZ,1d,COUNTDOWN,SELL_COUNTDOWN_PROGRESS,-1,6,,,SELL_SETUP,False,2025-04-18 00:00:00,2025-04-30 00:00:00,43.31,40.74,2025-04-30 00:00:00,2025-05-08 00:00:00,2025-05-09 00:00:00,2025-05-12 00:00:00,2025-05-15 00:00:00,2025-05-20 00:00:00,2025-05-21 00:00:00,,,,,,,,,2025-05-08 00:00:00,42.12,42.66,43.88,44.28,43.76,1482763817.5,0.012454,0.065049
000651SZ_2025-05-22T000000_SELL_COUNTDOWN_PROGRESS_-1_2025-04-30T000000_7,2025-05-22 00:00:00,000651.SZ,1d,COUNTDOWN,SELL_COUNTDOWN_PROGRESS,-1,7,,,SELL_SETUP,False,2025-04-18 00:00:00,2025-04-30 00:00:00,43.31,40.74,2025-04-30 00:00:00,2025-05-08 00:00:00,2025-05-09 00:00:00,2025-05-12 00:00:00,2025-05-15 00:00:00,2025-05-20 00:00:00,2025-05-21 00:00:00,2025-05-22 00:00:00,,,,,,,,2025-05-08 00:00:00,42.12,42.66,44.09,44.32,43.89,1489903325.0,0.012396,0.060876
000858SZ_2025-05-23T000000_BUY_COUNTDOWN_COMPLETE_PERFECT_1_2025-04-01T000000_13,2025-05-23 00:00:00,000858.SZ,1d,COUNTDOWN,BUY_COUNTDOWN_COMPLETE_PERFECT,1,13,True,,BUY_SETUP,True,2025-03-20 00:00:00,2025-04-01 00:00:00,133.25,133.25,2025-04-01 00:00:00,2025-04-01 00:00:00,2025-04-02 00:00:00,2025-04-07 00:00:00,2025-04-21 00:00:00,2025-04-22 00:00:00,2025-04-23 00:00:00,2025-04-24 00:00:00,2025-04-25 00:00:00,123.3,2025-04-30 00:00:00,2025-05-16 00:00:00,2025-05-19 00:00:00,2025-05-20 00:00:00,2025-05-23 00:00:00,2025-04-07 00:00:00,118.05,124.7,122.4,123.91,122.4,2021292375.0,0.010132,-0.014651
600519SS_2025-05-27T000000_SELL_COUNTDOWN_CANCEL_-1_2025-05-16T000000_0,2025-05-27 00:00:00,600519.SS,1d,COUNTDOWN,SELL_COUNTDOWN_CANCEL,-1,0,,tdst_break_rule_4,SELL_SETUP,False,2025-05-06 00:00:00,2025-05-16 00:00:00,1593.44,1492.77,2025-05-16 00:00:00,,,,,,,,,,,,,,,,,,1492.34,1507.04,1491.95,3707007895.0,0.010932,-0.004071
000858SZ_2025-05-28T000000_BUY_SETUP_PERFECT_1_2025-05-28T000000_9,2025-05-28 00:00:00,000858.SZ,1d,SETUP,BUY_SETUP_PERFECT,1,9,True,,BUY_SETUP,True,2025-05-16 00:00:00,2025-05-28 00:00:00,,,,,,,,,,,,,,,,,,,,,,,,2187396051.0,0.009972,-0.031415
000858SZ_2025-06-03T000000_BUY_COUNTDOWN_PROGRESS_1_2025-05-28T000000_1,2025-06-03 00:00:00,000858.SZ,1d,COUNTDOWN,BUY_COUNTDOWN_PROGRESS,1,1,,,BUY_SETUP,True,2025-05-16 00:00:00,2025-05-28 00:00:00,127.84,127.84,2025-05-28 00:00:00,2025-06-03 00:00:00,,,,,,,,,,,,,,2025-06-03 00:00:00,118.82,119.8,118.93,119.8,118.82,2233640821.0,0.010107,-0.038872
601318SS_2025-06-03T000000_SELL_COUNTDOWN_PROGRESS_-1_2025-04-23T000000_11,2025-06-03 00:00:00,601318.SS,1d,COUNTDOWN,SELL_COUNTDOWN_PROGRESS,-1,11,,,SELL_SETUP,True,2025-04-11 00:00:00,2025-04-23 00:00:00,48.4,46.43,2025-04-23 00:00:00,2025-04-23 00:00:00,2025-04-24 00:00:00,2025-04-25 00:00:00,2025-05-08 00:00:00,2025-05-09 00:00:00,2025-05-12 00:00:00,2025-05-13 00:00:00,2025-05-14 00:00:00,52.14,2025-05-15 00:00:00,2025-05-21 00:00:00,2025-06-03 00:00:00,,,2025-04-23 00:00:00,47.91,48.4,51.3,51.56,50.45,2441246790.5,0.012929,0.063212
000858SZ_2025-06-04T000000_BUY_COUNTDOWN_PROGRESS_1_2025-05-28T000000_2,2025-06-04 00:00:00,000858.SZ,1d,COUNTDOWN,BUY_COUNTDOWN_PROGRESS,1,2,,,BUY_SETUP,True,2025-05-16 00:00:00,2025-05-28 00:00:00,127.84,127.84,2025-05-28 00:00:00,2025-06-03 00:00:00,2025-06-04 00:00:00,,,,,,,,,,,,,2025-06-04 00:00:00,118.35,119.47,118.8,119.47,118.35,2259699346.0,0.010009,-0.043786
601318SS_2025-06-04T000000_SELL_COUNTDOWN_PROGRESS_-1_2025-04-23T000000_12,2025-06-04 00:00:00,601318.SS,1d,COUNTDOWN,SELL_COUNTDOWN_PROGRESS,-1,12,,,SELL_SETUP,True,2025-04-11 00:00:00,2025-04-23 00:00:00,48.4,46.43,2025-04-23 00:00:00,2025-04-23 00:00:00,2025-04-24 00:00:00,2025-04-25 00:00:00,2025-05-08 00:00:00,2025-05-09 00:00:00,2025-05-12 00:00:00,2025-05-13 00:00:00,2025-05-14 00:00:00,52.14,2025-05-15 00:00:00,2025-05-21 00:00:00,2025-06-03 00:00:00,2025-06-04 00:00:00,,2025-04-23 00:00:00,47.91,48.4,51.21,51.6,51.06,2457779655.5,0.012929,0.053054
000858SZ_2025-06-10T000000_BUY_COUNTDOWN_PROGRESS_1_2025-05-28T000000_3,2025-06-10 00:00:00,000858.SZ,1d,COUNTDOWN,BUY_COUNTDOWN_PROGRESS,1,3,,,BUY_SETUP,True,2025-05-16 00:00:00,2025-05-28 00:00:00,127.84,127.84,2025-05-28 00:00:00,2025-06-03 00:00:00,2025-06-04 00:00:00,2025-06-10 00:00:00,,,,,,,,,,,,2025-06-04 00:00:00,118.35,119.47,118.64,119.35,118.53,2272762796.0,0.008754,-0.067589
601318SS_2025-06-11T000000_SELL_COUNTDOWN_COMPLETE_-1_2025-04-23T000000_13,2025-06-11 00:00:00,601318.SS,1d,COUNTDOWN,SELL_COUNTDOWN_COMPLETE,-1,13,False,,SELL_SETUP,True,2025-04-11 00:00:00,2025-04-23 00:00:00,48.4,46.43,2025-04-23 00:00:00,2025-04-23 00:00:00,2025-04-24 00:00:00,2025-04-25 00:00:00,2025-05-08 00:00:00,2025-05-09 00:00:00,2025-05-12 00:00:00,2025-05-13 00:00:00,2025-05-14 00:00:00,52.14,2025-05-15 00:00:00,2025-05-21 00:00:00,2025-06-03 00:00:00,2025-06-04 00:00:00,2025-06-11 00:00:00,2025-04-23 00:00:00,47.91,48.4,51.91,52.1,50.85,2482999570.5,0.008502,-0.004411
000858SZ_2025-06-12T000000_BUY_COUNTDOWN_PROGRESS_1_2025-05-28T000000_4,2025-06-12 00:00:00,000858.SZ,1d,COUNTDOWN,BUY_COUNTDOWN_PROGRESS,1,4,,,BUY_SETUP,True,2025-05-16 00:00:00,2025-05-28 00:00:00,127.84,127.84,2025-05-28 00:00:00,2025-06-03 00:00:00,2025-06-04 00:00:00,2025-06-10 00:00:00,2025-06-12 00:00:00,,,,,,,,,,,2025-06-12 00:00:00,116.63,118.8,116.75,118.8,116.63,2321004126.0,0.007799,-0.08732
000858SZ_2025-06-13T000000_BUY_COUNTDOWN_PROGRESS_1_2025-05-28T000000_5,2025-06-13 00:00:00,000858.SZ,1d,COUNTDOWN,BUY_COUNTDOWN_PROGRESS,1,5,,,BUY_SETUP,True,2025-05-16 00:00:00,2025-05-28 00:00:00,127.84,127.84,2025-05-28 00:00:00,2025-06-03 00:00:00,2025-06-04 00:00:00,2025-06-10 00:00:00,2025-06-12 00:00:00,2025-06-13 00:00:00,,,,,,,,,,2025-06-13 00:00:00,113.27,116.15,113.37,116.15,113.27,2443375651.0,0.008876,-0.095428
600036SS_2025-06-13T000000_SELL_SETUP_-1_2025-06-13T000000_9,2025-06-13 00:00:00,600036.SS,1d,SETUP,SELL_SETUP,-1,9,False,,SELL_SETUP,False,2025-06-03 00:00:00,2025-06-13 00:00:00,,,,,,,,,,,,,,,,,,,,,,,,2169604728.0,0.007251,0.022055
000858SZ_2025-06-16T000000_BUY_COUNTDOWN_PROGRESS_1_2025-05-28T000000_6,2025-06-16 00:00:00,000858.SZ,1d,COUNTDOWN,BUY_COUNTDOWN_PROGRESS,1,6,,,BUY_SETUP,True,2025-05-16 00:00:00,2025-05-28 00:00:00,127.84,127.84,2025-05-28 00:00:00,2025-06-03 00:00:00,2025-06-04 00:00:00,2025-06-10 00:00:00,2025-06-12 00:00:00,2025-06-13 00:00:00,2025-06-16 00:00:00,,,,,,,,,2025-06-16 00:00:00,111.25,112.69,112.52,112.69,111.25,2488537506.0,0.008643,-0.089276
600036SS_2025-06-16T000000_SELL_COUNTDOWN_PROGRESS_-1_2025-06-13T000000_1,2025-06-16 00:00:00,600036.SS,1d,COUNTDOWN,SELL_COUNTDOWN_PROGRESS,-1,1,,,SELL_SETUP,False,2025-06-03 00:00:00,2025-06-13 00:00:00,42.67,40.49,2025-06-13 00:00:00,2025-06-16 00:00:00,,,,,,,,,,,,,,2025-06-16 00:00:00,41.94,42.8,42.77,42.8,41.94,2126680563.0,0.007265,0.047514
000858SZ_2025-06-17T000000_BUY_COUNTDOWN_PROGRESS_1_2025-05-28T000000_7,2025-06-17 00:00:00,000858.SZ,1d,COUNTDOWN,BUY_COUNTDOWN_PROGRESS,1,7,,,BUY_SETUP,True,2025-05-16 00:00:00,2025-05-28 00:00:00,127.84,127.84,2025-05-28 00:00:00,2025-06-03 00:00:00,2025-06-04 00:00:00,2025-06-10 00:00:00,2025-06-12 00:00:00,2025-06-13 00:00:00,2025-06-16 00:00:00,2025-06-17 00:00:00,,,,,,,,2025-06-16 00:00:00,111.25,112.69,111.96,113.09,111.68,2451245706.0,0.008603,-0.09256
600036SS_2025-06-17T000000_SELL_COUNTDOWN_PROGRESS_-1_2025-06-13T000000_2,2025-06-17 00:00:00,600036.SS,1d,COUNTDOWN,SELL_COUNTDOWN_PROGRESS,-1,2,,,SELL_SETUP,False,2025-06-03 00:00:00,2025-06-13 00:00:00,42.67,40.49,2025-06-13 00:00:00,2025-06-16 00:00:00,2025-06-17 00:00:00,,,,,,,,,,,,,2025-06-16 00:00:00,41.94,42.8,42.97,43.04,42.7,2124889763.0,0.007277,0.050868
600036SS_2025-06-18T000000_SELL_COUNTDOWN_PROGRESS_-1_2025-06-13T000000_3,2025-06-18 00:00:00,600036.SS,1d,COUNTDOWN,SELL_COUNTDOWN_PROGRESS,-1,3,,,SELL_SETUP,False,2025-06-03 00:00:00,2025-06-13 00:00:00,42.67,40.49,2025-06-13 00:00:00,2025-06-16 00:00:00,2025-06-17 00:00:00,2025-06-18 00:00:00,,,,,,,,,,,,2025-06-16 00:00:00,41.94,42.8,42.84,43.06,42.64,2112223503.0,0.007365,0.047689
000858SZ_2025-06-19T000000_BUY_COUNTDOWN_PROGRESS_1_2025-05-28T000000_8,2025-06-19 00:00:00,000858.SZ,1d,COUNTDOWN,BUY_COUNTDOWN_PROGRESS,1,8,,,BUY_SETUP,True,2025-05-16 00:00:00,2025-05-28 00:00:00,127.84,127.84,2025-05-28 00:00:00,2025-06-03 00:00:00,2025-06-04 00:00:00,2025-06-10 00:00:00,2025-06-12 00:00:00,2025-06-13 00:00:00,2025-06-16 00:00:00,2025-06-17 00:00:00,2025-06-19 00:00:00,111.53,,,,,,2025-06-16 00:00:00,111.25,112.69,111.53,112.7,111.35,2471951761.0,0.008842,-0.095752
600036SS_2025-06-23T000000_SELL_COUNTDOWN_PROGRESS_-1_2025-06-13T000000_4,2025-06-23 00:00:00,600036.SS,1d,COUNTDOWN,SELL_COUNTDOWN_PROGRESS,-1,4,,,SELL_SETUP,False,2025-06-03 00:00:00,2025-06-13 00:00:00,42.67,40.49,2025-06-13 00:00:00,2025-06-16 00:00:00,2025-06-17 00:00:00,2025-06-18 00:00:00,2025-06-23 00:00:00,,,,,,,,,,,2025-06-16 00:00:00,41.94,42.8,43.24,43.33,42.42,2101212693.0,0.006146,0.060064
600036SS_2025-06-24T000000_SELL_COUNTDOWN_PROGRESS_-1_2025-06-13T000000_5,2025-06-24 00:00:00,600036.SS,1d,COUNTDOWN,SELL_COUNTDOWN_PROGRESS,-1,5,,,SELL_SETUP,False,2025-06-03 00:00:00,2025-06-13 00:00:00,42.67,40.49,2025-06-13 00:00:00,2025-06-16 00:00:00,2025-06-17 00:00:00,2025-06-18 00:00:00,2025-06-23 00:00:00,2025-06-24 00:00:00,,,,,,,,,,2025-06-16 00:00:00,41.94,42.8,43.74,43.99,43.17,2154133918.0,0.006323,0.073901
000651SZ_2025-06-24T000000_SELL_COUNTDOWN_PROGRESS_-1_2025-04-30T000000_8,2025-06-24 00:00:00,000651.SZ,1d,COUNTDOWN,SELL_COUNTDOWN_PROGRESS,-1,8,,,SELL_SETUP,False,2025-04-18 00:00:00,2025-04-30 00:00:00,43.31,40.74,2025-04-30 00:00:00,2025-05-08 00:00:00,2025-05-09 00:00:00,2025-05-12 00:00:00,2025-05-15 00:00:00,2025-05-20 00:00:00,2025-05-21 00:00:00,2025-05-22 00:00:00,2025-06-24 00:00:00,41.91,,,,,,2025-06-24 00:00:00,41.5,42.01,41.91,42.01,41.5,1362888479.0,0.01065,-0.029636
600036SS_2025-06-25T000000_SELL_COUNTDOWN_PROGRESS_-1_2025-06-13T000000_6,2025-06-25 00:00:00,600036.SS,1d,COUNTDOWN,SELL_COUNTDOWN_PROGRESS,-1,6,,,SELL_SETUP,False,2025-06-03 00:00:00,2025-06-13 00:00:00,42.67,40.49,2025-06-13 00:00:00,2025-06-16 00:00:00,2025-06-17 00:00:00,2025-06-18 00:00:00,2025-06-23 00:00:00,2025-06-24 00:00:00,2025-06-25 00:00:00,,,,,,,,,2025-06-16 00:00:00,41.94,42.8,44.49,44.49,43.58,2217542018.0,0.006854,0.093927
000651SZ_2025-06-25T000000_SELL_COUNTDOWN_PROGRESS_-1_2025-04-30T000000_9,2025-06-25 00:00:00,000651.SZ,1d,COUNTDOWN,SELL_COUNTDOWN_PROGRESS,-1,9,,,SELL_SETUP,False,2025-04-18 00:00:00,2025-04-30 00:00:00,43.31,40.74,2025-04-30 00:00:00,2025-05-08 00:00:00,2025-05-09 00:00:00,2025-05-12 00:00:00,2025-05-15 00:00:00,2025-05-20 00:00:00,2025-05-21 00:00:00,2025-05-22 00:00:00,2025-06-24 00:00:00,41.91,2025-06-25 00:00:00,,,,,2025-06-24 00:00:00,41.5,42.01,42.38,42.5,41.78,1390034032.5,0.010627,-0.029984
600036SS_2025-06-26T000000_SELL_SETUP_PERFECT_-1_2025-06-26T000000_9,2025-06-26 00:00:00,600036.SS,1d,SETUP,SELL_SETUP_PERFECT,-1,9,True,,SELL_SETUP,True,2025-06-16 00:00:00,2025-06-26 00:00:00,,,,,,,,,,,,,,,,,,,,,,,,2292214780.0,0.006483,0.108997
600036SS_2025-06-26T000000_SELL_COUNTDOWN_CANCEL_-1_2025-06-13T000000_6,2025-06-26 00:00:00,600036.SS,1d,COUNTDOWN,SELL_COUNTDOWN_CANCEL,-1,6,,same_setup,SELL_SETUP,False,2025-06-03 00:00:00,2025-06-13 00:00:00,42.67,40.49,2025-06-13 00:00:00,2025-06-16 00:00:00,2025-06-17 00:00:00,2025-06-18 00:00:00,2025-06-23 00:00:00,2025-06-24 00:00:00,2025-06-25 00:00:00,,,,,,,,,2025-06-16 00:00:00,41.94,42.8,44.87,44.87,44.04,2292214780.0,0.006483,0.108997
600036SS_2025-06-26T000000_SELL_COUNTDOWN_PROGRESS_-1_2025-06-26T000000_1,2025-06-26 00:00:00,600036.SS,1d,COUNTDOWN,SELL_COUNTDOWN_PROGRESS,-1,1,,,SELL_SETUP,True,2025-06-16 00:00:00,2025-06-26 00:00:00,44.87,41.94,2025-06-26 00:00:00,2025-06-26 00:00:00,,,,,,,,,,,,,,2025-06-26 00:00:00,44.04,44.87,44.87,44.87,44.04,2292214780.0,0.006483,0.108997
000651SZ_2025-06-26T000000_SELL_COUNTDOWN_PROGRESS_-1_2025-04-30T000000_10,2025-06-26 00:00:00,000651.SZ,1d,COUNTDOWN,SELL_COUNTDOWN_PROGRESS,-1,10,,,SELL_SETUP,False,2025-04-18 00:00:00,2025-04-30 00:00:00,43.31,40.74,2025-04-30 00:00:00,2025-05-08 00:00:00,2025-05-09 00:00:00,2025-05-12 00:00:00,2025-05-15 00:00:00,2025-05-20 00:00:00,2025-05-21 00:00:00,2025-05-22 00:00:00,2025-06-24 00:00:00,41.91,2025-06-25 00:00:00,2025-06-26 00:00:00,,,,2025-06-24 00:00:00,41.5,42.01,42.51,42.8,42.38,1393815413.5,0.010237,-0.013002
000858SZ_2025-06-30T000000_BUY_COUNTDOWN_PROGRESS_1_2025-05-28T000000_9,2025-06-30 00:00:00,000858.SZ,1d,COUNTDOWN,BUY_COUNTDOWN_PROGRESS,1,9,,,BUY_SETUP,True,2025-05-16 00:00:00,2025-05-28 00:00:00,127.84,127.84,2025-05-28 00:00:00,2025-06-03 00:00:00,2025-06-04 00:00:00,2025-06-10 00:00:00,2025-06-12 00:00:00,2025-06-13 00:00:00,2025-06-16 00:00:00,2025-06-17 00:00:00,2025-06-19 00:00:00,111.53,2025-06-30 00:00:00,,,,,2025-06-16 00:00:00,111.25,112.69,113.15,113.83,112.53,2557136805.0,0.010455,-0.0486
000858SZ_2025-07-01T000000_BUY_COUNTDOWN_PROGRESS_1_2025-05-28T000000_10,2025-07-01 00:00:00,000858.SZ,1d,COUNTDOWN,BUY_COUNTDOWN_PROGRESS,1,10,,,BUY_SETUP,True,2025-05-16 00:00:00,2025-05-28 00:00:00,127.84,127.84,2025-05-28 00:00:00,2025-06-03 00:00:00,2025-06-04 00:00:00,2025-06-10 00:00:00,2025-06-12 00:00:00,2025-06-13 00:00:00,2025-06-16 00:00:00,2025-06-17 00:00:00,2025-06-19 00:00:00,111.53,2025-06-30 00:00:00,2025-07-01 00:00:00,,,,2025-06-16 00:00:00,111.25,112.69,112.88,113.24,112.53,2481302665.0,0.010449,-0.049832
600036SS_2025-07-02T000000_SELL_COUNTDOWN_PROGRESS_-1_2025-06-26T000000_2,2025-07-02 00:00:00,600036.SS,1d,COUNTDOWN,SELL_COUNTDOWN_PROGRESS,-1,2,,,SELL_SETUP,True,2025-06-16 00:00:00,2025-06-26 00:00:00,44.87,41.94,2025-06-26 00:00:00,2025-06-26 00:00:00,2025-07-02 00:00:00,,,,,,,,,,,,,2025-07-02 00:00:00,43.44,44.15,43.89,44.15,43.44,2459409365.0,0.011662,0.06117
000651SZ_2025-07-02T000000_SELL_COUNTDOWN_PROGRESS_-1_2025-04-30T000000_11,2025-07-02 00:00:00,000651.SZ,1d,COUNTDOWN,SELL_COUNTDOWN_PROGRESS,-1,11,,,SELL_SETUP,False,2025-04-18 00:00:00,2025-04-30 00:00:00,43.31,40.74,2025-04-30 00:00:00,2025-05-08 00:00:00,2025-05-09 00:00:00,2025-05-12 00:00:00,2025-05-15 00:00:00,2025-05-20 00:00:00,2025-05-21 00:00:00,2025-05-22 00:00:00,2025-06-24 00:00:00,41.91,2025-06-25 00:00:00,2025-06-26 00:00:00,2025-07-02 00:00:00,,,2025-06-24 00:00:00,41.5,42.01,43.42,43.73,42.5,1330186117.0,0.008532,0.035042
000651SZ_2025-07-03T000000_SELL_COUNTDOWN_PROGRESS_-1_2025-04-30T000000_12,2025-07-03 00:00:00,000651.SZ,1d,COUNTDOWN,SELL_COUNTDOWN_PROGRESS,-1,12,,,SELL_SETUP,False,2025-04-18 00:00:00,2025-04-30 00:00:00,43.31,40.74,2025-04-30 00:00:00,2025-05-08 00:00:00,2025-05-09 00:00:00,2025-05-12 00:00:00,2025-05-15 00:00:00,2025-05-20 00:00:00,2025-05-21 00:00:00,2025-05-22 00:00:00,2025-06-24 00:00:00,41.91,2025-06-25 00:00:00,2025-06-26 00:00:00,2025-07-02 00:00:00,2025-07-03 00:00:00,,2025-06-24 00:00:00,41.5,42.01,43.54,43.68,43.26,1300477199.0,0.008493,0.039637
000651SZ_2025-07-04T000000_SELL_SETUP_PERFECT_-1_2025-07-04T000000_9,2025-07-04 00:00:00,000651.SZ,1d,SETUP,SELL_SETUP_PERFECT,-1,9,True,,SELL_SETUP,True,2025-06-24 00:00:00,2025-07-04 00:00:00,,,,,,,,,,,,,,,,,,,,,,,,1296309428.0,0.008477,0.0459
000651SZ_2025-07-04T000000_SELL_COUNTDOWN_CANCEL_-1_2025-04-30T000000_12,2025-07-04 00:00:00,000651.SZ,1d,COUNTDOWN,SELL_COUNTDOWN_CANCEL,-1,12,,same_setup,SELL_SETUP,False,2025-04-18 00:00:00,2025-04-30 00:00:00,43.31,40.74,2025-04-30 00:00:00,2025-05-08 00:00:00,2025-05-09 00:00:00,2025-05-12 00:00:00,2025-05-15 00:00:00,2025-05-20 00:00:00,2025-05-21 00:00:00,2025-05-22 00:00:00,2025-06-24 00:00:00,41.91,2025-06-25 00:00:00,2025-06-26 00:00:00,2025-07-02 00:00:00,2025-07-03 00:00:00,,2025-06-24 00:00:00,41.5,42.01,43.75,43.85,43.31,1296309428.0,0.008477,0.0459
000651SZ_2025-07-04T000000_SELL_COUNTDOWN_PROGRESS_-1_2025-07-04T000000_1,2025-07-04 00:00:00,000651.SZ,1d,COUNTDOWN,SELL_COUNTDOWN_PROGRESS,-1,1,,,SELL_SETUP,True,2025-06-24 00:00:00,2025-07-04 00:00:00,43.85,41.5,2025-07-04 00:00:00,2025-07-04 00:00:00,,,,,,,,,,,,,,2025-07-04 00:00:00,43.31,43.85,43.75,43.85,43.31,1296309428.0,0.008477,0.0459
600036SS_2025-07-07T000000_SELL_COUNTDOWN_PROGRESS_-1_2025-06-26T000000_3,2025-07-07 00:00:00,600036.SS,1d,COUNTDOWN,SELL_COUNTDOWN_PROGRESS,-1,3,,,SELL_SETUP,True,2025-06-16 00:00:00,2025-06-26 00:00:00,44.87,41.94,2025-06-26 00:00:00,2025-06-26 00:00:00,2025-07-02 00:00:00,2025-07-07 00:00:00,,,,,,,,,,,,2025-07-02 00:00:00,43.44,44.15,44.19,44.29,43.69,2600426200.0,0.01199,0.06073
600036SS_2025-07-08T000000_SELL_COUNTDOWN_PROGRESS_-1_2025-06-26T000000_4,2025-07-08 00:00:00,600036.SS,1d,COUNTDOWN,SELL_COUNTDOWN_PROGRESS,-1,4,,,SELL_SETUP,True,2025-06-16 00:00:00,2025-06-26 00:00:00,44.87,41.94,2025-06-26 00:00:00,2025-06-26 00:00:00,2025-07-02 00:00:00,2025-07-07 00:00:00,2025-07-08 00:00:00,,,,,,,,,,,2025-07-02 00:00:00,43.44,44.15,44.61,44.66,44.09,2633503690.0,0.011746,0.05461
600036SS_2025-07-10T000000_SELL_COUNTDOWN_PROGRESS_-1_2025-06-26T000000_5,2025-07-10 00:00:00,600036.SS,1d,COUNTDOWN,SELL_COUNTDOWN_PROGRESS,-1,5,,,SELL_SETUP,True,2025-06-16 00:00:00,2025-06-26 00:00:00,44.87,41.94,2025-06-26 00:00:00,2025-06-26 00:00:00,2025-07-02 00:00:00,2025-07-07 00:00:00,2025-07-08 00:00:00,2025-07-10 00:00:00,,,,,,,,,,2025-07-02 00:00:00,43.44,44.15,45.23,45.54,44.09,2793718215.0,0.013089,0.072563
000651SZ_2025-07-11T000000_SELL_COUNTDOWN_PROGRESS_-1_2025-07-04T000000_2,2025-07-11 00:00:00,000651.SZ,1d,COUNTDOWN,SELL_COUNTDOWN_PROGRESS,-1,2,,,SELL_SETUP,True,2025-06-24 00:00:00,2025-07-04 00:00:00,43.85,41.5,2025-07-04 00:00:00,2025-07-04 00:00:00,2025-07-11 00:00:00,,,,,,,,,,,,,2025-07-04 00:00:00,43.31,43.85,43.96,44.16,43.46,1259684381.5,0.009041,0.056477
000651SZ_2025-07-14T000000_SELL_COUNTDOWN_PROGRESS_-1_2025-07-04T000000_3,2025-07-14 00:00:00,000651.SZ,1d,COUNTDOWN,SELL_COUNTDOWN_PROGRESS,-1,3,,,SELL_SETUP,True,2025-06-24 00:00:00,2025-07-04 00:00:00,43.85,41.5,2025-07-04 00:00:00,2025-07-04 00:00:00,2025-07-11 00:00:00,2025-07-14 00:00:00,,,,,,,,,,,,2025-07-04 00:00:00,43.31,43.85,44.26,44.69,44.03,1263995661.5,0.008943,0.067535
000858SZ_2025-07-15T000000_SELL_SETUP_PERFECT_-1_2025-07-15T000000_9,2025-07-15 00:00:00,000858.SZ,1d,SETUP,SELL_SETUP_PERFECT,-1,9,True,,SELL_SETUP,True,2025-07-03 00:00:00,2025-07-15 00:00:00,,,,,,,,,,,,,,,,,,,,,,,,2157893993.0,0.008229,0.059247
000858SZ_2025-07-15T000000_BUY_COUNTDOWN_CANCEL_1_2025-05-28T000000_10,2025-07-15 00:00:00,000858.SZ,1d,COUNTDOWN,BUY_COUNTDOWN_CANCEL,1,10,,opposite_setup,BUY_SETUP,True,2025-05-16 00:00:00,2025-05-28 00:00:00,127.84,127.84,2025-05-28 00:00:00,2025-06-03 00:00:00,2025-06-04 00:00:00,2025-06-10 00:00:00,2025-06-12 00:00:00,2025-06-13 00:00:00,2025-06-16 00:00:00,2025-06-17 00:00:00,2025-06-19 00:00:00,111.53,2025-06-30 00:00:00,2025-07-01 00:00:00,,,,2025-06-16 00:00:00,111.25,112.69,119.25,119.77,118.57,2157893993.0,0.008229,0.059247
000858SZ_2025-07-15T000000_SELL_COUNTDOWN_PROGRESS_-1_2025-07-15T000000_1,2025-07-15 00:00:00,000858.SZ,1d,COUNTDOWN,SELL_COUNTDOWN_PROGRESS,-1,1,,,SELL_SETUP,True,2025-07-03 00:00:00,2025-07-15 00:00:00,119.79,113.15,2025-07-15 00:00:00,2025-07-15 00:00:00,,,,,,,,,,,,,,2025-07-15 00:00:00,118.57,119.77,119.25,119.77,118.57,2157893993.0,0.008229,0.059247
601318SS_2025-07-15T000000_SELL_SETUP_-1_2025-07-15T000000_9,2025-07-15 00:00:00,601318.SS,1d,SETUP,SELL_SETUP,-1,9,False,,SELL_SETUP,False,2025-07-03 00:00:00,2025-07-15 00:00:00,,,,,,,,,,,,,,,,,,,,,,,,3307757810.0,0.013105,0.095396
000651SZ_2025-07-15T000000_SELL_COUNTDOWN_PROGRESS_-1_2025-07-04T000000_4,2025-07-15 00:00:00,000651.SZ,1d,COUNTDOWN,SELL_COUNTDOWN_PROGRESS,-1,4,,,SELL_SETUP,True,2025-06-24 00:00:00,2025-07-04 00:00:00,43.85,41.5,2025-07-04 00:00:00,2025-07-04 00:00:00,2025-07-11 00:00:00,2025-07-14 00:00:00,2025-07-15 00:00:00,,,,,,,,,,,2025-07-04 00:00:00,43.31,43.85,44.96,45.1,44.16,1301865732.5,0.009325,0.083635
000858SZ_2025-07-17T000000_SELL_COUNTDOWN_PROGRESS_-1_2025-07-15T000000_2,2025-07-17 00:00:00,000858.SZ,1d,COUNTDOWN,SELL_COUNTDOWN_PROGRESS,-1,2,,,SELL_SETUP,True,2025-07-03 00:00:00,2025-07-15 00:00:00,119.79,113.15,2025-07-15 00:00:00,2025-07-15 00:00:00,2025-07-17 00:00:00,,,,,,,,,,,,,2025-07-15 00:00:00,118.57,119.77,120.07,120.36,119.12,2163106473.0,0.006621,0.055004
000858SZ_2025-07-18T000000_SELL_COUNTDOWN_PROGRESS_-1_2025-07-15T000000_3,2025-07-18 00:00:00,000858.SZ,1d,COUNTDOWN,SELL_COUNTDOWN_PROGRESS,-1,3,,,SELL_SETUP,True,2025-07-03 00:00:00,2025-07-15 00:00:00,119.79,113.15,2025-07-15 00:00:00,2025-07-15 00:00:00,2025-07-17 00:00:00,2025-07-18 00:00:00,,,,,,,,,,,,2025-07-15 00:00:00,118.57,119.77,121.2,122.07,119.28,2116188333.0,0.005871,0.077046
601318SS_2025-07-21T000000_SELL_COUNTDOWN_PROGRESS_-1_2025-07-15T000000_1,2025-07-21 00:00:00,601318.SS,1d,COUNTDOWN,SELL_COUNTDOWN_PROGRESS,-1,1,,,SELL_SETUP,False,2025-07-03 00:00:00,2025-07-15 00:00:00,58.07,54.48,2025-07-15 00:00:00,2025-07-21 00:00:00,,,,,,,,,,,,,,2025-07-21 00:00:00,55.95,56.8,56.24,56.8,55.95,3149033110.0,0.009024,0.036873
000858SZ_2025-07-22T000000_SELL_COUNTDOWN_PROGRESS_-1_2025-07-15T000000_4,2025-07-22 00:00:00,000858.SZ,1d,COUNTDOWN,SELL_COUNTDOWN_PROGRESS,-1,4,,,SELL_SETUP,True,2025-07-03 00:00:00,2025-07-15 00:00:00,119.79,113.15,2025-07-15 00:00:00,2025-07-15 00:00:00,2025-07-17 00:00:00,2025-07-18 00:00:00,2025-07-22 00:00:00,,,,,,,,,,,2025-07-15 00:00:00,118.57,119.77,122.95,123.31,119.98,2211033443.0,0.00795,0.074456
000858SZ_2025-07-23T000000_SELL_COUNTDOWN_PROGRESS_-1_2025-07-15T000000_5,2025-07-23 00:00:00,000858.SZ,1d,COUNTDOWN,SELL_COUNTDOWN_PROGRESS,-1,5,,,SELL_SETUP,True,2025-07-03 00:00:00,2025-07-15 00:00:00,119.79,113.15,2025-07-15 00:00:00,2025-07-15 00:00:00,2025-07-17 00:00:00,2025-07-18 00:00:00,2025-07-22 00:00:00,2025-07-23 00:00:00,,,,,,,,,,2025-07-15 00:00:00,118.57,119.77,122.62,124.3,122.55,2248645513.0,0.00789,0.075803
601318SS_2025-07-23T000000_SELL_COUNTDOWN_PROGRESS_-1_2025-07-15T000000_2,2025-07-23 00:00:00,601318.SS,1d,COUNTDOWN,SELL_COUNTDOWN_PROGRESS,-1,2,,,SELL_SETUP,False,2025-07-03 00:00:00,2025-07-15 00:00:00,58.07,54.48,2025-07-15 00:00:00,2025-07-21 00:00:00,2025-07-23 00:00:00,,,,,,,,,,,,,2025-07-23 00:00:00,55.86,57.43,57.05,57.43,55.86,3002973180.0,0.009553,0.036707
000651SZ_2025-07-23T000000_SELL_COUNTDOWN_PROGRESS_-1_2025-07-04T000000_5,2025-07-23 00:00:00,000651.SZ,1d,COUNTDOWN,SELL_COUNTDOWN_PROGRESS,-1,5,,,SELL_SETUP,True,2025-06-24 00:00:00,2025-07-04 00:00:00,43.85,41.5,2025-07-04 00:00:00,2025-07-04 00:00:00,2025-07-11 00:00:00,2025-07-14 00:00:00,2025-07-15 00:00:00,2025-07-23 00:00:00,,,,,,,,,,2025-07-04 00:00:00,43.31,43.85,45.16,45.48,44.93,1308245629.5,0.008991,0.062338
601318SS_2025-07-24T000000_SELL_COUNTDOWN_PROGRESS_-1_2025-07-15T000000_3,2025-07-24 00:00:00,601318.SS,1d,COUNTDOWN,SELL_COUNTDOWN_PROGRESS,-1,3,,,SELL_SETUP,False,2025-07-03 00:00:00,2025-07-15 00:00:00,58.07,54.48,2025-07-15 00:00:00,2025-07-21 00:00:00,2025-07-23 00:00:00,2025-07-24 00:00:00,,,,,,,,,,,,2025-07-23 00:00:00,55.86,57.43,57.69,58.05,56.76,3065641910.0,0.00923,0.060283
601318SS_2025-07-28T000000_SELL_COUNTDOWN_PROGRESS_-1_2025-07-15T000000_4,2025-07-28 00:00:00,601318.SS,1d,COUNTDOWN,SELL_COUNTDOWN_PROGRESS,-1,4,,,SELL_SETUP,False,2025-07-03 00:00:00,2025-07-15 00:00:00,58.07,54.48,2025-07-15 00:00:00,2025-07-21 00:00:00,2025-07-23 00:00:00,2025-07-24 00:00:00,2025-07-28 00:00:00,,,,,,,,,,,2025-07-23 00:00:00,55.86,57.43,59.14,59.25,57.25,3230129370.0,0.012117,0.080183
601318SS_2025-07-29T000000_SELL_COUNTDOWN_PROGRESS_-1_2025-07-15T000000_5,2025-07-29 00:00:00,601318.SS,1d,COUNTDOWN,SELL_COUNTDOWN_PROGRESS,-1,5,,,SELL_SETUP,False,2025-07-03 00:00:00,2025-07-15 00:00:00,58.07,54.48,2025-07-15 00:00:00,2025-07-21 00:00:00,2025-07-23 00:00:00,2025-07-24 00:00:00,2025-07-28 00:00:00,2025-07-29 00:00:00,,,,,,,,,,2025-07-23 00:00:00,55.86,57.43,58.54,59.33,58.42,3301052150.0,0.012527,0.06708
000858SZ_2025-07-30T000000_SELL_COUNTDOWN_PROGRESS_-1_2025-07-15T000000_6,2025-07-30 00:00:00,000858.SZ,1d,COUNTDOWN,SELL_COUNTDOWN_PROGRESS,-1,6,,,SELL_SETUP,True,2025-07-03 00:00:00,2025-07-15 00:00:00,119.79,113.15,2025-07-15 00:00:00,2025-07-15 00:00:00,2025-07-17 00:00:00,2025-07-18 00:00:00,2025-07-22 00:00:00,2025-07-23 00:00:00,2025-07-30 00:00:00,,,,,,,,,2025-07-15 00:00:00,118.57,119.77,121.94,122.57,120.7,2330719473.0,0.008957,0.07087
601318SS_2025-07-30T000000_SELL_COUNTDOWN_PROGRESS_-1_2025-07-15T000000_6,2025-07-30 00:00:00,601318.SS,1d,COUNTDOWN,SELL_COUNTDOWN_PROGRESS,-1,6,,,SELL_SETUP,False,2025-07-03 00:00:00,2025-07-15 00:00:00,58.07,54.48,2025-07-15 00:00:00,2025-07-21 00:00:00,2025-07-23 00:00:00,2025-07-24 00:00:00,2025-07-28 00:00:00,2025-07-29 00:00:00,2025-07-30 00:00:00,,,,,,,,,2025-07-23 00:00:00,55.86,57.43,59.76,60.38,58.4,3470841735.0,0.013069,0.089517
600036SS_2025-08-04T000000_SELL_COUNTDOWN_PROGRESS_-1_2025-06-26T000000_6,2025-08-04 00:00:00,600036.SS,1d,COUNTDOWN,SELL_COUNTDOWN_PROGRESS,-1,6,,,SELL_SETUP,True,2025-06-16 00:00:00,2025-06-26 00:00:00,44.87,41.94,2025-06-26 00:00:00,2025-06-26 00:00:00,2025-07-02 00:00:00,2025-07-07 00:00:00,2025-07-08 00:00:00,2025-07-10 00:00:00,2025-08-04 00:00:00,,,,,,,,,2025-08-04 00:00:00,43.3,43.96,43.89,43.96,43.3,3236100315.0,0.008468,-0.01614
000858SZ_2025-08-05T000000_SELL_COUNTDOWN_PROGRESS_-1_2025-07-15T000000_7,2025-08-05 00:00:00,000858.SZ,1d,COUNTDOWN,SELL_COUNTDOWN_PROGRESS,-1,7,,,SELL_SETUP,True,2025-07-03 00:00:00,2025-07-15 00:00:00,119.79,113.15,2025-07-15 00:00:00,2025-07-15 00:00:00,2025-07-17 00:00:00,2025-07-18 00:00:00,2025-07-22 00:00:00,2025-07-23 00:00:00,2025-07-30 00:00:00,2025-08-05 00:00:00,,,,,,,,2025-08-05 00:00:00,118.37,119.64,119.37,119.64,118.37,2430592155.0,0.011229,0.030384
601318SS_2025-08-05T000000_SELL_COUNTDOWN_PROGRESS_-1_2025-07-15T000000_7,2025-08-05 00:00:00,601318.SS,1d,COUNTDOWN,SELL_COUNTDOWN_PROGRESS,-1,7,,,SELL_SETUP,False,2025-07-03 00:00:00,2025-07-15 00:00:00,58.07,54.48,2025-07-15 00:00:00,2025-07-21 00:00:00,2025-07-23 00:00:00,2025-07-24 00:00:00,2025-07-28 00:00:00,2025-07-29 00:00:00,2025-07-30 00:00:00,2025-08-05 00:00:00,,,,,,,,2025-07-23 00:00:00,55.86,57.43,58.19,58.46,57.25,3642580110.0,0.015624,0.058963
600036SS_2025-08-05T000000_SELL_COUNTDOWN_PROGRESS_-1_2025-06-26T000000_7,2025-08-05 00:00:00,600036.SS,1d,COUNTDOWN,SELL_COUNTDOWN_PROGRESS,-1,7,,,SELL_SETUP,True,2025-06-16 00:00:00,2025-06-26 00:00:00,44.87,41.94,2025-06-26 00:00:00,2025-06-26 00:00:00,2025-07-02 00:00:00,2025-07-07 00:00:00,2025-07-08 00:00:00,2025-07-10 00:00:00,2025-08-04 00:00:00,2025-08-05 00:00:00,,,,,,,,2025-08-04 00:00:00,43.3,43.96,44.24,44.39,43.63,3209907995.0,0.008327,0.00272
000651SZ_2025-08-05T000000_SELL_COUNTDOWN_PROGRESS_-1_2025-07-04T000000_6,2025-08-05 00:00:00,000651.SZ,1d,COUNTDOWN,SELL_COUNTDOWN_PROGRESS,-1,6,,,SELL_SETUP,True,2025-06-24 00:00:00,2025-07-04 00:00:00,43.85,41.5,2025-07-04 00:00:00,2025-07-04 00:00:00,2025-07-11 00:00:00,2025-07-14 00:00:00,2025-07-15 00:00:00,2025-07-23 00:00:00,2025-08-05 00:00:00,,,,,,,,,2025-08-05 00:00:00,42.94,43.8,43.73,43.8,42.94,1477227831.0,0.010525,0.012034
000858SZ_2025-08-06T000000_SELL_COUNTDOWN_PROGRESS_-1_2025-07-15T000000_8,2025-08-06 00:00:00,000858.SZ,1d,COUNTDOWN,SELL_COUNTDOWN_PROGRESS,-1,8,,,SELL_SETUP,True,2025-07-03 00:00:00,2025-07-15 00:00:00,119.79,113.15,2025-07-15 00:00:00,2025-07-15 00:00:00,2025-07-17 00:00:00,2025-07-18 00:00:00,2025-07-22 00:00:00,2025-07-23 00:00:00,2025-07-30 00:00:00,2025-08-05 00:00:00,2025-08-06 00:00:00,119.58,,,,,,2025-08-05 00:00:00,118.37,119.64,119.58,119.92,118.91,2379502490.0,0.011114,0.023538
601318SS_2025-08-06T000000_SELL_COUNTDOWN_PROGRESS_-1_2025-07-15T000000_8,2025-08-06 00:00:00,601318.SS,1d,COUNTDOWN,SELL_COUNTDOWN_PROGRESS,-1,8,,,SELL_SETUP,False,2025-07-03 00:00:00,2025-07-15 00:00:00,58.07,54.48,2025-07-15 00:00:00,2025-07-21 00:00:00,2025-07-23 00:00:00,2025-07-24 00:00:00,2025-07-28 00:00:00,2025-07-29 00:00:00,2025-07-30 00:00:00,2025-08-05 00:00:00,2025-08-06 00:00:00,58.11,,,,,,2025-07-23 00:00:00,55.86,57.43,58.11,58.69,57.87,3627240890.0,0.014971,0.034354
600036SS_2025-08-06T000000_SELL_COUNTDOWN_PROGRESS_-1_2025-06-26T000000_8,2025-08-06 00:00:00,600036.SS,1d,COUNTDOWN,SELL_COUNTDOWN_PROGRESS,-1,8,,,SELL_SETUP,True,2025-06-16 00:00:00,2025-06-26 00:00:00,44.87,41.94,2025-06-26 00:00:00,2025-06-26 00:00:00,2025-07-02 00:00:00,2025-07-07 00:00:00,2025-07-08 00:00:00,2025-07-10 00:00:00,2025-08-04 00:00:00,2025-08-05 00:00:00,2025-08-06 00:00:00,44.11,,,,,,2025-08-04 00:00:00,43.3,43.96,44.11,44.72,44.1,3161842895.0,0.005901,-0.024762
000651SZ_2025-08-06T000000_SELL_COUNTDOWN_PROGRESS_-1_2025-07-04T000000_7,2025-08-06 00:00:00,000651.SZ,1d,COUNTDOWN,SELL_COUNTDOWN_PROGRESS,-1,7,,,SELL_SETUP,True,2025-06-24 00:00:00,2025-07-04 00:00:00,43.85,41.5,2025-07-04 00:00:00,2025-07-04 00:00:00,2025-07-11 00:00:00,2025-07-14 00:00:00,2025-07-15 00:00:00,2025-07-23 00:00:00,2025-08-05 00:00:00,2025-08-06 00:00:00,,,,,,,,2025-08-05 00:00:00,42.94,43.8,43.91,43.99,43.62,1473266169.0,0.010538,0.012918
000858SZ_2025-08-07T000000_SELL_COUNTDOWN_PROGRESS_-1_2025-07-15T000000_9,2025-08-07 00:00:00,000858.SZ,1d,COUNTDOWN,SELL_COUNTDOWN_PROGRESS,-1,9,,,SELL_SETUP,True,2025-07-03 00:00:00,2025-07-15 00:00:00,119.79,113.15,2025-07-15 00:00:00,2025-07-15 00:00:00,2025-07-17 00:00:00,2025-07-18 00:00:00,2025-07-22 00:00:00,2025-07-23 00:00:00,2025-07-30 00:00:00,2025-08-05 00:00:00,2025-08-06 00:00:00,119.58,2025-08-07 00:00:00,,,,,2025-08-05 00:00:00,118.37,119.64,119.97,120.56,119.37,2351313635.0,0.010671,0.011978
000651SZ_2025-08-07T000000_SELL_COUNTDOWN_PROGRESS_-1_2025-07-04T000000_8,2025-08-07 00:00:00,000651.SZ,1d,COUNTDOWN,SELL_COUNTDOWN_PROGRESS,-1,8,,,SELL_SETUP,True,2025-06-24 00:00:00,2025-07-04 00:00:00,43.85,41.5,2025-07-04 00:00:00,2025-07-04 00:00:00,2025-07-11 00:00:00,2025-07-14 00:00:00,2025-07-15 00:00:00,2025-07-23 00:00:00,2025-08-05 00:00:00,2025-08-06 00:00:00,2025-08-07 00:00:00,44.01,,,,,,2025-08-05 00:00:00,42.94,43.8,44.01,44.16,43.68,1486949982.0,0.01007,0.001137
000651SZ_2025-08-08T000000_SELL_COUNTDOWN_PROGRESS_-1_2025-07-04T000000_9,2025-08-08 00:00:00,000651.SZ,1d,COUNTDOWN,SELL_COUNTDOWN_PROGRESS,-1,9,,,SELL_SETUP,True,2025-06-24 00:00:00,2025-07-04 00:00:00,43.85,41.5,2025-07-04 00:00:00,2025-07-04 00:00:00,2025-07-11 00:00:00,2025-07-14 00:00:00,2025-07-15 00:00:00,2025-07-23 00:00:00,2025-08-05 00:00:00,2025-08-06 00:00:00,2025-08-07 00:00:00,44.01,2025-08-08 00:00:00,,,,,2025-08-05 00:00:00,42.94,43.8,44.45,44.62,43.91,1478743838.5,0.010206,0.004293
000858SZ_2025-08-11T000000_SELL_COUNTDOWN_PROGRESS_-1_2025-07-15T000000_10,2025-08-11 00:00:00,000858.SZ,1d,COUNTDOWN,SELL_COUNTDOWN_PROGRESS,-1,10,,,SELL_SETUP,True,2025-07-03 00:00:00,2025-07-15 00:00:00,119.79,113.15,2025-07-15 00:00:00,2025-07-15 00:00:00,2025-07-17 00:00:00,2025-07-18 00:00:00,2025-07-22 00:00:00,2025-07-23 00:00:00,2025-07-30 00:00:00,2025-08-05 00:00:00,2025-08-06 00:00:00,119.58,2025-08-07 00:00:00,2025-08-11 00:00:00,,,,2025-08-05 00:00:00,118.37,119.64,121.36,121.77,119.53,2199778693.0,0.010928,0.017694
000651SZ_2025-08-11T000000_SELL_COUNTDOWN_PROGRESS_-1_2025-07-04T000000_10,2025-08-11 00:00:00,000651.SZ,1d,COUNTDOWN,SELL_COUNTDOWN_PROGRESS,-1,10,,,SELL_SETUP,True,2025-06-24 00:00:00,2025-07-04 00:00:00,43.85,41.5,2025-07-04 00:00:00,2025-07-04 00:00:00,2025-07-11 00:00:00,2025-07-14 00:00:00,2025-07-15 00:00:00,2025-07-23 00:00:00,2025-08-05 00:00:00,2025-08-06 00:00:00,2025-08-07 00:00:00,44.01,2025-08-08 00:00:00,2025-08-11 00:00:00,,,,2025-08-05 00:00:00,42.94,43.8,44.24,44.56,44.07,1463978083.0,0.009571,-0.016014
000858SZ_2025-08-12T000000_SELL_COUNTDOWN_PROGRESS_-1_2025-07-15T000000_11,2025-08-12 00:00:00,000858.SZ,1d,COUNTDOWN,SELL_COUNTDOWN_PROGRESS,-1,11,,,SELL_SETUP,True,2025-07-03 00:00:00,2025-07-15 00:00:00,119.79,113.15,2025-07-15 00:00:00,2025-07-15 00:00:00,2025-07-17 00:00:00,2025-07-18 00:00:00,2025-07-22 00:00:00,2025-07-23 00:00:00,2025-07-30 00:00:00,2025-08-05 00:00:00,2025-08-06 00:00:00,119.58,2025-08-07 00:00:00,2025-08-11 00:00:00,2025-08-12 00:00:00,,,2025-08-05 00:00:00,118.37,119.64,120.61,122.75,120.43,2210272168.0,0.011037,0.009035
000651SZ_2025-08-12T000000_SELL_COUNTDOWN_PROGRESS_-1_2025-07-04T000000_11,2025-08-12 00:00:00,000651.SZ,1d,COUNTDOWN,SELL_COUNTDOWN_PROGRESS,-1,11,,,SELL_SETUP,True,2025-06-24 00:00:00,2025-07-04 00:00:00,43.85,41.5,2025-07-04 00:00:00,2025-07-04 00:00:00,2025-07-11 00:00:00,2025-07-14 00:00:00,2025-07-15 00:00:00,2025-07-23 00:00:00,2025-08-05 00:00:00,2025-08-06 00:00:00,2025-08-07 00:00:00,44.01,2025-08-08 00:00:00,2025-08-11 00:00:00,2025-08-12 00:00:00,,,2025-08-05 00:00:00,42.94,43.8,44.89,45.31,44.2,1477079123.0,0.009879,0.008991
000651SZ_2025-08-13T000000_SELL_COUNTDOWN_PROGRESS_-1_2025-07-04T000000_12,2025-08-13 00:00:00,000651.SZ,1d,COUNTDOWN,SELL_COUNTDOWN_PROGRESS,-1,12,,,SELL_SETUP,True,2025-06-24 00:00:00,2025-07-04 00:00:00,43.85,41.5,2025-07-04 00:00:00,2025-07-04 00:00:00,2025-07-11 00:00:00,2025-07-14 00:00:00,2025-07-15 00:00:00,2025-07-23 00:00:00,2025-08-05 00:00:00,2025-08-06 00:00:00,2025-08-07 00:00:00,44.01,2025-08-08 00:00:00,2025-08-11 00:00:00,2025-08-12 00:00:00,2025-08-13 00:00:00,,2025-08-05 00:00:00,42.94,43.8,44.74,45.13,44.65,1475866504.5,0.00991,0.003814
601318SS_2025-08-14T000000_SELL_COUNTDOWN_PROGRESS_-1_2025-07-15T000000_9,2025-08-14 00:00:00,601318.SS,1d,COUNTDOWN,SELL_COUNTDOWN_PROGRESS,-1,9,,,SELL_SETUP,False,2025-07-03 00:00:00,2025-07-15 00:00:00,58.07,54.48,2025-07-15 00:00:00,2025-07-21 00:00:00,2025-07-23 00:00:00,2025-07-24 00:00:00,2025-07-28 00:00:00,2025-07-29 00:00:00,2025-07-30 00:00:00,2025-08-05 00:00:00,2025-08-06 00:00:00,58.11,2025-08-14 00:00:00,,,,,2025-07-23 00:00:00,55.86,57.43,58.67,59.65,57.82,3591897915.0,0.015161,0.045438
601318SS_2025-08-15T000000_SELL_COUNTDOWN_PROGRESS_-1_2025-07-15T000000_10,2025-08-15 00:00:00,601318.SS,1d,COUNTDOWN,SELL_COUNTDOWN_PROGRESS,-1,10,,,SELL_SETUP,False,2025-07-03 00:00:00,2025-07-15 00:00:00,58.07,54.48,2025-07-15 00:00:00,2025-07-21 00:00:00,2025-07-23 00:00:00,2025-07-24 00:00:00,2025-07-28 00:00:00,2025-07-29 00:00:00,2025-07-30 00:00:00,2025-08-05 00:00:00,2025-08-06 00:00:00,58.11,2025-08-14 00:00:00,2025-08-15 00:00:00,,,,2025-07-23 00:00:00,55.86,57.43,58.85,59.5,58.05,3734383810.0,0.015161,0.046408
000858SZ_2025-08-19T000000_SELL_COUNTDOWN_PROGRESS_-1_2025-07-15T000000_12,2025-08-19 00:00:00,000858.SZ,1d,COUNTDOWN,SELL_COUNTDOWN_PROGRESS,-1,12,,,SELL_SETUP,True,2025-07-03 00:00:00,2025-07-15 00:00:00,119.79,113.15,2025-07-15 00:00:00,2025-07-15 00:00:00,2025-07-17 00:00:00,2025-07-18 00:00:00,2025-07-22 00:00:00,2025-07-23 00:00:00,2025-07-30 00:00:00,2025-08-05 00:00:00,2025-08-06 00:00:00,119.58,2025-08-07 00:00:00,2025-08-11 00:00:00,2025-08-12 00:00:00,2025-08-19 00:00:00,,2025-08-05 00:00:00,118.37,119.64,121.83,123.17,121.19,2255760348.0,0.009061,-0.006443
000858SZ_2025-08-20T000000_SELL_COUNTDOWN_COMPLETE_PERFECT_-1_2025-07-15T000000_13,2025-08-20 00:00:00,000858.SZ,1d,COUNTDOWN,SELL_COUNTDOWN_COMPLETE_PERFECT,-1,13,True,,SELL_SETUP,True,2025-07-03 00:00:00,2025-07-15 00:00:00,119.79,113.15,2025-07-15 00:00:00,2025-07-15 00:00:00,2025-07-17 00:00:00,2025-07-18 00:00:00,2025-07-22 00:00:00,2025-07-23 00:00:00,2025-07-30 00:00:00,2025-08-05 00:00:00,2025-08-06 00:00:00,119.58,2025-08-07 00:00:00,2025-08-11 00:00:00,2025-08-12 00:00:00,2025-08-19 00:00:00,2025-08-20 00:00:00,2025-08-05 00:00:00,118.37,119.64,123.2,123.92,120.77,2365514173.0,0.009402,0.00187
600036SS_2025-08-20T000000_BUY_SETUP_1_2025-08-20T000000_9,2025-08-20 00:00:00,600036.SS,1d,SETUP,BUY_SETUP,1,9,False,,BUY_SETUP,False,2025-08-08 00:00:00,2025-08-20 00:00:00,,,,,,,,,,,,,,,,,,,,,,,,2880300470.0,0.006952,-0.032596
600036SS_2025-08-20T000000_SELL_COUNTDOWN_CANCEL_-1_2025-06-26T000000_8,2025-08-20 00:00:00,600036.SS,1d,COUNTDOWN,SELL_COUNTDOWN_CANCEL,-1,8,,opposite_setup,SELL_SETUP,True,2025-06-16 00:00:00,2025-06-26 00:00:00,44.87,41.94,2025-06-26 00:00:00,2025-06-26 00:00:00,2025-07-02 00:00:00,2025-07-07 00:00:00,2025-07-08 00:00:00,2025-07-10 00:00:00,2025-08-04 00:00:00,2025-08-05 00:00:00,2025-08-06 00:00:00,44.11,,,,,,2025-08-04 00:00:00,43.3,43.96,42.44,42.62,42.14,2880300470.0,0.006952,-0.032596
601318SS_2025-08-22T000000_SELL_COUNTDOWN_PROGRESS_-1_2025-07-15T000000_11,2025-08-22 00:00:00,601318.SS,1d,COUNTDOWN,SELL_COUNTDOWN_PROGRESS,-1,11,,,SELL_SETUP,False,2025-07-03 00:00:00,2025-07-15 00:00:00,58.07,54.48,2025-07-15 00:00:00,2025-07-21 00:00:00,2025-07-23 00:00:00,2025-07-24 00:00:00,2025-07-28 00:00:00,2025-07-29 00:00:00,2025-07-30 00:00:00,2025-08-05 00:00:00,2025-08-06 00:00:00,58.11,2025-08-14 00:00:00,2025-08-15 00:00:00,2025-08-22 00:00:00,,,2025-07-23 00:00:00,55.86,57.43,59.55,59.56,58.49,3994207055.0,0.013435,0.006933
601318SS_2025-08-25T000000_SELL_COUNTDOWN_PROGRESS_-1_2025-07-15T000000_12,2025-08-25 00:00:00,601318.SS,1d,COUNTDOWN,SELL_COUNTDOWN_PROGRESS,-1,12,,,SELL_SETUP,False,2025-07-03 00:00:00,2025-07-15 00:00:00,58.07,54.48,2025-07-15 00:00:00,2025-07-21 00:00:00,2025-07-23 00:00:00,2025-07-24 00:00:00,2025-07-28 00:00:00,2025-07-29 00:00:00,2025-07-30 00:00:00,2025-08-05 00:00:00,2025-08-06 00:00:00,58.11,2025-08-14 00:00:00,2025-08-15 00:00:00,2025-08-22 00:00:00,2025-08-25 00:00:00,,2025-07-23 00:00:00,55.86,57.43,60.05,60.1,59.16,3832630215.0,0.013302,0.025794
000651SZ_2025-08-25T000000_SELL_COUNTDOWN_COMPLETE_PERFECT_-1_2025-07-04T000000_13,2025-08-25 00:00:00,000651.SZ,1d,COUNTDOWN,SELL_COUNTDOWN_COMPLETE_PERFECT,-1,13,True,,SELL_SETUP,True,2025-06-24 00:00:00,2025-07-04 00:00:00,43.85,41.5,2025-07-04 00:00:00,2025-07-04 00:00:00,2025-07-11 00:00:00,2025-07-14 00:00:00,2025-07-15 00:00:00,2025-07-23 00:00:00,2025-08-05 00:00:00,2025-08-06 00:00:00,2025-08-07 00:00:00,44.01,2025-08-08 00:00:00,2025-08-11 00:00:00,2025-08-12 00:00:00,2025-08-13 00:00:00,2025-08-25 00:00:00,2025-08-05 00:00:00,42.94,43.8,45.11,45.11,44.11,1917731108.5,0.009789,0.045908
601318SS_2025-08-26T000000_SELL_COUNTDOWN_COMPLETE_PERFECT_-1_2025-07-15T000000_13,2025-08-26 00:00:00,601318.SS,1d,COUNTDOWN,SELL_COUNTDOWN_COMPLETE_PERFECT,-1,13,True,,SELL_SETUP,False,2025-07-03 00:00:00,2025-07-15 00:00:00,58.07,54.48,2025-07-15 00:00:00,2025-07-21 00:00:00,2025-07-23 00:00:00,2025-07-24 00:00:00,2025-07-28 00:00:00,2025-07-29 00:00:00,2025-07-30 00:00:00,2025-08-05 00:00:00,2025-08-06 00:00:00,58.11,2025-08-14 00:00:00,2025-08-15 00:00:00,2025-08-22 00:00:00,2025-08-25 00:00:00,2025-08-26 00:00:00,2025-07-23 00:00:00,55.86,57.43,59.57,60.05,59.5,3812871095.0,0.012629,-0.003179
600036SS_2025-08-27T000000_BUY_COUNTDOWN_PROGRESS_1_2025-08-20T000000_1,2025-08-27 00:00:00,600036.SS,1d,COUNTDOWN,BUY_COUNTDOWN_PROGRESS,1,1,,,BUY_SETUP,False,2025-08-08 00:00:00,2025-08-20 00:00:00,44.27,44.27,2025-08-20 00:00:00,2025-08-27 00:00:00,,,,,,,,,,,,,,2025-08-27 00:00:00,41.99,42.65,41.99,42.65,41.99,2884101635.0,0.007917,-0.034046
600036SS_2025-08-28T000000_BUY_COUNTDOWN_PROGRESS_1_2025-08-20T000000_2,2025-08-28 00:00:00,600036.SS,1d,COUNTDOWN,BUY_COUNTDOWN_PROGRESS,1,2,,,BUY_SETUP,False,2025-08-08 00:00:00,2025-08-20 00:00:00,44.27,44.27,2025-08-20 00:00:00,2025-08-27 00:00:00,2025-08-28 00:00:00,,,,,,,,,,,,,2025-08-28 00:00:00,41.59,42.29,41.97,42.29,41.59,2898242090.0,0.007922,-0.033172
600036SS_2025-08-29T000000_BUY_COUNTDOWN_PROGRESS_1_2025-08-20T000000_3,2025-08-29 00:00:00,600036.SS,1d,COUNTDOWN,BUY_COUNTDOWN_PROGRESS,1,3,,,BUY_SETUP,False,2025-08-08 00:00:00,2025-08-20 00:00:00,44.27,44.27,2025-08-20 00:00:00,2025-08-27 00:00:00,2025-08-28 00:00:00,2025-08-29 00:00:00,,,,,,,,,,,,2025-08-28 00:00:00,41.59,42.29,41.88,42.98,41.88,3060499620.0,0.007325,-0.045796
600036SS_2025-09-01T000000_BUY_COUNTDOWN_PROGRESS_1_2025-08-20T000000_4,2025-09-01 00:00:00,600036.SS,1d,COUNTDOWN,BUY_COUNTDOWN_PROGRESS,1,4,,,BUY_SETUP,False,2025-08-08 00:00:00,2025-08-20 00:00:00,44.27,44.27,2025-08-20 00:00:00,2025-08-27 00:00:00,2025-08-28 00:00:00,2025-08-29 00:00:00,2025-09-01 00:00:00,,,,,,,,,,,2025-09-01 00:00:00,40.87,41.63,40.97,41.63,40.87,3218011055.0,0.008068,-0.073915
601318SS_2025-09-08T000000_BUY_SETUP_PERFECT_1_2025-09-08T000000_9,2025-09-08 00:00:00,601318.SS,1d,SETUP,BUY_SETUP_PERFECT,1,9,True,,BUY_SETUP,True,2025-08-27 00:00:00,2025-09-08 00:00:00,,,,,,,,,,,,,,,,,,,,,,,,4475378630.0,0.013777,-0.018166
000651SZ_2025-09-10T000000_BUY_SETUP_1_2025-09-10T000000_9,2025-09-10 00:00:00,000651.SZ,1d,SETUP,BUY_SETUP,1,9,False,,BUY_SETUP,False,2025-08-29 00:00:00,2025-09-10 00:00:00,,,,,,,,,,,,,,,,,,,,,,,,3384570745.0,0.016647,-0.101767
000651SZ_2025-09-10T000000_BUY_COUNTDOWN_PROGRESS_1_2025-09-10T000000_1,2025-09-10 00:00:00,000651.SZ,1d,COUNTDOWN,BUY_COUNTDOWN_PROGRESS,1,1,,,BUY_SETUP,False,2025-08-29 00:00:00,2025-09-10 00:00:00,42.38,42.38,2025-09-10 00:00:00,2025-09-10 00:00:00,,,,,,,,,,,,,,2025-09-10 00:00:00,40.11,40.37,40.16,40.37,40.11,3384570745.0,0.016647,-0.101767
600036SS_2025-09-12T000000_BUY_COUNTDOWN_PROGRESS_1_2025-08-20T000000_5,2025-09-12 00:00:00,600036.SS,1d,COUNTDOWN,BUY_COUNTDOWN_PROGRESS,1,5,,,BUY_SETUP,False,2025-08-08 00:00:00,2025-08-20 00:00:00,44.27,44.27,2025-08-20 00:00:00,2025-08-27 00:00:00,2025-08-28 00:00:00,2025-08-29 00:00:00,2025-09-01 00:00:00,2025-09-12 00:00:00,,,,,,,,,,2025-09-01 00:00:00,40.87,41.63,41.53,42.46,41.41,3543427525.0,0.012457,-0.022824
000651SZ_2025-09-12T000000_BUY_COUNTDOWN_PROGRESS_1_2025-09-10T000000_2,2025-09-12 00:00:00,000651.SZ,1d,COUNTDOWN,BUY_COUNTDOWN_PROGRESS,1,2,,,BUY_SETUP,False,2025-08-29 00:00:00,2025-09-10 00:00:00,42.38,42.38,2025-09-10 00:00:00,2025-09-10 00:00:00,2025-09-12 00:00:00,,,,,,,,,,,,,2025-09-12 00:00:00,40.02,40.45,40.05,40.45,40.02,3473231385.0,0.01674,-0.103224
601318SS_2025-09-15T000000_BUY_COUNTDOWN_PROGRESS_1_2025-09-08T000000_1,2025-09-15 00:00:00,601318.SS,1d,COUNTDOWN,BUY_COUNTDOWN_PROGRESS,1,1,,,BUY_SETUP,True,2025-08-27 00:00:00,2025-09-08 00:00:00,60.15,60.15,2025-09-08 00:00:00,2025-09-15 00:00:00,,,,,,,,,,,,,,2025-09-15 00:00:00,56.14,57.04,56.38,57.04,56.14,4059428335.0,0.013438,-0.015197
600036SS_2025-09-15T000000_BUY_COUNTDOWN_PROGRESS_1_2025-08-20T000000_6,2025-09-15 00:00:00,600036.SS,1d,COUNTDOWN,BUY_COUNTDOWN_PROGRESS,1,6,,,BUY_SETUP,False,2025-08-08 00:00:00,2025-08-20 00:00:00,44.27,44.27,2025-08-20 00:00:00,2025-08-27 00:00:00,2025-08-28 00:00:00,2025-08-29 00:00:00,2025-09-01 00:00:00,2025-09-12 00:00:00,2025-09-15 00:00:00,,,,,,,,,2025-09-01 00:00:00,40.87,41.63,41.21,41.78,41.1,3491342635.0,0.012541,-0.027837
000651SZ_2025-09-15T000000_BUY_COUNTDOWN_PROGRESS_1_2025-09-10T000000_3,2025-09-15 00:00:00,000651.SZ,1d,COUNTDOWN,BUY_COUNTDOWN_PROGRESS,1,3,,,BUY_SETUP,False,2025-08-29 00:00:00,2025-09-10 00:00:00,42.38,42.38,2025-09-10 00:00:00,2025-09-10 00:00:00,2025-09-12 00:00:00,2025-09-15 00:00:00,,,,,,,,,,,,2025-09-15 00:00:00,39.68,40.05,39.94,40.05,39.68,3485418780.0,0.016651,-0.093715
601318SS_2025-09-16T000000_BUY_COUNTDOWN_PROGRESS_1_2025-09-08T000000_2,2025-09-16 00:00:00,601318.SS,1d,COUNTDOWN,BUY_COUNTDOWN_PROGRESS,1,2,,,BUY_SETUP,True,2025-08-27 00:00:00,2025-09-08 00:00:00,60.15,60.15,2025-09-08 00:00:00,2025-09-15 00:00:00,2025-09-16 00:00:00,,,,,,,,,,,,,2025-09-16 00:00:00,55.55,56.5,55.67,56.5,55.55,3972830340.0,0.012966,-0.044292
600036SS_2025-09-16T000000_BUY_COUNTDOWN_PROGRESS_1_2025-08-20T000000_7,2025-09-16 00:00:00,600036.SS,1d,COUNTDOWN,BUY_COUNTDOWN_PROGRESS,1,7,,,BUY_SETUP,False,2025-08-08 00:00:00,2025-08-20 00:00:00,44.27,44.27,2025-08-20 00:00:00,2025-08-27 00:00:00,2025-08-28 00:00:00,2025-08-29 00:00:00,2025-09-01 00:00:00,2025-09-12 00:00:00,2025-09-15 00:00:00,2025-09-16 00:00:00,,,,,,,,2025-09-16 00:00:00,40.65,41.42,40.74,41.42,40.65,3546675140.0,0.012718,-0.040057
000651SZ_2025-09-16T000000_BUY_COUNTDOWN_PROGRESS_1_2025-09-10T000000_4,2025-09-16 00:00:00,000651.SZ,1d,COUNTDOWN,BUY_COUNTDOWN_PROGRESS,1,4,,,BUY_SETUP,False,2025-08-29 00:00:00,2025-09-10 00:00:00,42.38,42.38,2025-09-10 00:00:00,2025-09-10 00:00:00,2025-09-12 00:00:00,2025-09-15 00:00:00,2025-09-16 00:00:00,,,,,,,,,,,2025-09-16 00:00:00,39.5,39.89,39.5,39.89,39.5,3448736130.0,0.016597,-0.106133
601318SS_2025-09-17T000000_BUY_COUNTDOWN_PROGRESS_1_2025-09-08T000000_3,2025-09-17 00:00:00,601318.SS,1d,COUNTDOWN,BUY_COUNTDOWN_PROGRESS,1,3,,,BUY_SETUP,True,2025-08-27 00:00:00,2025-09-08 00:00:00,60.15,60.15,2025-09-08 00:00:00,2025-09-15 00:00:00,2025-09-16 00:00:00,2025-09-17 00:00:00,,,,,,,,,,,,2025-09-17 00:00:00,55.5,56.02,55.62,56.02,55.5,3944074520.0,0.012778,-0.051986
600036SS_2025-09-17T000000_BUY_COUNTDOWN_PROGRESS_1_2025-08-20T000000_8,2025-09-17 00:00:00,600036.SS,1d,COUNTDOWN,BUY_COUNTDOWN_PROGRESS,1,8,,,BUY_SETUP,False,2025-08-08 00:00:00,2025-08-20 00:00:00,44.27,44.27,2025-08-20 00:00:00,2025-08-27 00:00:00,2025-08-28 00:00:00,2025-08-29 00:00:00,2025-09-01 00:00:00,2025-09-12 00:00:00,2025-09-15 00:00:00,2025-09-16 00:00:00,2025-09-17 00:00:00,40.75,,,,,,2025-09-16 00:00:00,40.65,41.42,40.75,41.18,40.69,3547558365.0,0.012715,-0.040273
601318SS_2025-09-18T000000_BUY_COUNTDOWN_PROGRESS_1_2025-09-08T000000_4,2025-09-18 00:00:00,601318.SS,1d,COUNTDOWN,BUY_COUNTDOWN_PROGRESS,1,4,,,BUY_SETUP,True,2025-08-27 00:00:00,2025-09-08 00:00:00,60.15,60.15,2025-09-08 00:00:00,2025-09-15 00:00:00,2025-09-16 00:00:00,2025-09-17 00:00:00,2025-09-18 00:00:00,,,,,,,,,,,2025-09-18 00:00:00,54.16,55.72,54.33,55.72,54.16,4055526775.0,0.012836,-0.087657
600036SS_2025-09-18T000000_BUY_COUNTDOWN_PROGRESS_1_2025-08-20T000000_9,2025-09-18 00:00:00,600036.SS,1d,COUNTDOWN,BUY_COUNTDOWN_PROGRESS,1,9,,,BUY_SETUP,False,2025-08-08 00:00:00,2025-08-20 00:00:00,44.27,44.27,2025-08-20 00:00:00,2025-08-27 00:00:00,2025-08-28 00:00:00,2025-08-29 00:00:00,2025-09-01 00:00:00,2025-09-12 00:00:00,2025-09-15 00:00:00,2025-09-16 00:00:00,2025-09-17 00:00:00,40.75,2025-09-18 00:00:00,,,,,2025-09-18 00:00:00,39.79,40.83,39.82,40.83,39.79,3628544235.0,0.013528,-0.057515
000651SZ_2025-09-18T000000_BUY_COUNTDOWN_PROGRESS_1_2025-09-10T000000_5,2025-09-18 00:00:00,000651.SZ,1d,COUNTDOWN,BUY_COUNTDOWN_PROGRESS,1,5,,,BUY_SETUP,False,2025-08-29 00:00:00,2025-09-10 00:00:00,42.38,42.38,2025-09-10 00:00:00,2025-09-10 00:00:00,2025-09-12 00:00:00,2025-09-15 00:00:00,2025-09-16 00:00:00,2025-09-18 00:00:00,,,,,,,,,,2025-09-18 00:00:00,39.08,39.87,39.21,39.87,39.08,3384267795.0,0.016491,-0.111287
601318SS_2025-09-19T000000_BUY_COUNTDOWN_PROGRESS_1_2025-09-08T000000_5,2025-09-19 00:00:00,601318.SS,1d,COUNTDOWN,BUY_COUNTDOWN_PROGRESS,1,5,,,BUY_SETUP,True,2025-08-27 00:00:00,2025-09-08 00:00:00,60.15,60.15,2025-09-08 00:00:00,2025-09-15 00:00:00,2025-09-16 00:00:00,2025-09-17 00:00:00,2025-09-18 00:00:00,2025-09-19 00:00:00,,,,,,,,,,2025-09-19 00:00:00,54.05,55.05,54.15,55.05,54.05,3971475160.0,0.012466,-0.098251
600036SS_2025-09-19T000000_BUY_COUNTDOWN_PROGRESS_1_2025-08-20T000000_10,2025-09-19 00:00:00,600036.SS,1d,COUNTDOWN,BUY_COUNTDOWN_PROGRESS,1,10,,,BUY_SETUP,False,2025-08-08 00:00:00,2025-08-20 00:00:00,44.27,44.27,2025-08-20 00:00:00,2025-08-27 00:00:00,2025-08-28 00:00:00,2025-08-29 00:00:00,2025-09-01 00:00:00,2025-09-12 00:00:00,2025-09-15 00:00:00,2025-09-16 00:00:00,2025-09-17 00:00:00,40.75,2025-09-18 00:00:00,2025-09-19 00:00:00,,,,2025-09-19 00:00:00,39.54,40.52,39.99,40.52,39.54,3628961610.0,0.013018,-0.066962
000651SZ_2025-09-22T000000_BUY_COUNTDOWN_PROGRESS_1_2025-09-10T000000_6,2025-09-22 00:00:00,000651.SZ,1d,COUNTDOWN,BUY_COUNTDOWN_PROGRESS,1,6,,,BUY_SETUP,False,2025-08-29 00:00:00,2025-09-10 00:00:00,42.38,42.38,2025-09-10 00:00:00,2025-09-10 00:00:00,2025-09-12 00:00:00,2025-09-15 00:00:00,2025-09-16 00:00:00,2025-09-18 00:00:00,2025-09-22 00:00:00,,,,,,,,,2025-09-22 00:00:00,38.7,39.33,38.83,39.33,38.7,3206322875.0,0.015413,-0.138069
000651SZ_2025-09-23T000000_BUY_COUNTDOWN_PROGRESS_1_2025-09-10T000000_7,2025-09-23 00:00:00,000651.SZ,1d,COUNTDOWN,BUY_COUNTDOWN_PROGRESS,1,7,,,BUY_SETUP,False,2025-08-29 00:00:00,2025-09-10 00:00:00,42.38,42.38,2025-09-10 00:00:00,2025-09-10 00:00:00,2025-09-12 00:00:00,2025-09-15 00:00:00,2025-09-16 00:00:00,2025-09-18 00:00:00,2025-09-22 00:00:00,2025-09-23 00:00:00,,,,,,,,2025-09-23 00:00:00,38.46,39.03,38.64,39.03,38.46,3170339980.0,0.015237,-0.12678
000858SZ_2025-09-24T000000_BUY_SETUP_PERFECT_1_2025-09-24T000000_9,2025-09-24 00:00:00,000858.SZ,1d,SETUP,BUY_SETUP_PERFECT,1,9,True,,BUY_SETUP,True,2025-09-12 00:00:00,2025-09-24 00:00:00,,,,,,,,,,,,,,,,,,,,,,,,3108576235.0,0.01156,-0.025226
000651SZ_2025-09-24T000000_BUY_SETUP_PERFECT_1_2025-09-24T000000_9,2025-09-24 00:00:00,000651.SZ,1d,SETUP,BUY_SETUP_PERFECT,1,9,True,,BUY_SETUP,True,2025-09-12 00:00:00,2025-09-24 00:00:00,,,,,,,,,,,,,,,,,,,,,,,,3077125445.0,0.015581,-0.119069
000651SZ_2025-09-24T000000_BUY_COUNTDOWN_CANCEL_1_2025-09-10T000000_7,2025-09-24 00:00:00,000651.SZ,1d,COUNTDOWN,BUY_COUNTDOWN_CANCEL,1,7,,same_setup,BUY_SETUP,False,2025-08-29 00:00:00,2025-09-10 00:00:00,42.38,42.38,2025-09-10 00:00:00,2025-09-10 00:00:00,2025-09-12 00:00:00,2025-09-15 00:00:00,2025-09-16 00:00:00,2025-09-18 00:00:00,2025-09-22 00:00:00,2025-09-23 00:00:00,,,,,,,,2025-09-23 00:00:00,38.46,39.03,38.99,39.04,38.43,3077125445.0,0.015581,-0.119069
000858SZ_2025-09-25T000000_BUY_COUNTDOWN_PROGRESS_1_2025-09-24T000000_1,2025-09-25 00:00:00,000858.SZ,1d,COUNTDOWN,BUY_COUNTDOWN_PROGRESS,1,1,,,BUY_SETUP,True,2025-09-12 00:00:00,2025-09-24 00:00:00,127.09,127.09,2025-09-24 00:00:00,2025-09-25 00:00:00,,,,,,,,,,,,,,2025-09-25 00:00:00,118.93,120.08,118.94,120.08,118.93,3010146585.0,0.008305,-0.063096
600519SS_2025-09-26T000000_BUY_SETUP_PERFECT_1_2025-09-26T000000_9,2025-09-26 00:00:00,600519.SS,1d,SETUP,BUY_SETUP_PERFECT,1,9,True,,BUY_SETUP,True,2025-09-16 00:00:00,2025-09-26 00:00:00,,,,,,,,,,,,,,,,,,,,,,,,5882710945.0,0.007557,-0.028303
000858SZ_2025-09-26T000000_BUY_COUNTDOWN_PROGRESS_1_2025-09-24T000000_2,2025-09-26 00:00:00,000858.SZ,1d,COUNTDOWN,BUY_COUNTDOWN_PROGRESS,1,2,,,BUY_SETUP,True,2025-09-12 00:00:00,2025-09-24 00:00:00,127.09,127.09,2025-09-24 00:00:00,2025-09-25 00:00:00,2025-09-26 00:00:00,,,,,,,,,,,,,2025-09-26 00:00:00,117.44,119.09,117.59,119.09,117.44,2887382455.0,0.008487,-0.068889
600036SS_2025-09-26T000000_BUY_COUNTDOWN_PROGRESS_1_2025-08-20T000000_11,2025-09-26 00:00:00,600036.SS,1d,COUNTDOWN,BUY_COUNTDOWN_PROGRESS,1,11,,,BUY_SETUP,False,2025-08-08 00:00:00,2025-08-20 00:00:00,44.27,44.27,2025-08-20 00:00:00,2025-08-27 00:00:00,2025-08-28 00:00:00,2025-08-29 00:00:00,2025-09-01 00:00:00,2025-09-12 00:00:00,2025-09-15 00:00:00,2025-09-16 00:00:00,2025-09-17 00:00:00,40.75,2025-09-18 00:00:00,2025-09-19 00:00:00,2025-09-26 00:00:00,,,2025-09-26 00:00:00,39.29,39.99,39.79,39.99,39.29,3368730680.0,0.012909,-0.028802
600036SS_2025-09-29T000000_BUY_COUNTDOWN_PROGRESS_1_2025-08-20T000000_12,2025-09-29 00:00:00,600036.SS,1d,COUNTDOWN,BUY_COUNTDOWN_PROGRESS,1,12,,,BUY_SETUP,False,2025-08-08 00:00:00,2025-08-20 00:00:00,44.27,44.27,2025-08-20 00:00:00,2025-08-27 00:00:00,2025-08-28 00:00:00,2025-08-29 00:00:00,2025-09-01 00:00:00,2025-09-12 00:00:00,2025-09-15 00:00:00,2025-09-16 00:00:00,2025-09-17 00:00:00,40.75,2025-09-18 00:00:00,2025-09-19 00:00:00,2025-09-26 00:00:00,2025-09-29 00:00:00,,2025-09-26 00:00:00,39.29,39.99,39.67,40.28,39.35,3270005010.0,0.0095,-0.065048
600036SS_2025-10-09T000000_BUY_COUNTDOWN_COMPLETE_PERFECT_1_2025-08-20T000000_13,2025-10-09 00:00:00,600036.SS,1d,COUNTDOWN,BUY_COUNTDOWN_COMPLETE_PERFECT,1,13,True,,BUY_SETUP,False,2025-08-08 00:00:00,2025-08-20 00:00:00,44.27,44.27,2025-08-20 00:00:00,2025-08-27 00:00:00,2025-08-28 00:00:00,2025-08-29 00:00:00,2025-09-01 00:00:00,2025-09-12 00:00:00,2025-09-15 00:00:00,2025-09-16 00:00:00,2025-09-17 00:00:00,40.75,2025-09-18 00:00:00,2025-09-19 00:00:00,2025-09-26 00:00:00,2025-09-29 00:00:00,2025-10-09 00:00:00,2025-10-09 00:00:00,38.81,39.43,39.32,39.43,38.81,3118822105.0,0.009155,-0.0647
600519SS_2025-10-10T000000_BUY_COUNTDOWN_PROGRESS_1_2025-09-26T000000_1,2025-10-10 00:00:00,600519.SS,1d,COUNTDOWN,BUY_COUNTDOWN_PROGRESS,1,1,,,BUY_SETUP,True,2025-09-16 00:00:00,2025-09-26 00:00:00,1497.03,1497.03,2025-09-26 00:00:00,2025-10-10 00:00:00,,,,,,,,,,,,,,2025-10-10 00:00:00,1403.54,1415.98,1406.04,1415.98,1403.54,5767050465.0,0.008387,-0.036325
000858SZ_2025-10-10T000000_BUY_COUNTDOWN_PROGRESS_1_2025-09-24T000000_3,2025-10-10 00:00:00,000858.SZ,1d,COUNTDOWN,BUY_COUNTDOWN_PROGRESS,1,3,,,BUY_SETUP,True,2025-09-12 00:00:00,2025-09-24 00:00:00,127.09,127.09,2025-09-24 00:00:00,2025-09-25 00:00:00,2025-09-26 00:00:00,2025-10-10 00:00:00,,,,,,,,,,,,2025-09-26 00:00:00,117.44,119.09,118.15,119.54,118.07,2577182470.0,0.008342,-0.048941
600519SS_2025-10-13T000000_BUY_COUNTDOWN_PROGRESS_1_2025-09-26T000000_2,2025-10-13 00:00:00,600519.SS,1d,COUNTDOWN,BUY_COUNTDOWN_PROGRESS,1,2,,,BUY_SETUP,True,2025-09-16 00:00:00,2025-09-26 00:00:00,1497.03,1497.03,2025-09-26 00:00:00,2025-10-10 00:00:00,2025-10-13 00:00:00,,,,,,,,,,,,,2025-10-13 00:00:00,1391.16,1398.89,1395.24,1398.89,1391.16,5817742230.0,0.007749,-0.055528
000858SZ_2025-10-13T000000_BUY_COUNTDOWN_PROGRESS_1_2025-09-24T000000_4,2025-10-13 00:00:00,000858.SZ,1d,COUNTDOWN,BUY_COUNTDOWN_PROGRESS,1,4,,,BUY_SETUP,True,2025-09-12 00:00:00,2025-09-24 00:00:00,127.09,127.09,2025-09-24 00:00:00,2025-09-25 00:00:00,2025-09-26 00:00:00,2025-10-10 00:00:00,2025-10-13 00:00:00,,,,,,,,,,,2025-10-13 00:00:00,116.66,117.82,117.27,117.82,116.66,2567592925.0,0.006773,-0.073038
000651SZ_2025-10-17T000000_BUY_COUNTDOWN_PROGRESS_1_2025-09-24T000000_1,2025-10-17 00:00:00,000651.SZ,1d,COUNTDOWN,BUY_COUNTDOWN_PROGRESS,1,1,,,BUY_SETUP,True,2025-09-12 00:00:00,2025-09-24 00:00:00,40.45,40.45,2025-09-24 00:00:00,2025-10-17 00:00:00,,,,,,,,,,,,,,2025-10-17 00:00:00,39.17,40.05,39.22,40.05,39.17,2009225820.0,0.009073,-0.020724
600519SS_2025-10-20T000000_BUY_COUNTDOWN_PROGRESS_1_2025-09-26T000000_3,2025-10-20 00:00:00,600519.SS,1d,COUNTDOWN,BUY_COUNTDOWN_PROGRESS,1,3,,,BUY_SETUP,True,2025-09-16 00:00:00,2025-09-26 00:00:00,1497.03,1497.03,2025-09-26 00:00:00,2025-10-10 00:00:00,2025-10-13 00:00:00,2025-10-20 00:00:00,,,,,,,,,,,,2025-10-13 00:00:00,1391.16,1398.89,1433.97,1445.54,1430.92,5849988460.0,0.011062,-0.03834
000858SZ_2025-10-20T000000_BUY_COUNTDOWN_PROGRESS_1_2025-09-24T000000_5,2025-10-20 00:00:00,000858.SZ,1d,COUNTDOWN,BUY_COUNTDOWN_PROGRESS,1,5,,,BUY_SETUP,True,2025-09-12 00:00:00,2025-09-24 00:00:00,127.09,127.09,2025-09-24 00:00:00,2025-09-25 00:00:00,2025-09-26 00:00:00,2025-10-10 00:00:00,2025-10-13 00:00:00,2025-10-20 00:00:00,,,,,,,,,,2025-10-13 00:00:00,116.66,117.82,117.88,118.97,117.52,2416564930.0,0.008772,-0.049891
000858SZ_2025-10-21T000000_BUY_COUNTDOWN_PROGRESS_1_2025-09-24T000000_6,2025-10-21 00:00:00,000858.SZ,1d,COUNTDOWN,BUY_COUNTDOWN_PROGRESS,1,6,,,BUY_SETUP,True,2025-09-12 00:00:00,2025-09-24 00:00:00,127.09,127.09,2025-09-24 00:00:00,2025-09-25 00:00:00,2025-09-26 00:00:00,2025-10-10 00:00:00,2025-10-13 00:00:00,2025-10-20 00:00:00,2025-10-21 00:00:00,,,,,,,,,2025-10-13 00:00:00,116.66,117.82,117.94,118.92,117.77,2400104965.0,0.008741,-0.04285
000858SZ_2025-10-22T000000_BUY_COUNTDOWN_PROGRESS_1_2025-09-24T000000_7,2025-10-22 00:00:00,000858.SZ,1d,COUNTDOWN,BUY_COUNTDOWN_PROGRESS,1,7,,,BUY_SETUP,True,2025-09-12 00:00:00,2025-09-24 00:00:00,127.09,127.09,2025-09-24 00:00:00,2025-09-25 00:00:00,2025-09-26 00:00:00,2025-10-10 00:00:00,2025-10-13 00:00:00,2025-10-20 00:00:00,2025-10-21 00:00:00,2025-10-22 00:00:00,,,,,,,,2025-10-13 00:00:00,116.66,117.82,117.52,118.19,117.32,2356663920.0,0.008704,-0.047496
600519SS_2025-10-24T000000_BUY_COUNTDOWN_PROGRESS_1_2025-09-26T000000_4,2025-10-24 00:00:00,600519.SS,1d,COUNTDOWN,BUY_COUNTDOWN_PROGRESS,1,4,,,BUY_SETUP,True,2025-09-16 00:00:00,2025-09-26 00:00:00,1497.03,1497.03,2025-09-26 00:00:00,2025-10-10 00:00:00,2025-10-13 00:00:00,2025-10-20 00:00:00,2025-10-24 00:00:00,,,,,,,,,,,2025-10-13 00:00:00,1391.16,1398.89,1426.04,1454.92,1425.38,5626297140.0,0.010736,-0.012445
601318SS_2025-10-24T000000_SELL_SETUP_PERFECT_-1_2025-10-24T000000_9,2025-10-24 00:00:00,601318.SS,1d,SETUP,SELL_SETUP_PERFECT,-1,9,True,,SELL_SETUP,True,2025-10-14 00:00:00,2025-10-24 00:00:00,,,,,,,,,,,,,,,,,,,,,,,,3647463640.0,0.010444,0.068883
601318SS_2025-10-24T000000_BUY_COUNTDOWN_CANCEL_1_2025-09-08T000000_5,2025-10-24 00:00:00,601318.SS,1d,COUNTDOWN,BUY_COUNTDOWN_CANCEL,1,5,,opposite_setup,BUY_SETUP,True,2025-08-27 00:00:00,2025-09-08 00:00:00,60.15,60.15,2025-09-08 00:00:00,2025-09-15 00:00:00,2025-09-16 00:00:00,2025-09-17 00:00:00,2025-09-18 00:00:00,2025-09-19 00:00:00,,,,,,,,,,2025-09-19 00:00:00,54.05,55.05,57.88,58.49,57.75,3647463640.0,0.010444,0.068883
601318SS_2025-10-24T000000_SELL_COUNTDOWN_PROGRESS_-1_2025-10-24T000000_1,2025-10-24 00:00:00,601318.SS,1d,COUNTDOWN,SELL_COUNTDOWN_PROGRESS,-1,1,,,SELL_SETUP,True,2025-10-14 00:00:00,2025-10-24 00:00:00,58.49,54.57,2025-10-24 00:00:00,2025-10-24 00:00:00,,,,,,,,,,,,,,2025-10-24 00:00:00,57.75,58.49,57.88,58.49,57.75,3647463640.0,0.010444,0.068883
600036SS_2025-10-24T000000_SELL_SETUP_PERFECT_-1_2025-10-24T000000_9,2025-10-24 00:00:00,600036.SS,1d,SETUP,SELL_SETUP_PERFECT,-1,9,True,,SELL_SETUP,True,2025-10-14 00:00:00,2025-10-24 00:00:00,,,,,,,,,,,,,,,,,,,,,,,,3499364755.0,0.009941,0.023756
000651SZ_2025-10-24T000000_BUY_COUNTDOWN_PROGRESS_1_2025-09-24T000000_2,2025-10-24 00:00:00,000651.SZ,1d,COUNTDOWN,BUY_COUNTDOWN_PROGRESS,1,2,,,BUY_SETUP,True,2025-09-12 00:00:00,2025-09-24 00:00:00,40.45,40.45,2025-09-24 00:00:00,2025-10-17 00:00:00,2025-10-24 00:00:00,,,,,,,,,,,,,2025-10-17 00:00:00,39.17,40.05,39.5,39.75,39.44,1776338317.0,0.008482,0.001521
600519SS_2025-10-27T000000_BUY_COUNTDOWN_PROGRESS_1_2025-09-26T000000_5,2025-10-27 00:00:00,600519.SS,1d,COUNTDOWN,BUY_COUNTDOWN_PROGRESS,1,5,,,BUY_SETUP,True,2025-09-16 00:00:00,2025-09-26 00:00:00,1497.03,1497.03,2025-09-26 00:00:00,2025-10-10 00:00:00,2025-10-13 00:00:00,2025-10-20 00:00:00,2025-10-24 00:00:00,2025-10-27 00:00:00,,,,,,,,,,2025-10-13 00:00:00,1391.16,1398.89,1416.45,1428.53,1412.03,5654704055.0,0.010603,-0.009053
600519SS_2025-10-28T000000_BUY_COUNTDOWN_PROGRESS_1_2025-09-26T000000_6,2025-10-28 00:00:00,600519.SS,1d,COUNTDOWN,BUY_COUNTDOWN_PROGRESS,1,6,,,BUY_SETUP,True,2025-09-16 00:00:00,2025-09-26 00:00:00,1497.03,1497.03,2025-09-26 00:00:00,2025-10-10 00:00:00,2025-10-13 00:00:00,2025-10-20 00:00:00,2025-10-24 00:00:00,2025-10-27 00:00:00,2025-10-28 00:00:00,,,,,,,,,2025-10-13 00:00:00,1391.16,1398.89,1421.04,1427.24,1417.14,5596642035.0,0.010595,-0.0017
000858SZ_2025-10-28T000000_BUY_COUNTDOWN_PROGRESS_1_2025-09-24T000000_8,2025-10-28 00:00:00,000858.SZ,1d,COUNTDOWN,BUY_COUNTDOWN_PROGRESS,1,8,,,BUY_SETUP,True,2025-09-12 00:00:00,2025-09-24 00:00:00,127.09,127.09,2025-09-24 00:00:00,2025-09-25 00:00:00,2025-09-26 00:00:00,2025-10-10 00:00:00,2025-10-13 00:00:00,2025-10-20 00:00:00,2025-10-21 00:00:00,2025-10-22 00:00:00,2025-10-28 00:00:00,117.52,,,,,,2025-10-13 00:00:00,116.66,117.82,117.52,118.11,117.43,2198786835.0,0.008235,-0.017473
600519SS_2025-10-29T000000_BUY_COUNTDOWN_PROGRESS_1_2025-09-26T000000_7,2025-10-29 00:00:00,600519.SS,1d,COUNTDOWN,BUY_COUNTDOWN_PROGRESS,1,7,,,BUY_SETUP,True,2025-09-16 00:00:00,2025-09-26 00:00:00,1497.03,1497.03,2025-09-26 00:00:00,2025-10-10 00:00:00,2025-10-13 00:00:00,2025-10-20 00:00:00,2025-10-24 00:00:00,2025-10-27 00:00:00,2025-10-28 00:00:00,2025-10-29 00:00:00,,,,,,,,2025-10-13 00:00:00,1391.16,1398.89,1407.94,1422.59,1406.08,5560661830.0,0.010764,-0.007123
000858SZ_2025-10-29T000000_BUY_COUNTDOWN_PROGRESS_1_2025-09-24T000000_9,2025-10-29 00:00:00,000858.SZ,1d,COUNTDOWN,BUY_COUNTDOWN_PROGRESS,1,9,,,BUY_SETUP,True,2025-09-12 00:00:00,2025-09-24 00:00:00,127.09,127.09,2025-09-24 00:00:00,2025-09-25 00:00:00,2025-09-26 00:00:00,2025-10-10 00:00:00,2025-10-13 00:00:00,2025-10-20 00:00:00,2025-10-21 00:00:00,2025-10-22 00:00:00,2025-10-28 00:00:00,117.52,2025-10-29 00:00:00,,,,,2025-10-29 00:00:00,115.63,117.37,116.25,117.37,115.63,2239252405.0,0.008501,-0.029552
601318SS_2025-10-29T000000_SELL_COUNTDOWN_PROGRESS_-1_2025-10-24T000000_2,2025-10-29 00:00:00,601318.SS,1d,COUNTDOWN,SELL_COUNTDOWN_PROGRESS,-1,2,,,SELL_SETUP,True,2025-10-14 00:00:00,2025-10-24 00:00:00,58.49,54.57,2025-10-24 00:00:00,2025-10-24 00:00:00,2025-10-29 00:00:00,,,,,,,,,,,,,2025-10-24 00:00:00,57.75,58.49,58.95,59.7,58.49,3873314300.0,0.011125,0.084836
600519SS_2025-10-30T000000_BUY_COUNTDOWN_PROGRESS_1_2025-09-26T000000_8,2025-10-30 00:00:00,600519.SS,1d,COUNTDOWN,BUY_COUNTDOWN_PROGRESS,1,8,,,BUY_SETUP,True,2025-09-16 00:00:00,2025-09-26 00:00:00,1497.03,1497.03,2025-09-26 00:00:00,2025-10-10 00:00:00,2025-10-13 00:00:00,2025-10-20 00:00:00,2025-10-24 00:00:00,2025-10-27 00:00:00,2025-10-28 00:00:00,2025-10-29 00:00:00,2025-10-30 00:00:00,1402.78,,,,,,2025-10-13 00:00:00,1391.16,1398.89,1402.78,1412.67,1397.85,5676950250.0,0.010783,-0.008664
000858SZ_2025-10-30T000000_BUY_COUNTDOWN_PROGRESS_1_2025-09-24T000000_10,2025-10-30 00:00:00,000858.SZ,1d,COUNTDOWN,BUY_COUNTDOWN_PROGRESS,1,10,,,BUY_SETUP,True,2025-09-12 00:00:00,2025-09-24 00:00:00,127.09,127.09,2025-09-24 00:00:00,2025-09-25 00:00:00,2025-09-26 00:00:00,2025-10-10 00:00:00,2025-10-13 00:00:00,2025-10-20 00:00:00,2025-10-21 00:00:00,2025-10-22 00:00:00,2025-10-28 00:00:00,117.52,2025-10-29 00:00:00,2025-10-30 00:00:00,,,,2025-10-30 00:00:00,115.42,116.97,115.89,116.97,115.42,2280533595.0,0.00841,-0.025643
601318SS_2025-10-30T000000_SELL_COUNTDOWN_PROGRESS_-1_2025-10-24T000000_3,2025-10-30 00:00:00,601318.SS,1d,COUNTDOWN,SELL_COUNTDOWN_PROGRESS,-1,3,,,SELL_SETUP,True,2025-10-14 00:00:00,2025-10-24 00:00:00,58.49,54.57,2025-10-24 00:00:00,2025-10-24 00:00:00,2025-10-29 00:00:00,2025-10-30 00:00:00,,,,,,,,,,,,2025-10-24 00:00:00,57.75,58.49,58.65,60.1,58.58,3955453490.0,0.011183,0.083303
000651SZ_2025-10-30T000000_BUY_COUNTDOWN_PROGRESS_1_2025-09-24T000000_3,2025-10-30 00:00:00,000651.SZ,1d,COUNTDOWN,BUY_COUNTDOWN_PROGRESS,1,3,,,BUY_SETUP,True,2025-09-12 00:00:00,2025-09-24 00:00:00,40.45,40.45,2025-09-24 00:00:00,2025-10-17 00:00:00,2025-10-24 00:00:00,2025-10-30 00:00:00,,,,,,,,,,,,2025-10-17 00:00:00,39.17,40.05,39.47,39.79,39.41,1765009024.5,0.007405,0.025195
600519SS_2025-10-31T000000_BUY_COUNTDOWN_PROGRESS_1_2025-09-26T000000_9,2025-10-31 00:00:00,600519.SS,1d,COUNTDOWN,BUY_COUNTDOWN_PROGRESS,1,9,,,BUY_SETUP,True,2025-09-16 00:00:00,2025-09-26 00:00:00,1497.03,1497.03,2025-09-26 00:00:00,2025-10-10 00:00:00,2025-10-13 00:00:00,2025-10-20 00:00:00,2025-10-24 00:00:00,2025-10-27 00:00:00,2025-10-28 00:00:00,2025-10-29 00:00:00,2025-10-30 00:00:00,1402.78,2025-10-31 00:00:00,,,,,2025-10-13 00:00:00,1391.16,1398.89,1406.05,1412.02,1396.15,5688767710.0,0.010783,-0.003536
000651SZ_2025-10-31T000000_BUY_COUNTDOWN_PROGRESS_1_2025-09-24T000000_4,2025-10-31 00:00:00,000651.SZ,1d,COUNTDOWN,BUY_COUNTDOWN_PROGRESS,1,4,,,BUY_SETUP,True,2025-09-12 00:00:00,2025-09-24 00:00:00,40.45,40.45,2025-09-24 00:00:00,2025-10-17 00:00:00,2025-10-24 00:00:00,2025-10-30 00:00:00,2025-10-31 00:00:00,,,,,,,,,,,2025-10-31 00:00:00,38.52,39.03,38.75,39.03,38.52,1855472684.5,0.008354,-0.002574
600036SS_2025-11-03T000000_SELL_COUNTDOWN_PROGRESS_-1_2025-10-24T000000_1,2025-11-03 00:00:00,600036.SS,1d,COUNTDOWN,SELL_COUNTDOWN_PROGRESS,-1,1,,,SELL_SETUP,True,2025-10-14 00:00:00,2025-10-24 00:00:00,41.48,38.82,2025-10-24 00:00:00,2025-11-03 00:00:00,,,,,,,,,,,,,,2025-11-03 00:00:00,40.05,40.96,40.78,40.96,40.05,3697060795.0,0.011693,0.027981
000651SZ_2025-11-03T000000_BUY_COUNTDOWN_PROGRESS_1_2025-09-24T000000_5,2025-11-03 00:00:00,000651.SZ,1d,COUNTDOWN,BUY_COUNTDOWN_PROGRESS,1,5,,,BUY_SETUP,True,2025-09-12 00:00:00,2025-09-24 00:00:00,40.45,40.45,2025-09-24 00:00:00,2025-10-17 00:00:00,2025-10-24 00:00:00,2025-10-30 00:00:00,2025-10-31 00:00:00,2025-11-03 00:00:00,,,,,,,,,,2025-11-03 00:00:00,38.2,38.84,38.52,38.84,38.2,1886860444.5,0.008431,-0.010786
600036SS_2025-11-04T000000_SELL_COUNTDOWN_PROGRESS_-1_2025-10-24T000000_2,2025-11-04 00:00:00,600036.SS,1d,COUNTDOWN,SELL_COUNTDOWN_PROGRESS,-1,2,,,SELL_SETUP,True,2025-10-14 00:00:00,2025-10-24 00:00:00,41.48,38.82,2025-10-24 00:00:00,2025-11-03 00:00:00,2025-11-04 00:00:00,,,,,,,,,,,,,2025-11-03 00:00:00,40.05,40.96,42.0,42.1,40.8,3813273360.0,0.013106,0.06599
600519SS_2025-11-05T000000_BUY_SETUP_PERFECT_1_2025-11-05T000000_9,2025-11-05 00:00:00,600519.SS,1d,SETUP,BUY_SETUP_PERFECT,1,9,True,,BUY_SETUP,True,2025-10-24 00:00:00,2025-11-05 00:00:00,,,,,,,,,,,,,,,,,,,,,,,,5372811710.0,0.009665,-0.01182
600519SS_2025-11-05T000000_BUY_COUNTDOWN_CANCEL_1_2025-09-26T000000_9,2025-11-05 00:00:00,600519.SS,1d,COUNTDOWN,BUY_COUNTDOWN_CANCEL,1,9,,same_setup,BUY_SETUP,True,2025-09-16 00:00:00,2025-09-26 00:00:00,1497.03,1497.03,2025-09-26 00:00:00,2025-10-10 00:00:00,2025-10-13 00:00:00,2025-10-20 00:00:00,2025-10-24 00:00:00,2025-10-27 00:00:00,2025-10-28 00:00:00,2025-10-29 00:00:00,2025-10-30 00:00:00,1402.78,2025-10-31 00:00:00,,,,,2025-10-13 00:00:00,1391.16,1398.89,1396.12,1407.03,1396.05,5372811710.0,0.009665,-0.01182
600519SS_2025-11-05T000000_BUY_COUNTDOWN_PROGRESS_1_2025-11-05T000000_1,2025-11-05 00:00:00,600519.SS,1d,COUNTDOWN,BUY_COUNTDOWN_PROGRESS,1,1,,,BUY_SETUP,True,2025-10-24 00:00:00,2025-11-05 00:00:00,1454.92,1454.92,2025-11-05 00:00:00,2025-11-05 00:00:00,,,,,,,,,,,,,,2025-11-05 00:00:00,1396.05,1407.03,1396.12,1407.03,1396.05,5372811710.0,0.009665,-0.01182
000858SZ_2025-11-05T000000_BUY_COUNTDOWN_PROGRESS_1_2025-09-24T000000_11,2025-11-05 00:00:00,000858.SZ,1d,COUNTDOWN,BUY_COUNTDOWN_PROGRESS,1,11,,,BUY_SETUP,True,2025-09-12 00:00:00,2025-09-24 00:00:00,127.09,127.09,2025-09-24 00:00:00,2025-09-25 00:00:00,2025-09-26 00:00:00,2025-10-10 00:00:00,2025-10-13 00:00:00,2025-10-20 00:00:00,2025-10-21 00:00:00,2025-10-22 00:00:00,2025-10-28 00:00:00,117.52,2025-10-29 00:00:00,2025-10-30 00:00:00,2025-11-05 00:00:00,,,2025-11-05 00:00:00,113.42,114.42,113.6,114.42,113.42,2334282520.0,0.008112,-0.041997
600036SS_2025-11-05T000000_SELL_COUNTDOWN_PROGRESS_-1_2025-10-24T000000_3,2025-11-05 00:00:00,600036.SS,1d,COUNTDOWN,SELL_COUNTDOWN_PROGRESS,-1,3,,,SELL_SETUP,True,2025-10-14 00:00:00,2025-10-24 00:00:00,41.48,38.82,2025-10-24 00:00:00,2025-11-03 00:00:00,2025-11-04 00:00:00,2025-11-05 00:00:00,,,,,,,,,,,,2025-11-03 00:00:00,40.05,40.96,41.79,42.46,41.74,3828529200.0,0.013188,0.062818
000858SZ_2025-11-06T000000_BUY_COUNTDOWN_PROGRESS_1_2025-09-24T000000_12,2025-11-06 00:00:00,000858.SZ,1d,COUNTDOWN,BUY_COUNTDOWN_PROGRESS,1,12,,,BUY_SETUP,True,2025-09-12 00:00:00,2025-09-24 00:00:00,127.09,127.09,2025-09-24 00:00:00,2025-09-25 00:00:00,2025-09-26 00:00:00,2025-10-10 00:00:00,2025-10-13 00:00:00,2025-10-20 00:00:00,2025-10-21 00:00:00,2025-10-22 00:00:00,2025-10-28 00:00:00,117.52,2025-10-29 00:00:00,2025-10-30 00:00:00,2025-11-05 00:00:00,2025-11-06 00:00:00,,2025-11-05 00:00:00,113.42,114.42,113.59,114.72,113.48,2301684955.0,0.008118,-0.038595
601318SS_2025-11-07T000000_SELL_COUNTDOWN_PROGRESS_-1_2025-10-24T000000_4,2025-11-07 00:00:00,601318.SS,1d,COUNTDOWN,SELL_COUNTDOWN_PROGRESS,-1,4,,,SELL_SETUP,True,2025-10-14 00:00:00,2025-10-24 00:00:00,58.49,54.57,2025-10-24 00:00:00,2025-10-24 00:00:00,2025-10-29 00:00:00,2025-10-30 00:00:00,2025-11-07 00:00:00,,,,,,,,,,,2025-10-24 00:00:00,57.75,58.49,58.89,59.15,58.66,3582179570.0,0.010992,0.087535
601318SS_2025-11-10T000000_SELL_COUNTDOWN_PROGRESS_-1_2025-10-24T000000_5,2025-11-10 00:00:00,601318.SS,1d,COUNTDOWN,SELL_COUNTDOWN_PROGRESS,-1,5,,,SELL_SETUP,True,2025-10-14 00:00:00,2025-10-24 00:00:00,58.49,54.57,2025-10-24 00:00:00,2025-10-24 00:00:00,2025-10-29 00:00:00,2025-10-30 00:00:00,2025-11-07 00:00:00,2025-11-10 00:00:00,,,,,,,,,,2025-10-24 00:00:00,57.75,58.49,59.3,59.4,58.44,3571131165.0,0.009849,0.067891
601318SS_2025-11-11T000000_SELL_COUNTDOWN_PROGRESS_-1_2025-10-24T000000_6,2025-11-11 00:00:00,601318.SS,1d,COUNTDOWN,SELL_COUNTDOWN_PROGRESS,-1,6,,,SELL_SETUP,True,2025-10-14 00:00:00,2025-10-24 00:00:00,58.49,54.57,2025-10-24 00:00:00,2025-10-24 00:00:00,2025-10-29 00:00:00,2025-10-30 00:00:00,2025-11-07 00:00:00,2025-11-10 00:00:00,2025-11-11 00:00:00,,,,,,,,,2025-10-24 00:00:00,57.75,58.49,59.2,59.5,58.81,3390421000.0,0.008638,0.041154
600036SS_2025-11-11T000000_SELL_COUNTDOWN_PROGRESS_-1_2025-10-24T000000_4,2025-11-11 00:00:00,600036.SS,1d,COUNTDOWN,SELL_COUNTDOWN_PROGRESS,-1,4,,,SELL_SETUP,True,2025-10-14 00:00:00,2025-10-24 00:00:00,41.48,38.82,2025-10-24 00:00:00,2025-11-03 00:00:00,2025-11-04 00:00:00,2025-11-05 00:00:00,2025-11-11 00:00:00,,,,,,,,,,,2025-11-03 00:00:00,40.05,40.96,41.95,42.03,41.51,3414100800.0,0.011961,0.036058
601318SS_2025-11-12T000000_SELL_COUNTDOWN_PROGRESS_-1_2025-10-24T000000_7,2025-11-12 00:00:00,601318.SS,1d,COUNTDOWN,SELL_COUNTDOWN_PROGRESS,-1,7,,,SELL_SETUP,True,2025-10-14 00:00:00,2025-10-24 00:00:00,58.49,54.57,2025-10-24 00:00:00,2025-10-24 00:00:00,2025-10-29 00:00:00,2025-10-30 00:00:00,2025-11-07 00:00:00,2025-11-10 00:00:00,2025-11-11 00:00:00,2025-11-12 00:00:00,,,,,,,,2025-10-24 00:00:00,57.75,58.49,60.03,60.79,59.3,3600452335.0,0.009033,0.051866
600036SS_2025-11-12T000000_SELL_COUNTDOWN_PROGRESS_-1_2025-10-24T000000_5,2025-11-12 00:00:00,600036.SS,1d,COUNTDOWN,SELL_COUNTDOWN_PROGRESS,-1,5,,,SELL_SETUP,True,2025-10-14 00:00:00,2025-10-24 00:00:00,41.48,38.82,2025-10-24 00:00:00,2025-11-03 00:00:00,2025-11-04 00:00:00,2025-11-05 00:00:00,2025-11-11 00:00:00,2025-11-12 00:00:00,,,,,,,,,,2025-11-03 00:00:00,40.05,40.96,41.92,42.35,41.92,3321384165.0,0.011795,0.024438
601318SS_2025-11-13T000000_SELL_COUNTDOWN_PROGRESS_-1_2025-10-24T000000_8,2025-11-13 00:00:00,601318.SS,1d,COUNTDOWN,SELL_COUNTDOWN_PROGRESS,-1,8,,,SELL_SETUP,True,2025-10-14 00:00:00,2025-10-24 00:00:00,58.49,54.57,2025-10-24 00:00:00,2025-10-24 00:00:00,2025-10-29 00:00:00,2025-10-30 00:00:00,2025-11-07 00:00:00,2025-11-10 00:00:00,2025-11-11 00:00:00,2025-11-12 00:00:00,2025-11-13 00:00:00,60.88,,,,,,2025-10-24 00:00:00,57.75,58.49,60.88,61.38,60.29,3673221960.0,0.008575,0.080774
600036SS_2025-11-13T000000_SELL_COUNTDOWN_PROGRESS_-1_2025-10-24T000000_6,2025-11-13 00:00:00,600036.SS,1d,COUNTDOWN,SELL_COUNTDOWN_PROGRESS,-1,6,,,SELL_SETUP,True,2025-10-14 00:00:00,2025-10-24 00:00:00,41.48,38.82,2025-10-24 00:00:00,2025-11-03 00:00:00,2025-11-04 00:00:00,2025-11-05 00:00:00,2025-11-11 00:00:00,2025-11-12 00:00:00,2025-11-13 00:00:00,,,,,,,,,2025-11-03 00:00:00,40.05,40.96,42.2,42.29,41.73,3226580495.0,0.011623,0.039921
600519SS_2025-11-14T000000_BUY_COUNTDOWN_PROGRESS_1_2025-11-05T000000_2,2025-11-14 00:00:00,600519.SS,1d,COUNTDOWN,BUY_COUNTDOWN_PROGRESS,1,2,,,BUY_SETUP,True,2025-10-24 00:00:00,2025-11-05 00:00:00,1454.92,1454.92,2025-11-05 00:00:00,2025-11-05 00:00:00,2025-11-14 00:00:00,,,,,,,,,,,,,2025-11-05 00:00:00,1396.05,1407.03,1432.64,1454.99,1432.34,4621381830.0,0.007646,-0.000927
000858SZ_2025-11-14T000000_BUY_COUNTDOWN_COMPLETE_1_2025-09-24T000000_13,2025-11-14 00:00:00,000858.SZ,1d,COUNTDOWN,BUY_COUNTDOWN_COMPLETE,1,13,False,,BUY_SETUP,True,2025-09-12 00:00:00,2025-09-24 00:00:00,127.09,127.09,2025-09-24 00:00:00,2025-09-25 00:00:00,2025-09-26 00:00:00,2025-10-10 00:00:00,2025-10-13 00:00:00,2025-10-20 00:00:00,2025-10-21 00:00:00,2025-10-22 00:00:00,2025-10-28 00:00:00,117.52,2025-10-29 00:00:00,2025-10-30 00:00:00,2025-11-05 00:00:00,2025-11-06 00:00:00,2025-11-14 00:00:00,2025-11-05 00:00:00,113.42,114.42,117.63,119.41,117.61,2345774395.0,0.010463,-0.002121
000651SZ_2025-11-14T000000_BUY_COUNTDOWN_PROGRESS_1_2025-09-24T000000_6,2025-11-14 00:00:00,000651.SZ,1d,COUNTDOWN,BUY_COUNTDOWN_PROGRESS,1,6,,,BUY_SETUP,True,2025-09-12 00:00:00,2025-09-24 00:00:00,40.45,40.45,2025-09-24 00:00:00,2025-10-17 00:00:00,2025-10-24 00:00:00,2025-10-30 00:00:00,2025-10-31 00:00:00,2025-11-03 00:00:00,2025-11-14 00:00:00,,,,,,,,,2025-11-03 00:00:00,38.2,38.84,39.62,40.13,39.61,1748357720.0,0.008179,-0.003772
000651SZ_2025-11-17T000000_BUY_COUNTDOWN_PROGRESS_1_2025-09-24T000000_7,2025-11-17 00:00:00,000651.SZ,1d,COUNTDOWN,BUY_COUNTDOWN_PROGRESS,1,7,,,BUY_SETUP,True,2025-09-12 00:00:00,2025-09-24 00:00:00,40.45,40.45,2025-09-24 00:00:00,2025-10-17 00:00:00,2025-10-24 00:00:00,2025-10-30 00:00:00,2025-10-31 00:00:00,2025-11-03 00:00:00,2025-11-14 00:00:00,2025-11-17 00:00:00,,,,,,,,2025-11-03 00:00:00,38.2,38.84,39.19,39.62,39.06,1742106100.0,0.008515,-0.012598
000651SZ_2025-11-18T000000_BUY_COUNTDOWN_PROGRESS_1_2025-09-24T000000_8,2025-11-18 00:00:00,000651.SZ,1d,COUNTDOWN,BUY_COUNTDOWN_PROGRESS,1,8,,,BUY_SETUP,True,2025-09-12 00:00:00,2025-09-24 00:00:00,40.45,40.45,2025-09-24 00:00:00,2025-10-17 00:00:00,2025-10-24 00:00:00,2025-10-30 00:00:00,2025-10-31 00:00:00,2025-11-03 00:00:00,2025-11-14 00:00:00,2025-11-17 00:00:00,2025-11-18 00:00:00,39.11,,,,,,2025-11-03 00:00:00,38.2,38.84,39.11,39.46,39.05,1723445605.0,0.008503,-0.011625
600036SS_2025-11-19T000000_SELL_COUNTDOWN_PROGRESS_-1_2025-10-24T000000_7,2025-11-19 00:00:00,600036.SS,1d,COUNTDOWN,SELL_COUNTDOWN_PROGRESS,-1,7,,,SELL_SETUP,True,2025-10-14 00:00:00,2025-10-24 00:00:00,41.48,38.82,2025-10-24 00:00:00,2025-11-03 00:00:00,2025-11-04 00:00:00,2025-11-05 00:00:00,2025-11-11 00:00:00,2025-11-12 00:00:00,2025-11-13 00:00:00,2025-11-19 00:00:00,,,,,,,,2025-11-03 00:00:00,40.05,40.96,42.21,42.49,41.79,3107446575.0,0.011831,0.023769
600519SS_2025-11-20T000000_BUY_COUNTDOWN_PROGRESS_1_2025-11-05T000000_3,2025-11-20 00:00:00,600519.SS,1d,COUNTDOWN,BUY_COUNTDOWN_PROGRESS,1,3,,,BUY_SETUP,True,2025-10-24 00:00:00,2025-11-05 00:00:00,1454.92,1454.92,2025-11-05 00:00:00,2025-11-05 00:00:00,2025-11-14 00:00:00,2025-11-20 00:00:00,,,,,,,,,,,,2025-11-05 00:00:00,1396.05,1407.03,1443.15,1455.94,1441.07,4742339430.0,0.007336,0.011998
601318SS_2025-11-20T000000_SELL_COUNTDOWN_PROGRESS_-1_2025-10-24T000000_9,2025-11-20 00:00:00,601318.SS,1d,COUNTDOWN,SELL_COUNTDOWN_PROGRESS,-1,9,,,SELL_SETUP,True,2025-10-14 00:00:00,2025-10-24 00:00:00,58.49,54.57,2025-10-24 00:00:00,2025-10-24 00:00:00,2025-10-29 00:00:00,2025-10-30 00:00:00,2025-11-07 00:00:00,2025-11-10 00:00:00,2025-11-11 00:00:00,2025-11-12 00:00:00,2025-11-13 00:00:00,60.88,2025-11-20 00:00:00,,,,,2025-10-24 00:00:00,57.75,58.49,60.2,61.15,60.03,3709096610.0,0.009692,0.040083
600036SS_2025-11-20T000000_SELL_COUNTDOWN_PROGRESS_-1_2025-10-24T000000_8,2025-11-20 00:00:00,600036.SS,1d,COUNTDOWN,SELL_COUNTDOWN_PROGRESS,-1,8,,,SELL_SETUP,True,2025-10-14 00:00:00,2025-10-24 00:00:00,41.48,38.82,2025-10-24 00:00:00,2025-11-03 00:00:00,2025-11-04 00:00:00,2025-11-05 00:00:00,2025-11-11 00:00:00,2025-11-12 00:00:00,2025-11-13 00:00:00,2025-11-19 00:00:00,2025-11-20 00:00:00,42.22,,,,,,2025-11-03 00:00:00,40.05,40.96,42.22,42.78,42.04,3084470310.0,0.011671,0.031265
600519SS_2025-11-21T000000_BUY_COUNTDOWN_PROGRESS_1_2025-11-05T000000_4,2025-11-21 00:00:00,600519.SS,1d,COUNTDOWN,BUY_COUNTDOWN_PROGRESS,1,4,,,BUY_SETUP,True,2025-10-24 00:00:00,2025-11-05 00:00:00,1454.92,1454.92,2025-11-05 00:00:00,2025-11-05 00:00:00,2025-11-14 00:00:00,2025-11-20 00:00:00,2025-11-21 00:00:00,,,,,,,,,,,2025-11-05 00:00:00,1396.05,1407.03,1442.64,1456.04,1432.04,4776402945.0,0.007134,0.01849
600519SS_2025-11-24T000000_BUY_COUNTDOWN_PROGRESS_1_2025-11-05T000000_5,2025-11-24 00:00:00,600519.SS,1d,COUNTDOWN,BUY_COUNTDOWN_PROGRESS,1,5,,,BUY_SETUP,True,2025-10-24 00:00:00,2025-11-05 00:00:00,1454.92,1454.92,2025-11-05 00:00:00,2025-11-05 00:00:00,2025-11-14 00:00:00,2025-11-20 00:00:00,2025-11-21 00:00:00,2025-11-24 00:00:00,,,,,,,,,,2025-11-05 00:00:00,1396.05,1407.03,1428.04,1447.04,1427.17,4753864770.0,0.007525,0.004926
600519SS_2025-11-25T000000_BUY_COUNTDOWN_PROGRESS_1_2025-11-05T000000_6,2025-11-25 00:00:00,600519.SS,1d,COUNTDOWN,BUY_COUNTDOWN_PROGRESS,1,6,,,BUY_SETUP,True,2025-10-24 00:00:00,2025-11-05 00:00:00,1454.92,1454.92,2025-11-05 00:00:00,2025-11-05 00:00:00,2025-11-14 00:00:00,2025-11-20 00:00:00,2025-11-21 00:00:00,2025-11-24 00:00:00,2025-11-25 00:00:00,,,,,,,,,2025-11-05 00:00:00,1396.05,1407.03,1420.69,1434.04,1420.54,4763670415.0,0.007306,0.009056
600519SS_2025-11-26T000000_BUY_COUNTDOWN_PROGRESS_1_2025-11-05T000000_7,2025-11-26 00:00:00,600519.SS,1d,COUNTDOWN,BUY_COUNTDOWN_PROGRESS,1,7,,,BUY_SETUP,True,2025-10-24 00:00:00,2025-11-05 00:00:00,1454.92,1454.92,2025-11-05 00:00:00,2025-11-05 00:00:00,2025-11-14 00:00:00,2025-11-20 00:00:00,2025-11-21 00:00:00,2025-11-24 00:00:00,2025-11-25 00:00:00,2025-11-26 00:00:00,,,,,,,,2025-11-05 00:00:00,1396.05,1407.03,1425.19,1429.53,1419.62,4667172305.0,0.00726,0.015975
601318SS_2025-11-26T000000_SELL_COUNTDOWN_PROGRESS_-1_2025-10-24T000000_10,2025-11-26 00:00:00,601318.SS,1d,COUNTDOWN,SELL_COUNTDOWN_PROGRESS,-1,10,,,SELL_SETUP,True,2025-10-14 00:00:00,2025-10-24 00:00:00,58.49,54.57,2025-10-24 00:00:00,2025-10-24 00:00:00,2025-10-29 00:00:00,2025-10-30 00:00:00,2025-11-07 00:00:00,2025-11-10 00:00:00,2025-11-11 00:00:00,2025-11-12 00:00:00,2025-11-13 00:00:00,60.88,2025-11-20 00:00:00,2025-11-26 00:00:00,,,,2025-10-24 00:00:00,57.75,58.49,59.78,60.22,59.32,3532816520.0,0.010979,0.019267
600036SS_2025-11-26T000000_SELL_COUNTDOWN_PROGRESS_-1_2025-10-24T000000_9,2025-11-26 00:00:00,600036.SS,1d,COUNTDOWN,SELL_COUNTDOWN_PROGRESS,-1,9,,,SELL_SETUP,True,2025-10-14 00:00:00,2025-10-24 00:00:00,41.48,38.82,2025-10-24 00:00:00,2025-11-03 00:00:00,2025-11-04 00:00:00,2025-11-05 00:00:00,2025-11-11 00:00:00,2025-11-12 00:00:00,2025-11-13 00:00:00,2025-11-19 00:00:00,2025-11-20 00:00:00,42.22,2025-11-26 00:00:00,,,,,2025-11-03 00:00:00,40.05,40.96,42.24,42.62,41.96,2954807930.0,0.010816,0.051008
600036SS_2025-12-01T000000_SELL_COUNTDOWN_PROGRESS_-1_2025-10-24T000000_10,2025-12-01 00:00:00,600036.SS,1d,COUNTDOWN,SELL_COUNTDOWN_PROGRESS,-1,10,,,SELL_SETUP,True,2025-10-14 00:00:00,2025-10-24 00:00:00,41.48,38.82,2025-10-24 00:00:00,2025-11-03 00:00:00,2025-11-04 00:00:00,2025-11-05 00:00:00,2025-11-11 00:00:00,2025-11-12 00:00:00,2025-11-13 00:00:00,2025-11-19 00:00:00,2025-11-20 00:00:00,42.22,2025-11-26 00:00:00,2025-12-01 00:00:00,,,,2025-11-03 00:00:00,40.05,40.96,42.43,42.46,41.92,2749090240.0,0.00747,0.010238
600519SS_2025-12-02T000000_BUY_COUNTDOWN_PROGRESS_1_2025-11-05T000000_8,2025-12-02 00:00:00,600519.SS,1d,COUNTDOWN,BUY_COUNTDOWN_PROGRESS,1,8,,,BUY_SETUP,True,2025-10-24 00:00:00,2025-11-05 00:00:00,1454.92,1454.92,2025-11-05 00:00:00,2025-11-05 00:00:00,2025-11-14 00:00:00,2025-11-20 00:00:00,2025-11-21 00:00:00,2025-11-24 00:00:00,2025-11-25 00:00:00,2025-11-26 00:00:00,2025-12-02 00:00:00,1412.07,,,,,,2025-11-05 00:00:00,1396.05,1407.03,1412.07,1427.96,1411.06,4343941490.0,0.007299,0.011425
600036SS_2025-12-02T000000_SELL_COUNTDOWN_PROGRESS_-1_2025-10-24T000000_11,2025-12-02 00:00:00,600036.SS,1d,COUNTDOWN,SELL_COUNTDOWN_PROGRESS,-1,11,,,SELL_SETUP,True,2025-10-14 00:00:00,2025-10-24 00:00:00,41.48,38.82,2025-10-24 00:00:00,2025-11-03 00:00:00,2025-11-04 00:00:00,2025-11-05 00:00:00,2025-11-11 00:00:00,2025-11-12 00:00:00,2025-11-13 00:00:00,2025-11-19 00:00:00,2025-11-20 00:00:00,42.22,2025-11-26 00:00:00,2025-12-01 00:00:00,2025-12-02 00:00:00,,,2025-11-03 00:00:00,40.05,40.96,42.37,42.64,42.21,2550803585.0,0.007372,0.013879
600519SS_2025-12-03T000000_BUY_COUNTDOWN_PROGRESS_1_2025-11-05T000000_9,2025-12-03 00:00:00,600519.SS,1d,COUNTDOWN,BUY_COUNTDOWN_PROGRESS,1,9,,,BUY_SETUP,True,2025-10-24 00:00:00,2025-11-05 00:00:00,1454.92,1454.92,2025-11-05 00:00:00,2025-11-05 00:00:00,2025-11-14 00:00:00,2025-11-20 00:00:00,2025-11-21 00:00:00,2025-11-24 00:00:00,2025-11-25 00:00:00,2025-11-26 00:00:00,2025-12-02 00:00:00,1412.07,2025-12-03 00:00:00,,,,,2025-11-05 00:00:00,1396.05,1407.03,1405.14,1412.01,1404.04,4267021725.0,0.006984,-0.004273
000858SZ_2025-12-03T000000_BUY_SETUP_PERFECT_1_2025-12-03T000000_9,2025-12-03 00:00:00,000858.SZ,1d,SETUP,BUY_SETUP_PERFECT,1,9,True,,BUY_SETUP,True,2025-11-21 00:00:00,2025-12-03 00:00:00,,,,,,,,,,,,,,,,,,,,,,,,1906753237.5,0.009569,-0.005018
000858SZ_2025-12-03T000000_BUY_COUNTDOWN_PROGRESS_1_2025-12-03T000000_1,2025-12-03 00:00:00,000858.SZ,1d,COUNTDOWN,BUY_COUNTDOWN_PROGRESS,1,1,,,BUY_SETUP,True,2025-11-21 00:00:00,2025-12-03 00:00:00,118.83,118.83,2025-12-03 00:00:00,2025-12-03 00:00:00,,,,,,,,,,,,,,2025-12-03 00:00:00,112.92,114.47,113.02,114.47,112.92,1906753237.5,0.009569,-0.005018
600519SS_2025-12-04T000000_BUY_COUNTDOWN_PROGRESS_1_2025-11-05T000000_10,2025-12-04 00:00:00,600519.SS,1d,COUNTDOWN,BUY_COUNTDOWN_PROGRESS,1,10,,,BUY_SETUP,True,2025-10-24 00:00:00,2025-11-05 00:00:00,1454.92,1454.92,2025-11-05 00:00:00,2025-11-05 00:00:00,2025-11-14 00:00:00,2025-11-20 00:00:00,2025-11-21 00:00:00,2025-11-24 00:00:00,2025-11-25 00:00:00,2025-11-26 00:00:00,2025-12-02 00:00:00,1412.07,2025-12-03 00:00:00,2025-12-04 00:00:00,,,,2025-12-04 00:00:00,1394.42,1408.54,1400.02,1408.54,1394.42,4198469800.0,0.007023,-0.006634
000858SZ_2025-12-04T000000_BUY_COUNTDOWN_PROGRESS_1_2025-12-03T000000_2,2025-12-04 00:00:00,000858.SZ,1d,COUNTDOWN,BUY_COUNTDOWN_PROGRESS,1,2,,,BUY_SETUP,True,2025-11-21 00:00:00,2025-12-03 00:00:00,118.83,118.83,2025-12-03 00:00:00,2025-12-03 00:00:00,2025-12-04 00:00:00,,,,,,,,,,,,,2025-12-04 00:00:00,111.54,113.17,111.87,113.17,111.54,1913614387.5,0.009729,-0.020145
000858SZ_2025-12-05T000000_BUY_COUNTDOWN_PROGRESS_1_2025-12-03T000000_3,2025-12-05 00:00:00,000858.SZ,1d,COUNTDOWN,BUY_COUNTDOWN_PROGRESS,1,3,,,BUY_SETUP,True,2025-11-21 00:00:00,2025-12-03 00:00:00,118.83,118.83,2025-12-03 00:00:00,2025-12-03 00:00:00,2025-12-04 00:00:00,2025-12-05 00:00:00,,,,,,,,,,,,2025-12-04 00:00:00,111.54,113.17,112.38,112.79,111.63,1896425532.5,0.004851,-0.049399
601318SS_2025-12-05T000000_SELL_COUNTDOWN_PROGRESS_-1_2025-10-24T000000_11,2025-12-05 00:00:00,601318.SS,1d,COUNTDOWN,SELL_COUNTDOWN_PROGRESS,-1,11,,,SELL_SETUP,True,2025-10-14 00:00:00,2025-10-24 00:00:00,58.49,54.57,2025-10-24 00:00:00,2025-10-24 00:00:00,2025-10-29 00:00:00,2025-10-30 00:00:00,2025-11-07 00:00:00,2025-11-10 00:00:00,2025-11-11 00:00:00,2025-11-12 00:00:00,2025-11-13 00:00:00,60.88,2025-11-20 00:00:00,2025-11-26 00:00:00,2025-12-05 00:00:00,,,2025-10-24 00:00:00,57.75,58.49,61.99,62.2,58.55,3583601683.0,0.016564,0.045363
600519SS_2025-12-08T000000_BUY_COUNTDOWN_PROGRESS_1_2025-11-05T000000_11,2025-12-08 00:00:00,600519.SS,1d,COUNTDOWN,BUY_COUNTDOWN_PROGRESS,1,11,,,BUY_SETUP,True,2025-10-24 00:00:00,2025-11-05 00:00:00,1454.92,1454.92,2025-11-05 00:00:00,2025-11-05 00:00:00,2025-11-14 00:00:00,2025-11-20 00:00:00,2025-11-21 00:00:00,2025-11-24 00:00:00,2025-11-25 00:00:00,2025-11-26 00:00:00,2025-12-02 00:00:00,1412.07,2025-12-03 00:00:00,2025-12-04 00:00:00,2025-12-08 00:00:00,,,2025-12-08 00:00:00,1394.04,1412.71,1394.26,1412.71,1394.04,4124749555.0,0.005416,-0.028411
000858SZ_2025-12-08T000000_BUY_COUNTDOWN_PROGRESS_1_2025-12-03T000000_4,2025-12-08 00:00:00,000858.SZ,1d,COUNTDOWN,BUY_COUNTDOWN_PROGRESS,1,4,,,BUY_SETUP,True,2025-11-21 00:00:00,2025-12-03 00:00:00,118.83,118.83,2025-12-03 00:00:00,2025-12-03 00:00:00,2025-12-04 00:00:00,2025-12-05 00:00:00,2025-12-08 00:00:00,,,,,,,,,,,2025-12-08 00:00:00,110.52,112.55,110.69,112.55,110.52,1797674107.5,0.005539,-0.063536
601318SS_2025-12-08T000000_SELL_COUNTDOWN_PROGRESS_-1_2025-10-24T000000_12,2025-12-08 00:00:00,601318.SS,1d,COUNTDOWN,SELL_COUNTDOWN_PROGRESS,-1,12,,,SELL_SETUP,True,2025-10-14 00:00:00,2025-10-24 00:00:00,58.49,54.57,2025-10-24 00:00:00,2025-10-24 00:00:00,2025-10-29 00:00:00,2025-10-30 00:00:00,2025-11-07 00:00:00,2025-11-10 00:00:00,2025-11-11 00:00:00,2025-11-12 00:00:00,2025-11-13 00:00:00,60.88,2025-11-20 00:00:00,2025-11-26 00:00:00,2025-12-05 00:00:00,2025-12-08 00:00:00,,2025-10-24 00:00:00,57.75,58.49,63.4,63.8,62.0,3752691573.0,0.01713,0.070946
000651SZ_2025-12-08T000000_BUY_COUNTDOWN_PROGRESS_1_2025-09-24T000000_9,2025-12-08 00:00:00,000651.SZ,1d,COUNTDOWN,BUY_COUNTDOWN_PROGRESS,1,9,,,BUY_SETUP,True,2025-09-12 00:00:00,2025-09-24 00:00:00,40.45,40.45,2025-09-24 00:00:00,2025-10-17 00:00:00,2025-10-24 00:00:00,2025-10-30 00:00:00,2025-10-31 00:00:00,2025-11-03 00:00:00,2025-11-14 00:00:00,2025-11-17 00:00:00,2025-11-18 00:00:00,39.11,2025-12-08 00:00:00,,,,,2025-11-03 00:00:00,38.2,38.84,39.68,40.05,39.62,1447437777.5,0.005361,-0.006012
600519SS_2025-12-09T000000_BUY_COUNTDOWN_PROGRESS_1_2025-11-05T000000_12,2025-12-09 00:00:00,600519.SS,1d,COUNTDOWN,BUY_COUNTDOWN_PROGRESS,1,12,,,BUY_SETUP,True,2025-10-24 00:00:00,2025-11-05 00:00:00,1454.92,1454.92,2025-11-05 00:00:00,2025-11-05 00:00:00,2025-11-14 00:00:00,2025-11-20 00:00:00,2025-11-21 00:00:00,2025-11-24 00:00:00,2025-11-25 00:00:00,2025-11-26 00:00:00,2025-12-02 00:00:00,1412.07,2025-12-03 00:00:00,2025-12-04 00:00:00,2025-12-08 00:00:00,2025-12-09 00:00:00,,2025-12-09 00:00:00,1376.09,1397.04,1377.05,1397.04,1376.09,4230396820.0,0.005744,-0.044505
000858SZ_2025-12-09T000000_BUY_COUNTDOWN_PROGRESS_1_2025-12-03T000000_5,2025-12-09 00:00:00,000858.SZ,1d,COUNTDOWN,BUY_COUNTDOWN_PROGRESS,1,5,,,BUY_SETUP,True,2025-11-21 00:00:00,2025-12-03 00:00:00,118.83,118.83,2025-12-03 00:00:00,2025-12-03 00:00:00,2025-12-04 00:00:00,2025-12-05 00:00:00,2025-12-08 00:00:00,2025-12-09 00:00:00,,,,,,,,,,2025-12-09 00:00:00,107.92,110.5,108.3,110.5,107.92,1829480052.5,0.006864,-0.080645
601318SS_2025-12-09T000000_SELL_COUNTDOWN_COMPLETE_PERFECT_-1_2025-10-24T000000_13,2025-12-09 00:00:00,601318.SS,1d,COUNTDOWN,SELL_COUNTDOWN_COMPLETE_PERFECT,-1,13,True,,SELL_SETUP,True,2025-10-14 00:00:00,2025-10-24 00:00:00,58.49,54.57,2025-10-24 00:00:00,2025-10-24 00:00:00,2025-10-29 00:00:00,2025-10-30 00:00:00,2025-11-07 00:00:00,2025-11-10 00:00:00,2025-11-11 00:00:00,2025-11-12 00:00:00,2025-11-13 00:00:00,60.88,2025-11-20 00:00:00,2025-11-26 00:00:00,2025-12-05 00:00:00,2025-12-08 00:00:00,2025-12-09 00:00:00,2025-10-24 00:00:00,57.75,58.49,62.45,63.69,62.42,3797706453.0,0.017437,0.040313
000651SZ_2025-12-09T000000_BUY_COUNTDOWN_PROGRESS_1_2025-09-24T000000_10,2025-12-09 00:00:00,000651.SZ,1d,COUNTDOWN,BUY_COUNTDOWN_PROGRESS,1,10,,,BUY_SETUP,True,2025-09-12 00:00:00,2025-09-24 00:00:00,40.45,40.45,2025-09-24 00:00:00,2025-10-17 00:00:00,2025-10-24 00:00:00,2025-10-30 00:00:00,2025-10-31 00:00:00,2025-11-03 00:00:00,2025-11-14 00:00:00,2025-11-17 00:00:00,2025-11-18 00:00:00,39.11,2025-12-08 00:00:00,2025-12-09 00:00:00,,,,2025-11-03 00:00:00,38.2,38.84,39.35,39.84,39.3,1410821596.0,0.005443,-0.019925
600519SS_2025-12-10T000000_BUY_COUNTDOWN_COMPLETE_PERFECT_1_2025-11-05T000000_13,2025-12-10 00:00:00,600519.SS,1d,COUNTDOWN,BUY_COUNTDOWN_COMPLETE_PERFECT,1,13,True,,BUY_SETUP,True,2025-10-24 00:00:00,2025-11-05 00:00:00,1454.92,1454.92,2025-11-05 00:00:00,2025-11-05 00:00:00,2025-11-14 00:00:00,2025-11-20 00:00:00,2025-11-21 00:00:00,2025-11-24 00:00:00,2025-11-25 00:00:00,2025-11-26 00:00:00,2025-12-02 00:00:00,1412.07,2025-12-03 00:00:00,2025-12-04 00:00:00,2025-12-08 00:00:00,2025-12-09 00:00:00,2025-12-10 00:00:00,2025-12-10 00:00:00,1359.22,1378.84,1378.84,1378.84,1359.22,4219238470.0,0.005638,-0.046722
000858SZ_2025-12-10T000000_BUY_COUNTDOWN_PROGRESS_1_2025-12-03T000000_6,2025-12-10 00:00:00,000858.SZ,1d,COUNTDOWN,BUY_COUNTDOWN_PROGRESS,1,6,,,BUY_SETUP,True,2025-11-21 00:00:00,2025-12-03 00:00:00,118.83,118.83,2025-12-03 00:00:00,2025-12-03 00:00:00,2025-12-04 00:00:00,2025-12-05 00:00:00,2025-12-08 00:00:00,2025-12-09 00:00:00,2025-12-10 00:00:00,,,,,,,,,2025-12-10 00:00:00,106.93,109.17,109.04,109.17,106.93,1793659797.5,0.006853,-0.080762
000651SZ_2025-12-10T000000_BUY_COUNTDOWN_PROGRESS_1_2025-09-24T000000_11,2025-12-10 00:00:00,000651.SZ,1d,COUNTDOWN,BUY_COUNTDOWN_PROGRESS,1,11,,,BUY_SETUP,True,2025-09-12 00:00:00,2025-09-24 00:00:00,40.45,40.45,2025-09-24 00:00:00,2025-10-17 00:00:00,2025-10-24 00:00:00,2025-10-30 00:00:00,2025-10-31 00:00:00,2025-11-03 00:00:00,2025-11-14 00:00:00,2025-11-17 00:00:00,2025-11-18 00:00:00,39.11,2025-12-08 00:00:00,2025-12-09 00:00:00,2025-12-10 00:00:00,,,2025-11-03 00:00:00,38.2,38.84,39.37,39.51,39.15,1343493312.0,0.005415,-0.01575
601318SS_2025-12-17T000000_SELL_SETUP_PERFECT_-1_2025-12-17T000000_9,2025-12-17 00:00:00,601318.SS,1d,SETUP,SELL_SETUP_PERFECT,-1,9,True,,SELL_SETUP,True,2025-12-05 00:00:00,2025-12-17 00:00:00,,,,,,,,,,,,,,,,,,,,,,,,4159632453.0,0.020063,0.130399
601318SS_2025-12-17T000000_SELL_COUNTDOWN_PROGRESS_-1_2025-12-17T000000_1,2025-12-17 00:00:00,601318.SS,1d,COUNTDOWN,SELL_COUNTDOWN_PROGRESS,-1,1,,,SELL_SETUP,True,2025-12-05 00:00:00,2025-12-17 00:00:00,68.63,58.55,2025-12-17 00:00:00,2025-12-17 00:00:00,,,,,,,,,,,,,,2025-12-17 00:00:00,66.65,68.63,68.05,68.63,66.65,4159632453.0,0.020063,0.130399
601318SS_2025-12-18T000000_SELL_COUNTDOWN_PROGRESS_-1_2025-12-17T000000_2,2025-12-18 00:00:00,601318.SS,1d,COUNTDOWN,SELL_COUNTDOWN_PROGRESS,-1,2,,,SELL_SETUP,True,2025-12-05 00:00:00,2025-12-17 00:00:00,68.63,58.55,2025-12-17 00:00:00,2025-12-17 00:00:00,2025-12-18 00:00:00,,,,,,,,,,,,,2025-12-17 00:00:00,66.65,68.63,68.5,68.58,67.59,4232261938.0,0.018942,0.162791
600036SS_2025-12-18T000000_SELL_COUNTDOWN_PROGRESS_-1_2025-10-24T000000_12,2025-12-18 00:00:00,600036.SS,1d,COUNTDOWN,SELL_COUNTDOWN_PROGRESS,-1,12,,,SELL_SETUP,True,2025-10-14 00:00:00,2025-10-24 00:00:00,41.48,38.82,2025-10-24 00:00:00,2025-11-03 00:00:00,2025-11-04 00:00:00,2025-11-05 00:00:00,2025-11-11 00:00:00,2025-11-12 00:00:00,2025-11-13 00:00:00,2025-11-19 00:00:00,2025-11-20 00:00:00,42.22,2025-11-26 00:00:00,2025-12-01 00:00:00,2025-12-02 00:00:00,2025-12-18 00:00:00,,2025-11-03 00:00:00,40.05,40.96,41.36,41.41,40.39,2613030915.0,0.010591,-0.015004
601318SS_2025-12-19T000000_SELL_COUNTDOWN_PROGRESS_-1_2025-12-17T000000_3,2025-12-19 00:00:00,601318.SS,1d,COUNTDOWN,SELL_COUNTDOWN_PROGRESS,-1,3,,,SELL_SETUP,True,2025-12-05 00:00:00,2025-12-17 00:00:00,68.63,58.55,2025-12-17 00:00:00,2025-12-17 00:00:00,2025-12-18 00:00:00,2025-12-19 00:00:00,,,,,,,,,,,,2025-12-17 00:00:00,66.65,68.63,68.75,68.78,67.6,4247081033.0,0.018563,0.177226
600036SS_2025-12-19T000000_SELL_COUNTDOWN_COMPLETE_-1_2025-10-24T000000_13,2025-12-19 00:00:00,600036.SS,1d,COUNTDOWN,SELL_COUNTDOWN_COMPLETE,-1,13,False,,SELL_SETUP,True,2025-10-14 00:00:00,2025-10-24 00:00:00,41.48,38.82,2025-10-24 00:00:00,2025-11-03 00:00:00,2025-11-04 00:00:00,2025-11-05 00:00:00,2025-11-11 00:00:00,2025-11-12 00:00:00,2025-11-13 00:00:00,2025-11-19 00:00:00,2025-11-20 00:00:00,42.22,2025-11-26 00:00:00,2025-12-01 00:00:00,2025-12-02 00:00:00,2025-12-18 00:00:00,2025-12-19 00:00:00,2025-11-03 00:00:00,40.05,40.96,40.98,41.47,40.9,2563399875.0,0.010607,-0.015377
000858SZ_2025-12-22T000000_BUY_COUNTDOWN_PROGRESS_1_2025-12-03T000000_7,2025-12-22 00:00:00,000858.SZ,1d,COUNTDOWN,BUY_COUNTDOWN_PROGRESS,1,7,,,BUY_SETUP,True,2025-11-21 00:00:00,2025-12-03 00:00:00,118.83,118.83,2025-12-03 00:00:00,2025-12-03 00:00:00,2025-12-04 00:00:00,2025-12-05 00:00:00,2025-12-08 00:00:00,2025-12-09 00:00:00,2025-12-10 00:00:00,2025-12-22 00:00:00,,,,,,,,2025-12-10 00:00:00,106.93,109.17,110.33,110.8,110.12,1802045312.0,0.007411,-0.048305
000858SZ_2025-12-23T000000_BUY_COUNTDOWN_PROGRESS_1_2025-12-03T000000_8,2025-12-23 00:00:00,000858.SZ,1d,COUNTDOWN,BUY_COUNTDOWN_PROGRESS,1,8,,,BUY_SETUP,True,2025-11-21 00:00:00,2025-12-03 00:00:00,118.83,118.83,2025-12-03 00:00:00,2025-12-03 00:00:00,2025-12-04 00:00:00,2025-12-05 00:00:00,2025-12-08 00:00:00,2025-12-09 00:00:00,2025-12-10 00:00:00,2025-12-22 00:00:00,2025-12-23 00:00:00,109.72,,,,,,2025-12-10 00:00:00,106.93,109.17,109.72,110.43,109.33,1777705874.5,0.007439,-0.051521
601318SS_2025-12-23T000000_SELL_COUNTDOWN_PROGRESS_-1_2025-12-17T000000_4,2025-12-23 00:00:00,601318.SS,1d,COUNTDOWN,SELL_COUNTDOWN_PROGRESS,-1,4,,,SELL_SETUP,True,2025-12-05 00:00:00,2025-12-17 00:00:00,68.63,58.55,2025-12-17 00:00:00,2025-12-17 00:00:00,2025-12-18 00:00:00,2025-12-19 00:00:00,2025-12-23 00:00:00,,,,,,,,,,,2025-12-17 00:00:00,66.65,68.63,69.49,70.24,68.35,4403062653.0,0.018639,0.162429
000858SZ_2025-12-24T000000_BUY_COUNTDOWN_PROGRESS_1_2025-12-03T000000_9,2025-12-24 00:00:00,000858.SZ,1d,COUNTDOWN,BUY_COUNTDOWN_PROGRESS,1,9,,,BUY_SETUP,True,2025-11-21 00:00:00,2025-12-03 00:00:00,118.83,118.83,2025-12-03 00:00:00,2025-12-03 00:00:00,2025-12-04 00:00:00,2025-12-05 00:00:00,2025-12-08 00:00:00,2025-12-09 00:00:00,2025-12-10 00:00:00,2025-12-22 00:00:00,2025-12-23 00:00:00,109.72,2025-12-24 00:00:00,,,,,2025-12-10 00:00:00,106.93,109.17,109.28,109.59,108.78,1787772450.5,0.007444,-0.052705
000651SZ_2025-12-24T000000_BUY_COUNTDOWN_PROGRESS_1_2025-09-24T000000_12,2025-12-24 00:00:00,000651.SZ,1d,COUNTDOWN,BUY_COUNTDOWN_PROGRESS,1,12,,,BUY_SETUP,True,2025-09-12 00:00:00,2025-09-24 00:00:00,40.45,40.45,2025-09-24 00:00:00,2025-10-17 00:00:00,2025-10-24 00:00:00,2025-10-30 00:00:00,2025-10-31 00:00:00,2025-11-03 00:00:00,2025-11-14 00:00:00,2025-11-17 00:00:00,2025-11-18 00:00:00,39.11,2025-12-08 00:00:00,2025-12-09 00:00:00,2025-12-10 00:00:00,2025-12-24 00:00:00,,2025-11-03 00:00:00,38.2,38.84,39.76,39.92,39.65,1329251952.5,0.00489,0.010933
601318SS_2025-12-25T000000_SELL_COUNTDOWN_PROGRESS_-1_2025-12-17T000000_5,2025-12-25 00:00:00,601318.SS,1d,COUNTDOWN,SELL_COUNTDOWN_PROGRESS,-1,5,,,SELL_SETUP,True,2025-12-05 00:00:00,2025-12-17 00:00:00,68.63,58.55,2025-12-17 00:00:00,2025-12-17 00:00:00,2025-12-18 00:00:00,2025-12-19 00:00:00,2025-12-23 00:00:00,2025-12-25 00:00:00,,,,,,,,,,2025-12-17 00:00:00,66.65,68.63,70.8,71.98,68.98,4575283223.0,0.018686,0.200203
601318SS_2025-12-26T000000_SELL_COUNTDOWN_PROGRESS_-1_2025-12-17T000000_6,2025-12-26 00:00:00,601318.SS,1d,COUNTDOWN,SELL_COUNTDOWN_PROGRESS,-1,6,,,SELL_SETUP,True,2025-12-05 00:00:00,2025-12-17 00:00:00,68.63,58.55,2025-12-17 00:00:00,2025-12-17 00:00:00,2025-12-18 00:00:00,2025-12-19 00:00:00,2025-12-23 00:00:00,2025-12-25 00:00:00,2025-12-26 00:00:00,,,,,,,,,2025-12-17 00:00:00,66.65,68.63,71.16,71.96,70.43,4682048373.0,0.018348,0.213713
000858SZ_2025-12-29T000000_BUY_COUNTDOWN_PROGRESS_1_2025-12-03T000000_10,2025-12-29 00:00:00,000858.SZ,1d,COUNTDOWN,BUY_COUNTDOWN_PROGRESS,1,10,,,BUY_SETUP,True,2025-11-21 00:00:00,2025-12-03 00:00:00,118.83,118.83,2025-12-03 00:00:00,2025-12-03 00:00:00,2025-12-04 00:00:00,2025-12-05 00:00:00,2025-12-08 00:00:00,2025-12-09 00:00:00,2025-12-10 00:00:00,2025-12-22 00:00:00,2025-12-23 00:00:00,109.72,2025-12-24 00:00:00,2025-12-29 00:00:00,,,,2025-12-10 00:00:00,106.93,109.17,108.06,109.6,108.0,1853320096.0,0.008622,-0.052022
000858SZ_2025-12-30T000000_BUY_COUNTDOWN_PROGRESS_1_2025-12-03T000000_11,2025-12-30 00:00:00,000858.SZ,1d,COUNTDOWN,BUY_COUNTDOWN_PROGRESS,1,11,,,BUY_SETUP,True,2025-11-21 00:00:00,2025-12-03 00:00:00,118.83,118.83,2025-12-03 00:00:00,2025-12-03 00:00:00,2025-12-04 00:00:00,2025-12-05 00:00:00,2025-12-08 00:00:00,2025-12-09 00:00:00,2025-12-10 00:00:00,2025-12-22 00:00:00,2025-12-23 00:00:00,109.72,2025-12-24 00:00:00,2025-12-29 00:00:00,2025-12-30 00:00:00,,,2025-12-10 00:00:00,106.93,109.17,107.36,107.99,107.02,1865303216.0,0.008563,-0.05008
000651SZ_2025-12-30T000000_BUY_COUNTDOWN_COMPLETE_1_2025-09-24T000000_13,2025-12-30 00:00:00,000651.SZ,1d,COUNTDOWN,BUY_COUNTDOWN_COMPLETE,1,13,False,,BUY_SETUP,True,2025-09-12 00:00:00,2025-09-24 00:00:00,40.45,40.45,2025-09-24 00:00:00,2025-10-17 00:00:00,2025-10-24 00:00:00,2025-10-30 00:00:00,2025-10-31 00:00:00,2025-11-03 00:00:00,2025-11-14 00:00:00,2025-11-17 00:00:00,2025-11-18 00:00:00,39.11,2025-12-08 00:00:00,2025-12-09 00:00:00,2025-12-10 00:00:00,2025-12-24 00:00:00,2025-12-30 00:00:00,2025-11-03 00:00:00,38.2,38.84,39.53,39.76,39.37,1344828056.5,0.004281,-0.007033
